old_path_proudrfid,redirect_to_proudtek,tier
/mifare-desfire-ev1-rfid-white-card,/products/rfid-cards/mifare-desfire-ev3-card,family-hub
/rfid-laundry-tags-for-linen-tracking-product,/products/rfid-tags,family-hub
/uhf-handheld-reader-pr9171a,/products/rfid-readers,family-hub
/acr122u-mifare-usb-rfid-nfc-reader,/products/rfid-readers,family-hub
/epoxy-tag-rfid-keychain-keyfob-for-security-access,/products/rfid-keyfobs,family-hub
/disposable-rfid-vinyl-wristband-for-healthcare-tracking,/products/rfid-wristbands,family-hub
/rfid-nylon-wristband-payment-watch,/products/rfid-wristbands,family-hub
/rfid-disposable-fabric-wristbands-for-events,/products/rfid-wristbands,family-hub
/desfire-4k-ev2-chip-rfid-all-inclusive-resort-wristband,/products/rfid-cards/mifare-desfire-ev3-card,family-hub
/mifare-plus-chip-rfid-durable-wristbands-for-fitness-clubs,/products/rfid-cards/mifare-plus-se-card,family-hub
/rf4-pcb-uhf-rfid-on-metal-tags,/products/rfid-tags,family-hub
/hf-rfid-pps-laundry-button-tag,/products/rfid-tags,family-hub
/uhf-pps-laundry-tag-for-clothes-tracking,/products/rfid-tags,family-hub
/125khz-rfid-access-control-card,/products/rfid-cards,family-hub
/high-security-mifare-desfire-rfid-card-for-access-control,/products/rfid-cards/mifare-desfire-ev3-card,family-hub
/rfid-jewelry-label-tags-for-inventory-management,/products/rfid-labels,family-hub
/rfid-nfc-ntag213-label-tag-sticker-product,/products/rfid-cards/mifare-ultralight-c-card,family-hub
/rfid-tamperproof-label-for-anti-counterfeiting-product,/products/rfid-labels,family-hub
/rfid-windshield-label-for-vehicle-management,/products/rfid-labels,family-hub
/rfid-uhf-on-metal-printable-label-tag-product,/products/rfid-labels,family-hub
/custom-shaped-rfid-wooden-card-for-secure,/products/rfid-cards,family-hub
/eco-friendly-rfid-bamboo-wood-cards-for-access-product,/products/rfid-cards,family-hub
/uhf-high-temperature-reistant-on-metal-tag-product,/products/rfid-tags,family-hub
/em4200-long-range-on-metal-tag-product,/products/rfid-cards/em4100-rfid-card,family-hub
/stretchable-rfid-wristband-for-ticketing-and-access-management-product,/products/rfid-wristbands,family-hub
/hf-rfid-direct-thermal-printable-wristband-for-identification-product,/products/rfid-wristbands,family-hub
/proximity-rfid-tag-leather-keyfob-product,/products/rfid-keyfobs,family-hub
/rfid-custom-cartoon-key-fobs-for-doors-product,/products/rfid-keyfobs,family-hub
/mifare-ultralight-ev1-rfid-card-for-event-identification-product,/products/rfid-cards/mifare-ultralight-c-card,family-hub
/durable-125khz-em4200-rfid-clamshell-cards-product,/products/rfid-cards/em4100-rfid-card,family-hub
/desktop-id-card-reader-usb-rfid-reader-product,/products/rfid-readers,family-hub
/handheld-rfid-reader-animal-chip-scanner-product,/products/rfid-readers,family-hub
/stick-handheld-scanner-rfid-animal-reader-product,/products/rfid-readers,family-hub
/long-range-scanner-rfid-usb-uhf-reader-writer-product,/products/rfid-readers,family-hub
/uhf-rfid-tag-reader-writer-for-parking-management-product,/products/rfid-readers,family-hub
/mifare-1k-vingcard-for-hotel-door-locks-product,/products/rfid-cards,family-hub
/rfid-silicone-laundry-tags-for-workwear-tracking-product,/products/rfid-tags,family-hub
/mifare-1k-rfid-waterproof-silicone-wristband-product,/products/rfid-wristbands,family-hub
/durable-rfid-glassfiber-keyfob-for-heavy-industry-access-product,/products/rfid-keyfobs,family-hub
/rfid-dual-frequency-key-fob-for-gate-entry-product,/products/rfid-keyfobs,family-hub
/uhf-rfid-alien-h9-card-for-efficient-access-management,/products/rfid-tags,family-hub
/pvc-tag-rfid-custom-cartoon-key-fobs-for-doors-product-description-product,/products/rfid-keyfobs,family-hub
/premium-dual-frequency-card-with-hf-and-uhf-chip-solutions-product,/products/rfid-tags,family-hub
/custom-google-review-card-nfc-stand,/products/rfid-cards,family-hub
/rfid-blocking-card-for-anti-theft-card-swipe-product,/products/rfid-cards,family-hub
/recyclable-rfid-anti-tamper-silicone-wristband-product,/products/rfid-wristbands,family-hub
/pvc-rfid-wristbands-for-all-inclusive-hotel,/products/rfid-wristbands,family-hub
/mifare-plus-x-2k-rfid-cards-for-public-transportation-1,/products/rfid-cards/mifare-plus-se-card,family-hub
/mifare-plus-se-1k-bus-fare-collection-cards-product,/products/rfid-cards/mifare-plus-se-card,family-hub
/mifare-plus-s-2k-smart-cards-for-ticketing,/products/rfid-cards/mifare-plus-se-card,family-hub
/mifare-plus-ev2-rfid-cards-for-access-management,/products/rfid-cards/mifare-plus-se-card,family-hub
/uhf-abs-rfid-keyfob-with-ucode-9-technology-product,/products/rfid-keyfobs,family-hub
/125khz-hitag-1-rewritable-rfid-card,/products/rfid-cards,family-hub
/125khz-hitag-2-rfid-access-cards,/products/rfid-cards,family-hub
/mifare-ultralight-c-rfid-cards-for-smart-ticketing,/products/rfid-cards/mifare-ultralight-c-card,family-hub
/rfid-hitag-s256-chip-cards-for-access-system,/products/rfid-cards,family-hub
/mifare-classic-1k-cards-for-campus-cards,/products/rfid-cards,family-hub
/iso15693-nfc-cards-icode-slix2,/products/rfid-cards/icode-slix-card,family-hub
/ata5577-read-write-125khz-rfid-cards-product,/products/rfid-cards,family-hub
/13-56mhz-icode-slix-rfid-cards-product,/products/rfid-cards/icode-slix-card,family-hub
/1356mhz-icode-slix-rfid-cards-product,/products/rfid-cards/icode-slix-card,family-hub
/em4450-125khz-rewrittable-rfid-access-cards-product,/products/rfid-cards,family-hub
/ntag213-nfc-business-cards,/products/rfid-cards/mifare-ultralight-c-card,family-hub
/ucode-9-uhf-rfid-cards-for-access-control-product,/products/rfid-tags,family-hub
/eco-friendly-rfid-wood-hotel-key-cards,/products/rfid-cards,family-hub
/eco-friendly-rfid-wood-hotel-key-cards-product,/products/rfid-cards,family-hub
/desfire-8k-ev3-cards-for-high-secure-identity-product,/products/rfid-cards/mifare-desfire-ev3-card,family-hub
/em4305-id-number-rewritable-rfid-cards,/products/rfid-cards/em4100-rfid-card,family-hub
/mifare-desfire-2k-ev2-smart-cards-product,/products/rfid-cards/mifare-desfire-ev3-card,family-hub
/desfire-4k-ev2-cards-for-smart-city,/products/rfid-cards/mifare-desfire-ev3-card,family-hub
/rfid-readers,/products/rfid-readers,family-hub
/rfid-keyfobs,/products/rfid-keyfobs,family-hub
/rfid-wristbands,/products/rfid-wristbands,family-hub
/rfid-cards,/products/rfid-cards,family-hub
/rfid-cards/2,/products/rfid-cards,family-hub
/rfid-cards/3,/products/rfid-cards,family-hub
/uhf-rfid-reader,/products/rfid-readers,family-hub
/13-56mhz-rfid-reader,/products/rfid-readers,family-hub
/silicone-rfid-keyfobs,/products/rfid-keyfobs,family-hub
/leather-rfid-keyfobs,/products/rfid-keyfobs,family-hub
/glassfiber-rfid-keyfobs,/products/rfid-keyfobs,family-hub
/epoxy-rfid-keyfobs,/products/rfid-keyfobs,family-hub
/abs-rfid-keyfobs,/products/rfid-keyfobs,family-hub
/disposable-rfid-wristbands,/products/rfid-wristbands,family-hub
/watch-type-rfid-wristbands,/products/rfid-wristbands,family-hub
/fabric-rfid-wristbands,/products/rfid-wristbands,family-hub
/silicone-rfid-wristbands,/products/rfid-wristbands,family-hub
/rfid-label,/products/rfid-labels,family-hub
/rfid-laundry-tags,/products/rfid-tags,family-hub
/wooden-nfc-cards,/products/rfid-cards,family-hub
/125khz-rfid-cards,/products/rfid-cards,family-hub
/13-56mhz-rfid-cards,/products/rfid-cards,family-hub
/13-56mhz-rfid-cards/2,/products/rfid-cards,family-hub
/uhf-rfid-cards,/products/rfid-tags,family-hub
/125khz-134-2khz-rfid-reader,/products/rfid-readers,family-hub
/smart-cards,/products/rfid-cards,family-hub
/nfc-card,/products/rfid-cards,family-hub
/card-smart,/products/rfid-cards,family-hub
/rfid-smart-card,/products/rfid-cards,family-hub
/desfire-card,/products/rfid-cards/mifare-desfire-ev3-card,family-hub
/mifare-cards,/products/rfid-cards,family-hub
/uhf-cards,/products/rfid-tags,family-hub
/ving-cards,/products/rfid-cards,family-hub
/proximity-cards,/products/rfid-cards,family-hub
/card-proximity,/products/rfid-cards,family-hub
/contactless-cards,/products/rfid-cards,family-hub
/125khz-card,/products/rfid-cards,family-hub
/em4100-card,/products/rfid-cards/em4100-rfid-card,family-hub
/nfc-business-cards,/products/rfid-cards,family-hub
/mifare-1k-classic-card,/products/rfid-cards,family-hub
/nfc-215-card,/products/rfid-cards,family-hub
/iso-card,/products/rfid-cards,family-hub
/125-khz-proximity-cards,/products/rfid-cards,family-hub
/mifare-1356-mhz-card,/products/rfid-cards,family-hub
/wooden-nfc-card,/products/rfid-cards,family-hub
/rfid-key-cards,/products/rfid-cards,family-hub
/t5577-card,/products/rfid-cards/em4100-rfid-card,family-hub
/rail-cards,/products/rfid-cards,family-hub
/metro-cards,/products/rfid-cards,family-hub
/bus-cards,/products/rfid-cards,family-hub
/student-cards,/products/rfid-cards,family-hub
/charge-card,/products/rfid-cards,family-hub
/fuel-card,/products/rfid-cards,family-hub
/hotel-cards,/products/rfid-cards,family-hub
/bamboo-card,/products/rfid-cards,family-hub
/wood-business-cards,/products/rfid-cards,family-hub
/blank-nfc-cards,/products/rfid-cards,family-hub
/printed-nfc-cards,/products/rfid-cards,family-hub
/rfid-access-card,/products/rfid-cards,family-hub
/blank-rfid-cards,/products/rfid-cards,family-hub
/printed-rfid-cards,/products/rfid-cards,family-hub
/125khz-rfid-card,/products/rfid-cards,family-hub
/bamboo-nfc-business-cards,/products/rfid-cards,family-hub
/rfid-card-access-control,/products/rfid-cards,family-hub
/printable-nfc-cards,/products/rfid-cards,family-hub
/1356-mhz-rfid-card,/products/rfid-cards,family-hub
/rfid-proximity-card,/products/rfid-cards,family-hub
/black-nfc-cards,/products/rfid-cards,family-hub
/programmable-rfid-cards,/products/rfid-cards,family-hub
/ntag215-cards,/products/rfid-cards,family-hub
/ntag215-nfc-cards,/products/rfid-cards,family-hub
/wooden-rfid-card,/products/rfid-cards,family-hub
/card-rfid-125khz,/products/rfid-cards,family-hub
/uhf-rfid-card,/products/rfid-tags,family-hub
/pvc-rfid-card,/products/rfid-cards,family-hub
/id-card-with-rfid,/products/rfid-cards,family-hub
/rfid-tag-card,/products/rfid-cards,family-hub
/hf-cards,/products/rfid-cards,family-hub
/rfid-card-with-chip,/products/rfid-cards,family-hub
/rfid-identity-card,/products/rfid-cards,family-hub
/prox-cards,/products/rfid-cards,family-hub
/clone-contactless-card,/products/rfid-cards,family-hub
/clone-prox-card,/products/rfid-cards,family-hub
/em-prox-card,/products/rfid-cards,family-hub
/125-khz-rfid-cards,/products/rfid-cards,family-hub
/copying-rfid-cards,/products/rfid-cards,family-hub
/gas-card,/products/rfid-cards,family-hub
/petrol-card,/products/rfid-cards,family-hub
/diesel-card,/products/rfid-cards,family-hub
/bamboo-business-cards,/products/rfid-cards,family-hub
/international-student-card,/products/rfid-cards,family-hub
/key-cards,/products/rfid-cards,family-hub
/gas-saving-cards,/products/rfid-cards,family-hub
/international-id-card,/products/rfid-cards,family-hub
/electronic-gas-card,/products/rfid-cards,family-hub
/student-identification-card,/products/rfid-cards,family-hub
/wood-business-card-blanks,/products/rfid-cards,family-hub
/card-student,/products/rfid-cards,family-hub
/petrol-loyalty-card,/products/rfid-cards,family-hub
/bus-card-for-students,/products/rfid-cards,family-hub
/wooden-name-cards,/products/rfid-cards,family-hub
/bamboo-nfc-card,/products/rfid-cards,family-hub
/international-student-id-card,/products/rfid-cards,family-hub
/student-identity-card,/products/rfid-cards,family-hub
/transit-card,/products/rfid-cards,family-hub
/bus-pass-card,/products/rfid-cards,family-hub
/wood-working-business-cards,/products/rfid-cards,family-hub
/brt-card,/products/rfid-cards,family-hub
/bus-card-pass,/products/rfid-cards,family-hub
/card-bus,/products/rfid-cards,family-hub
/card-bus-pass,/products/rfid-cards,family-hub
/card-for-bus,/products/rfid-cards,family-hub
/identity-card-for-students,/products/rfid-cards,family-hub
/public-transit-card,/products/rfid-cards,family-hub
/public-transport-card,/products/rfid-cards,family-hub
/student-bus-pass-card,/products/rfid-cards,family-hub
/student-transport-card,/products/rfid-cards,family-hub
/travel-bus-card,/products/rfid-cards,family-hub
/wood-visit-card,/products/rfid-cards,family-hub
/nfc-copy-key-card,/products/rfid-cards,family-hub
/rfid-uhf-tag,/products/rfid-tags,family-hub
/tags-laundry,/products/rfid-tags,family-hub
/rfid-laundry-tag,/products/rfid-tags,family-hub
/nfc-tag-card,/products/rfid-cards,family-hub
/chicken-leg-bands,/products/rfid-wristbands,family-hub
/t5577-rfid,/products/rfid-cards/em4100-rfid-card,family-hub
/rfid-tags-and-labels,/products/rfid-labels,family-hub
/uhf-laundry-tag,/products/rfid-tags,family-hub
/tag-rfid-uhf,/products/rfid-tags,family-hub
/laundry-rfid,/products/rfid-tags,family-hub
/tag-uhf-rfid,/products/rfid-tags,family-hub
/uhf-rfid-tag,/products/rfid-tags,family-hub
/rfid-tag-label,/products/rfid-labels,family-hub
/uhf-rfid-stickers,/products/rfid-labels,family-hub
/uhf-rfid-laundry-tag,/products/rfid-tags,family-hub
/laundry-tag-rfid,/products/rfid-tags,family-hub
/rfid-labels,/products/rfid-labels,family-hub
/rfid-stickers,/products/rfid-labels,family-hub
/rfid-label-tags,/products/rfid-labels,family-hub
/rfid-tracking-stickers,/products/rfid-labels,family-hub
/nfc-tag-stickers,/products/rfid-labels,family-hub
/tamper-proof-stickers,/products/rfid-labels,family-hub
/rfid-sticker-tags,/products/rfid-labels,family-hub
/uhf-rfid-labels,/products/rfid-labels,family-hub
/shelf-label-strips,/products/rfid-labels,family-hub
/rfid-stickers-for-inventory,/products/rfid-labels,family-hub
/rfid-barcode-labels,/products/rfid-labels,family-hub
/uhf-tags,/products/rfid-tags,family-hub
/tag-uhf,/products/rfid-tags,family-hub
/rfid-sticker-for-car,/products/rfid-labels,family-hub
/125khz-rfid-sticker,/products/rfid-labels,family-hub
/rfid-smart-labels,/products/rfid-labels,family-hub
/rfid-gate-opener-sticker,/products/rfid-labels,family-hub
/rfid-chip-sticker,/products/rfid-labels,family-hub
/uhf-rfid-sticker,/products/rfid-labels,family-hub
/rfid-printable-labels,/products/rfid-labels,family-hub
/uhf-label,/products/rfid-labels,family-hub
/uhf-sticker,/products/rfid-labels,family-hub
/125khz-rfid-tag-sticker,/products/rfid-labels,family-hub
/radio-frequency-identification-labels,/products/rfid-labels,family-hub
/rfid-chip-labels,/products/rfid-labels,family-hub
/rfid-labels-and-tags,/products/rfid-labels,family-hub
/windshield-rfid-sticker,/products/rfid-labels,family-hub
/nfc-stickers,/products/rfid-labels,family-hub
/programmable-nfc-stickers,/products/rfid-labels,family-hub
/ntag215-stickers,/products/rfid-labels,family-hub
/anti-metal-nfc-sticker,/products/rfid-labels,family-hub
/near-field-communication-stickers,/products/rfid-labels,family-hub
/nfc-card-tag,/products/rfid-cards,family-hub
/nfc-ntag215-stickers,/products/rfid-labels,family-hub
/nfc-sticker-android,/products/rfid-labels,family-hub
/nfc-tag-ntag213,/products/rfid-cards/mifare-ultralight-c-card,family-hub
/ntag213-nfc-tag,/products/rfid-cards/mifare-ultralight-c-card,family-hub
/programming-nfc-stickers,/products/rfid-labels,family-hub
/tamper-evident-labels,/products/rfid-labels,family-hub
/tamper-evident-stickers,/products/rfid-labels,family-hub
/tamper-resistant-stickers,/products/rfid-labels,family-hub
/tamper-resistant-labels,/products/rfid-labels,family-hub
/rfid-silicone-wristbands,/products/rfid-wristbands,family-hub
/rfid-festival-wristbands,/products/rfid-wristbands,family-hub
/waterpark-wristband,/products/rfid-wristbands,family-hub
/hotel-wristbands,/products/rfid-wristbands,family-hub
/all-inclusive-resort-wristband,/products/rfid-wristbands,family-hub
/resort-wristband,/products/rfid-wristbands,family-hub
/concert-wrist-band,/products/rfid-wristbands,family-hub
/fair-wrist-bands,/products/rfid-wristbands,family-hub
/event-wristbands,/products/rfid-wristbands,family-hub
/plastic-wristbands-for-events,/products/rfid-wristbands,family-hub
/rfid-wristbands-for-events,/products/rfid-wristbands,family-hub
/rfid-bracelet,/products/rfid-wristbands,family-hub
/rfid-bands,/products/rfid-wristbands,family-hub
/rfid-wrist-band,/products/rfid-wristbands,family-hub
/rfid-chip-wristband,/products/rfid-wristbands,family-hub
/rfid-chip-bracelet,/products/rfid-wristbands,family-hub
/rfid-silicone-bracelets,/products/rfid-wristbands,family-hub
/wrist-bands-for-party,/products/rfid-wristbands,family-hub
/festival-wristbands,/products/rfid-wristbands,family-hub
/event-bracelets,/products/rfid-wristbands,family-hub
/concert-wristbands,/products/rfid-wristbands,family-hub
/printed-wristbands-for-events,/products/rfid-wristbands,family-hub
/armbands-for-events,/products/rfid-wristbands,family-hub
/personalized-wristbands-for-events,/products/rfid-wristbands,family-hub
/festival-bracelets,/products/rfid-wristbands,family-hub
/personalised-wristbands-for-events,/products/rfid-wristbands,family-hub
/personalised-festival-wristbands,/products/rfid-wristbands,family-hub
/wrist-band-for-events,/products/rfid-wristbands,family-hub
/concert-bracelets,/products/rfid-wristbands,family-hub
/entry-wristbands-for-events,/products/rfid-wristbands,family-hub
/event-wrist-band,/products/rfid-wristbands,family-hub
/personalised-party-wristbands,/products/rfid-wristbands,family-hub
/carnival-wristbands,/products/rfid-wristbands,family-hub
/wrist-band-tickets,/products/rfid-wristbands,family-hub
/party-bracelet,/products/rfid-wristbands,family-hub
/event-entry-bracelets,/products/rfid-wristbands,family-hub
/music-festival-wristbands,/products/rfid-wristbands,family-hub
/festival-wrist-band,/products/rfid-wristbands,family-hub
/party-wrist-band,/products/rfid-wristbands,family-hub
/personalized-party-wristbands,/products/rfid-wristbands,family-hub
/personalized-festival-wristbands,/products/rfid-wristbands,family-hub
/bracelets-event,/products/rfid-wristbands,family-hub
/personalised-festival-bands,/products/rfid-wristbands,family-hub
/wristbands-for-charity,/products/rfid-wristbands,family-hub
/music-festival-bracelets,/products/rfid-wristbands,family-hub
/rfid-key-fob,/products/rfid-keyfobs,family-hub
/rfid-for-key-fob,/products/rfid-keyfobs,family-hub
/mifare-keyfobs,/products/rfid-keyfobs,family-hub
/electronic-key-fob-copy,/products/rfid-keyfobs,family-hub
/fob-cards,/products/rfid-cards,family-hub
/clone-rfid-key-fob,/products/rfid-keyfobs,family-hub
/copying-an-rfid-card,/products/rfid-cards,family-hub
/duplicate-electronic-key-fob,/products/rfid-keyfobs,family-hub
/duplicate-rfid-key-fob,/products/rfid-keyfobs,family-hub
/key-fob-nfc,/products/rfid-keyfobs,family-hub
/electronic-key-fob-replacement,/products/rfid-keyfobs,family-hub
/nfc-key-fob,/products/rfid-keyfobs,family-hub
/copy-rfid-card,/products/rfid-cards,family-hub
/key-card-copier,/products/rfid-cards,family-hub
/duplicate-rfid-card,/products/rfid-cards,family-hub
/clone-access-card,/products/rfid-cards,family-hub
/nfc-keyfobs,/products/rfid-keyfobs,family-hub
/rfid-reader-writer,/products/rfid-readers,family-hub
/rfid-card-reader,/products/rfid-readers,family-hub
/long-range-rfid-reader,/products/rfid-readers,family-hub
/usb-rfid-reader,/products/rfid-readers,family-hub
/uhf-reader,/products/rfid-readers,family-hub
/nfc-reader-writer,/products/rfid-readers,family-hub
/tag-reader,/products/rfid-readers,family-hub
/handheld-rfid-reader,/products/rfid-readers,family-hub
/long-distance-rfid-reader,/products/rfid-readers,family-hub
/handheld-rfid-tag-reader,/products/rfid-readers,family-hub
/uhf-rfid-tag-reader,/products/rfid-readers,family-hub
/rfid-reader-and-writer,/products/rfid-readers,family-hub
/usb-nfc-reader,/products/rfid-readers,family-hub
/1356-mhz-rfid-reader,/products/rfid-readers,family-hub
/125khz-rfid-reader,/products/rfid-readers,family-hub
/mifare-reader,/products/rfid-readers,family-hub
/uhf-rfid-antenna,/products/rfid-tags,family-hub
/rfid-card-reader-writer,/products/rfid-readers,family-hub
/rfid-card-writer,/products/rfid-cards,family-hub
/portable-rfid-reader,/products/rfid-readers,family-hub
/125khz-rfid-reader-writer,/products/rfid-readers,family-hub
/fixed-rfid-reader,/products/rfid-readers,family-hub
/rfid-tag-reader,/products/rfid-readers,family-hub
/rfid-tags-and-readers,/products/rfid-readers,family-hub
/rfid-badge-reader,/products/rfid-readers,family-hub
/ultra-high-frequency-rfid-reader,/products/rfid-readers,family-hub
/handheld-reader-rfid,/products/rfid-readers,family-hub
/rfid-chip-reader-writer,/products/rfid-readers,family-hub
/reader-rfid-uhf,/products/rfid-readers,family-hub
/reader-uhf,/products/rfid-readers,family-hub
/long-range-rfid-tag-reader,/products/rfid-readers,family-hub
/rfid-tag-and-rfid-reader,/products/rfid-readers,family-hub
/rfid-long-distance-reader,/products/rfid-readers,family-hub
/rfid-tag-reader-writer,/products/rfid-readers,family-hub
/passive-rfid-reader,/products/rfid-readers,family-hub
/mobile-rfid-reader,/products/rfid-readers,family-hub
/hf-rfid-reader,/products/rfid-readers,family-hub
/rfid-card-scanner,/products/rfid-cards,family-hub
/rfid-reader-ic,/products/rfid-readers,family-hub
/rfid-door-reader,/products/rfid-readers,family-hub
/lf-rfid-reader,/products/rfid-readers,family-hub
/1342-khz-rfid-reader,/products/rfid-readers,family-hub
/small-rfid-reader,/products/rfid-readers,family-hub
/rfid-card-programmer,/products/rfid-cards,family-hub
/rfid-reader-device,/products/rfid-readers,family-hub
/high-frequency-rfid-reader,/products/rfid-readers,family-hub
/long-range-uhf-rfid-reader,/products/rfid-readers,family-hub
/uhf-long-range-reader,/products/rfid-readers,family-hub
/1356-mhz-rfid-reader-writer,/products/rfid-readers,family-hub
/mini-rfid-reader,/products/rfid-readers,family-hub
/uhf-rfid-handheld-reader,/products/rfid-readers,family-hub
/uhf-card-reader,/products/rfid-readers,family-hub
/rfid-card-reader-and-writer,/products/rfid-readers,family-hub
/wiegand-rfid-reader,/products/rfid-readers,family-hub
/rfid-integrated-reader,/products/rfid-readers,family-hub
/rfid-proximity-reader,/products/rfid-readers,family-hub
/rfid-reader-and-antenna,/products/rfid-readers,family-hub
/rfid-proximity-card-reader,/products/rfid-readers,family-hub
/portable-uhf-rfid-reader,/products/rfid-readers,family-hub
/rfid-proximity-card-readers,/products/rfid-readers,family-hub
/rfid-reader-125-khz,/products/rfid-readers,family-hub
/rfid-reader-writer-1356-mhz,/products/rfid-readers,family-hub
/rfid-hf-reader,/products/rfid-readers,family-hub
/long-range-uhf-reader,/products/rfid-readers,family-hub
/key-fob-wholesale,/products/rfid-keyfobs,family-hub
/rfid-keyfob,/products/rfid-keyfobs,family-hub
/dual-frequency-key-fob,/products/rfid-keyfobs,family-hub
/key-fob-125khz,/products/rfid-keyfobs,family-hub
/pear-keyfob,/products/rfid-keyfobs,family-hub
/abs-keyfob,/products/rfid-keyfobs,family-hub
/proximity-keyfob,/products/rfid-keyfobs,family-hub
/1356mhz-key-fob,/products/rfid-keyfobs,family-hub
/key-fob-replacement,/products/rfid-keyfobs,family-hub
/apartment-key-fob-replacement,/products/rfid-keyfobs,family-hub
/fob-card,/products/rfid-cards,family-hub
/universal-key-fob,/products/rfid-keyfobs,family-hub
/duplicate-key-fob,/products/rfid-keyfobs,family-hub
/gym-key-fobs,/products/rfid-keyfobs,family-hub
/key-fob-access,/products/rfid-keyfobs,family-hub
/leather-key-fob,/products/rfid-keyfobs,family-hub
/custom-leather-key-fob,/products/rfid-keyfobs,family-hub
/generic-key-fob,/products/rfid-keyfobs,family-hub
/key-fobs-for-doors,/products/rfid-keyfobs,family-hub
/security-keyfob,/products/rfid-keyfobs,family-hub
/uhf-rfid-module,/products/rfid-tags,family-hub
/parking-reader,/products/rfid-readers,family-hub
/uhf-desktop-reader,/products/rfid-readers,family-hub
/uhf-rfid-scanner,/products/rfid-tags,family-hub
/uhf-reader-writer,/products/rfid-readers,family-hub
/animal-chip-readers,/products/rfid-readers,family-hub
/animal-rfid-reader,/products/rfid-readers,family-hub
/animal-tag-reader,/products/rfid-readers,family-hub
/sheep-tag-reader,/products/rfid-readers,family-hub
/cattle-ear-tag-reader,/products/rfid-readers,family-hub
/pet-chip-reader,/products/rfid-readers,family-hub
/animal-reader,/products/rfid-readers,family-hub
/dog-chip-reader,/products/rfid-readers,family-hub
/cat-chip-reader,/products/rfid-readers,family-hub
/uhf-card,/products/rfid-tags,family-hub
/rfid-card,/products/rfid-cards,family-hub
/alien-h9-card,/products/rfid-cards,family-hub
/uhf-rfid-cards-1,/products/rfid-tags,family-hub
/access-management-card,/products/rfid-cards,family-hub
/uhf-blank-card,/products/rfid-tags,family-hub
/card-reader,/products/rfid-readers,family-hub
/square-card-reader,/products/rfid-readers,family-hub
/desktop-card-reader,/products/rfid-readers,family-hub
/id-card-reader,/products/rfid-readers,family-hub
/smart-id-card-reader,/products/rfid-readers,family-hub
/mifare-1k-wristband,/products/rfid-wristbands,family-hub
/silicone-wristband,/products/rfid-wristbands,family-hub
/smart-band,/products/rfid-wristbands,family-hub
/waterproof-band,/products/rfid-wristbands,family-hub
/hotel-card,/products/rfid-cards,family-hub
/rfid-hotel-card,/products/rfid-cards,family-hub
/1356-mhz-smart-card,/products/rfid-cards,family-hub
/1k-card,/products/rfid-cards,family-hub
/smart-card-security,/products/rfid-cards,family-hub
/smart-card-solutions,/products/rfid-cards,family-hub
/clamshell-cards,/products/rfid-cards,family-hub
/rfid-clamshell-card,/products/rfid-cards,family-hub
/em4200-card,/products/rfid-cards/em4100-rfid-card,family-hub
/id-card,/products/rfid-cards,family-hub
/event-cards,/products/rfid-cards,family-hub
/access-control-card,/products/rfid-cards,family-hub
/rfid-ticket-cards,/products/rfid-cards,family-hub
/rfid-wood-card,/products/rfid-cards,family-hub
/rfid-bamboo-cards,/products/rfid-cards,family-hub
/tree-card,/products/rfid-cards,family-hub
/wooden-card-tags,/products/rfid-cards,family-hub
/disposable-paper-wristband,/products/rfid-wristbands,family-hub
/rfid-direct-thermal-printable-wristband,/products/rfid-wristbands,family-hub
/rfid-paper-wristband,/products/rfid-wristbands,family-hub
/event-band,/products/rfid-wristbands,family-hub
/identification-wristband,/products/rfid-wristbands,family-hub
/hf-paper-wristband,/products/rfid-wristbands,family-hub
/stretchable-rfid-wristband,/products/rfid-wristbands,family-hub
/rfid-wristband,/products/rfid-wristbands,family-hub
/elastic-rfid-wristband,/products/rfid-wristbands,family-hub
/rfid-nylon-wristband,/products/rfid-wristbands,family-hub
/secure-rfid-wristbands,/products/rfid-wristbands,family-hub
/uhf-access-card,/products/rfid-tags,family-hub
/silicone-laundry-tag,/products/rfid-tags,family-hub
/rfid-fabric-laundry-tag,/products/rfid-tags,family-hub
/rfid-linen-tracking,/products/rfid-tags,family-hub
/washable-tags-for-laundry,/products/rfid-tags,family-hub
/high-quality-nfc-business-cards,/products/rfid-cards,family-hub
/card-student-manufacturer,/products/rfid-cards,family-hub
/bus-card-pass-manufacturers,/products/rfid-cards,family-hub
/custom-wooden-nfc-card,/products/rfid-cards,family-hub
/rfid-tracking-stickers-manufacturer,/products/rfid-labels,family-hub
/uhf-rfid-stickers-manufacturers,/products/rfid-labels,family-hub
/rfid-tag-card-suppliers,/products/rfid-cards,family-hub
/high-quality-wood-business-cards,/products/rfid-cards,family-hub
/high-quality-uhf-long-range-reader,/products/rfid-readers,family-hub
/custom-uhf-card-reader,/products/rfid-readers,family-hub
/high-quality-festival-bracelets,/products/rfid-wristbands,family-hub
/custom-desfire-card,/products/rfid-cards/mifare-desfire-ev3-card,family-hub
/programming-nfc-stickers-factories,/products/rfid-labels,family-hub
/bamboo-business-cards-manufacturer,/products/rfid-cards,family-hub
/china-rfid-integrated-reader,/products/rfid-readers,family-hub
/wholesale-shelf-label-strips,/products/rfid-labels,family-hub
/passive-rfid-reader-suppliers,/products/rfid-readers,family-hub
/mini-rfid-reader-supplier,/products/rfid-readers,family-hub
/rfid-card-access-control-manufacturers,/products/rfid-cards,family-hub
/rfid-bracelet-factories,/products/rfid-wristbands,family-hub
/rfid-card-programmer-factories,/products/rfid-cards,family-hub
/wholesale-card-rfid-125khz,/products/rfid-cards,family-hub
/high-quality-tamper-resistant-stickers,/products/rfid-labels,family-hub
/hf-cards-manufacturer,/products/rfid-cards,family-hub
/concert-wristbands-suppliers,/products/rfid-wristbands,family-hub
/china-mifare-cards,/products/rfid-cards,family-hub
/high-quality-ntag215-cards,/products/rfid-cards,family-hub
/long-distance-rfid-reader-manufacturer,/products/rfid-readers,family-hub
/custom-wood-visit-card,/products/rfid-cards,family-hub
/high-quality-public-transit-card,/products/rfid-cards,family-hub
/rfid-chip-labels-manufacturer,/products/rfid-labels,family-hub
/chicken-leg-bands-factories,/products/rfid-wristbands,family-hub
/rfid-hf-reader-manufacturers,/products/rfid-readers,family-hub
/china-nfc-215-card,/products/rfid-cards,family-hub
/rfid-reader-writer-suppliers,/products/rfid-readers,family-hub
/nfc-copy-key-card-factories,/products/rfid-cards,family-hub
/rfid-badge-reader-suppliers,/products/rfid-readers,family-hub
/rfid-festival-wristbands-manufacturer,/products/rfid-wristbands,family-hub
/uhf-long-range-reader-manufacturers,/products/rfid-readers,family-hub
/custom-clone-access-card,/products/rfid-cards,family-hub
/ntag213-nfc-tag-factory,/products/rfid-cards/mifare-ultralight-c-card,family-hub
/wholesale-rfid-festival-wristbands,/products/rfid-wristbands,family-hub
/china-student-identity-card,/products/rfid-cards,family-hub
/wholesale-rfid-card-with-chip,/products/rfid-cards,family-hub
/125khz-rfid-reader-writer-suppliers,/products/rfid-readers,family-hub
/china-mifare-1356-mhz-card,/products/rfid-cards,family-hub
/ntag213-nfc-tag-manufacturers,/products/rfid-cards/mifare-ultralight-c-card,family-hub
/high-frequency-rfid-reader-factories,/products/rfid-readers,family-hub
/custom-international-student-id-card,/products/rfid-cards,family-hub
/clone-access-card-manufacturers,/products/rfid-cards,family-hub
/rfid-uhf-tag-manufacturers,/products/rfid-tags,family-hub
/125khz-rfid-reader-writer-manufacturers,/products/rfid-readers,family-hub
/carnival-wristbands-suppliers,/products/rfid-wristbands,family-hub
/china-rfid-card-reader,/products/rfid-readers,family-hub
/rfid-key-fob-manufacturer,/products/rfid-keyfobs,family-hub
/printable-nfc-cards-factories,/products/rfid-cards,family-hub
/black-nfc-cards-manufacturers,/products/rfid-cards,family-hub
/china-uhf-rfid-labels,/products/rfid-labels,family-hub
/high-quality-ultra-high-frequency-rfid-reader,/products/rfid-readers,family-hub
/uhf-reader-manufacturers,/products/rfid-readers,family-hub
/rfid-silicone-wristbands-manufacturers,/products/rfid-wristbands,family-hub
/high-quality-lf-rfid-reader,/products/rfid-readers,family-hub
/bus-pass-card-manufacturer,/products/rfid-cards,family-hub
/wooden-nfc-card-manufacturers,/products/rfid-cards,family-hub
/wholesale-electronic-key-fob-copy,/products/rfid-keyfobs,family-hub
/rfid-access-card-manufacturers,/products/rfid-cards,family-hub
/uhf-tags-factory,/products/rfid-tags,family-hub
/rfid-smart-labels-factories,/products/rfid-labels,family-hub
/printed-rfid-cards-factory,/products/rfid-cards,family-hub
/high-quality-concert-wrist-band,/products/rfid-wristbands,family-hub
/china-wooden-nfc-card,/products/rfid-cards,family-hub
/high-quality-em4100-card,/products/rfid-cards/em4100-rfid-card,family-hub
/bamboo-nfc-business-cards-suppliers,/products/rfid-cards,family-hub
/nfc-reader-writer-manufacturer,/products/rfid-readers,family-hub
/high-quality-125khz-rfid-reader-writer,/products/rfid-readers,family-hub
/rfid-reader-writer-supplier,/products/rfid-readers,family-hub
/rfid-integrated-reader-factory,/products/rfid-readers,family-hub
/handheld-rfid-reader-manufacturer,/products/rfid-readers,family-hub
/1356-mhz-rfid-card-supplier,/products/rfid-cards,family-hub
/high-quality-ntag215-stickers,/products/rfid-labels,family-hub
/wholesale-blank-nfc-cards,/products/rfid-cards,family-hub
/diesel-card-manufacturers,/products/rfid-cards,family-hub
/nfc-key-fob-factories,/products/rfid-keyfobs,family-hub
/china-tamper-evident-stickers,/products/rfid-labels,family-hub
/public-transit-card-manufacturer,/products/rfid-cards,family-hub
/china-personalized-festival-wristbands,/products/rfid-wristbands,family-hub
/china-rfid-bracelet,/products/rfid-wristbands,family-hub
/china-party-wrist-band,/products/rfid-wristbands,family-hub
/diesel-card-supplier,/products/rfid-cards,family-hub
/rfid-stickers-supplier,/products/rfid-labels,family-hub
/rfid-door-reader-suppliers,/products/rfid-readers,family-hub
/wood-business-card-blanks-manufacturers,/products/rfid-cards,family-hub
/rfid-key-cards-factory,/products/rfid-cards,family-hub
/custom-nfc-tag-stickers,/products/rfid-labels,family-hub
/high-quality-rfid-card-reader-writer,/products/rfid-readers,family-hub
/wooden-name-cards-factories,/products/rfid-cards,family-hub
/rfid-wristbands-factories,/products/rfid-wristbands,family-hub
/festival-wrist-band-supplier,/products/rfid-wristbands,family-hub
/usb-nfc-reader-factories,/products/rfid-readers,family-hub
/wholesale-card-for-bus,/products/rfid-cards,family-hub
/custom-copying-rfid-cards,/products/rfid-cards,family-hub
/high-quality-id-card-with-rfid,/products/rfid-cards,family-hub
/tags-laundry-manufacturer,/products/rfid-tags,family-hub
/rfid-reader-writer-factories,/products/rfid-readers,family-hub
/wholesale-ntag215-cards,/products/rfid-cards,family-hub
/key-fob-nfc-manufacturers,/products/rfid-keyfobs,family-hub
/rfid-chip-bracelet-manufacturers,/products/rfid-wristbands,family-hub
/wholesale-125khz-rfid-card,/products/rfid-cards,family-hub
/wholesale-rfid-chip-sticker,/products/rfid-labels,family-hub
/wholesale-radio-frequency-identification-labels,/products/rfid-labels,family-hub
/nfc-reader-writer-supplier,/products/rfid-readers,family-hub
/china-rfid-door-reader,/products/rfid-readers,family-hub
/rfid-tracking-stickers-manufacturers,/products/rfid-labels,family-hub
/custom-uhf-reader,/products/rfid-readers,family-hub
/high-quality-rfid-identity-card,/products/rfid-cards,family-hub
/high-quality-personalized-festival-wristbands,/products/rfid-wristbands,family-hub
/event-wrist-band-manufacturer,/products/rfid-wristbands,family-hub
/custom-rfid-integrated-reader,/products/rfid-readers,family-hub
/high-quality-clone-contactless-card,/products/rfid-cards,family-hub
/fob-cards-supplier,/products/rfid-cards,family-hub
/high-quality-all-inclusive-resort-wristband,/products/rfid-wristbands,family-hub
/personalized-party-wristbands-factory,/products/rfid-wristbands,family-hub
/wholesale-125-khz-rfid-cards,/products/rfid-cards,family-hub
/student-identification-card-manufacturers,/products/rfid-cards,family-hub
/custom-rfid-uhf-tag,/products/rfid-tags,family-hub
/hotel-cards-supplier,/products/rfid-cards,family-hub
/china-tags-laundry,/products/rfid-tags,family-hub
/rfid-card-access-control-factory,/products/rfid-cards,family-hub
/rfid-reader-ic-factories,/products/rfid-readers,family-hub
/wooden-name-cards-suppliers,/products/rfid-cards,family-hub
/nfc-card-factories,/products/rfid-cards,family-hub
/bracelets-event-suppliers,/products/rfid-wristbands,family-hub
/china-windshield-rfid-sticker,/products/rfid-labels,family-hub
/china-portable-rfid-reader,/products/rfid-readers,family-hub
/laundry-tag-rfid-suppliers,/products/rfid-tags,family-hub
/china-printable-nfc-cards,/products/rfid-cards,family-hub
/handheld-rfid-tag-reader-manufacturers,/products/rfid-readers,family-hub
/high-quality-rfid-uhf-tag,/products/rfid-tags,family-hub
/china-mifare-keyfobs,/products/rfid-keyfobs,family-hub
/music-festival-wristbands-factory,/products/rfid-wristbands,family-hub
/china-uhf-rfid-laundry-tag,/products/rfid-tags,family-hub
/china-em-prox-card,/products/rfid-cards,family-hub
/rfid-key-cards-factories,/products/rfid-cards,family-hub
/china-t5577-rfid,/products/rfid-cards/em4100-rfid-card,family-hub
/rfid-stickers-factory,/products/rfid-labels,family-hub
/rfid-card-access-control-manufacturer,/products/rfid-cards,family-hub
/wholesale-armbands-for-events,/products/rfid-wristbands,family-hub
/custom-mini-rfid-reader,/products/rfid-readers,family-hub
/hotel-wristbands-manufacturers,/products/rfid-wristbands,family-hub
/festival-wristbands-factory,/products/rfid-wristbands,family-hub
/handheld-rfid-tag-reader-suppliers,/products/rfid-readers,family-hub
/china-plastic-wristbands-for-events,/products/rfid-wristbands,family-hub
/rfid-gate-opener-sticker-supplier,/products/rfid-labels,family-hub
/custom-rfid-stickers-for-inventory,/products/rfid-labels,family-hub
/rfid-door-reader-factories,/products/rfid-readers,family-hub
/uhf-rfid-card-supplier,/products/rfid-tags,family-hub
/resort-wristband-suppliers,/products/rfid-wristbands,family-hub
/custom-tag-uhf,/products/rfid-tags,family-hub
/rfid-key-fob-factories,/products/rfid-keyfobs,family-hub
/high-quality-portable-rfid-reader,/products/rfid-readers,family-hub
/nfc-tag-card-factory,/products/rfid-cards,family-hub
/high-quality-nfc-tag-card,/products/rfid-cards,family-hub
/nfc-business-cards-supplier,/products/rfid-cards,family-hub
/party-wrist-band-suppliers,/products/rfid-wristbands,family-hub
/nfc-215-card-supplier,/products/rfid-cards,family-hub
/china-reader-rfid-uhf,/products/rfid-readers,family-hub
/radio-frequency-identification-labels-manufacturers,/products/rfid-labels,family-hub
/1342-khz-rfid-reader-factories,/products/rfid-readers,family-hub
/wholesale-card-student,/products/rfid-cards,family-hub
/1356-mhz-rfid-reader-factory,/products/rfid-readers,family-hub
/bus-card-pass-supplier,/products/rfid-cards,family-hub
/rfid-reader-writer-manufacturers,/products/rfid-readers,family-hub
/custom-passive-rfid-reader,/products/rfid-readers,family-hub
/wholesale-rfid-stickers-for-inventory,/products/rfid-labels,family-hub
/festival-wristbands-supplier,/products/rfid-wristbands,family-hub
/rfid-badge-reader-factory,/products/rfid-readers,family-hub
/mifare-1k-classic-card-factories,/products/rfid-cards,family-hub
/wholesale-plastic-wristbands-for-events,/products/rfid-wristbands,family-hub
/high-quality-bamboo-card,/products/rfid-cards,family-hub
/china-125khz-card,/products/rfid-cards,family-hub
/wholesale-rfid-proximity-reader,/products/rfid-readers,family-hub
/china-card-proximity,/products/rfid-cards,family-hub
/custom-entry-wristbands-for-events,/products/rfid-wristbands,family-hub
/125-khz-proximity-cards-supplier,/products/rfid-cards,family-hub
/uhf-sticker-factory,/products/rfid-labels,family-hub
/custom-rfid-barcode-labels,/products/rfid-labels,family-hub
/bus-card-pass-factories,/products/rfid-cards,family-hub
/rfid-printable-labels-supplier,/products/rfid-labels,family-hub
/clone-access-card-supplier,/products/rfid-cards,family-hub
/rfid-barcode-labels-manufacturers,/products/rfid-labels,family-hub
/rfid-bracelet-manufacturer,/products/rfid-wristbands,family-hub
/uhf-tags-manufacturers,/products/rfid-tags,family-hub
/copy-rfid-card-factory,/products/rfid-cards,family-hub
/festival-wrist-band-factories,/products/rfid-wristbands,family-hub
/card-rfid-125khz-factory,/products/rfid-cards,family-hub
/wholesale-programmable-nfc-stickers,/products/rfid-labels,family-hub
/rfid-card-writer-supplier,/products/rfid-cards,family-hub
/high-quality-shelf-label-strips,/products/rfid-labels,family-hub
/black-nfc-cards-manufacturer,/products/rfid-cards,family-hub
/china-rfid-tracking-stickers,/products/rfid-labels,family-hub
/wholesale-programming-nfc-stickers,/products/rfid-labels,family-hub
/china-mini-rfid-reader,/products/rfid-readers,family-hub
/wholesale-uhf-rfid-sticker,/products/rfid-labels,family-hub
/high-quality-duplicate-rfid-key-fob,/products/rfid-keyfobs,family-hub
/mobile-rfid-reader-manufacturers,/products/rfid-readers,family-hub
/custom-125-khz-proximity-cards,/products/rfid-cards,family-hub
/nfc-keyfobs-suppliers,/products/rfid-keyfobs,family-hub
/china-rfid-silicone-wristbands,/products/rfid-wristbands,family-hub
/high-quality-tag-rfid-uhf,/products/rfid-tags,family-hub
/china-ving-cards,/products/rfid-cards,family-hub
/wholesale-concert-wrist-band,/products/rfid-wristbands,family-hub
/contactless-cards-factory,/products/rfid-cards,family-hub
/bus-pass-card-factory,/products/rfid-cards,family-hub
/high-quality-blank-rfid-cards,/products/rfid-cards,family-hub
/china-long-range-rfid-tag-reader,/products/rfid-readers,family-hub
/rfid-barcode-labels-manufacturer,/products/rfid-labels,family-hub
/rfid-card-scanner-manufacturers,/products/rfid-cards,family-hub
/bus-cards-supplier,/products/rfid-cards,family-hub
/rfid-proximity-card-readers-factory,/products/rfid-readers,family-hub
/high-quality-personalized-wristbands-for-events,/products/rfid-wristbands,family-hub
/clone-access-card-factories,/products/rfid-cards,family-hub
/uhf-rfid-cards-manufacturers,/products/rfid-tags,family-hub
/rfid-bands-supplier,/products/rfid-wristbands,family-hub
/copying-an-rfid-card-supplier,/products/rfid-cards,family-hub
/china-125khz-rfid-reader,/products/rfid-readers,family-hub
/wholesale-printable-nfc-cards,/products/rfid-cards,family-hub
/rfid-card-programmer-suppliers,/products/rfid-cards,family-hub
/rfid-card-writer-manufacturers,/products/rfid-cards,family-hub
/china-nfc-card,/products/rfid-cards,family-hub
/high-quality-uhf-rfid-sticker,/products/rfid-labels,family-hub
/china-lf-rfid-reader,/products/rfid-readers,family-hub
/wholesale-long-range-uhf-rfid-reader,/products/rfid-readers,family-hub
/rfid-long-distance-reader-supplier,/products/rfid-readers,family-hub
/electronic-key-fob-replacement-manufacturers,/products/rfid-keyfobs,family-hub
/china-rfid-chip-wristband,/products/rfid-wristbands,family-hub
/china-nfc-tag-ntag213,/products/rfid-cards/mifare-ultralight-c-card,family-hub
/fuel-card-suppliers,/products/rfid-cards,family-hub
/china-nfc-key-fob,/products/rfid-keyfobs,family-hub
/wholesale-em4100-card,/products/rfid-cards/em4100-rfid-card,family-hub
/high-quality-rail-cards,/products/rfid-cards,family-hub
/card-proximity-suppliers,/products/rfid-cards,family-hub
/mobile-rfid-reader-supplier,/products/rfid-readers,family-hub
/china-copy-rfid-card,/products/rfid-cards,family-hub
/125khz-rfid-tag-sticker-factory,/products/rfid-labels,family-hub
/china-rfid-badge-reader,/products/rfid-readers,family-hub
/high-quality-travel-bus-card,/products/rfid-cards,family-hub
/rfid-silicone-wristbands-manufacturer,/products/rfid-wristbands,family-hub
/custom-uhf-rfid-sticker,/products/rfid-labels,family-hub
/custom-usb-rfid-reader,/products/rfid-readers,family-hub
/uhf-rfid-antenna-factory,/products/rfid-tags,family-hub
/windshield-rfid-sticker-manufacturer,/products/rfid-labels,family-hub
/tamper-proof-stickers-supplier,/products/rfid-labels,family-hub
/hotel-cards-manufacturers,/products/rfid-cards,family-hub
/high-quality-rfid-card-with-chip,/products/rfid-cards,family-hub
/china-tamper-resistant-stickers,/products/rfid-labels,family-hub
/rfid-hf-reader-manufacturer,/products/rfid-readers,family-hub
/rfid-laundry-tag-manufacturers,/products/rfid-tags,family-hub
/rfid-reader-device-factories,/products/rfid-readers,family-hub
/usb-rfid-reader-supplier,/products/rfid-readers,family-hub
/card-proximity-factories,/products/rfid-cards,family-hub
/wholesale-electronic-gas-card,/products/rfid-cards,family-hub
/proximity-cards-supplier,/products/rfid-cards,family-hub
/t5577-rfid-manufacturer,/products/rfid-cards/em4100-rfid-card,family-hub
/nfc-key-fob-manufacturers,/products/rfid-keyfobs,family-hub
/personalized-party-wristbands-supplier,/products/rfid-wristbands,family-hub
/transit-card-factories,/products/rfid-cards,family-hub
/china-international-student-id-card,/products/rfid-cards,family-hub
/china-rfid-bands,/products/rfid-wristbands,family-hub
/rfid-label-tags-manufacturers,/products/rfid-labels,family-hub
/rfid-tag-label-manufacturer,/products/rfid-labels,family-hub
/petrol-loyalty-card-manufacturer,/products/rfid-cards,family-hub
/rfid-proximity-card-suppliers,/products/rfid-cards,family-hub
/rfid-proximity-card-reader-suppliers,/products/rfid-readers,family-hub
/pvc-rfid-card-factories,/products/rfid-cards,family-hub
/bus-pass-card-factories,/products/rfid-cards,family-hub
/custom-clone-rfid-key-fob,/products/rfid-keyfobs,family-hub
/nfc-ntag215-stickers-manufacturers,/products/rfid-labels,family-hub
/rfid-smart-card-manufacturer,/products/rfid-cards,family-hub
/china-rfid-sticker-tags,/products/rfid-labels,family-hub
/electronic-gas-card-factory,/products/rfid-cards,family-hub
/china-usb-nfc-reader,/products/rfid-readers,family-hub
/custom-petrol-loyalty-card,/products/rfid-cards,family-hub
/bamboo-card-factory,/products/rfid-cards,family-hub
/tamper-resistant-stickers-manufacturers,/products/rfid-labels,family-hub
/uhf-rfid-reader-manufacturers,/products/rfid-readers,family-hub
/reader-rfid-uhf-manufacturers,/products/rfid-readers,family-hub
/china-fixed-rfid-reader,/products/rfid-readers,family-hub
/key-card-copier-suppliers,/products/rfid-cards,family-hub
/chicken-leg-bands-manufacturers,/products/rfid-wristbands,family-hub
/custom-nfc-copy-key-card,/products/rfid-cards,family-hub
/china-rfid-chip-reader-writer,/products/rfid-readers,family-hub
/shelf-label-strips-suppliers,/products/rfid-labels,family-hub
/pvc-rfid-card-manufacturer,/products/rfid-cards,family-hub
/uhf-rfid-sticker-factories,/products/rfid-labels,family-hub
/rfid-chip-labels-factory,/products/rfid-labels,family-hub
/china-rfid-labels-and-tags,/products/rfid-labels,family-hub
/copying-an-rfid-card-manufacturers,/products/rfid-cards,family-hub
/china-prox-cards,/products/rfid-cards,family-hub
/china-rfid-reader-and-antenna,/products/rfid-readers,family-hub
/high-quality-wood-working-business-cards,/products/rfid-cards,family-hub
/custom-bamboo-card,/products/rfid-cards,family-hub
/rfid-cards-factory,/products/rfid-cards,family-hub
/custom-reader-uhf,/products/rfid-readers,family-hub
/rfid-tag-card-supplier,/products/rfid-cards,family-hub
/key-cards-supplier,/products/rfid-cards,family-hub
/wholesale-125khz-rfid-tag-sticker,/products/rfid-labels,family-hub
/long-distance-rfid-reader-factories,/products/rfid-readers,family-hub
/hotel-wristbands-factory,/products/rfid-wristbands,family-hub
/tags-laundry-factory,/products/rfid-tags,family-hub
/rfid-gate-opener-sticker-manufacturer,/products/rfid-labels,family-hub
/rfid-silicone-wristbands-supplier,/products/rfid-wristbands,family-hub
/tamper-resistant-stickers-supplier,/products/rfid-labels,family-hub
/high-quality-rfid-proximity-card-reader,/products/rfid-readers,family-hub
/mobile-rfid-reader-suppliers,/products/rfid-readers,family-hub
/1356-mhz-rfid-card-manufacturers,/products/rfid-cards,family-hub
/custom-wrist-band-tickets,/products/rfid-wristbands,family-hub
/student-transport-card-manufacturers,/products/rfid-cards,family-hub
/rfid-tag-reader-writer-supplier,/products/rfid-readers,family-hub
/handheld-rfid-reader-suppliers,/products/rfid-readers,family-hub
/fuel-card-supplier,/products/rfid-cards,family-hub
/wholesale-metro-cards,/products/rfid-cards,family-hub
/high-quality-rfid-stickers-for-inventory,/products/rfid-labels,family-hub
/card-student-supplier,/products/rfid-cards,family-hub
/125khz-rfid-reader-writer-factories,/products/rfid-readers,family-hub
/china-nfc-tag-stickers,/products/rfid-labels,family-hub
/rfid-silicone-bracelets-manufacturer,/products/rfid-wristbands,family-hub
/china-festival-wristbands,/products/rfid-wristbands,family-hub
/card-bus-pass-suppliers,/products/rfid-cards,family-hub
/rfid-card-access-control-factories,/products/rfid-cards,family-hub
/em4100-card-suppliers,/products/rfid-cards/em4100-rfid-card,family-hub
/china-uhf-reader,/products/rfid-readers,family-hub
/duplicate-electronic-key-fob-supplier,/products/rfid-keyfobs,family-hub
/international-id-card-supplier,/products/rfid-cards,family-hub
/ving-cards-manufacturer,/products/rfid-cards,family-hub
/nfc-ntag215-stickers-manufacturer,/products/rfid-labels,family-hub
/rfid-readers-supplier,/products/rfid-readers,family-hub
/high-quality-nfc-keyfobs,/products/rfid-keyfobs,family-hub
/music-festival-bracelets-manufacturers,/products/rfid-wristbands,family-hub
/rfid-badge-reader-manufacturers,/products/rfid-readers,family-hub
/rfid-chip-reader-writer-manufacturer,/products/rfid-readers,family-hub
/uhf-cards-factory,/products/rfid-tags,family-hub
/rfid-identity-card-manufacturer,/products/rfid-cards,family-hub
/china-1356-mhz-rfid-card,/products/rfid-cards,family-hub
/china-rfid-card-reader-and-writer,/products/rfid-readers,family-hub
/125-khz-proximity-cards-factories,/products/rfid-cards,family-hub
/rfid-proximity-reader-manufacturers,/products/rfid-readers,family-hub
/shelf-label-strips-supplier,/products/rfid-labels,family-hub
/custom-long-range-rfid-tag-reader,/products/rfid-readers,family-hub
/portable-uhf-rfid-reader-supplier,/products/rfid-readers,family-hub
/wholesale-personalized-festival-wristbands,/products/rfid-wristbands,family-hub
/festival-bracelets-factory,/products/rfid-wristbands,family-hub
/high-quality-rfid-reader-writer-1356-mhz,/products/rfid-readers,family-hub
/custom-carnival-wristbands,/products/rfid-wristbands,family-hub
/wooden-rfid-card-manufacturers,/products/rfid-cards,family-hub
/mifare-1356-mhz-card-supplier,/products/rfid-cards,family-hub
/wholesale-nfc-card-tag,/products/rfid-cards,family-hub
/custom-bamboo-nfc-card,/products/rfid-cards,family-hub
/custom-portable-uhf-rfid-reader,/products/rfid-readers,family-hub
/china-card-bus-pass,/products/rfid-cards,family-hub
/uhf-rfid-sticker-suppliers,/products/rfid-labels,family-hub
/nfc-business-cards-factories,/products/rfid-cards,family-hub
/custom-public-transport-card,/products/rfid-cards,family-hub
/custom-hotel-cards,/products/rfid-cards,family-hub
/custom-tag-reader,/products/rfid-readers,family-hub
/wholesale-festival-wristbands,/products/rfid-wristbands,family-hub
/rfid-festival-wristbands-suppliers,/products/rfid-wristbands,family-hub
/anti-metal-nfc-sticker-factories,/products/rfid-labels,family-hub
/custom-rfid-gate-opener-sticker,/products/rfid-labels,family-hub
/uhf-laundry-tag-supplier,/products/rfid-tags,family-hub
/radio-frequency-identification-labels-factory,/products/rfid-labels,family-hub
/custom-uhf-rfid-laundry-tag,/products/rfid-tags,family-hub
/rfid-proximity-reader-factory,/products/rfid-readers,family-hub
/custom-rfid-reader-device,/products/rfid-readers,family-hub
/custom-wooden-name-cards,/products/rfid-cards,family-hub
/custom-rfid-chip-wristband,/products/rfid-wristbands,family-hub
/event-entry-bracelets-factories,/products/rfid-wristbands,family-hub
/passive-rfid-reader-factories,/products/rfid-readers,family-hub
/em-prox-card-manufacturer,/products/rfid-cards,family-hub
/festival-bracelets-manufacturers,/products/rfid-wristbands,family-hub
/wholesale-125khz-rfid-reader-writer,/products/rfid-readers,family-hub
/uhf-cards-manufacturer,/products/rfid-tags,family-hub
/reader-uhf-supplier,/products/rfid-readers,family-hub
/radio-frequency-identification-labels-suppliers,/products/rfid-labels,family-hub
/ving-cards-supplier,/products/rfid-cards,family-hub
/blank-nfc-cards-factories,/products/rfid-cards,family-hub
/long-range-rfid-reader-manufacturers,/products/rfid-readers,family-hub
/custom-card-proximity,/products/rfid-cards,family-hub
/1356-mhz-rfid-reader-manufacturers,/products/rfid-readers,family-hub
/china-nfc-ntag215-stickers,/products/rfid-labels,family-hub
/long-range-uhf-reader-manufacturers,/products/rfid-readers,family-hub
/rfid-tag-label-factory,/products/rfid-labels,family-hub
/high-quality-ving-cards,/products/rfid-cards,family-hub
/wholesale-rfid-laundry-tags,/products/rfid-tags,family-hub
/high-quality-copying-rfid-cards,/products/rfid-cards,family-hub
/rfid-tag-card-factory,/products/rfid-cards,family-hub
/custom-125khz-rfid-reader,/products/rfid-readers,family-hub
/rfid-silicone-bracelets-factory,/products/rfid-wristbands,family-hub
/diesel-card-suppliers,/products/rfid-cards,family-hub
/wholesale-rfid-key-cards,/products/rfid-cards,family-hub
/high-quality-uhf-rfid-stickers,/products/rfid-labels,family-hub
/custom-t5577-rfid,/products/rfid-cards/em4100-rfid-card,family-hub
/ultra-high-frequency-rfid-reader-factory,/products/rfid-readers,family-hub
/long-distance-rfid-reader-factory,/products/rfid-readers,family-hub
/custom-125khz-card,/products/rfid-cards,family-hub
/custom-smart-cards,/products/rfid-cards,family-hub
/high-quality-rfid-tags-and-labels,/products/rfid-labels,family-hub
/high-quality-reader-rfid-uhf,/products/rfid-readers,family-hub
/uhf-rfid-cards-manufacturer,/products/rfid-tags,family-hub
/long-range-rfid-tag-reader-suppliers,/products/rfid-readers,family-hub
/wholesale-international-student-id-card,/products/rfid-cards,family-hub
/ntag215-nfc-cards-factory,/products/rfid-cards,family-hub
/rfid-chip-sticker-manufacturers,/products/rfid-labels,family-hub
/em-prox-card-manufacturers,/products/rfid-cards,family-hub
/wholesale-mifare-1356-mhz-card,/products/rfid-cards,family-hub
/rfid-bands-factory,/products/rfid-wristbands,family-hub
/rfid-sticker-tags-factories,/products/rfid-labels,family-hub
/gas-saving-cards-manufacturers,/products/rfid-cards,family-hub
/custom-rfid-card-reader-and-writer,/products/rfid-readers,family-hub
/hf-cards-factories,/products/rfid-cards,family-hub
/high-quality-rfid-tag-reader-writer,/products/rfid-readers,family-hub
/china-key-cards,/products/rfid-cards,family-hub
/china-1342-khz-rfid-reader,/products/rfid-readers,family-hub
/programming-nfc-stickers-factory,/products/rfid-labels,family-hub
/rfid-gate-opener-sticker-factories,/products/rfid-labels,family-hub
/125khz-rfid-sticker-factory,/products/rfid-labels,family-hub
/student-identification-card-factories,/products/rfid-cards,family-hub
/china-rfid-key-cards,/products/rfid-cards,family-hub
/chicken-leg-bands-manufacturer,/products/rfid-wristbands,family-hub
/high-quality-rfid-reader-device,/products/rfid-readers,family-hub
/wholesale-wood-working-business-cards,/products/rfid-cards,family-hub
/hf-rfid-reader-factory,/products/rfid-readers,family-hub
/blank-rfid-cards-supplier,/products/rfid-cards,family-hub
/uhf-laundry-tag-factory,/products/rfid-tags,family-hub
/wholesale-rfid-uhf-tag,/products/rfid-tags,family-hub
/custom-rfid-smart-labels,/products/rfid-labels,family-hub
/wholesale-nfc-tag-stickers,/products/rfid-labels,family-hub
/custom-nfc-215-card,/products/rfid-cards,family-hub
/wholesale-reader-uhf,/products/rfid-readers,family-hub
/party-bracelet-factory,/products/rfid-wristbands,family-hub
/nfc-key-fob-supplier,/products/rfid-keyfobs,family-hub
/custom-festival-wrist-band,/products/rfid-wristbands,family-hub
/china-tamper-proof-stickers,/products/rfid-labels,family-hub
/rfid-card-reader-writer-factories,/products/rfid-readers,family-hub
/tamper-proof-stickers-suppliers,/products/rfid-labels,family-hub
/125khz-rfid-tag-sticker-suppliers,/products/rfid-labels,family-hub
/wholesale-rfid-silicone-wristbands,/products/rfid-wristbands,family-hub
/uhf-long-range-reader-suppliers,/products/rfid-readers,family-hub
/custom-mifare-cards,/products/rfid-cards,family-hub
/wholesale-rfid-laundry-tag,/products/rfid-tags,family-hub
/china-event-bracelets,/products/rfid-wristbands,family-hub
/nfc-key-fob-factory,/products/rfid-keyfobs,family-hub
/rfid-cards-suppliers,/products/rfid-cards,family-hub
/student-bus-pass-card-manufacturer,/products/rfid-cards,family-hub
/125-khz-rfid-cards-manufacturer,/products/rfid-cards,family-hub
/high-quality-rfid-chip-wristband,/products/rfid-wristbands,family-hub
/custom-tags-laundry,/products/rfid-tags,family-hub
/personalized-festival-wristbands-manufacturer,/products/rfid-wristbands,family-hub
/nfc-tag-ntag213-suppliers,/products/rfid-cards/mifare-ultralight-c-card,family-hub
/wholesale-ving-cards,/products/rfid-cards,family-hub
/china-event-wrist-band,/products/rfid-wristbands,family-hub
/international-student-id-card-supplier,/products/rfid-cards,family-hub
/rfid-long-distance-reader-factory,/products/rfid-readers,family-hub
/wholesale-hf-cards,/products/rfid-cards,family-hub
/wholesale-event-entry-bracelets,/products/rfid-wristbands,family-hub
/high-quality-festival-wristbands,/products/rfid-wristbands,family-hub
/fuel-card-factories,/products/rfid-cards,family-hub
/rfid-tag-reader-supplier,/products/rfid-readers,family-hub
/china-rfid-cards,/products/rfid-cards,family-hub
/custom-rfid-labels-and-tags,/products/rfid-labels,family-hub
/wholesale-rfid-sticker-tags,/products/rfid-labels,family-hub
/usb-rfid-reader-suppliers,/products/rfid-readers,family-hub
/high-quality-personalised-festival-bands,/products/rfid-wristbands,family-hub
/custom-125khz-rfid-card,/products/rfid-cards,family-hub
/card-rfid-125khz-suppliers,/products/rfid-cards,family-hub
/student-identification-card-supplier,/products/rfid-cards,family-hub
/china-ultra-high-frequency-rfid-reader,/products/rfid-readers,family-hub
/black-nfc-cards-supplier,/products/rfid-cards,family-hub
/high-quality-rfid-card-access-control,/products/rfid-cards,family-hub
/custom-clone-prox-card,/products/rfid-cards,family-hub
/custom-1342-khz-rfid-reader,/products/rfid-readers,family-hub
/high-quality-long-distance-rfid-reader,/products/rfid-readers,family-hub
/long-range-uhf-reader-manufacturer,/products/rfid-readers,family-hub
/rfid-uhf-tag-factories,/products/rfid-tags,family-hub
/wholesale-bus-card-pass,/products/rfid-cards,family-hub
/bamboo-card-suppliers,/products/rfid-cards,family-hub
/custom-rfid-tags-and-readers,/products/rfid-readers,family-hub
/wholesale-rfid-chip-reader-writer,/products/rfid-readers,family-hub
/rfid-readers-manufacturers,/products/rfid-readers,family-hub
/nfc-reader-writer-factory,/products/rfid-readers,family-hub
/card-smart-supplier,/products/rfid-cards,family-hub
/custom-concert-wristbands,/products/rfid-wristbands,family-hub
/wholesale-uhf-rfid-antenna,/products/rfid-tags,family-hub
/wholesale-rfid-reader-125-khz,/products/rfid-readers,family-hub
/rfid-key-cards-manufacturers,/products/rfid-cards,family-hub
/china-mifare-reader,/products/rfid-readers,family-hub
/copying-rfid-cards-factories,/products/rfid-cards,family-hub
/125khz-rfid-card-factories,/products/rfid-cards,family-hub
/high-quality-bamboo-business-cards,/products/rfid-cards,family-hub
/high-quality-rfid-chip-bracelet,/products/rfid-wristbands,family-hub
/high-quality-transit-card,/products/rfid-cards,family-hub
/nfc-keyfobs-factory,/products/rfid-keyfobs,family-hub
/rfid-reader-writer-1356-mhz-manufacturer,/products/rfid-readers,family-hub
/personalized-party-wristbands-factories,/products/rfid-wristbands,family-hub
/electronic-key-fob-copy-manufacturers,/products/rfid-keyfobs,family-hub
/custom-waterpark-wristband,/products/rfid-wristbands,family-hub
/duplicate-electronic-key-fob-manufacturers,/products/rfid-keyfobs,family-hub
/rfid-labels-factory,/products/rfid-labels,family-hub
/electronic-key-fob-replacement-manufacturer,/products/rfid-keyfobs,family-hub
/gas-saving-cards-factory,/products/rfid-cards,family-hub
/wholesale-student-identity-card,/products/rfid-cards,family-hub
/custom-nfc-tag-ntag213,/products/rfid-cards/mifare-ultralight-c-card,family-hub
/high-quality-nfc-key-fob,/products/rfid-keyfobs,family-hub
/duplicate-rfid-card-suppliers,/products/rfid-cards,family-hub
/student-cards-supplier,/products/rfid-cards,family-hub
/duplicate-rfid-key-fob-supplier,/products/rfid-keyfobs,family-hub
/proximity-cards-factories,/products/rfid-cards,family-hub
/custom-party-bracelet,/products/rfid-wristbands,family-hub
/card-rfid-125khz-supplier,/products/rfid-cards,family-hub
/uhf-rfid-laundry-tag-supplier,/products/rfid-tags,family-hub
/high-quality-identity-card-for-students,/products/rfid-cards,family-hub
/high-quality-rfid-for-key-fob,/products/rfid-keyfobs,family-hub
/wholesale-125-khz-proximity-cards,/products/rfid-cards,family-hub
/wood-business-card-blanks-manufacturer,/products/rfid-cards,family-hub
/custom-long-range-uhf-reader,/products/rfid-readers,family-hub
/rfid-smart-card-factories,/products/rfid-cards,family-hub
/high-quality-uhf-rfid-cards,/products/rfid-tags,family-hub
/uhf-rfid-tag-reader-manufacturer,/products/rfid-readers,family-hub
/custom-mifare-1356-mhz-card,/products/rfid-cards,family-hub
/rfid-bracelet-factory,/products/rfid-wristbands,family-hub
/china-tamper-evident-labels,/products/rfid-labels,family-hub
/china-metro-cards,/products/rfid-cards,family-hub
/public-transit-card-supplier,/products/rfid-cards,family-hub
/long-range-rfid-tag-reader-manufacturer,/products/rfid-readers,family-hub
/china-rfid-barcode-labels,/products/rfid-labels,family-hub
/custom-rfid-chip-labels,/products/rfid-labels,family-hub
/125khz-rfid-reader-writer-manufacturer,/products/rfid-readers,family-hub
/ntag215-stickers-suppliers,/products/rfid-labels,family-hub
/hf-cards-suppliers,/products/rfid-cards,family-hub
/uhf-laundry-tag-suppliers,/products/rfid-tags,family-hub
/high-quality-uhf-rfid-tag-reader,/products/rfid-readers,family-hub
/wholesale-student-identification-card,/products/rfid-cards,family-hub
/t5577-rfid-manufacturers,/products/rfid-cards/em4100-rfid-card,family-hub
/wholesale-contactless-cards,/products/rfid-cards,family-hub
/wholesale-rfid-tags-and-readers,/products/rfid-readers,family-hub
/1356-mhz-rfid-reader-writer-factory,/products/rfid-readers,family-hub
/china-tamper-resistant-labels,/products/rfid-labels,family-hub
/wholesale-programmable-rfid-cards,/products/rfid-cards,family-hub
/wholesale-rfid-bracelet,/products/rfid-wristbands,family-hub
/high-quality-international-student-card,/products/rfid-cards,family-hub
/china-nfc-tag-card,/products/rfid-cards,family-hub
/bamboo-nfc-card-suppliers,/products/rfid-cards,family-hub
/125-khz-proximity-cards-manufacturers,/products/rfid-cards,family-hub
/uhf-sticker-suppliers,/products/rfid-labels,family-hub
/high-quality-rfid-card-reader-and-writer,/products/rfid-readers,family-hub
/china-radio-frequency-identification-labels,/products/rfid-labels,family-hub
/china-rfid-reader-writer,/products/rfid-readers,family-hub
/ntag213-nfc-tag-factories,/products/rfid-cards/mifare-ultralight-c-card,family-hub
/tamper-evident-labels-suppliers,/products/rfid-labels,family-hub
/programmable-rfid-cards-factory,/products/rfid-cards,family-hub
/wholesale-rfid-printable-labels,/products/rfid-labels,family-hub
/wholesale-rfid-bands,/products/rfid-wristbands,family-hub
/card-bus-pass-factory,/products/rfid-cards,family-hub
/uhf-rfid-sticker-supplier,/products/rfid-labels,family-hub
/card-smart-manufacturers,/products/rfid-cards,family-hub
/student-identification-card-manufacturer,/products/rfid-cards,family-hub
/china-concert-bracelets,/products/rfid-wristbands,family-hub
/custom-long-range-rfid-reader,/products/rfid-readers,family-hub
/china-wristbands-for-charity,/products/rfid-wristbands,family-hub
/wholesale-1356-mhz-rfid-reader-writer,/products/rfid-readers,family-hub
/rfid-barcode-labels-suppliers,/products/rfid-labels,family-hub
/1356-mhz-rfid-reader-writer-supplier,/products/rfid-readers,family-hub
/transit-card-suppliers,/products/rfid-cards,family-hub
/bamboo-business-cards-factories,/products/rfid-cards,family-hub
/wood-business-card-blanks-factories,/products/rfid-cards,family-hub
/fair-wrist-bands-factories,/products/rfid-wristbands,family-hub
/china-mifare-1k-classic-card,/products/rfid-cards,family-hub
/electronic-key-fob-copy-factory,/products/rfid-keyfobs,family-hub
/wholesale-card-bus,/products/rfid-cards,family-hub
/copying-an-rfid-card-factories,/products/rfid-cards,family-hub
/wholesale-125khz-rfid-reader,/products/rfid-readers,family-hub
/long-distance-rfid-reader-supplier,/products/rfid-readers,family-hub
/mifare-keyfobs-factory,/products/rfid-keyfobs,family-hub
/custom-nfc-sticker-android,/products/rfid-labels,family-hub
/key-cards-manufacturer,/products/rfid-cards,family-hub
/china-uhf-label,/products/rfid-labels,family-hub
/rfid-barcode-labels-supplier,/products/rfid-labels,family-hub
/electronic-gas-card-factories,/products/rfid-cards,family-hub
/rfid-bands-factories,/products/rfid-wristbands,family-hub
/key-fob-nfc-manufacturer,/products/rfid-keyfobs,family-hub
/wholesale-uhf-rfid-laundry-tag,/products/rfid-tags,family-hub
/rfid-barcode-labels-factory,/products/rfid-labels,family-hub
/custom-bus-pass-card,/products/rfid-cards,family-hub
/tag-rfid-uhf-suppliers,/products/rfid-tags,family-hub
/high-quality-hotel-cards,/products/rfid-cards,family-hub
/travel-bus-card-manufacturer,/products/rfid-cards,family-hub
/uhf-rfid-cards-supplier,/products/rfid-tags,family-hub
/high-quality-fuel-card,/products/rfid-cards,family-hub
/wholesale-rfid-cards,/products/rfid-cards,family-hub
/high-quality-rfid-silicone-bracelets,/products/rfid-wristbands,family-hub
/travel-bus-card-factories,/products/rfid-cards,family-hub
/key-card-copier-manufacturer,/products/rfid-cards,family-hub
/brt-card-factories,/products/rfid-cards,family-hub
/china-long-range-uhf-reader,/products/rfid-readers,family-hub
/bamboo-nfc-card-manufacturer,/products/rfid-cards,family-hub
/china-fair-wrist-bands,/products/rfid-wristbands,family-hub
/ntag215-cards-manufacturers,/products/rfid-cards,family-hub
/custom-uhf-rfid-tag,/products/rfid-tags,family-hub
/china-rfid-laundry-tags,/products/rfid-tags,family-hub
/clone-access-card-factory,/products/rfid-cards,family-hub
/reader-uhf-manufacturers,/products/rfid-readers,family-hub
/international-id-card-factory,/products/rfid-cards,family-hub
/china-card-rfid-125khz,/products/rfid-cards,family-hub
/high-quality-international-student-id-card,/products/rfid-cards,family-hub
/rail-cards-manufacturer,/products/rfid-cards,family-hub
/high-quality-fob-cards,/products/rfid-cards,family-hub
/china-wood-business-card-blanks,/products/rfid-cards,family-hub
/china-wooden-rfid-card,/products/rfid-cards,family-hub
/handheld-reader-rfid-manufacturers,/products/rfid-readers,family-hub
/china-card-smart,/products/rfid-cards,family-hub
/mifare-keyfobs-supplier,/products/rfid-keyfobs,family-hub
/china-copying-an-rfid-card,/products/rfid-cards,family-hub
/handheld-reader-rfid-factory,/products/rfid-readers,family-hub
/usb-rfid-reader-manufacturer,/products/rfid-readers,family-hub
/bamboo-card-factories,/products/rfid-cards,family-hub
/clone-contactless-card-suppliers,/products/rfid-cards,family-hub
/rfid-reader-device-manufacturers,/products/rfid-readers,family-hub
/shelf-label-strips-factories,/products/rfid-labels,family-hub
/wooden-nfc-card-factories,/products/rfid-cards,family-hub
/wood-business-cards-factory,/products/rfid-cards,family-hub
/1356-mhz-rfid-reader-writer-manufacturers,/products/rfid-readers,family-hub
/china-public-transport-card,/products/rfid-cards,family-hub
/china-uhf-rfid-tag,/products/rfid-tags,family-hub
/wholesale-mifare-reader,/products/rfid-readers,family-hub
/mobile-rfid-reader-factories,/products/rfid-readers,family-hub
/concert-wristbands-manufacturer,/products/rfid-wristbands,family-hub
/ntag215-stickers-supplier,/products/rfid-labels,family-hub
/uhf-rfid-tag-manufacturer,/products/rfid-tags,family-hub
/travel-bus-card-factory,/products/rfid-cards,family-hub
/wood-business-cards-suppliers,/products/rfid-cards,family-hub
/custom-diesel-card,/products/rfid-cards,family-hub
/fixed-rfid-reader-factory,/products/rfid-readers,family-hub
/bracelets-event-factories,/products/rfid-wristbands,family-hub
/proximity-cards-manufacturers,/products/rfid-cards,family-hub
/rfid-reader-writer-1356-mhz-factory,/products/rfid-readers,family-hub
/china-clone-prox-card,/products/rfid-cards,family-hub
/high-quality-wiegand-rfid-reader,/products/rfid-readers,family-hub
/wholesale-rfid-card-reader-writer,/products/rfid-readers,family-hub
/wooden-rfid-card-supplier,/products/rfid-cards,family-hub
/music-festival-wristbands-suppliers,/products/rfid-wristbands,family-hub
/high-quality-personalised-wristbands-for-events,/products/rfid-wristbands,family-hub
/china-copying-rfid-cards,/products/rfid-cards,family-hub
/personalized-party-wristbands-manufacturer,/products/rfid-wristbands,family-hub
/diesel-card-factories,/products/rfid-cards,family-hub
/rfid-badge-reader-factories,/products/rfid-readers,family-hub
/rfid-chip-labels-supplier,/products/rfid-labels,family-hub
/iso-card-supplier,/products/rfid-cards,family-hub
/rfid-chip-labels-suppliers,/products/rfid-labels,family-hub
/high-quality-rfid-proximity-card-readers,/products/rfid-readers,family-hub
/event-entry-bracelets-supplier,/products/rfid-wristbands,family-hub
/nfc-215-card-factory,/products/rfid-cards,family-hub
/programmable-nfc-stickers-manufacturer,/products/rfid-labels,family-hub
/wholesale-clone-access-card,/products/rfid-cards,family-hub
/diesel-card-manufacturer,/products/rfid-cards,family-hub
/china-concert-wrist-band,/products/rfid-wristbands,family-hub
/rfid-card-writer-factories,/products/rfid-cards,family-hub
/125-khz-proximity-cards-suppliers,/products/rfid-cards,family-hub
/china-rfid-proximity-card-reader,/products/rfid-readers,family-hub
/china-clone-contactless-card,/products/rfid-cards,family-hub
/wholesale-rfid-long-distance-reader,/products/rfid-readers,family-hub
/china-petrol-card,/products/rfid-cards,family-hub
/china-rfid-tags-and-labels,/products/rfid-labels,family-hub
/high-quality-plastic-wristbands-for-events,/products/rfid-wristbands,family-hub
/china-rfid-label-tags,/products/rfid-labels,family-hub
/reader-uhf-suppliers,/products/rfid-readers,family-hub
/rail-cards-supplier,/products/rfid-cards,family-hub
/student-identity-card-factory,/products/rfid-cards,family-hub
/custom-student-transport-card,/products/rfid-cards,family-hub
/petrol-loyalty-card-manufacturers,/products/rfid-cards,family-hub
/china-rfid-chip-labels,/products/rfid-labels,family-hub
/student-transport-card-factories,/products/rfid-cards,family-hub
/custom-contactless-cards,/products/rfid-cards,family-hub
/china-card-student,/products/rfid-cards,family-hub
/handheld-rfid-reader-manufacturers,/products/rfid-readers,family-hub
/bus-cards-manufacturers,/products/rfid-cards,family-hub
/rfid-door-reader-factory,/products/rfid-readers,family-hub
/china-party-bracelet,/products/rfid-wristbands,family-hub
/high-quality-handheld-rfid-reader,/products/rfid-readers,family-hub
/custom-personalised-wristbands-for-events,/products/rfid-wristbands,family-hub
/custom-duplicate-rfid-card,/products/rfid-cards,family-hub
/card-bus-supplier,/products/rfid-cards,family-hub
/wholesale-key-card-copier,/products/rfid-cards,family-hub
/high-quality-rfid-key-cards,/products/rfid-cards,family-hub
/rfid-wrist-band-manufacturer,/products/rfid-wristbands,family-hub
/high-quality-tag-uhf,/products/rfid-tags,family-hub
/custom-rfid-cards,/products/rfid-cards,family-hub
/high-quality-wrist-bands-for-party,/products/rfid-wristbands,family-hub
/uhf-cards-supplier,/products/rfid-tags,family-hub
/bamboo-card-manufacturers,/products/rfid-cards,family-hub
/china-chicken-leg-bands,/products/rfid-wristbands,family-hub
/diesel-card-factory,/products/rfid-cards,family-hub
/uhf-card-reader-manufacturers,/products/rfid-readers,family-hub
/small-rfid-reader-manufacturer,/products/rfid-readers,family-hub
/custom-tamper-proof-stickers,/products/rfid-labels,family-hub
/uhf-rfid-stickers-factory,/products/rfid-labels,family-hub
/wholesale-key-cards,/products/rfid-cards,family-hub
/high-quality-card-smart,/products/rfid-cards,family-hub
/high-quality-tags-laundry,/products/rfid-tags,family-hub
/rfid-chip-reader-writer-suppliers,/products/rfid-readers,family-hub
/copying-rfid-cards-suppliers,/products/rfid-cards,family-hub
/china-key-card-copier,/products/rfid-cards,family-hub
/student-cards-manufacturers,/products/rfid-cards,family-hub
/wholesale-uhf-reader,/products/rfid-readers,family-hub
/event-bracelets-suppliers,/products/rfid-wristbands,family-hub
/petrol-card-suppliers,/products/rfid-cards,family-hub
/wholesale-uhf-tags,/products/rfid-tags,family-hub
/international-student-id-card-manufacturer,/products/rfid-cards,family-hub
/rail-cards-manufacturers,/products/rfid-cards,family-hub
/passive-rfid-reader-factory,/products/rfid-readers,family-hub
/high-quality-uhf-rfid-card,/products/rfid-tags,family-hub
/wholesale-rfid-door-reader,/products/rfid-readers,family-hub
/passive-rfid-reader-manufacturers,/products/rfid-readers,family-hub
/all-inclusive-resort-wristband-suppliers,/products/rfid-wristbands,family-hub
/china-rfid-festival-wristbands,/products/rfid-wristbands,family-hub
/international-student-id-card-factory,/products/rfid-cards,family-hub
/china-gas-saving-cards,/products/rfid-cards,family-hub
/custom-rfid-long-distance-reader,/products/rfid-readers,family-hub
/black-nfc-cards-suppliers,/products/rfid-cards,family-hub
/high-quality-printable-nfc-cards,/products/rfid-cards,family-hub
/wholesale-wood-business-cards,/products/rfid-cards,family-hub
/card-bus-pass-factories,/products/rfid-cards,family-hub
/rfid-reader-writer-manufacturer,/products/rfid-readers,family-hub
/windshield-rfid-sticker-suppliers,/products/rfid-labels,family-hub
/tamper-evident-labels-manufacturer,/products/rfid-labels,family-hub
/wholesale-usb-nfc-reader,/products/rfid-readers,family-hub
/personalised-festival-wristbands-manufacturer,/products/rfid-wristbands,family-hub
/custom-transit-card,/products/rfid-cards,family-hub
/custom-rfid-card-with-chip,/products/rfid-cards,family-hub
/wholesale-nfc-tag-ntag213,/products/rfid-cards/mifare-ultralight-c-card,family-hub
/custom-rfid-tag-and-rfid-reader,/products/rfid-readers,family-hub
/nfc-stickers-manufacturers,/products/rfid-labels,family-hub
/passive-rfid-reader-supplier,/products/rfid-readers,family-hub
/desfire-card-supplier,/products/rfid-cards/mifare-desfire-ev3-card,family-hub
/china-student-cards,/products/rfid-cards,family-hub
/event-wrist-band-supplier,/products/rfid-wristbands,family-hub
/personalised-party-wristbands-supplier,/products/rfid-wristbands,family-hub
/china-concert-wristbands,/products/rfid-wristbands,family-hub
/anti-metal-nfc-sticker-manufacturers,/products/rfid-labels,family-hub
/high-quality-rfid-reader-ic,/products/rfid-readers,family-hub
/festival-wristbands-factories,/products/rfid-wristbands,family-hub
/125khz-rfid-tag-sticker-supplier,/products/rfid-labels,family-hub
/petrol-loyalty-card-supplier,/products/rfid-cards,family-hub
/rfid-wrist-band-manufacturers,/products/rfid-wristbands,family-hub
/high-quality-uhf-rfid-reader,/products/rfid-readers,family-hub
/desfire-card-manufacturers,/products/rfid-cards/mifare-desfire-ev3-card,family-hub
/laundry-tag-rfid-manufacturer,/products/rfid-tags,family-hub
/custom-rfid-access-card,/products/rfid-cards,family-hub
/custom-tamper-resistant-stickers,/products/rfid-labels,family-hub
/china-passive-rfid-reader,/products/rfid-readers,family-hub
/small-rfid-reader-factory,/products/rfid-readers,family-hub
/high-quality-t5577-card,/products/rfid-cards/em4100-rfid-card,family-hub
/china-armbands-for-events,/products/rfid-wristbands,family-hub
/all-inclusive-resort-wristband-manufacturer,/products/rfid-wristbands,family-hub
/wholesale-rfid-smart-labels,/products/rfid-labels,family-hub
/high-quality-rfid-laundry-tag,/products/rfid-tags,family-hub
/custom-pvc-rfid-card,/products/rfid-cards,family-hub
/printable-nfc-cards-suppliers,/products/rfid-cards,family-hub
/wood-working-business-cards-factory,/products/rfid-cards,family-hub
/high-quality-card-student,/products/rfid-cards,family-hub
/fob-cards-manufacturer,/products/rfid-cards,family-hub
/bamboo-nfc-business-cards-factory,/products/rfid-cards,family-hub
/rfid-hf-reader-supplier,/products/rfid-readers,family-hub
/reader-uhf-manufacturer,/products/rfid-readers,family-hub
/card-smart-factories,/products/rfid-cards,family-hub
/long-range-rfid-reader-factory,/products/rfid-readers,family-hub
/long-range-rfid-reader-suppliers,/products/rfid-readers,family-hub
/rfid-chip-sticker-factories,/products/rfid-labels,family-hub
/china-rfid-uhf-tag,/products/rfid-tags,family-hub
/copying-rfid-cards-manufacturers,/products/rfid-cards,family-hub
/tag-reader-factory,/products/rfid-readers,family-hub
/china-nfc-sticker-android,/products/rfid-labels,family-hub
/resort-wristband-manufacturers,/products/rfid-wristbands,family-hub
/high-quality-student-bus-pass-card,/products/rfid-cards,family-hub
/international-student-card-supplier,/products/rfid-cards,family-hub
/nfc-tag-ntag213-supplier,/products/rfid-cards/mifare-ultralight-c-card,family-hub
/uhf-long-range-reader-factory,/products/rfid-readers,family-hub
/t5577-rfid-supplier,/products/rfid-cards/em4100-rfid-card,family-hub
/china-rfid-reader-device,/products/rfid-readers,family-hub
/china-125khz-rfid-card,/products/rfid-cards,family-hub
/wholesale-laundry-tag-rfid,/products/rfid-tags,family-hub
/high-quality-rfid-sticker-for-car,/products/rfid-labels,family-hub
/personalised-festival-bands-manufacturers,/products/rfid-wristbands,family-hub
/metro-cards-suppliers,/products/rfid-cards,family-hub
/high-quality-electronic-key-fob-copy,/products/rfid-keyfobs,family-hub
/custom-laundry-rfid,/products/rfid-tags,family-hub
/handheld-rfid-tag-reader-supplier,/products/rfid-readers,family-hub
/high-quality-armbands-for-events,/products/rfid-wristbands,family-hub
/wholesale-international-id-card,/products/rfid-cards,family-hub
/clone-rfid-key-fob-supplier,/products/rfid-keyfobs,family-hub
/custom-rfid-tag-reader,/products/rfid-readers,family-hub
/custom-personalised-festival-bands,/products/rfid-wristbands,family-hub
/custom-portable-rfid-reader,/products/rfid-readers,family-hub
/china-transit-card,/products/rfid-cards,family-hub
/wholesale-event-wristbands,/products/rfid-wristbands,family-hub
/clone-rfid-key-fob-factory,/products/rfid-keyfobs,family-hub
/high-quality-proximity-cards,/products/rfid-cards,family-hub
/rfid-silicone-bracelets-supplier,/products/rfid-wristbands,family-hub
/1342-khz-rfid-reader-suppliers,/products/rfid-readers,family-hub
/high-quality-uhf-cards,/products/rfid-tags,family-hub
/printable-nfc-cards-factory,/products/rfid-cards,family-hub
/hf-cards-supplier,/products/rfid-cards,family-hub
/high-quality-rfid-reader-and-antenna,/products/rfid-readers,family-hub
/high-quality-smart-cards,/products/rfid-cards,family-hub
/windshield-rfid-sticker-factory,/products/rfid-labels,family-hub
/tamper-proof-stickers-manufacturers,/products/rfid-labels,family-hub
/brt-card-factory,/products/rfid-cards,family-hub
/wholesale-nfc-sticker-android,/products/rfid-labels,family-hub
/china-rfid-card-reader-writer,/products/rfid-readers,family-hub
/mifare-reader-suppliers,/products/rfid-readers,family-hub
/rfid-card-reader-manufacturer,/products/rfid-readers,family-hub
/china-uhf-long-range-reader,/products/rfid-readers,family-hub
/high-quality-long-range-uhf-reader,/products/rfid-readers,family-hub
/iso-card-factories,/products/rfid-cards,family-hub
/rfid-card-reader-writer-manufacturer,/products/rfid-readers,family-hub
/student-identity-card-factories,/products/rfid-cards,family-hub
/event-entry-bracelets-suppliers,/products/rfid-wristbands,family-hub
/custom-rfid-smart-card,/products/rfid-cards,family-hub
/portable-rfid-reader-suppliers,/products/rfid-readers,family-hub
/rfid-proximity-card-reader-factory,/products/rfid-readers,family-hub
/rfid-festival-wristbands-supplier,/products/rfid-wristbands,family-hub
/custom-uhf-laundry-tag,/products/rfid-tags,family-hub
/rfid-proximity-card-readers-manufacturers,/products/rfid-readers,family-hub
/high-quality-duplicate-electronic-key-fob,/products/rfid-keyfobs,family-hub
/electronic-key-fob-replacement-factories,/products/rfid-keyfobs,family-hub
/wholesale-rfid-label-tags,/products/rfid-labels,family-hub
/blank-rfid-cards-factory,/products/rfid-cards,family-hub
/wholesale-125khz-rfid-sticker,/products/rfid-labels,family-hub
/custom-festival-bracelets,/products/rfid-wristbands,family-hub
/lf-rfid-reader-suppliers,/products/rfid-readers,family-hub
/all-inclusive-resort-wristband-manufacturers,/products/rfid-wristbands,family-hub
/wood-business-card-blanks-factory,/products/rfid-cards,family-hub
/high-quality-rfid-readers,/products/rfid-readers,family-hub
/custom-black-nfc-cards,/products/rfid-cards,family-hub
/custom-rfid-bands,/products/rfid-wristbands,family-hub
/uhf-rfid-laundry-tag-factories,/products/rfid-tags,family-hub
/festival-bracelets-manufacturer,/products/rfid-wristbands,family-hub
/wholesale-rfid-tracking-stickers,/products/rfid-labels,family-hub
/nfc-sticker-android-suppliers,/products/rfid-labels,family-hub
/lf-rfid-reader-factories,/products/rfid-readers,family-hub
/prox-cards-factory,/products/rfid-cards,family-hub
/laundry-tag-rfid-supplier,/products/rfid-tags,family-hub
/reader-rfid-uhf-supplier,/products/rfid-readers,family-hub
/public-transport-card-manufacturers,/products/rfid-cards,family-hub
/125khz-rfid-sticker-manufacturers,/products/rfid-labels,family-hub
/custom-mifare-reader,/products/rfid-readers,family-hub
/china-proximity-cards,/products/rfid-cards,family-hub
/high-quality-event-wrist-band,/products/rfid-wristbands,family-hub
/china-pvc-rfid-card,/products/rfid-cards,family-hub
/custom-rfid-wrist-band,/products/rfid-wristbands,family-hub
/china-bus-card-pass,/products/rfid-cards,family-hub
/clone-prox-card-suppliers,/products/rfid-cards,family-hub
/125khz-rfid-sticker-supplier,/products/rfid-labels,family-hub
/high-quality-rfid-stickers,/products/rfid-labels,family-hub
/custom-gas-card,/products/rfid-cards,family-hub
/high-quality-rfid-chip-labels,/products/rfid-labels,family-hub
/china-bamboo-nfc-business-cards,/products/rfid-cards,family-hub
/china-international-student-card,/products/rfid-cards,family-hub
/high-quality-petrol-loyalty-card,/products/rfid-cards,family-hub
/bus-card-pass-manufacturer,/products/rfid-cards,family-hub
/rfid-reader-ic-manufacturer,/products/rfid-readers,family-hub
/rfid-wristbands-suppliers,/products/rfid-wristbands,family-hub
/rfid-laundry-tags-factories,/products/rfid-tags,family-hub
/high-quality-tamper-proof-stickers,/products/rfid-labels,family-hub
/custom-rfid-sticker-for-car,/products/rfid-labels,family-hub
/rfid-card-access-control-suppliers,/products/rfid-cards,family-hub
/concert-wrist-band-supplier,/products/rfid-wristbands,family-hub
/uhf-rfid-cards-suppliers,/products/rfid-tags,family-hub
/high-quality-nfc-215-card,/products/rfid-cards,family-hub
/uhf-rfid-labels-factory,/products/rfid-labels,family-hub
/card-smart-factory,/products/rfid-cards,family-hub
/rfid-smart-labels-supplier,/products/rfid-labels,family-hub
/fair-wrist-bands-manufacturer,/products/rfid-wristbands,family-hub
/custom-rfid-badge-reader,/products/rfid-readers,family-hub
/china-long-range-uhf-rfid-reader,/products/rfid-readers,family-hub
/uhf-rfid-handheld-reader-manufacturer,/products/rfid-readers,family-hub
/wholesale-rfid-tag-card,/products/rfid-cards,family-hub
/wholesale-travel-bus-card,/products/rfid-cards,family-hub
/rfid-tag-reader-writer-factories,/products/rfid-readers,family-hub
/rfid-silicone-bracelets-factories,/products/rfid-wristbands,family-hub
/high-quality-rfid-sticker-tags,/products/rfid-labels,family-hub
/wooden-name-cards-supplier,/products/rfid-cards,family-hub
/hf-rfid-reader-factories,/products/rfid-readers,family-hub
/prox-cards-factories,/products/rfid-cards,family-hub
/rfid-proximity-card-reader-manufacturers,/products/rfid-readers,family-hub
/key-card-copier-manufacturers,/products/rfid-cards,family-hub
/rfid-reader-125-khz-manufacturers,/products/rfid-readers,family-hub
/custom-rfid-reader-writer,/products/rfid-readers,family-hub
/china-125khz-rfid-tag-sticker,/products/rfid-labels,family-hub
/rfid-proximity-reader-manufacturer,/products/rfid-readers,family-hub
/rfid-reader-ic-manufacturers,/products/rfid-readers,family-hub
/high-quality-hf-rfid-reader,/products/rfid-readers,family-hub
/public-transit-card-factories,/products/rfid-cards,family-hub
/rfid-tag-reader-factories,/products/rfid-readers,family-hub
/uhf-rfid-stickers-manufacturer,/products/rfid-labels,family-hub
/wholesale-bus-card-for-students,/products/rfid-cards,family-hub
/custom-uhf-rfid-stickers,/products/rfid-labels,family-hub
/portable-rfid-reader-factory,/products/rfid-readers,family-hub
/personalised-festival-bands-manufacturer,/products/rfid-wristbands,family-hub
/nfc-tag-ntag213-factory,/products/rfid-cards/mifare-ultralight-c-card,family-hub
/reader-rfid-uhf-suppliers,/products/rfid-readers,family-hub
/high-quality-uhf-rfid-labels,/products/rfid-labels,family-hub
/wholesale-mifare-1k-classic-card,/products/rfid-cards,family-hub
/high-quality-fair-wrist-bands,/products/rfid-wristbands,family-hub
/programmable-nfc-stickers-factory,/products/rfid-labels,family-hub
/125khz-rfid-tag-sticker-manufacturer,/products/rfid-labels,family-hub
/high-quality-long-range-rfid-tag-reader,/products/rfid-readers,family-hub
/china-rfid-access-card,/products/rfid-cards,family-hub
/ntag215-cards-factories,/products/rfid-cards,family-hub
/rfid-gate-opener-sticker-suppliers,/products/rfid-labels,family-hub
/concert-wristbands-factories,/products/rfid-wristbands,family-hub
/fair-wrist-bands-manufacturers,/products/rfid-wristbands,family-hub
/hf-cards-manufacturers,/products/rfid-cards,family-hub
/high-quality-key-cards,/products/rfid-cards,family-hub
/rfid-silicone-bracelets-suppliers,/products/rfid-wristbands,family-hub
/black-nfc-cards-factories,/products/rfid-cards,family-hub
/uhf-rfid-reader-suppliers,/products/rfid-readers,family-hub
/handheld-reader-rfid-factories,/products/rfid-readers,family-hub
/hotel-cards-factories,/products/rfid-cards,family-hub
/custom-reader-rfid-uhf,/products/rfid-readers,family-hub
/party-bracelet-manufacturer,/products/rfid-wristbands,family-hub
/handheld-reader-rfid-suppliers,/products/rfid-readers,family-hub
/custom-charge-card,/products/rfid-cards,family-hub
/high-quality-student-cards,/products/rfid-cards,family-hub
/wholesale-handheld-reader-rfid,/products/rfid-readers,family-hub
/rfid-wristbands-manufacturers,/products/rfid-wristbands,family-hub
/rfid-proximity-card-readers-supplier,/products/rfid-readers,family-hub
/high-quality-rfid-tag-label,/products/rfid-labels,family-hub
/china-125khz-rfid-reader-writer,/products/rfid-readers,family-hub
/custom-personalized-festival-wristbands,/products/rfid-wristbands,family-hub
/1356-mhz-rfid-reader-supplier,/products/rfid-readers,family-hub
/china-uhf-rfid-card,/products/rfid-tags,family-hub
/printed-nfc-cards-supplier,/products/rfid-cards,family-hub
/wholesale-tamper-proof-stickers,/products/rfid-labels,family-hub
/wood-business-cards-supplier,/products/rfid-cards,family-hub
/china-duplicate-rfid-key-fob,/products/rfid-keyfobs,family-hub
/mifare-1k-classic-card-factory,/products/rfid-cards,family-hub
/custom-rfid-hf-reader,/products/rfid-readers,family-hub
/em-prox-card-factories,/products/rfid-cards,family-hub
/china-international-id-card,/products/rfid-cards,family-hub
/mifare-1k-classic-card-manufacturers,/products/rfid-cards,family-hub
/anti-metal-nfc-sticker-factory,/products/rfid-labels,family-hub
/uhf-long-range-reader-manufacturer,/products/rfid-readers,family-hub
/rfid-card-programmer-manufacturers,/products/rfid-cards,family-hub
/fob-cards-factory,/products/rfid-cards,family-hub
/high-quality-mifare-keyfobs,/products/rfid-keyfobs,family-hub
/rfid-badge-reader-manufacturer,/products/rfid-readers,family-hub
/wholesale-blank-rfid-cards,/products/rfid-cards,family-hub
/long-range-uhf-reader-supplier,/products/rfid-readers,family-hub
/custom-programming-nfc-stickers,/products/rfid-labels,family-hub
/wholesale-duplicate-rfid-card,/products/rfid-cards,family-hub
/high-quality-fixed-rfid-reader,/products/rfid-readers,family-hub
/rfid-smart-card-supplier,/products/rfid-cards,family-hub
/nfc-215-card-factories,/products/rfid-cards,family-hub
/international-student-card-manufacturers,/products/rfid-cards,family-hub
/wooden-nfc-card-factory,/products/rfid-cards,family-hub
/custom-brt-card,/products/rfid-cards,family-hub
/pvc-rfid-card-supplier,/products/rfid-cards,family-hub
/travel-bus-card-supplier,/products/rfid-cards,family-hub
/nfc-stickers-suppliers,/products/rfid-labels,family-hub
/personalised-festival-wristbands-suppliers,/products/rfid-wristbands,family-hub
/wood-business-cards-manufacturers,/products/rfid-cards,family-hub
/copy-rfid-card-supplier,/products/rfid-cards,family-hub
/uhf-card-reader-factory,/products/rfid-readers,family-hub
/carnival-wristbands-factory,/products/rfid-wristbands,family-hub
/wholesale-fixed-rfid-reader,/products/rfid-readers,family-hub
/high-quality-rfid-cards,/products/rfid-cards,family-hub
/wholesale-rfid-reader-writer,/products/rfid-readers,family-hub
/custom-radio-frequency-identification-labels,/products/rfid-labels,family-hub
/brt-card-supplier,/products/rfid-cards,family-hub
/custom-usb-nfc-reader,/products/rfid-readers,family-hub
/rfid-proximity-card-reader-supplier,/products/rfid-readers,family-hub
/custom-t5577-card,/products/rfid-cards/em4100-rfid-card,family-hub
/programming-nfc-stickers-manufacturer,/products/rfid-labels,family-hub
/nfc-copy-key-card-suppliers,/products/rfid-cards,family-hub
/custom-uhf-rfid-cards,/products/rfid-tags,family-hub
/music-festival-wristbands-supplier,/products/rfid-wristbands,family-hub
/custom-fuel-card,/products/rfid-cards,family-hub
/tags-laundry-supplier,/products/rfid-tags,family-hub
/wholesale-rfid-reader-and-antenna,/products/rfid-readers,family-hub
/high-quality-rfid-smart-labels,/products/rfid-labels,family-hub
/uhf-rfid-labels-manufacturer,/products/rfid-labels,family-hub
/china-printed-rfid-cards,/products/rfid-cards,family-hub
/high-quality-125khz-rfid-card,/products/rfid-cards,family-hub
/uhf-sticker-manufacturers,/products/rfid-labels,family-hub
/125-khz-rfid-cards-manufacturers,/products/rfid-cards,family-hub
/wholesale-ntag215-stickers,/products/rfid-labels,family-hub
/gas-saving-cards-supplier,/products/rfid-cards,family-hub
/custom-student-identity-card,/products/rfid-cards,family-hub
/rfid-integrated-reader-suppliers,/products/rfid-readers,family-hub
/custom-bus-card-for-students,/products/rfid-cards,family-hub
/wholesale-uhf-rfid-cards,/products/rfid-tags,family-hub
/personalised-festival-bands-factories,/products/rfid-wristbands,family-hub
/ntag215-cards-factory,/products/rfid-cards,family-hub
/wood-visit-card-supplier,/products/rfid-cards,family-hub
/handheld-rfid-reader-factory,/products/rfid-readers,family-hub
/lf-rfid-reader-factory,/products/rfid-readers,family-hub
/wholesale-tag-rfid-uhf,/products/rfid-tags,family-hub
/nfc-keyfobs-supplier,/products/rfid-keyfobs,family-hub
/custom-hf-rfid-reader,/products/rfid-readers,family-hub
/wooden-nfc-card-suppliers,/products/rfid-cards,family-hub
/rfid-chip-wristband-supplier,/products/rfid-wristbands,family-hub
/custom-student-cards,/products/rfid-cards,family-hub
/student-transport-card-supplier,/products/rfid-cards,family-hub
/concert-wristbands-manufacturers,/products/rfid-wristbands,family-hub
/wood-working-business-cards-supplier,/products/rfid-cards,family-hub
/uhf-laundry-tag-factories,/products/rfid-tags,family-hub
/china-ntag215-cards,/products/rfid-cards,family-hub
/1342-khz-rfid-reader-manufacturer,/products/rfid-readers,family-hub
/card-student-suppliers,/products/rfid-cards,family-hub
/card-proximity-manufacturer,/products/rfid-cards,family-hub
/nfc-card-tag-factory,/products/rfid-cards,family-hub
/custom-125khz-rfid-sticker,/products/rfid-labels,family-hub
/wholesale-brt-card,/products/rfid-cards,family-hub
/all-inclusive-resort-wristband-factories,/products/rfid-wristbands,family-hub
/duplicate-electronic-key-fob-factory,/products/rfid-keyfobs,family-hub
/bamboo-card-supplier,/products/rfid-cards,family-hub
/125khz-rfid-reader-factories,/products/rfid-readers,family-hub
/wholesale-1342-khz-rfid-reader,/products/rfid-readers,family-hub
/laundry-rfid-manufacturers,/products/rfid-tags,family-hub
/rfid-card-programmer-factory,/products/rfid-cards,family-hub
/rfid-chip-sticker-suppliers,/products/rfid-labels,family-hub
/high-quality-bracelets-event,/products/rfid-wristbands,family-hub
/mifare-cards-manufacturers,/products/rfid-cards,family-hub
/custom-rfid-card-access-control,/products/rfid-cards,family-hub
/hf-rfid-reader-supplier,/products/rfid-readers,family-hub
/custom-rfid-labels,/products/rfid-labels,family-hub
/rfid-tag-label-manufacturers,/products/rfid-labels,family-hub
/charge-card-manufacturers,/products/rfid-cards,family-hub
/radio-frequency-identification-labels-factories,/products/rfid-labels,family-hub
/nfc-stickers-factory,/products/rfid-labels,family-hub
/wholesale-music-festival-bracelets,/products/rfid-wristbands,family-hub
/custom-personalized-wristbands-for-events,/products/rfid-wristbands,family-hub
/custom-gas-saving-cards,/products/rfid-cards,family-hub
/custom-ntag215-cards,/products/rfid-cards,family-hub
/wholesale-black-nfc-cards,/products/rfid-cards,family-hub
/wholesale-rfid-wristbands,/products/rfid-wristbands,family-hub
/proximity-cards-suppliers,/products/rfid-cards,family-hub
/handheld-rfid-reader-factories,/products/rfid-readers,family-hub
/high-quality-125khz-rfid-sticker,/products/rfid-labels,family-hub
/wholesale-nfc-keyfobs,/products/rfid-keyfobs,family-hub
/mifare-reader-factories,/products/rfid-readers,family-hub
/custom-rfid-proximity-card-reader,/products/rfid-readers,family-hub
/china-uhf-rfid-sticker,/products/rfid-labels,family-hub
/bamboo-nfc-business-cards-supplier,/products/rfid-cards,family-hub
/high-quality-long-range-rfid-reader,/products/rfid-readers,family-hub
/smart-cards-factory,/products/rfid-cards,family-hub
/china-fob-cards,/products/rfid-cards,family-hub
/international-id-card-factories,/products/rfid-cards,family-hub
/high-quality-portable-uhf-rfid-reader,/products/rfid-readers,family-hub
/personalized-festival-wristbands-manufacturers,/products/rfid-wristbands,family-hub
/electronic-gas-card-supplier,/products/rfid-cards,family-hub
/mifare-cards-supplier,/products/rfid-cards,family-hub
/personalised-party-wristbands-factory,/products/rfid-wristbands,family-hub
/uhf-label-suppliers,/products/rfid-labels,family-hub
/high-quality-rfid-tags-and-readers,/products/rfid-readers,family-hub
/125khz-card-factory,/products/rfid-cards,family-hub
/wholesale-uhf-rfid-card,/products/rfid-tags,family-hub
/wood-working-business-cards-suppliers,/products/rfid-cards,family-hub
/wholesale-rfid-chip-wristband,/products/rfid-wristbands,family-hub
/t5577-rfid-suppliers,/products/rfid-cards/em4100-rfid-card,family-hub
/nfc-215-card-manufacturer,/products/rfid-cards,family-hub
/rfid-access-card-suppliers,/products/rfid-cards,family-hub
/waterpark-wristband-manufacturers,/products/rfid-wristbands,family-hub
/pvc-rfid-card-suppliers,/products/rfid-cards,family-hub
/copy-rfid-card-manufacturers,/products/rfid-cards,family-hub
/125khz-rfid-card-supplier,/products/rfid-cards,family-hub
/high-quality-card-bus,/products/rfid-cards,family-hub
/pvc-rfid-card-factory,/products/rfid-cards,family-hub
/china-uhf-rfid-cards,/products/rfid-tags,family-hub
/china-rfid-gate-opener-sticker,/products/rfid-labels,family-hub
/wholesale-bus-pass-card,/products/rfid-cards,family-hub
/nfc-card-tag-suppliers,/products/rfid-cards,family-hub
/china-laundry-rfid,/products/rfid-tags,family-hub
/high-quality-brt-card,/products/rfid-cards,family-hub
/international-student-id-card-manufacturers,/products/rfid-cards,family-hub
/handheld-rfid-tag-reader-manufacturer,/products/rfid-readers,family-hub
/custom-hotel-wristbands,/products/rfid-wristbands,family-hub
/wholesale-personalized-party-wristbands,/products/rfid-wristbands,family-hub
/nfc-tag-card-factories,/products/rfid-cards,family-hub
/wholesale-usb-rfid-reader,/products/rfid-readers,family-hub
/nfc-business-cards-factory,/products/rfid-cards,family-hub
/personalized-festival-wristbands-factory,/products/rfid-wristbands,family-hub
/high-quality-uhf-rfid-handheld-reader,/products/rfid-readers,family-hub
/nfc-ntag215-stickers-suppliers,/products/rfid-labels,family-hub
/tags-laundry-suppliers,/products/rfid-tags,family-hub
/custom-handheld-rfid-tag-reader,/products/rfid-readers,family-hub
/long-range-rfid-tag-reader-factories,/products/rfid-readers,family-hub
/travel-bus-card-suppliers,/products/rfid-cards,family-hub
/wholesale-rfid-labels-and-tags,/products/rfid-labels,family-hub
/key-cards-manufacturers,/products/rfid-cards,family-hub
/personalized-festival-wristbands-supplier,/products/rfid-wristbands,family-hub
/wholesale-uhf-rfid-labels,/products/rfid-labels,family-hub
/custom-tag-rfid-uhf,/products/rfid-tags,family-hub
/anti-metal-nfc-sticker-suppliers,/products/rfid-labels,family-hub
/uhf-rfid-tag-manufacturers,/products/rfid-tags,family-hub
/custom-rfid-stickers,/products/rfid-labels,family-hub
/rfid-stickers-suppliers,/products/rfid-labels,family-hub
/t5577-card-supplier,/products/rfid-cards/em4100-rfid-card,family-hub
/electronic-key-fob-replacement-supplier,/products/rfid-keyfobs,family-hub
/smart-cards-suppliers,/products/rfid-cards,family-hub
/rfid-chip-reader-writer-supplier,/products/rfid-readers,family-hub
/rfid-stickers-manufacturers,/products/rfid-labels,family-hub
/high-quality-anti-metal-nfc-sticker,/products/rfid-labels,family-hub
/wholesale-rail-cards,/products/rfid-cards,family-hub
/high-quality-diesel-card,/products/rfid-cards,family-hub
/nfc-tag-ntag213-factories,/products/rfid-cards/mifare-ultralight-c-card,family-hub
/china-rfid-reader-and-writer,/products/rfid-readers,family-hub
/rfid-bracelet-manufacturers,/products/rfid-wristbands,family-hub
/programming-nfc-stickers-supplier,/products/rfid-labels,family-hub
/printable-nfc-cards-supplier,/products/rfid-cards,family-hub
/high-quality-tag-reader,/products/rfid-readers,family-hub
/chicken-leg-bands-supplier,/products/rfid-wristbands,family-hub
/rfid-reader-125-khz-manufacturer,/products/rfid-readers,family-hub
/wholesale-hotel-wristbands,/products/rfid-wristbands,family-hub
/high-quality-gas-card,/products/rfid-cards,family-hub
/handheld-rfid-tag-reader-factories,/products/rfid-readers,family-hub
/waterpark-wristband-manufacturer,/products/rfid-wristbands,family-hub
/portable-uhf-rfid-reader-factory,/products/rfid-readers,family-hub
/card-smart-suppliers,/products/rfid-cards,family-hub
/wholesale-uhf-laundry-tag,/products/rfid-tags,family-hub
/high-quality-rfid-barcode-labels,/products/rfid-labels,family-hub
/gas-saving-cards-factories,/products/rfid-cards,family-hub
/tag-uhf-suppliers,/products/rfid-tags,family-hub
/petrol-card-factories,/products/rfid-cards,family-hub
/prox-cards-supplier,/products/rfid-cards,family-hub
/mifare-1356-mhz-card-suppliers,/products/rfid-cards,family-hub
/rfid-wrist-band-supplier,/products/rfid-wristbands,family-hub
/fixed-rfid-reader-manufacturer,/products/rfid-readers,family-hub
/clone-rfid-key-fob-factories,/products/rfid-keyfobs,family-hub
/china-rfid-card-access-control,/products/rfid-cards,family-hub
/wholesale-tamper-evident-stickers,/products/rfid-labels,family-hub
/wholesale-nfc-tag-card,/products/rfid-cards,family-hub
/uhf-rfid-handheld-reader-factory,/products/rfid-readers,family-hub
/ntag215-nfc-cards-manufacturers,/products/rfid-cards,family-hub
/high-quality-card-for-bus,/products/rfid-cards,family-hub
/bus-cards-manufacturer,/products/rfid-cards,family-hub
/rfid-cards-factories,/products/rfid-cards,family-hub
/125khz-card-manufacturers,/products/rfid-cards,family-hub
/high-quality-nfc-tag-stickers,/products/rfid-labels,family-hub
/uhf-cards-suppliers,/products/rfid-tags,family-hub
/tamper-resistant-stickers-factory,/products/rfid-labels,family-hub
/125-khz-rfid-cards-supplier,/products/rfid-cards,family-hub
/wholesale-rfid-reader-and-writer,/products/rfid-readers,family-hub
/card-smart-manufacturer,/products/rfid-cards,family-hub
/high-quality-rfid-silicone-wristbands,/products/rfid-wristbands,family-hub
/festival-wristbands-suppliers,/products/rfid-wristbands,family-hub
/rfid-uhf-tag-suppliers,/products/rfid-tags,family-hub
/event-wristbands-suppliers,/products/rfid-wristbands,family-hub
/ntag215-nfc-cards-supplier,/products/rfid-cards,family-hub
/wholesale-concert-wristbands,/products/rfid-wristbands,family-hub
/clone-contactless-card-manufacturers,/products/rfid-cards,family-hub
/rfid-card-reader-supplier,/products/rfid-readers,family-hub
/event-entry-bracelets-factory,/products/rfid-wristbands,family-hub
/rfid-cards-supplier,/products/rfid-cards,family-hub
/usb-nfc-reader-supplier,/products/rfid-readers,family-hub
/china-printed-nfc-cards,/products/rfid-cards,family-hub
/china-rfid-tag-reader-writer,/products/rfid-readers,family-hub
/china-small-rfid-reader,/products/rfid-readers,family-hub
/wholesale-uhf-label,/products/rfid-labels,family-hub
/high-quality-uhf-reader,/products/rfid-readers,family-hub
/hotel-wristbands-manufacturer,/products/rfid-wristbands,family-hub
/custom-mifare-keyfobs,/products/rfid-keyfobs,family-hub
/tag-uhf-manufacturer,/products/rfid-tags,family-hub
/custom-resort-wristband,/products/rfid-wristbands,family-hub
/nfc-card-manufacturer,/products/rfid-cards,family-hub
/uhf-card-reader-suppliers,/products/rfid-readers,family-hub
/high-quality-handheld-rfid-tag-reader,/products/rfid-readers,family-hub
/custom-rfid-reader-125-khz,/products/rfid-readers,family-hub
/custom-bamboo-nfc-business-cards,/products/rfid-cards,family-hub
/event-entry-bracelets-manufacturers,/products/rfid-wristbands,family-hub
/custom-nfc-card,/products/rfid-cards,family-hub
/high-quality-1356-mhz-rfid-reader,/products/rfid-readers,family-hub
/student-bus-pass-card-factories,/products/rfid-cards,family-hub
/rfid-card-scanner-suppliers,/products/rfid-cards,family-hub
/custom-printed-nfc-cards,/products/rfid-cards,family-hub
/custom-key-cards,/products/rfid-cards,family-hub
/card-rfid-125khz-manufacturer,/products/rfid-cards,family-hub
/personalised-party-wristbands-manufacturer,/products/rfid-wristbands,family-hub
/high-quality-clone-access-card,/products/rfid-cards,family-hub
/custom-ntag213-nfc-tag,/products/rfid-cards/mifare-ultralight-c-card,family-hub
/china-125-khz-rfid-cards,/products/rfid-cards,family-hub
/clone-prox-card-manufacturer,/products/rfid-cards,family-hub
/high-quality-mini-rfid-reader,/products/rfid-readers,family-hub
/rfid-integrated-reader-supplier,/products/rfid-readers,family-hub
/wholesale-transit-card,/products/rfid-cards,family-hub
/rfid-hf-reader-factories,/products/rfid-readers,family-hub
/wood-visit-card-suppliers,/products/rfid-cards,family-hub
/uhf-rfid-cards-factories,/products/rfid-tags,family-hub
/blank-rfid-cards-suppliers,/products/rfid-cards,family-hub
/wholesale-long-range-rfid-tag-reader,/products/rfid-readers,family-hub
/iso-card-suppliers,/products/rfid-cards,family-hub
/party-wrist-band-manufacturer,/products/rfid-wristbands,family-hub
/bamboo-nfc-card-supplier,/products/rfid-cards,family-hub
/nfc-tag-stickers-factories,/products/rfid-labels,family-hub
/high-quality-blank-nfc-cards,/products/rfid-cards,family-hub
/high-quality-nfc-card-tag,/products/rfid-cards,family-hub
/wholesale-petrol-card,/products/rfid-cards,family-hub
/rfid-smart-labels-factory,/products/rfid-labels,family-hub
/rfid-long-distance-reader-manufacturers,/products/rfid-readers,family-hub
/high-quality-nfc-card,/products/rfid-cards,family-hub
/contactless-cards-factories,/products/rfid-cards,family-hub
/tamper-evident-stickers-factory,/products/rfid-labels,family-hub
/radio-frequency-identification-labels-manufacturer,/products/rfid-labels,family-hub
/rfid-reader-device-suppliers,/products/rfid-readers,family-hub
/wholesale-rfid-proximity-card,/products/rfid-cards,family-hub
/concert-wrist-band-suppliers,/products/rfid-wristbands,family-hub
/china-high-frequency-rfid-reader,/products/rfid-readers,family-hub
/1342-khz-rfid-reader-supplier,/products/rfid-readers,family-hub
/uhf-rfid-laundry-tag-suppliers,/products/rfid-tags,family-hub
/wholesale-nfc-reader-writer,/products/rfid-readers,family-hub
/copying-an-rfid-card-manufacturer,/products/rfid-cards,family-hub
/125khz-rfid-reader-manufacturers,/products/rfid-readers,family-hub
/high-quality-electronic-gas-card,/products/rfid-cards,family-hub
/wooden-rfid-card-manufacturer,/products/rfid-cards,family-hub
/em4100-card-factory,/products/rfid-cards/em4100-rfid-card,family-hub
/tag-uhf-factory,/products/rfid-tags,family-hub
/custom-personalized-party-wristbands,/products/rfid-wristbands,family-hub
/china-rfid-printable-labels,/products/rfid-labels,family-hub
/reader-rfid-uhf-manufacturer,/products/rfid-readers,family-hub
/wholesale-tag-uhf,/products/rfid-tags,family-hub
/wholesale-rfid-sticker-for-car,/products/rfid-labels,family-hub
/china-duplicate-electronic-key-fob,/products/rfid-keyfobs,family-hub
/high-quality-copy-rfid-card,/products/rfid-cards,family-hub
/rfid-printable-labels-factories,/products/rfid-labels,family-hub
/125khz-rfid-reader-writer-supplier,/products/rfid-readers,family-hub
/rfid-smart-labels-suppliers,/products/rfid-labels,family-hub
/em4100-card-manufacturers,/products/rfid-cards/em4100-rfid-card,family-hub
/student-identity-card-supplier,/products/rfid-cards,family-hub
/petrol-card-manufacturers,/products/rfid-cards,family-hub
/rfid-chip-sticker-manufacturer,/products/rfid-labels,family-hub
/china-rail-cards,/products/rfid-cards,family-hub
/high-quality-wood-visit-card,/products/rfid-cards,family-hub
/key-fob-nfc-supplier,/products/rfid-keyfobs,family-hub
/usb-nfc-reader-suppliers,/products/rfid-readers,family-hub
/high-quality-uhf-laundry-tag,/products/rfid-tags,family-hub
/event-entry-bracelets-manufacturer,/products/rfid-wristbands,family-hub
/handheld-rfid-tag-reader-factory,/products/rfid-readers,family-hub
/card-bus-factories,/products/rfid-cards,family-hub
/tamper-evident-stickers-manufacturer,/products/rfid-labels,family-hub
/custom-rfid-chip-sticker,/products/rfid-labels,family-hub
/wholesale-hotel-cards,/products/rfid-cards,family-hub
/1356-mhz-rfid-reader-writer-factories,/products/rfid-readers,family-hub
/wholesale-diesel-card,/products/rfid-cards,family-hub
/petrol-loyalty-card-suppliers,/products/rfid-cards,family-hub
/uhf-rfid-labels-suppliers,/products/rfid-labels,family-hub
/china-electronic-gas-card,/products/rfid-cards,family-hub
/prox-cards-manufacturer,/products/rfid-cards,family-hub
/tamper-resistant-labels-suppliers,/products/rfid-labels,family-hub
/custom-card-for-bus,/products/rfid-cards,family-hub
/custom-uhf-rfid-antenna,/products/rfid-tags,family-hub
/custom-laundry-tag-rfid,/products/rfid-tags,family-hub
/custom-ving-cards,/products/rfid-cards,family-hub
/rfid-wrist-band-suppliers,/products/rfid-wristbands,family-hub
/laundry-rfid-factories,/products/rfid-tags,family-hub
/rfid-card-programmer-manufacturer,/products/rfid-cards,family-hub
/high-quality-rfid-hf-reader,/products/rfid-readers,family-hub
/rfid-door-reader-manufacturer,/products/rfid-readers,family-hub
/high-quality-key-fob-nfc,/products/rfid-keyfobs,family-hub
/programming-nfc-stickers-suppliers,/products/rfid-labels,family-hub
/usb-nfc-reader-manufacturers,/products/rfid-readers,family-hub
/wholesale-printed-rfid-cards,/products/rfid-cards,family-hub
/copying-rfid-cards-supplier,/products/rfid-cards,family-hub
/china-wiegand-rfid-reader,/products/rfid-readers,family-hub
/tag-uhf-supplier,/products/rfid-tags,family-hub
/rfid-labels-suppliers,/products/rfid-labels,family-hub
/custom-rfid-wristbands,/products/rfid-wristbands,family-hub
/high-quality-rfid-chip-reader-writer,/products/rfid-readers,family-hub
/prox-cards-suppliers,/products/rfid-cards,family-hub
/uhf-rfid-labels-manufacturers,/products/rfid-labels,family-hub
/nfc-keyfobs-manufacturer,/products/rfid-keyfobs,family-hub
/china-wood-business-cards,/products/rfid-cards,family-hub
/125-khz-proximity-cards-factory,/products/rfid-cards,family-hub
/rfid-card-reader-manufacturers,/products/rfid-readers,family-hub
/custom-public-transit-card,/products/rfid-cards,family-hub
/china-tag-reader,/products/rfid-readers,family-hub
/uhf-rfid-handheld-reader-suppliers,/products/rfid-readers,family-hub
/long-range-rfid-reader-manufacturer,/products/rfid-readers,family-hub
/personalised-party-wristbands-manufacturers,/products/rfid-wristbands,family-hub
/mifare-keyfobs-suppliers,/products/rfid-keyfobs,family-hub
/china-event-wristbands,/products/rfid-wristbands,family-hub
/china-entry-wristbands-for-events,/products/rfid-wristbands,family-hub
/custom-long-range-uhf-rfid-reader,/products/rfid-readers,family-hub
/rfid-laundry-tags-manufacturer,/products/rfid-tags,family-hub
/rfid-card-scanner-factory,/products/rfid-cards,family-hub
/wholesale-bus-cards,/products/rfid-cards,family-hub
/custom-tag-uhf-rfid,/products/rfid-tags,family-hub
/bus-pass-card-manufacturers,/products/rfid-cards,family-hub
/event-wristbands-supplier,/products/rfid-wristbands,family-hub
/china-1356-mhz-rfid-reader-writer,/products/rfid-readers,family-hub
/wholesale-handheld-rfid-tag-reader,/products/rfid-readers,family-hub
/international-student-card-factories,/products/rfid-cards,family-hub
/china-electronic-key-fob-copy,/products/rfid-keyfobs,family-hub
/tamper-evident-labels-manufacturers,/products/rfid-labels,family-hub
/mifare-cards-manufacturer,/products/rfid-cards,family-hub
/high-quality-nfc-ntag215-stickers,/products/rfid-labels,family-hub
/copying-rfid-cards-manufacturer,/products/rfid-cards,family-hub
/custom-card-bus-pass,/products/rfid-cards,family-hub
/wholesale-rfid-stickers,/products/rfid-labels,family-hub
/ultra-high-frequency-rfid-reader-supplier,/products/rfid-readers,family-hub
/china-rfid-chip-sticker,/products/rfid-labels,family-hub
/china-wood-visit-card,/products/rfid-cards,family-hub
/custom-tamper-resistant-labels,/products/rfid-labels,family-hub
/custom-windshield-rfid-sticker,/products/rfid-labels,family-hub
/rfid-chip-sticker-supplier,/products/rfid-labels,family-hub
/student-identification-card-suppliers,/products/rfid-cards,family-hub
/metro-cards-factories,/products/rfid-cards,family-hub
/hf-cards-factory,/products/rfid-cards,family-hub
/custom-125khz-rfid-reader-writer,/products/rfid-readers,family-hub
/nfc-card-suppliers,/products/rfid-cards,family-hub
/custom-printed-wristbands-for-events,/products/rfid-wristbands,family-hub
/carnival-wristbands-factories,/products/rfid-wristbands,family-hub
/uhf-rfid-antenna-suppliers,/products/rfid-tags,family-hub
/125khz-rfid-tag-sticker-manufacturers,/products/rfid-labels,family-hub
/ving-cards-manufacturers,/products/rfid-cards,family-hub
/125khz-card-supplier,/products/rfid-cards,family-hub
/rfid-label-tags-factories,/products/rfid-labels,family-hub
/china-rfid-stickers-for-inventory,/products/rfid-labels,family-hub
/125khz-card-manufacturer,/products/rfid-cards,family-hub
/wholesale-identity-card-for-students,/products/rfid-cards,family-hub
/clone-prox-card-factory,/products/rfid-cards,family-hub
/rfid-chip-reader-writer-manufacturers,/products/rfid-readers,family-hub
/china-personalised-festival-wristbands,/products/rfid-wristbands,family-hub
/gas-card-manufacturers,/products/rfid-cards,family-hub
/wholesale-clone-prox-card,/products/rfid-cards,family-hub
/uhf-reader-suppliers,/products/rfid-readers,family-hub
/125khz-card-factories,/products/rfid-cards,family-hub
/rfid-hf-reader-suppliers,/products/rfid-readers,family-hub
/china-em4100-card,/products/rfid-cards/em4100-rfid-card,family-hub
/china-rfid-sticker-for-car,/products/rfid-labels,family-hub
/public-transport-card-suppliers,/products/rfid-cards,family-hub
/rfid-reader-writer-1356-mhz-manufacturers,/products/rfid-readers,family-hub
/electronic-gas-card-suppliers,/products/rfid-cards,family-hub
/custom-shelf-label-strips,/products/rfid-labels,family-hub
/wholesale-personalized-wristbands-for-events,/products/rfid-wristbands,family-hub
/custom-rfid-chip-bracelet,/products/rfid-wristbands,family-hub
/t5577-rfid-factory,/products/rfid-cards/em4100-rfid-card,family-hub
/bamboo-nfc-business-cards-manufacturers,/products/rfid-cards,family-hub
/bamboo-business-cards-factory,/products/rfid-cards,family-hub
/rfid-long-distance-reader-suppliers,/products/rfid-readers,family-hub
/event-bracelets-factories,/products/rfid-wristbands,family-hub
/high-quality-rfid-long-distance-reader,/products/rfid-readers,family-hub
/charge-card-factory,/products/rfid-cards,family-hub
/high-quality-nfc-copy-key-card,/products/rfid-cards,family-hub
/resort-wristband-factories,/products/rfid-wristbands,family-hub
/t5577-card-manufacturers,/products/rfid-cards/em4100-rfid-card,family-hub
/custom-fixed-rfid-reader,/products/rfid-readers,family-hub
/rfid-tag-card-factories,/products/rfid-cards,family-hub
/wholesale-fuel-card,/products/rfid-cards,family-hub
/rfid-proximity-card-reader-factories,/products/rfid-readers,family-hub
/nfc-card-tag-manufacturers,/products/rfid-cards,family-hub
/wholesale-iso-card,/products/rfid-cards,family-hub
/high-quality-hotel-wristbands,/products/rfid-wristbands,family-hub
/china-rfid-chip-bracelet,/products/rfid-wristbands,family-hub
/tamper-proof-stickers-factories,/products/rfid-labels,family-hub
/portable-uhf-rfid-reader-manufacturer,/products/rfid-readers,family-hub
/rfid-proximity-reader-supplier,/products/rfid-readers,family-hub
/mini-rfid-reader-factory,/products/rfid-readers,family-hub
/portable-rfid-reader-manufacturers,/products/rfid-readers,family-hub
/china-rfid-long-distance-reader,/products/rfid-readers,family-hub
/bamboo-card-manufacturer,/products/rfid-cards,family-hub
/student-cards-manufacturer,/products/rfid-cards,family-hub
/rfid-card-scanner-factories,/products/rfid-cards,family-hub
/custom-personalised-party-wristbands,/products/rfid-wristbands,family-hub
/long-range-rfid-tag-reader-factory,/products/rfid-readers,family-hub
/ultra-high-frequency-rfid-reader-manufacturers,/products/rfid-readers,family-hub
/nfc-card-tag-supplier,/products/rfid-cards,family-hub
/wholesale-wood-business-card-blanks,/products/rfid-cards,family-hub
/wholesale-wooden-rfid-card,/products/rfid-cards,family-hub
/nfc-key-fob-manufacturer,/products/rfid-keyfobs,family-hub
/rfid-chip-reader-writer-factories,/products/rfid-readers,family-hub
/rfid-reader-writer-1356-mhz-factories,/products/rfid-readers,family-hub
/rfid-chip-wristband-suppliers,/products/rfid-wristbands,family-hub
/wholesale-wristbands-for-charity,/products/rfid-wristbands,family-hub
/wholesale-nfc-215-card,/products/rfid-cards,family-hub
/china-event-entry-bracelets,/products/rfid-wristbands,family-hub
/portable-rfid-reader-manufacturer,/products/rfid-readers,family-hub
/duplicate-rfid-card-manufacturer,/products/rfid-cards,family-hub
/key-cards-suppliers,/products/rfid-cards,family-hub
/china-rfid-tag-and-rfid-reader,/products/rfid-readers,family-hub
/wholesale-personalised-festival-bands,/products/rfid-wristbands,family-hub
/uhf-rfid-laundry-tag-manufacturer,/products/rfid-tags,family-hub
/tamper-evident-stickers-suppliers,/products/rfid-labels,family-hub
/public-transport-card-factory,/products/rfid-cards,family-hub
/long-range-uhf-reader-factories,/products/rfid-readers,family-hub
/high-quality-petrol-card,/products/rfid-cards,family-hub
/rfid-tag-card-manufacturers,/products/rfid-cards,family-hub
/clone-contactless-card-supplier,/products/rfid-cards,family-hub
/china-rfid-reader-ic,/products/rfid-readers,family-hub
/high-quality-rfid-chip-sticker,/products/rfid-labels,family-hub
/personalised-party-wristbands-suppliers,/products/rfid-wristbands,family-hub
/china-wood-working-business-cards,/products/rfid-cards,family-hub
/wooden-nfc-card-supplier,/products/rfid-cards,family-hub
/student-cards-suppliers,/products/rfid-cards,family-hub
/1356-mhz-rfid-card-factory,/products/rfid-cards,family-hub
/wholesale-nfc-card,/products/rfid-cards,family-hub
/china-portable-uhf-rfid-reader,/products/rfid-readers,family-hub
/china-identity-card-for-students,/products/rfid-cards,family-hub
/blank-nfc-cards-manufacturer,/products/rfid-cards,family-hub
/electronic-gas-card-manufacturers,/products/rfid-cards,family-hub
/portable-uhf-rfid-reader-suppliers,/products/rfid-readers,family-hub
/rfid-chip-reader-writer-factory,/products/rfid-readers,family-hub
/student-transport-card-suppliers,/products/rfid-cards,family-hub
/electronic-key-fob-replacement-suppliers,/products/rfid-keyfobs,family-hub
/student-identification-card-factory,/products/rfid-cards,family-hub
/high-quality-rfid-laundry-tags,/products/rfid-tags,family-hub
/china-laundry-tag-rfid,/products/rfid-tags,family-hub
/china-uhf-tags,/products/rfid-tags,family-hub
/tamper-resistant-labels-manufacturers,/products/rfid-labels,family-hub
/125khz-rfid-tag-sticker-factories,/products/rfid-labels,family-hub
/high-quality-mifare-1k-classic-card,/products/rfid-cards,family-hub
/brt-card-manufacturers,/products/rfid-cards,family-hub
/china-uhf-cards,/products/rfid-tags,family-hub
/high-quality-handheld-reader-rfid,/products/rfid-readers,family-hub
/wholesale-rfid-access-card,/products/rfid-cards,family-hub
/wholesale-bamboo-nfc-card,/products/rfid-cards,family-hub
/event-bracelets-factory,/products/rfid-wristbands,family-hub
/high-quality-card-proximity,/products/rfid-cards,family-hub
/long-range-uhf-rfid-reader-manufacturer,/products/rfid-readers,family-hub
/rfid-card-writer-factory,/products/rfid-cards,family-hub
/high-quality-electronic-key-fob-replacement,/products/rfid-keyfobs,family-hub
/rfid-key-fob-suppliers,/products/rfid-keyfobs,family-hub
/personalised-festival-bands-supplier,/products/rfid-wristbands,family-hub
/high-quality-rfid-card-scanner,/products/rfid-cards,family-hub
/card-proximity-supplier,/products/rfid-cards,family-hub
/card-bus-pass-manufacturers,/products/rfid-cards,family-hub
/wholesale-rfid-chip-bracelet,/products/rfid-wristbands,family-hub
/clone-prox-card-manufacturers,/products/rfid-cards,family-hub
/hotel-wristbands-suppliers,/products/rfid-wristbands,family-hub
/high-quality-rfid-reader-writer,/products/rfid-readers,family-hub
/public-transit-card-factory,/products/rfid-cards,family-hub
/ving-cards-factory,/products/rfid-cards,family-hub
/printed-rfid-cards-factories,/products/rfid-cards,family-hub
/fuel-card-factory,/products/rfid-cards,family-hub
/ving-cards-factories,/products/rfid-cards,family-hub
/custom-rfid-readers,/products/rfid-readers,family-hub
/wholesale-personalised-party-wristbands,/products/rfid-wristbands,family-hub
/contactless-cards-manufacturers,/products/rfid-cards,family-hub
/rfid-cards-manufacturer,/products/rfid-cards,family-hub
/wholesale-125khz-card,/products/rfid-cards,family-hub
/china-public-transit-card,/products/rfid-cards,family-hub
/high-quality-uhf-rfid-laundry-tag,/products/rfid-tags,family-hub
/rfid-key-fob-supplier,/products/rfid-keyfobs,family-hub
/custom-rfid-label-tags,/products/rfid-labels,family-hub
/uhf-reader-factory,/products/rfid-readers,family-hub
/high-quality-student-identification-card,/products/rfid-cards,family-hub
/china-duplicate-rfid-card,/products/rfid-cards,family-hub
/rfid-reader-writer-1356-mhz-supplier,/products/rfid-readers,family-hub
/custom-wrist-bands-for-party,/products/rfid-wristbands,family-hub
/custom-duplicate-rfid-key-fob,/products/rfid-keyfobs,family-hub
/high-quality-mifare-reader,/products/rfid-readers,family-hub
/concert-wristbands-supplier,/products/rfid-wristbands,family-hub
/custom-rfid-reader-and-antenna,/products/rfid-readers,family-hub
/black-nfc-cards-factory,/products/rfid-cards,family-hub
/custom-programmable-nfc-stickers,/products/rfid-labels,family-hub
/copying-rfid-cards-factory,/products/rfid-cards,family-hub
/custom-wood-business-card-blanks,/products/rfid-cards,family-hub
/high-quality-rfid-wristbands,/products/rfid-wristbands,family-hub
/high-quality-tamper-resistant-labels,/products/rfid-labels,family-hub
/custom-concert-bracelets,/products/rfid-wristbands,family-hub
/wholesale-all-inclusive-resort-wristband,/products/rfid-wristbands,family-hub
/china-uhf-rfid-reader,/products/rfid-readers,family-hub
/music-festival-bracelets-manufacturer,/products/rfid-wristbands,family-hub
/custom-wiegand-rfid-reader,/products/rfid-readers,family-hub
/rfid-gate-opener-sticker-factory,/products/rfid-labels,family-hub
/rfid-card-access-control-supplier,/products/rfid-cards,family-hub
/custom-rfid-sticker-tags,/products/rfid-labels,family-hub
/wholesale-festival-wrist-band,/products/rfid-wristbands,family-hub
/electronic-key-fob-copy-manufacturer,/products/rfid-keyfobs,family-hub
/gas-saving-cards-suppliers,/products/rfid-cards,family-hub
/rfid-wrist-band-factories,/products/rfid-wristbands,family-hub
/wholesale-fair-wrist-bands,/products/rfid-wristbands,family-hub
/small-rfid-reader-manufacturers,/products/rfid-readers,family-hub
/custom-student-identification-card,/products/rfid-cards,family-hub
/custom-rfid-reader-and-writer,/products/rfid-readers,family-hub
/custom-rfid-laundry-tags,/products/rfid-tags,family-hub
/wholesale-mifare-keyfobs,/products/rfid-keyfobs,family-hub
/china-diesel-card,/products/rfid-cards,family-hub
/wooden-nfc-card-manufacturer,/products/rfid-cards,family-hub
/mifare-reader-factory,/products/rfid-readers,family-hub
/125khz-rfid-reader-factory,/products/rfid-readers,family-hub
/programming-nfc-stickers-manufacturers,/products/rfid-labels,family-hub
/125khz-rfid-reader-supplier,/products/rfid-readers,family-hub
/rfid-badge-reader-supplier,/products/rfid-readers,family-hub
/usb-rfid-reader-factory,/products/rfid-readers,family-hub
/nfc-tag-stickers-suppliers,/products/rfid-labels,family-hub
/portable-uhf-rfid-reader-factories,/products/rfid-readers,family-hub
/nfc-tag-card-suppliers,/products/rfid-cards,family-hub
/wooden-rfid-card-suppliers,/products/rfid-cards,family-hub
/key-cards-factory,/products/rfid-cards,family-hub
/china-hf-cards,/products/rfid-cards,family-hub
/charge-card-manufacturer,/products/rfid-cards,family-hub
/copying-an-rfid-card-suppliers,/products/rfid-cards,family-hub
/tamper-resistant-labels-factories,/products/rfid-labels,family-hub
/high-quality-music-festival-bracelets,/products/rfid-wristbands,family-hub
/music-festival-bracelets-suppliers,/products/rfid-wristbands,family-hub
/bus-pass-card-suppliers,/products/rfid-cards,family-hub
/laundry-rfid-supplier,/products/rfid-tags,family-hub
/china-id-card-with-rfid,/products/rfid-cards,family-hub
/high-quality-125-khz-proximity-cards,/products/rfid-cards,family-hub
/high-quality-entry-wristbands-for-events,/products/rfid-wristbands,family-hub
/high-quality-black-nfc-cards,/products/rfid-cards,family-hub
/china-clone-access-card,/products/rfid-cards,family-hub
/custom-1356-mhz-rfid-reader,/products/rfid-readers,family-hub
/long-range-rfid-reader-factories,/products/rfid-readers,family-hub
/concert-wristbands-factory,/products/rfid-wristbands,family-hub
/custom-125khz-rfid-tag-sticker,/products/rfid-labels,family-hub
/gas-saving-cards-manufacturer,/products/rfid-cards,family-hub
/windshield-rfid-sticker-manufacturers,/products/rfid-labels,family-hub
/hotel-wristbands-supplier,/products/rfid-wristbands,family-hub
/china-uhf-laundry-tag,/products/rfid-tags,family-hub
/student-bus-pass-card-factory,/products/rfid-cards,family-hub
/custom-rfid-card-programmer,/products/rfid-cards,family-hub
/high-quality-small-rfid-reader,/products/rfid-readers,family-hub
/international-id-card-manufacturer,/products/rfid-cards,family-hub
/high-quality-mifare-1356-mhz-card,/products/rfid-cards,family-hub
/china-rfid-key-fob,/products/rfid-keyfobs,family-hub
/duplicate-rfid-key-fob-suppliers,/products/rfid-keyfobs,family-hub
/rfid-uhf-tag-manufacturer,/products/rfid-tags,family-hub
/printed-nfc-cards-suppliers,/products/rfid-cards,family-hub
/uhf-rfid-handheld-reader-factories,/products/rfid-readers,family-hub
/custom-rfid-bracelet,/products/rfid-wristbands,family-hub
/key-fob-nfc-factories,/products/rfid-keyfobs,family-hub
/wholesale-long-range-uhf-reader,/products/rfid-readers,family-hub
/high-quality-rfid-label-tags,/products/rfid-labels,family-hub
/rfid-card-reader-factory,/products/rfid-readers,family-hub
/rfid-tag-reader-writer-factory,/products/rfid-readers,family-hub
/high-quality-usb-nfc-reader,/products/rfid-readers,family-hub
/public-transit-card-manufacturers,/products/rfid-cards,family-hub
/custom-student-bus-pass-card,/products/rfid-cards,family-hub
/wholesale-rfid-card-writer,/products/rfid-cards,family-hub
/china-rfid-silicone-bracelets,/products/rfid-wristbands,family-hub
/custom-travel-bus-card,/products/rfid-cards,family-hub
/student-transport-card-factory,/products/rfid-cards,family-hub
/copy-rfid-card-manufacturer,/products/rfid-cards,family-hub
/rfid-integrated-reader-factories,/products/rfid-readers,family-hub
/rfid-laundry-tags-manufacturers,/products/rfid-tags,family-hub
/wholesale-rfid-badge-reader,/products/rfid-readers,family-hub
/clone-contactless-card-manufacturer,/products/rfid-cards,family-hub
/wholesale-resort-wristband,/products/rfid-wristbands,family-hub
/chicken-leg-bands-factory,/products/rfid-wristbands,family-hub
/uhf-rfid-card-suppliers,/products/rfid-tags,family-hub
/wholesale-rfid-labels,/products/rfid-labels,family-hub
/mifare-keyfobs-factories,/products/rfid-keyfobs,family-hub
/wholesale-tamper-resistant-labels,/products/rfid-labels,family-hub
/smart-cards-manufacturer,/products/rfid-cards,family-hub
/mobile-rfid-reader-factory,/products/rfid-readers,family-hub
/china-personalized-party-wristbands,/products/rfid-wristbands,family-hub
/rfid-chip-sticker-factory,/products/rfid-labels,family-hub
/1356-mhz-rfid-reader-factories,/products/rfid-readers,family-hub
/ntag215-stickers-factory,/products/rfid-labels,family-hub
/waterpark-wristband-suppliers,/products/rfid-wristbands,family-hub
/high-quality-rfid-badge-reader,/products/rfid-readers,family-hub
/ntag215-nfc-cards-factories,/products/rfid-cards,family-hub
/125khz-rfid-sticker-factories,/products/rfid-labels,family-hub
/printed-rfid-cards-supplier,/products/rfid-cards,family-hub
/high-quality-key-card-copier,/products/rfid-cards,family-hub
/prox-cards-manufacturers,/products/rfid-cards,family-hub
/rfid-access-card-supplier,/products/rfid-cards,family-hub
/wholesale-rfid-tag-and-rfid-reader,/products/rfid-readers,family-hub
/wholesale-chicken-leg-bands,/products/rfid-wristbands,family-hub
/concert-wrist-band-manufacturers,/products/rfid-wristbands,family-hub
/bamboo-nfc-card-factory,/products/rfid-cards,family-hub
/custom-chicken-leg-bands,/products/rfid-wristbands,family-hub
/uhf-label-supplier,/products/rfid-labels,family-hub
/china-nfc-card-tag,/products/rfid-cards,family-hub
/custom-uhf-label,/products/rfid-labels,family-hub
/bus-cards-factories,/products/rfid-cards,family-hub
/tags-laundry-factories,/products/rfid-tags,family-hub
/nfc-card-factory,/products/rfid-cards,family-hub
/clone-rfid-key-fob-suppliers,/products/rfid-keyfobs,family-hub
/contactless-cards-suppliers,/products/rfid-cards,family-hub
/custom-high-frequency-rfid-reader,/products/rfid-readers,family-hub
/nfc-copy-key-card-factory,/products/rfid-cards,family-hub
/card-bus-manufacturer,/products/rfid-cards,family-hub
/tag-uhf-factories,/products/rfid-tags,family-hub
/card-proximity-manufacturers,/products/rfid-cards,family-hub
/wholesale-bracelets-event,/products/rfid-wristbands,family-hub
/wholesale-rfid-reader-writer-1356-mhz,/products/rfid-readers,family-hub
/wholesale-rfid-proximity-card-readers,/products/rfid-readers,family-hub
/wholesale-rfid-wrist-band,/products/rfid-wristbands,family-hub
/card-student-factories,/products/rfid-cards,family-hub
/high-quality-long-range-uhf-rfid-reader,/products/rfid-readers,family-hub
/china-nfc-business-cards,/products/rfid-cards,family-hub
/international-student-card-manufacturer,/products/rfid-cards,family-hub
/personalised-festival-bands-suppliers,/products/rfid-wristbands,family-hub
/ntag213-nfc-tag-supplier,/products/rfid-cards/mifare-ultralight-c-card,family-hub
/high-quality-rfid-wristbands-for-events,/products/rfid-wristbands,family-hub
/laundry-tag-rfid-manufacturers,/products/rfid-tags,family-hub
/custom-iso-card,/products/rfid-cards,family-hub
/uhf-rfid-card-factory,/products/rfid-tags,family-hub
/long-range-uhf-reader-factory,/products/rfid-readers,family-hub
/wholesale-student-bus-pass-card,/products/rfid-cards,family-hub
/wholesale-rfid-hf-reader,/products/rfid-readers,family-hub
/music-festival-bracelets-factories,/products/rfid-wristbands,family-hub
/custom-card-student,/products/rfid-cards,family-hub
/nfc-reader-writer-factories,/products/rfid-readers,family-hub
/high-quality-ntag215-nfc-cards,/products/rfid-cards,family-hub
/transit-card-manufacturer,/products/rfid-cards,family-hub
/high-quality-bus-card-for-students,/products/rfid-cards,family-hub
/wholesale-rfid-tag-reader,/products/rfid-readers,family-hub
/student-bus-pass-card-manufacturers,/products/rfid-cards,family-hub
/china-bracelets-event,/products/rfid-wristbands,family-hub
/china-wrist-bands-for-party,/products/rfid-wristbands,family-hub
/high-quality-rfid-tag-card,/products/rfid-cards,family-hub
/waterpark-wristband-factories,/products/rfid-wristbands,family-hub
/custom-rfid-card-reader-writer,/products/rfid-readers,family-hub
/china-iso-card,/products/rfid-cards,family-hub
/tag-reader-factories,/products/rfid-readers,family-hub
/wholesale-nfc-key-fob,/products/rfid-keyfobs,family-hub
/nfc-reader-writer-suppliers,/products/rfid-readers,family-hub
/custom-mobile-rfid-reader,/products/rfid-readers,family-hub
/custom-petrol-card,/products/rfid-cards,family-hub
/music-festival-bracelets-supplier,/products/rfid-wristbands,family-hub
/wholesale-public-transit-card,/products/rfid-cards,family-hub
/rfid-chip-labels-factories,/products/rfid-labels,family-hub
/wholesale-mini-rfid-reader,/products/rfid-readers,family-hub
/china-wrist-band-tickets,/products/rfid-wristbands,family-hub
/custom-rfid-card-writer,/products/rfid-cards,family-hub
/petrol-card-manufacturer,/products/rfid-cards,family-hub
/high-quality-event-bracelets,/products/rfid-wristbands,family-hub
/em-prox-card-suppliers,/products/rfid-cards,family-hub
/125-khz-rfid-cards-suppliers,/products/rfid-cards,family-hub
/high-quality-rfid-reader-125-khz,/products/rfid-readers,family-hub
/china-rfid-tags-and-readers,/products/rfid-readers,family-hub
/rfid-labels-supplier,/products/rfid-labels,family-hub
/china-resort-wristband,/products/rfid-wristbands,family-hub
/wholesale-tag-uhf-rfid,/products/rfid-tags,family-hub
/china-music-festival-wristbands,/products/rfid-wristbands,family-hub
/bracelets-event-manufacturers,/products/rfid-wristbands,family-hub
/custom-wooden-rfid-card,/products/rfid-cards,family-hub
/nfc-sticker-android-supplier,/products/rfid-labels,family-hub
/public-transport-card-factories,/products/rfid-cards,family-hub
/uhf-rfid-sticker-manufacturer,/products/rfid-labels,family-hub
/high-quality-uhf-card-reader,/products/rfid-readers,family-hub
/rfid-silicone-wristbands-factories,/products/rfid-wristbands,family-hub
/long-range-uhf-reader-suppliers,/products/rfid-readers,family-hub
/printable-nfc-cards-manufacturers,/products/rfid-cards,family-hub
/rfid-tag-reader-manufacturers,/products/rfid-readers,family-hub
/all-inclusive-resort-wristband-supplier,/products/rfid-wristbands,family-hub
/nfc-keyfobs-factories,/products/rfid-keyfobs,family-hub
/china-rfid-proximity-reader,/products/rfid-readers,family-hub
/charge-card-supplier,/products/rfid-cards,family-hub
/wholesale-rfid-integrated-reader,/products/rfid-readers,family-hub
/china-wrist-band-for-events,/products/rfid-wristbands,family-hub
/high-frequency-rfid-reader-supplier,/products/rfid-readers,family-hub
/rfid-access-card-factory,/products/rfid-cards,family-hub
/wholesale-uhf-rfid-handheld-reader,/products/rfid-readers,family-hub
/high-quality-tamper-evident-stickers,/products/rfid-labels,family-hub
/high-quality-125-khz-rfid-cards,/products/rfid-cards,family-hub
/uhf-rfid-antenna-factories,/products/rfid-tags,family-hub
/custom-electronic-gas-card,/products/rfid-cards,family-hub
/custom-card-rfid-125khz,/products/rfid-cards,family-hub
/handheld-reader-rfid-manufacturer,/products/rfid-readers,family-hub
/custom-handheld-reader-rfid,/products/rfid-readers,family-hub
/petrol-loyalty-card-factory,/products/rfid-cards,family-hub
/fair-wrist-bands-supplier,/products/rfid-wristbands,family-hub
/wholesale-uhf-cards,/products/rfid-tags,family-hub
/duplicate-rfid-key-fob-manufacturer,/products/rfid-keyfobs,family-hub
/wholesale-duplicate-electronic-key-fob,/products/rfid-keyfobs,family-hub
/wholesale-uhf-rfid-reader,/products/rfid-readers,family-hub
/rfid-hf-reader-factory,/products/rfid-readers,family-hub
/uhf-reader-supplier,/products/rfid-readers,family-hub
/wholesale-wooden-name-cards,/products/rfid-cards,family-hub
/wholesale-rfid-readers,/products/rfid-readers,family-hub
/china-key-fob-nfc,/products/rfid-keyfobs,family-hub
/tag-rfid-uhf-supplier,/products/rfid-tags,family-hub
/rfid-sticker-tags-supplier,/products/rfid-labels,family-hub
/iso-card-manufacturers,/products/rfid-cards,family-hub
/1356-mhz-rfid-card-manufacturer,/products/rfid-cards,family-hub
/125khz-rfid-reader-suppliers,/products/rfid-readers,family-hub
/china-personalised-party-wristbands,/products/rfid-wristbands,family-hub
/desfire-card-manufacturer,/products/rfid-cards/mifare-desfire-ev3-card,family-hub
/custom-ntag215-stickers,/products/rfid-labels,family-hub
/custom-em4100-card,/products/rfid-cards/em4100-rfid-card,family-hub
/nfc-copy-key-card-manufacturer,/products/rfid-cards,family-hub
/china-long-distance-rfid-reader,/products/rfid-readers,family-hub
/custom-music-festival-wristbands,/products/rfid-wristbands,family-hub
/wholesale-electronic-key-fob-replacement,/products/rfid-keyfobs,family-hub
/rfid-label-tags-suppliers,/products/rfid-labels,family-hub
/em-prox-card-factory,/products/rfid-cards,family-hub
/mobile-rfid-reader-manufacturer,/products/rfid-readers,family-hub
/wholesale-printed-nfc-cards,/products/rfid-cards,family-hub
/international-student-id-card-suppliers,/products/rfid-cards,family-hub
/rfid-printable-labels-manufacturers,/products/rfid-labels,family-hub
/nfc-tag-stickers-manufacturers,/products/rfid-labels,family-hub
/festival-wrist-band-manufacturer,/products/rfid-wristbands,family-hub
/windshield-rfid-sticker-factories,/products/rfid-labels,family-hub
/blank-rfid-cards-manufacturers,/products/rfid-cards,family-hub
/custom-duplicate-electronic-key-fob,/products/rfid-keyfobs,family-hub
/custom-proximity-cards,/products/rfid-cards,family-hub
/rfid-festival-wristbands-factories,/products/rfid-wristbands,family-hub
/1356-mhz-rfid-reader-manufacturer,/products/rfid-readers,family-hub
/wholesale-id-card-with-rfid,/products/rfid-cards,family-hub
/wholesale-rfid-card-scanner,/products/rfid-cards,family-hub
/wholesale-rfid-key-fob,/products/rfid-keyfobs,family-hub
/copy-rfid-card-suppliers,/products/rfid-cards,family-hub
/card-proximity-factory,/products/rfid-cards,family-hub
/wholesale-windshield-rfid-sticker,/products/rfid-labels,family-hub
/uhf-long-range-reader-factories,/products/rfid-readers,family-hub
/music-festival-wristbands-manufacturers,/products/rfid-wristbands,family-hub
/rfid-card-writer-manufacturer,/products/rfid-cards,family-hub
/1356-mhz-rfid-reader-writer-suppliers,/products/rfid-readers,family-hub
/tag-rfid-uhf-manufacturers,/products/rfid-tags,family-hub
/high-quality-laundry-tag-rfid,/products/rfid-tags,family-hub
/china-reader-uhf,/products/rfid-readers,family-hub
/long-range-uhf-rfid-reader-supplier,/products/rfid-readers,family-hub
/hf-rfid-reader-manufacturers,/products/rfid-readers,family-hub
/nfc-stickers-manufacturer,/products/rfid-labels,family-hub
/card-rfid-125khz-manufacturers,/products/rfid-cards,family-hub
/rfid-chip-labels-manufacturers,/products/rfid-labels,family-hub
/china-handheld-rfid-tag-reader,/products/rfid-readers,family-hub
/nfc-215-card-manufacturers,/products/rfid-cards,family-hub
/student-cards-factories,/products/rfid-cards,family-hub
/china-travel-bus-card,/products/rfid-cards,family-hub
/rfid-chip-bracelet-factory,/products/rfid-wristbands,family-hub
/custom-rfid-proximity-card,/products/rfid-cards,family-hub
/laundry-tag-rfid-factory,/products/rfid-tags,family-hub
/125khz-card-suppliers,/products/rfid-cards,family-hub
/carnival-wristbands-manufacturers,/products/rfid-wristbands,family-hub
/transit-card-factory,/products/rfid-cards,family-hub
/printed-rfid-cards-manufacturers,/products/rfid-cards,family-hub
/rfid-festival-wristbands-factory,/products/rfid-wristbands,family-hub
/key-cards-factories,/products/rfid-cards,family-hub
/custom-printable-nfc-cards,/products/rfid-cards,family-hub
/t5577-card-factory,/products/rfid-cards/em4100-rfid-card,family-hub
/wholesale-event-wrist-band,/products/rfid-wristbands,family-hub
/uhf-reader-factories,/products/rfid-readers,family-hub
/uhf-card-reader-factories,/products/rfid-readers,family-hub
/uhf-rfid-reader-factories,/products/rfid-readers,family-hub
/chicken-leg-bands-suppliers,/products/rfid-wristbands,family-hub
/windshield-rfid-sticker-supplier,/products/rfid-labels,family-hub
/rfid-reader-125-khz-supplier,/products/rfid-readers,family-hub
/custom-rfid-wristbands-for-events,/products/rfid-wristbands,family-hub
/desfire-card-factory,/products/rfid-cards/mifare-desfire-ev3-card,family-hub
/music-festival-wristbands-manufacturer,/products/rfid-wristbands,family-hub
/duplicate-rfid-key-fob-factory,/products/rfid-keyfobs,family-hub
/wholesale-uhf-rfid-stickers,/products/rfid-labels,family-hub
/international-id-card-manufacturers,/products/rfid-cards,family-hub
/hotel-cards-suppliers,/products/rfid-cards,family-hub
/high-quality-ntag213-nfc-tag,/products/rfid-cards/mifare-ultralight-c-card,family-hub
/t5577-rfid-factories,/products/rfid-cards/em4100-rfid-card,family-hub
/small-rfid-reader-factories,/products/rfid-readers,family-hub
/rfid-card-programmer-supplier,/products/rfid-cards,family-hub
/hf-rfid-reader-manufacturer,/products/rfid-readers,family-hub
/high-quality-waterpark-wristband,/products/rfid-wristbands,family-hub
/em4100-card-supplier,/products/rfid-cards/em4100-rfid-card,family-hub
/high-quality-wristbands-for-charity,/products/rfid-wristbands,family-hub
/mifare-1356-mhz-card-manufacturer,/products/rfid-cards,family-hub
/china-handheld-rfid-reader,/products/rfid-readers,family-hub
/china-rfid-tag-reader,/products/rfid-readers,family-hub
/wholesale-ultra-high-frequency-rfid-reader,/products/rfid-readers,family-hub
/china-carnival-wristbands,/products/rfid-wristbands,family-hub
/mifare-reader-manufacturers,/products/rfid-readers,family-hub
/personalised-festival-wristbands-factories,/products/rfid-wristbands,family-hub
/custom-uhf-long-range-reader,/products/rfid-readers,family-hub
/uhf-cards-factories,/products/rfid-tags,family-hub
/rfid-key-cards-supplier,/products/rfid-cards,family-hub
/wholesale-printed-wristbands-for-events,/products/rfid-wristbands,family-hub
/rfid-reader-device-supplier,/products/rfid-readers,family-hub
/wholesale-pvc-rfid-card,/products/rfid-cards,family-hub
/custom-event-wristbands,/products/rfid-wristbands,family-hub
/china-rfid-proximity-card-readers,/products/rfid-readers,family-hub
/lf-rfid-reader-supplier,/products/rfid-readers,family-hub
/high-quality-metro-cards,/products/rfid-cards,family-hub
/resort-wristband-supplier,/products/rfid-wristbands,family-hub
/wholesale-gas-card,/products/rfid-cards,family-hub
/china-rfid-tag-card,/products/rfid-cards,family-hub
/tag-reader-supplier,/products/rfid-readers,family-hub
/long-range-uhf-rfid-reader-factories,/products/rfid-readers,family-hub
/long-range-rfid-tag-reader-manufacturers,/products/rfid-readers,family-hub
/student-identity-card-manufacturers,/products/rfid-cards,family-hub
/125-khz-proximity-cards-manufacturer,/products/rfid-cards,family-hub
/rfid-sticker-tags-factory,/products/rfid-labels,family-hub
/ntag213-nfc-tag-manufacturer,/products/rfid-cards/mifare-ultralight-c-card,family-hub
/bamboo-nfc-business-cards-factories,/products/rfid-cards,family-hub
/lf-rfid-reader-manufacturers,/products/rfid-readers,family-hub
/high-quality-card-bus-pass,/products/rfid-cards,family-hub
/music-festival-bracelets-factory,/products/rfid-wristbands,family-hub
/fuel-card-manufacturer,/products/rfid-cards,family-hub
/wood-working-business-cards-factories,/products/rfid-cards,family-hub
/wooden-name-cards-manufacturer,/products/rfid-cards,family-hub
/custom-rfid-proximity-card-readers,/products/rfid-readers,family-hub
/wholesale-nfc-business-cards,/products/rfid-cards,family-hub
/rfid-laundry-tag-factories,/products/rfid-tags,family-hub
/china-125-khz-proximity-cards,/products/rfid-cards,family-hub
/reader-rfid-uhf-factories,/products/rfid-readers,family-hub
/wholesale-handheld-rfid-reader,/products/rfid-readers,family-hub
/t5577-card-manufacturer,/products/rfid-cards/em4100-rfid-card,family-hub
/custom-rfid-reader-ic,/products/rfid-readers,family-hub
/high-quality-windshield-rfid-sticker,/products/rfid-labels,family-hub
/custom-identity-card-for-students,/products/rfid-cards,family-hub
/card-bus-pass-supplier,/products/rfid-cards,family-hub
/tamper-resistant-stickers-manufacturer,/products/rfid-labels,family-hub
/printed-nfc-cards-factory,/products/rfid-cards,family-hub
/high-quality-uhf-sticker,/products/rfid-labels,family-hub
/rfid-wristbands-manufacturer,/products/rfid-wristbands,family-hub
/high-quality-nfc-stickers,/products/rfid-labels,family-hub
/rfid-cards-manufacturers,/products/rfid-cards,family-hub
/high-quality-printed-wristbands-for-events,/products/rfid-wristbands,family-hub
/bamboo-nfc-card-manufacturers,/products/rfid-cards,family-hub
/tamper-evident-labels-supplier,/products/rfid-labels,family-hub
/laundry-rfid-manufacturer,/products/rfid-tags,family-hub
/long-distance-rfid-reader-suppliers,/products/rfid-readers,family-hub
/custom-rfid-tag-label,/products/rfid-labels,family-hub
/custom-electronic-key-fob-copy,/products/rfid-keyfobs,family-hub
/uhf-rfid-tag-reader-supplier,/products/rfid-readers,family-hub
/custom-nfc-keyfobs,/products/rfid-keyfobs,family-hub
/rfid-reader-ic-supplier,/products/rfid-readers,family-hub
/uhf-long-range-reader-supplier,/products/rfid-readers,family-hub
/clone-prox-card-factories,/products/rfid-cards,family-hub
/shelf-label-strips-manufacturers,/products/rfid-labels,family-hub
/uhf-rfid-handheld-reader-manufacturers,/products/rfid-readers,family-hub
/desfire-card-factories,/products/rfid-cards/mifare-desfire-ev3-card,family-hub
/tamper-proof-stickers-factory,/products/rfid-labels,family-hub
/rfid-wristbands-supplier,/products/rfid-wristbands,family-hub
/duplicate-electronic-key-fob-manufacturer,/products/rfid-keyfobs,family-hub
/custom-id-card-with-rfid,/products/rfid-cards,family-hub
/petrol-loyalty-card-factories,/products/rfid-cards,family-hub
/wholesale-uhf-rfid-tag,/products/rfid-tags,family-hub
/rfid-chip-wristband-factories,/products/rfid-wristbands,family-hub
/portable-rfid-reader-factories,/products/rfid-readers,family-hub
/waterpark-wristband-supplier,/products/rfid-wristbands,family-hub
/high-quality-iso-card,/products/rfid-cards,family-hub
/blank-nfc-cards-supplier,/products/rfid-cards,family-hub
/high-quality-pvc-rfid-card,/products/rfid-cards,family-hub
/high-quality-contactless-cards,/products/rfid-cards,family-hub
/china-usb-rfid-reader,/products/rfid-readers,family-hub
/wholesale-lf-rfid-reader,/products/rfid-readers,family-hub
/festival-wristbands-manufacturers,/products/rfid-wristbands,family-hub
/custom-personalised-festival-wristbands,/products/rfid-wristbands,family-hub
/rfid-reader-125-khz-factories,/products/rfid-readers,family-hub
/small-rfid-reader-supplier,/products/rfid-readers,family-hub
/high-quality-programmable-nfc-stickers,/products/rfid-labels,family-hub
/wholesale-nfc-copy-key-card,/products/rfid-cards,family-hub
/tamper-resistant-stickers-suppliers,/products/rfid-labels,family-hub
/concert-wrist-band-factories,/products/rfid-wristbands,family-hub
/rfid-tag-reader-suppliers,/products/rfid-readers,family-hub
/high-quality-125khz-rfid-reader,/products/rfid-readers,family-hub
/custom-rfid-tag-card,/products/rfid-cards,family-hub
/smart-cards-supplier,/products/rfid-cards,family-hub
/custom-wood-working-business-cards,/products/rfid-cards,family-hub
/china-1356-mhz-rfid-reader,/products/rfid-readers,family-hub
/laundry-rfid-suppliers,/products/rfid-tags,family-hub
/tag-uhf-manufacturers,/products/rfid-tags,family-hub
/mifare-1k-classic-card-manufacturer,/products/rfid-cards,family-hub
/1356-mhz-rfid-card-suppliers,/products/rfid-cards,family-hub
/rfid-sticker-tags-manufacturer,/products/rfid-labels,family-hub
/rfid-reader-device-manufacturer,/products/rfid-readers,family-hub
/rfid-smart-labels-manufacturer,/products/rfid-labels,family-hub
/high-quality-personalised-festival-wristbands,/products/rfid-wristbands,family-hub
/wholesale-bamboo-card,/products/rfid-cards,family-hub
/event-wristbands-manufacturers,/products/rfid-wristbands,family-hub
/ultra-high-frequency-rfid-reader-suppliers,/products/rfid-readers,family-hub
/rfid-reader-writer-1356-mhz-suppliers,/products/rfid-readers,family-hub
/wholesale-clone-contactless-card,/products/rfid-cards,family-hub
/international-id-card-suppliers,/products/rfid-cards,family-hub
/wholesale-1356-mhz-rfid-reader,/products/rfid-readers,family-hub
/custom-long-distance-rfid-reader,/products/rfid-readers,family-hub
/high-quality-festival-wrist-band,/products/rfid-wristbands,family-hub
/fair-wrist-bands-suppliers,/products/rfid-wristbands,family-hub
/rfid-reader-125-khz-suppliers,/products/rfid-readers,family-hub
/gas-card-supplier,/products/rfid-cards,family-hub
/125khz-rfid-card-manufacturer,/products/rfid-cards,family-hub
/high-quality-125khz-card,/products/rfid-cards,family-hub
/nfc-business-cards-manufacturer,/products/rfid-cards,family-hub
/wholesale-party-bracelet,/products/rfid-wristbands,family-hub
/rfid-tracking-stickers-suppliers,/products/rfid-labels,family-hub
/mifare-keyfobs-manufacturers,/products/rfid-keyfobs,family-hub
/fixed-rfid-reader-factories,/products/rfid-readers,family-hub
/china-uhf-rfid-antenna,/products/rfid-tags,family-hub
/china-contactless-cards,/products/rfid-cards,family-hub
/china-festival-bracelets,/products/rfid-wristbands,family-hub
/high-quality-student-transport-card,/products/rfid-cards,family-hub
/card-rfid-125khz-factories,/products/rfid-cards,family-hub
/gas-card-manufacturer,/products/rfid-cards,family-hub
/custom-1356-mhz-rfid-reader-writer,/products/rfid-readers,family-hub
/high-frequency-rfid-reader-manufacturer,/products/rfid-readers,family-hub
/iso-card-manufacturer,/products/rfid-cards,family-hub
/rfid-smart-labels-manufacturers,/products/rfid-labels,family-hub
/china-nfc-copy-key-card,/products/rfid-cards,family-hub
/wholesale-copying-an-rfid-card,/products/rfid-cards,family-hub
/china-125khz-rfid-sticker,/products/rfid-labels,family-hub
/custom-key-card-copier,/products/rfid-cards,family-hub
/high-quality-party-wrist-band,/products/rfid-wristbands,family-hub
/rfid-readers-manufacturer,/products/rfid-readers,family-hub
/china-bus-card-for-students,/products/rfid-cards,family-hub
/high-quality-bus-cards,/products/rfid-cards,family-hub
/uhf-tags-supplier,/products/rfid-tags,family-hub
/mifare-1356-mhz-card-factory,/products/rfid-cards,family-hub
/festival-bracelets-supplier,/products/rfid-wristbands,family-hub
/public-transit-card-suppliers,/products/rfid-cards,family-hub
/nfc-card-tag-manufacturer,/products/rfid-cards,family-hub
/wholesale-rfid-tags-and-labels,/products/rfid-labels,family-hub
/wholesale-petrol-loyalty-card,/products/rfid-cards,family-hub
/custom-1356-mhz-rfid-card,/products/rfid-cards,family-hub
/personalized-party-wristbands-manufacturers,/products/rfid-wristbands,family-hub
/wholesale-public-transport-card,/products/rfid-cards,family-hub
/wholesale-copy-rfid-card,/products/rfid-cards,family-hub
/music-festival-wristbands-factories,/products/rfid-wristbands,family-hub
/wholesale-wrist-band-for-events,/products/rfid-wristbands,family-hub
/wooden-rfid-card-factories,/products/rfid-cards,family-hub
/high-quality-rfid-card-programmer,/products/rfid-cards,family-hub
/festival-wrist-band-suppliers,/products/rfid-wristbands,family-hub
/high-quality-event-entry-bracelets,/products/rfid-wristbands,family-hub
/fob-cards-suppliers,/products/rfid-cards,family-hub
/custom-uhf-tags,/products/rfid-tags,family-hub
/rfid-label-tags-factory,/products/rfid-labels,family-hub
/em4100-card-manufacturer,/products/rfid-cards/em4100-rfid-card,family-hub
/carnival-wristbands-supplier,/products/rfid-wristbands,family-hub
/custom-bus-card-pass,/products/rfid-cards,family-hub
/china-wooden-name-cards,/products/rfid-cards,family-hub
/mifare-1k-classic-card-suppliers,/products/rfid-cards,family-hub
/uhf-rfid-reader-supplier,/products/rfid-readers,family-hub
/tag-reader-manufacturers,/products/rfid-readers,family-hub
/high-quality-copying-an-rfid-card,/products/rfid-cards,family-hub
/custom-rfid-key-fob,/products/rfid-keyfobs,family-hub
/uhf-sticker-manufacturer,/products/rfid-labels,family-hub
/rfid-smart-card-suppliers,/products/rfid-cards,family-hub
/printed-nfc-cards-manufacturers,/products/rfid-cards,family-hub
/china-rfid-wristbands,/products/rfid-wristbands,family-hub
/passive-rfid-reader-manufacturer,/products/rfid-readers,family-hub
/mini-rfid-reader-suppliers,/products/rfid-readers,family-hub
/tags-laundry-manufacturers,/products/rfid-tags,family-hub
/copy-rfid-card-factories,/products/rfid-cards,family-hub
/wholesale-rfid-card-programmer,/products/rfid-cards,family-hub
/wholesale-t5577-card,/products/rfid-cards/em4100-rfid-card,family-hub
/rfid-laundry-tag-factory,/products/rfid-tags,family-hub
/rfid-tracking-stickers-factory,/products/rfid-labels,family-hub
/high-quality-uhf-rfid-antenna,/products/rfid-tags,family-hub
/wholesale-student-cards,/products/rfid-cards,family-hub
/high-quality-wood-business-card-blanks,/products/rfid-cards,family-hub
/rfid-smart-card-manufacturers,/products/rfid-cards,family-hub
/rfid-stickers-factories,/products/rfid-labels,family-hub
/em-prox-card-supplier,/products/rfid-cards,family-hub
/high-quality-desfire-card,/products/rfid-cards/mifare-desfire-ev3-card,family-hub
/custom-nfc-card-tag,/products/rfid-cards,family-hub
/china-card-bus,/products/rfid-cards,family-hub
/laundry-rfid-factory,/products/rfid-tags,family-hub
/ultra-high-frequency-rfid-reader-manufacturer,/products/rfid-readers,family-hub
/hotel-wristbands-factories,/products/rfid-wristbands,family-hub
/nfc-sticker-android-manufacturers,/products/rfid-labels,family-hub
/china-electronic-key-fob-replacement,/products/rfid-keyfobs,family-hub
/long-range-rfid-reader-supplier,/products/rfid-readers,family-hub
/high-quality-rfid-labels-and-tags,/products/rfid-labels,family-hub
/international-student-card-factory,/products/rfid-cards,family-hub
/rfid-smart-card-factory,/products/rfid-cards,family-hub
/high-quality-uhf-rfid-tag,/products/rfid-tags,family-hub
/custom-uhf-rfid-card,/products/rfid-tags,family-hub
/high-quality-mobile-rfid-reader,/products/rfid-readers,family-hub
/125khz-rfid-sticker-manufacturer,/products/rfid-labels,family-hub
/nfc-sticker-android-manufacturer,/products/rfid-labels,family-hub
/wholesale-key-fob-nfc,/products/rfid-keyfobs,family-hub
/rfid-silicone-wristbands-suppliers,/products/rfid-wristbands,family-hub
/rfid-long-distance-reader-manufacturer,/products/rfid-readers,family-hub
/custom-prox-cards,/products/rfid-cards,family-hub
/rfid-bands-manufacturers,/products/rfid-wristbands,family-hub
/rfid-reader-device-factory,/products/rfid-readers,family-hub
/rfid-card-reader-writer-suppliers,/products/rfid-readers,family-hub
/nfc-card-tag-factories,/products/rfid-cards,family-hub
/high-quality-tamper-evident-labels,/products/rfid-labels,family-hub
/china-rfid-wrist-band,/products/rfid-wristbands,family-hub
/1356-mhz-rfid-card-factories,/products/rfid-cards,family-hub
/125khz-rfid-reader-manufacturer,/products/rfid-readers,family-hub
/china-uhf-rfid-tag-reader,/products/rfid-readers,family-hub
/fixed-rfid-reader-manufacturers,/products/rfid-readers,family-hub
/uhf-rfid-tag-suppliers,/products/rfid-tags,family-hub
/china-personalised-festival-bands,/products/rfid-wristbands,family-hub
/event-wristbands-factory,/products/rfid-wristbands,family-hub
/custom-rfid-card-scanner,/products/rfid-cards,family-hub
/fixed-rfid-reader-suppliers,/products/rfid-readers,family-hub
/custom-nfc-tag-card,/products/rfid-cards,family-hub
/wholesale-laundry-rfid,/products/rfid-tags,family-hub
/mifare-reader-supplier,/products/rfid-readers,family-hub
/high-quality-carnival-wristbands,/products/rfid-wristbands,family-hub
/concert-wrist-band-manufacturer,/products/rfid-wristbands,family-hub
/custom-festival-wristbands,/products/rfid-wristbands,family-hub
/uhf-tags-factories,/products/rfid-tags,family-hub
/metro-cards-factory,/products/rfid-cards,family-hub
/custom-rfid-proximity-reader,/products/rfid-readers,family-hub
/mini-rfid-reader-factories,/products/rfid-readers,family-hub
/wholesale-passive-rfid-reader,/products/rfid-readers,family-hub
/custom-nfc-reader-writer,/products/rfid-readers,family-hub
/high-quality-programming-nfc-stickers,/products/rfid-labels,family-hub
/ntag213-nfc-tag-suppliers,/products/rfid-cards/mifare-ultralight-c-card,family-hub
/wholesale-party-wrist-band,/products/rfid-wristbands,family-hub
/high-quality-usb-rfid-reader,/products/rfid-readers,family-hub
/custom-clone-contactless-card,/products/rfid-cards,family-hub
/event-bracelets-manufacturer,/products/rfid-wristbands,family-hub
/personalized-party-wristbands-suppliers,/products/rfid-wristbands,family-hub
/nfc-card-manufacturers,/products/rfid-cards,family-hub
/rfid-access-card-manufacturer,/products/rfid-cards,family-hub
/contactless-cards-manufacturer,/products/rfid-cards,family-hub
/wholesale-rfid-chip-labels,/products/rfid-labels,family-hub
/rfid-uhf-tag-supplier,/products/rfid-tags,family-hub
/custom-anti-metal-nfc-sticker,/products/rfid-labels,family-hub
/resort-wristband-manufacturer,/products/rfid-wristbands,family-hub
/concert-bracelets-factories,/products/rfid-wristbands,family-hub
/ving-cards-suppliers,/products/rfid-cards,family-hub
/custom-uhf-rfid-tag-reader,/products/rfid-readers,family-hub
/student-identity-card-suppliers,/products/rfid-cards,family-hub
/1356-mhz-rfid-reader-suppliers,/products/rfid-readers,family-hub
/uhf-rfid-labels-factories,/products/rfid-labels,family-hub
/high-quality-rfid-proximity-reader,/products/rfid-readers,family-hub
/rfid-laundry-tag-manufacturer,/products/rfid-tags,family-hub
/rfid-integrated-reader-manufacturer,/products/rfid-readers,family-hub
/nfc-215-card-suppliers,/products/rfid-cards,family-hub
/custom-metro-cards,/products/rfid-cards,family-hub
/rfid-chip-bracelet-supplier,/products/rfid-wristbands,family-hub
/uhf-laundry-tag-manufacturers,/products/rfid-tags,family-hub
/wholesale-long-distance-rfid-reader,/products/rfid-readers,family-hub
/nfc-key-fob-suppliers,/products/rfid-keyfobs,family-hub
/rfid-identity-card-supplier,/products/rfid-cards,family-hub
/custom-rfid-tracking-stickers,/products/rfid-labels,family-hub
/custom-wood-business-cards,/products/rfid-cards,family-hub
/high-quality-programmable-rfid-cards,/products/rfid-cards,family-hub
/contactless-cards-supplier,/products/rfid-cards,family-hub
/tamper-evident-labels-factories,/products/rfid-labels,family-hub
/nfc-sticker-android-factory,/products/rfid-labels,family-hub
/event-wristbands-manufacturer,/products/rfid-wristbands,family-hub
/wood-visit-card-factory,/products/rfid-cards,family-hub
/custom-mifare-1k-classic-card,/products/rfid-cards,family-hub
/rail-cards-factory,/products/rfid-cards,family-hub
/custom-125-khz-rfid-cards,/products/rfid-cards,family-hub
/uhf-rfid-labels-supplier,/products/rfid-labels,family-hub
/long-distance-rfid-reader-manufacturers,/products/rfid-readers,family-hub
/uhf-label-factories,/products/rfid-labels,family-hub
/125khz-rfid-card-suppliers,/products/rfid-cards,family-hub
/high-quality-rfid-bands,/products/rfid-wristbands,family-hub
/wholesale-uhf-rfid-tag-reader,/products/rfid-readers,family-hub
/mifare-cards-factories,/products/rfid-cards,family-hub
/wholesale-high-frequency-rfid-reader,/products/rfid-readers,family-hub
/custom-fair-wrist-bands,/products/rfid-wristbands,family-hub
/card-bus-manufacturers,/products/rfid-cards,family-hub
/china-personalized-wristbands-for-events,/products/rfid-wristbands,family-hub
/tamper-resistant-labels-manufacturer,/products/rfid-labels,family-hub
/rfid-laundry-tags-factory,/products/rfid-tags,family-hub
/rfid-label-tags-supplier,/products/rfid-labels,family-hub
/mifare-1356-mhz-card-manufacturers,/products/rfid-cards,family-hub
/ntag215-nfc-cards-manufacturer,/products/rfid-cards,family-hub
/lf-rfid-reader-manufacturer,/products/rfid-readers,family-hub
/bus-pass-card-supplier,/products/rfid-cards,family-hub
/china-card-for-bus,/products/rfid-cards,family-hub
/custom-rfid-tags-and-labels,/products/rfid-labels,family-hub
/printable-nfc-cards-manufacturer,/products/rfid-cards,family-hub
/bracelets-event-manufacturer,/products/rfid-wristbands,family-hub
/hotel-cards-manufacturer,/products/rfid-cards,family-hub
/wholesale-rfid-proximity-card-reader,/products/rfid-readers,family-hub
/high-quality-clone-prox-card,/products/rfid-cards,family-hub
/concert-bracelets-supplier,/products/rfid-wristbands,family-hub
/nfc-stickers-supplier,/products/rfid-labels,family-hub
/rfid-tracking-stickers-supplier,/products/rfid-labels,family-hub
/uhf-rfid-tag-factories,/products/rfid-tags,family-hub
/programmable-rfid-cards-manufacturers,/products/rfid-cards,family-hub
/reader-uhf-factory,/products/rfid-readers,family-hub
/key-card-copier-factory,/products/rfid-cards,family-hub
/nfc-business-cards-manufacturers,/products/rfid-cards,family-hub
/china-mobile-rfid-reader,/products/rfid-readers,family-hub
/custom-printed-rfid-cards,/products/rfid-cards,family-hub
/high-quality-bamboo-nfc-business-cards,/products/rfid-cards,family-hub
/wholesale-bamboo-business-cards,/products/rfid-cards,family-hub
/nfc-card-supplier,/products/rfid-cards,family-hub
/rfid-card-reader-writer-supplier,/products/rfid-readers,family-hub
/rfid-chip-bracelet-suppliers,/products/rfid-wristbands,family-hub
/china-rfid-tag-label,/products/rfid-labels,family-hub
/rfid-laundry-tags-supplier,/products/rfid-tags,family-hub
/wholesale-mobile-rfid-reader,/products/rfid-readers,family-hub
/hf-rfid-reader-suppliers,/products/rfid-readers,family-hub
/high-quality-em-prox-card,/products/rfid-cards,family-hub
/high-quality-nfc-tag-ntag213,/products/rfid-cards/mifare-ultralight-c-card,family-hub
/wholesale-copying-rfid-cards,/products/rfid-cards,family-hub
/china-rfid-card-with-chip,/products/rfid-cards,family-hub
/custom-rfid-silicone-wristbands,/products/rfid-wristbands,family-hub
/gas-card-suppliers,/products/rfid-cards,family-hub
/rfid-tag-reader-writer-manufacturer,/products/rfid-readers,family-hub
/custom-rfid-tag-reader-writer,/products/rfid-readers,family-hub
/high-quality-reader-uhf,/products/rfid-readers,family-hub
/pvc-rfid-card-manufacturers,/products/rfid-cards,family-hub
/custom-event-entry-bracelets,/products/rfid-wristbands,family-hub
/uhf-rfid-tag-reader-suppliers,/products/rfid-readers,family-hub
/radio-frequency-identification-labels-supplier,/products/rfid-labels,family-hub
/china-ntag215-nfc-cards,/products/rfid-cards,family-hub
/high-quality-gas-saving-cards,/products/rfid-cards,family-hub
/custom-handheld-rfid-reader,/products/rfid-readers,family-hub
/programmable-rfid-cards-factories,/products/rfid-cards,family-hub
/smart-cards-manufacturers,/products/rfid-cards,family-hub
/rfid-laundry-tags-suppliers,/products/rfid-tags,family-hub
/custom-rfid-for-key-fob,/products/rfid-keyfobs,family-hub
/rfid-proximity-reader-factories,/products/rfid-readers,family-hub
/rail-cards-factories,/products/rfid-cards,family-hub
/125-khz-rfid-cards-factories,/products/rfid-cards,family-hub
/rfid-key-fob-manufacturers,/products/rfid-keyfobs,family-hub
/custom-tamper-evident-stickers,/products/rfid-labels,family-hub
/custom-rfid-laundry-tag,/products/rfid-tags,family-hub
/high-quality-wooden-nfc-card,/products/rfid-cards,family-hub
/wholesale-uhf-card-reader,/products/rfid-readers,family-hub
/rfid-reader-125-khz-factory,/products/rfid-readers,family-hub
/custom-uhf-rfid-handheld-reader,/products/rfid-readers,family-hub
/festival-wrist-band-manufacturers,/products/rfid-wristbands,family-hub
/rfid-stickers-manufacturer,/products/rfid-labels,family-hub
/ultra-high-frequency-rfid-reader-factories,/products/rfid-readers,family-hub
/key-card-copier-supplier,/products/rfid-cards,family-hub
/rfid-silicone-bracelets-manufacturers,/products/rfid-wristbands,family-hub
/uhf-sticker-supplier,/products/rfid-labels,family-hub
/mini-rfid-reader-manufacturer,/products/rfid-readers,family-hub
/festival-bracelets-suppliers,/products/rfid-wristbands,family-hub
/personalised-party-wristbands-factories,/products/rfid-wristbands,family-hub
/nfc-ntag215-stickers-factory,/products/rfid-labels,family-hub
/high-quality-125khz-rfid-tag-sticker,/products/rfid-labels,family-hub
/uhf-laundry-tag-manufacturer,/products/rfid-tags,family-hub
/ntag215-cards-manufacturer,/products/rfid-cards,family-hub
/uhf-rfid-reader-factory,/products/rfid-readers,family-hub
/brt-card-manufacturer,/products/rfid-cards,family-hub
/uhf-card-reader-manufacturer,/products/rfid-readers,family-hub
/rfid-tracking-stickers-factories,/products/rfid-labels,family-hub
/blank-nfc-cards-suppliers,/products/rfid-cards,family-hub
/custom-copying-an-rfid-card,/products/rfid-cards,family-hub
/wholesale-portable-rfid-reader,/products/rfid-readers,family-hub
/wholesale-em-prox-card,/products/rfid-cards,family-hub
/rfid-key-fob-factory,/products/rfid-keyfobs,family-hub
/blank-rfid-cards-factories,/products/rfid-cards,family-hub
/festival-wrist-band-factory,/products/rfid-wristbands,family-hub
/china-blank-nfc-cards,/products/rfid-cards,family-hub
/rfid-access-card-factories,/products/rfid-cards,family-hub
/custom-event-bracelets,/products/rfid-wristbands,family-hub
/rfid-chip-bracelet-manufacturer,/products/rfid-wristbands,family-hub
/uhf-reader-manufacturer,/products/rfid-readers,family-hub
/high-quality-t5577-rfid,/products/rfid-cards/em4100-rfid-card,family-hub
/uhf-tags-suppliers,/products/rfid-tags,family-hub
/rfid-door-reader-manufacturers,/products/rfid-readers,family-hub
/key-fob-nfc-factory,/products/rfid-keyfobs,family-hub
/rfid-card-writer-suppliers,/products/rfid-cards,family-hub
/tamper-resistant-labels-supplier,/products/rfid-labels,family-hub
/programmable-nfc-stickers-manufacturers,/products/rfid-labels,family-hub
/wholesale-uhf-long-range-reader,/products/rfid-readers,family-hub
/high-frequency-rfid-reader-suppliers,/products/rfid-readers,family-hub
/tamper-evident-stickers-factories,/products/rfid-labels,family-hub
/tag-uhf-rfid-manufacturer,/products/rfid-tags,family-hub
/long-range-rfid-tag-reader-supplier,/products/rfid-readers,family-hub
/student-bus-pass-card-supplier,/products/rfid-cards,family-hub
/blank-nfc-cards-manufacturers,/products/rfid-cards,family-hub
/china-programming-nfc-stickers,/products/rfid-labels,family-hub
/rfid-bands-manufacturer,/products/rfid-wristbands,family-hub
/china-programmable-rfid-cards,/products/rfid-cards,family-hub
/anti-metal-nfc-sticker-supplier,/products/rfid-labels,family-hub
/rfid-printable-labels-manufacturer,/products/rfid-labels,family-hub
/custom-tamper-evident-labels,/products/rfid-labels,family-hub
/shelf-label-strips-manufacturer,/products/rfid-labels,family-hub
/custom-card-bus,/products/rfid-cards,family-hub
/small-rfid-reader-suppliers,/products/rfid-readers,family-hub
/wholesale-charge-card,/products/rfid-cards,family-hub
/uhf-rfid-card-factories,/products/rfid-tags,family-hub
/duplicate-rfid-card-manufacturers,/products/rfid-cards,family-hub
/wholesale-duplicate-rfid-key-fob,/products/rfid-keyfobs,family-hub
/nfc-tag-stickers-factory,/products/rfid-labels,family-hub
/rfid-proximity-card-reader-manufacturer,/products/rfid-readers,family-hub
/bracelets-event-supplier,/products/rfid-wristbands,family-hub
/tag-rfid-uhf-factories,/products/rfid-tags,family-hub
/rfid-card-reader-factories,/products/rfid-readers,family-hub
/custom-hf-cards,/products/rfid-cards,family-hub
/clone-prox-card-supplier,/products/rfid-cards,family-hub
/wholesale-personalised-wristbands-for-events,/products/rfid-wristbands,family-hub
/clone-contactless-card-factories,/products/rfid-cards,family-hub
/tamper-proof-stickers-manufacturer,/products/rfid-labels,family-hub
/metro-cards-manufacturers,/products/rfid-cards,family-hub
/bamboo-business-cards-supplier,/products/rfid-cards,family-hub
/high-quality-rfid-access-card,/products/rfid-cards,family-hub
/high-quality-public-transport-card,/products/rfid-cards,family-hub
/ntag215-stickers-manufacturers,/products/rfid-labels,family-hub
/rfid-proximity-card-readers-manufacturer,/products/rfid-readers,family-hub
/concert-bracelets-suppliers,/products/rfid-wristbands,family-hub
/rail-cards-suppliers,/products/rfid-cards,family-hub
/nfc-tag-ntag213-manufacturer,/products/rfid-cards/mifare-ultralight-c-card,family-hub
/china-bus-cards,/products/rfid-cards,family-hub
/china-rfid-stickers,/products/rfid-labels,family-hub
/wholesale-fob-cards,/products/rfid-cards,family-hub
/nfc-tag-stickers-supplier,/products/rfid-labels,family-hub
/public-transport-card-supplier,/products/rfid-cards,family-hub
/student-identity-card-manufacturer,/products/rfid-cards,family-hub
/china-tag-rfid-uhf,/products/rfid-tags,family-hub
/travel-bus-card-manufacturers,/products/rfid-cards,family-hub
/wholesale-mifare-cards,/products/rfid-cards,family-hub
/china-rfid-card-scanner,/products/rfid-cards,family-hub
/bamboo-business-cards-manufacturers,/products/rfid-cards,family-hub
/carnival-wristbands-manufacturer,/products/rfid-wristbands,family-hub
/high-quality-wooden-name-cards,/products/rfid-cards,family-hub
/china-student-identification-card,/products/rfid-cards,family-hub
/wholesale-rfid-tag-label,/products/rfid-labels,family-hub
/usb-nfc-reader-manufacturer,/products/rfid-readers,family-hub
/1342-khz-rfid-reader-factory,/products/rfid-readers,family-hub
/custom-concert-wrist-band,/products/rfid-wristbands,family-hub
/rfid-chip-wristband-manufacturer,/products/rfid-wristbands,family-hub
/high-quality-nfc-reader-writer,/products/rfid-readers,family-hub
/high-quality-rfid-tag-and-rfid-reader,/products/rfid-readers,family-hub
/rfid-festival-wristbands-manufacturers,/products/rfid-wristbands,family-hub
/wholesale-wrist-bands-for-party,/products/rfid-wristbands,family-hub
/gas-card-factories,/products/rfid-cards,family-hub
/ntag215-stickers-manufacturer,/products/rfid-labels,family-hub
/high-quality-bus-pass-card,/products/rfid-cards,family-hub
/uhf-rfid-stickers-suppliers,/products/rfid-labels,family-hub
/uhf-rfid-tag-reader-factory,/products/rfid-readers,family-hub
/china-rfid-reader-writer-1356-mhz,/products/rfid-readers,family-hub
/wholesale-uhf-sticker,/products/rfid-labels,family-hub
/china-hotel-wristbands,/products/rfid-wristbands,family-hub
/custom-card-smart,/products/rfid-cards,family-hub
/fob-cards-factories,/products/rfid-cards,family-hub
/rfid-key-cards-manufacturer,/products/rfid-cards,family-hub
/nfc-copy-key-card-manufacturers,/products/rfid-cards,family-hub
/china-gas-card,/products/rfid-cards,family-hub
/wholesale-rfid-smart-card,/products/rfid-cards,family-hub
/custom-wrist-band-for-events,/products/rfid-wristbands,family-hub
/custom-event-wrist-band,/products/rfid-wristbands,family-hub
/bamboo-nfc-card-factories,/products/rfid-cards,family-hub
/china-printed-wristbands-for-events,/products/rfid-wristbands,family-hub
/fixed-rfid-reader-supplier,/products/rfid-readers,family-hub
/china-nfc-reader-writer,/products/rfid-readers,family-hub
/uhf-label-manufacturer,/products/rfid-labels,family-hub
/wholesale-ntag215-nfc-cards,/products/rfid-cards,family-hub
/party-bracelet-manufacturers,/products/rfid-wristbands,family-hub
/custom-uhf-cards,/products/rfid-tags,family-hub
/uhf-rfid-sticker-manufacturers,/products/rfid-labels,family-hub
/china-clone-rfid-key-fob,/products/rfid-keyfobs,family-hub
/high-quality-bus-card-pass,/products/rfid-cards,family-hub
/fuel-card-manufacturers,/products/rfid-cards,family-hub
/custom-lf-rfid-reader,/products/rfid-readers,family-hub
/blank-nfc-cards-factory,/products/rfid-cards,family-hub
/nfc-keyfobs-manufacturers,/products/rfid-keyfobs,family-hub
/iso-card-factory,/products/rfid-cards,family-hub
/tag-uhf-rfid-factories,/products/rfid-tags,family-hub
/high-quality-prox-cards,/products/rfid-cards,family-hub
/uhf-rfid-handheld-reader-supplier,/products/rfid-readers,family-hub
/custom-rfid-card-reader,/products/rfid-readers,family-hub
/uhf-rfid-laundry-tag-manufacturers,/products/rfid-tags,family-hub
/high-quality-card-rfid-125khz,/products/rfid-cards,family-hub
/custom-bamboo-business-cards,/products/rfid-cards,family-hub
/custom-rfid-chip-reader-writer,/products/rfid-readers,family-hub
/tag-uhf-rfid-supplier,/products/rfid-tags,family-hub
/china-charge-card,/products/rfid-cards,family-hub
/wood-visit-card-factories,/products/rfid-cards,family-hub
/transit-card-supplier,/products/rfid-cards,family-hub
/uhf-rfid-laundry-tag-factory,/products/rfid-tags,family-hub
/wholesale-prox-cards,/products/rfid-cards,family-hub
/uhf-cards-manufacturers,/products/rfid-tags,family-hub
/tag-rfid-uhf-factory,/products/rfid-tags,family-hub
/party-bracelet-supplier,/products/rfid-wristbands,family-hub
/desfire-card-suppliers,/products/rfid-cards/mifare-desfire-ev3-card,family-hub
/custom-nfc-business-cards,/products/rfid-cards,family-hub
/rfid-tag-label-factories,/products/rfid-labels,family-hub
/china-tag-uhf-rfid,/products/rfid-tags,family-hub
/wholesale-rfid-identity-card,/products/rfid-cards,family-hub
/china-uhf-sticker,/products/rfid-labels,family-hub
/uhf-rfid-antenna-manufacturers,/products/rfid-tags,family-hub
/rfid-proximity-card-factories,/products/rfid-cards,family-hub
/china-tag-uhf,/products/rfid-tags,family-hub
/china-black-nfc-cards,/products/rfid-cards,family-hub
/petrol-card-supplier,/products/rfid-cards,family-hub
/party-wrist-band-supplier,/products/rfid-wristbands,family-hub
/mifare-cards-suppliers,/products/rfid-cards,family-hub
/rfid-integrated-reader-manufacturers,/products/rfid-readers,family-hub
/wholesale-rfid-card-reader,/products/rfid-readers,family-hub
/event-wristbands-factories,/products/rfid-wristbands,family-hub
/rfid-proximity-reader-suppliers,/products/rfid-readers,family-hub
/card-bus-suppliers,/products/rfid-cards,family-hub
/nfc-tag-card-manufacturers,/products/rfid-cards,family-hub
/high-quality-radio-frequency-identification-labels,/products/rfid-labels,family-hub
/t5577-card-factories,/products/rfid-cards/em4100-rfid-card,family-hub
/duplicate-rfid-key-fob-factories,/products/rfid-keyfobs,family-hub
/china-student-transport-card,/products/rfid-cards,family-hub
/high-quality-international-id-card,/products/rfid-cards,family-hub
/china-rfid-reader-125-khz,/products/rfid-readers,family-hub
/rfid-wristbands-factory,/products/rfid-wristbands,family-hub
/mini-rfid-reader-manufacturers,/products/rfid-readers,family-hub
/uhf-sticker-factories,/products/rfid-labels,family-hub
/wholesale-wiegand-rfid-reader,/products/rfid-readers,family-hub
/rfid-proximity-card-manufacturers,/products/rfid-cards,family-hub
/china-handheld-reader-rfid,/products/rfid-readers,family-hub
/high-quality-1356-mhz-rfid-reader-writer,/products/rfid-readers,family-hub
/custom-electronic-key-fob-replacement,/products/rfid-keyfobs,family-hub
/mifare-1356-mhz-card-factories,/products/rfid-cards,family-hub
/china-desfire-card,/products/rfid-cards/mifare-desfire-ev3-card,family-hub
/wholesale-tag-reader,/products/rfid-readers,family-hub
/bus-cards-suppliers,/products/rfid-cards,family-hub
/high-quality-wrist-band-tickets,/products/rfid-wristbands,family-hub
/china-nfc-stickers,/products/rfid-labels,family-hub
/smart-cards-factories,/products/rfid-cards,family-hub
/rfid-proximity-card-readers-suppliers,/products/rfid-readers,family-hub
/china-ntag213-nfc-tag,/products/rfid-cards/mifare-ultralight-c-card,family-hub
/fair-wrist-bands-factory,/products/rfid-wristbands,family-hub
/mifare-cards-factory,/products/rfid-cards,family-hub
/high-quality-rfid-gate-opener-sticker,/products/rfid-labels,family-hub
/china-festival-wrist-band,/products/rfid-wristbands,family-hub
/wholesale-carnival-wristbands,/products/rfid-wristbands,family-hub
/party-wrist-band-manufacturers,/products/rfid-wristbands,family-hub
/high-quality-uhf-label,/products/rfid-labels,family-hub
/high-quality-1356-mhz-rfid-card,/products/rfid-cards,family-hub
/programmable-rfid-cards-supplier,/products/rfid-cards,family-hub
/transit-card-manufacturers,/products/rfid-cards,family-hub
/wholesale-long-range-rfid-reader,/products/rfid-readers,family-hub
/custom-key-fob-nfc,/products/rfid-keyfobs,family-hub
/rfid-laundry-tag-suppliers,/products/rfid-tags,family-hub
/custom-copy-rfid-card,/products/rfid-cards,family-hub
/bamboo-nfc-business-cards-manufacturer,/products/rfid-cards,family-hub
/wood-working-business-cards-manufacturer,/products/rfid-cards,family-hub
/custom-rfid-printable-labels,/products/rfid-labels,family-hub
/high-quality-rfid-festival-wristbands,/products/rfid-wristbands,family-hub
/electronic-key-fob-replacement-factory,/products/rfid-keyfobs,family-hub
/custom-rfid-festival-wristbands,/products/rfid-wristbands,family-hub
/rfid-tag-label-supplier,/products/rfid-labels,family-hub
/ntag215-nfc-cards-suppliers,/products/rfid-cards,family-hub
/custom-uhf-rfid-labels,/products/rfid-labels,family-hub
/wholesale-proximity-cards,/products/rfid-cards,family-hub
/high-quality-party-bracelet,/products/rfid-wristbands,family-hub
/rfid-proximity-card-manufacturer,/products/rfid-cards,family-hub
/china-rfid-smart-card,/products/rfid-cards,family-hub
/custom-rfid-reader-writer-1356-mhz,/products/rfid-readers,family-hub
/printed-nfc-cards-factories,/products/rfid-cards,family-hub
/rfid-labels-manufacturers,/products/rfid-labels,family-hub
/custom-uhf-sticker,/products/rfid-labels,family-hub
/personalised-festival-bands-factory,/products/rfid-wristbands,family-hub
/personalised-festival-wristbands-factory,/products/rfid-wristbands,family-hub
/rfid-barcode-labels-factories,/products/rfid-labels,family-hub
/china-rfid-readers,/products/rfid-readers,family-hub
/custom-bracelets-event,/products/rfid-wristbands,family-hub
/custom-wristbands-for-charity,/products/rfid-wristbands,family-hub
/wood-working-business-cards-manufacturers,/products/rfid-cards,family-hub
/uhf-rfid-tag-factory,/products/rfid-tags,family-hub
/card-bus-pass-manufacturer,/products/rfid-cards,family-hub
/tamper-evident-labels-factory,/products/rfid-labels,family-hub
/duplicate-rfid-card-factory,/products/rfid-cards,family-hub
/nfc-tag-card-supplier,/products/rfid-cards,family-hub
/rfid-identity-card-factory,/products/rfid-cards,family-hub
/tag-uhf-rfid-factory,/products/rfid-tags,family-hub
/high-quality-music-festival-wristbands,/products/rfid-wristbands,family-hub
/uhf-tags-manufacturer,/products/rfid-tags,family-hub
/high-quality-rfid-reader-and-writer,/products/rfid-readers,family-hub
/wholesale-rfid-wristbands-for-events,/products/rfid-wristbands,family-hub
/concert-bracelets-manufacturer,/products/rfid-wristbands,family-hub
/custom-rfid-key-cards,/products/rfid-cards,family-hub
/rfid-tag-reader-writer-suppliers,/products/rfid-readers,family-hub
/wholesale-card-proximity,/products/rfid-cards,family-hub
/programmable-nfc-stickers-supplier,/products/rfid-labels,family-hub
/custom-party-wrist-band,/products/rfid-wristbands,family-hub
/high-quality-rfid-labels,/products/rfid-labels,family-hub
/high-quality-passive-rfid-reader,/products/rfid-readers,family-hub
/high-quality-rfid-tag-reader,/products/rfid-readers,family-hub
/brt-card-suppliers,/products/rfid-cards,family-hub
/nfc-stickers-factories,/products/rfid-labels,family-hub
/china-rfid-card-programmer,/products/rfid-cards,family-hub
/international-student-id-card-factories,/products/rfid-cards,family-hub
/rfid-gate-opener-sticker-manufacturers,/products/rfid-labels,family-hub
/high-quality-printed-rfid-cards,/products/rfid-cards,family-hub
/wholesale-portable-uhf-rfid-reader,/products/rfid-readers,family-hub
/wholesale-rfid-tag-reader-writer,/products/rfid-readers,family-hub
/nfc-ntag215-stickers-supplier,/products/rfid-labels,family-hub
/wholesale-card-smart,/products/rfid-cards,family-hub
/rfid-reader-ic-factory,/products/rfid-readers,family-hub
/uhf-rfid-stickers-factories,/products/rfid-labels,family-hub
/mifare-1k-classic-card-supplier,/products/rfid-cards,family-hub
/china-hf-rfid-reader,/products/rfid-readers,family-hub
/rfid-laundry-tag-supplier,/products/rfid-tags,family-hub
/wholesale-international-student-card,/products/rfid-cards,family-hub
/ntag215-stickers-factories,/products/rfid-labels,family-hub
/china-rfid-identity-card,/products/rfid-cards,family-hub
/tag-reader-suppliers,/products/rfid-readers,family-hub
/custom-international-id-card,/products/rfid-cards,family-hub
/em4100-card-factories,/products/rfid-cards/em4100-rfid-card,family-hub
/clone-contactless-card-factory,/products/rfid-cards,family-hub
/rfid-sticker-tags-suppliers,/products/rfid-labels,family-hub
/event-wrist-band-manufacturers,/products/rfid-wristbands,family-hub
/student-cards-factory,/products/rfid-cards,family-hub
/custom-rfid-door-reader,/products/rfid-readers,family-hub
/wholesale-personalised-festival-wristbands,/products/rfid-wristbands,family-hub
/rfid-uhf-tag-factory,/products/rfid-tags,family-hub
/usb-nfc-reader-factory,/products/rfid-readers,family-hub
/rfid-reader-ic-suppliers,/products/rfid-readers,family-hub
/wholesale-nfc-stickers,/products/rfid-labels,family-hub
/bamboo-business-cards-suppliers,/products/rfid-cards,family-hub
/clone-access-card-suppliers,/products/rfid-cards,family-hub
/china-rfid-smart-labels,/products/rfid-labels,family-hub
/rfid-printable-labels-suppliers,/products/rfid-labels,family-hub
/uhf-rfid-stickers-supplier,/products/rfid-labels,family-hub
/party-wrist-band-factories,/products/rfid-wristbands,family-hub
/china-all-inclusive-resort-wristband,/products/rfid-wristbands,family-hub
/china-programmable-nfc-stickers,/products/rfid-labels,family-hub
/custom-rfid-silicone-bracelets,/products/rfid-wristbands,family-hub
/high-quality-high-frequency-rfid-reader,/products/rfid-readers,family-hub
/high-quality-rfid-printable-labels,/products/rfid-labels,family-hub
/uhf-card-reader-supplier,/products/rfid-readers,family-hub
/concert-wrist-band-factory,/products/rfid-wristbands,family-hub
/high-frequency-rfid-reader-manufacturers,/products/rfid-readers,family-hub
/high-quality-rfid-door-reader,/products/rfid-readers,family-hub
/custom-programmable-rfid-cards,/products/rfid-cards,family-hub
/high-quality-rfid-smart-card,/products/rfid-cards,family-hub
/custom-blank-rfid-cards,/products/rfid-cards,family-hub
/nfc-ntag215-stickers-factories,/products/rfid-labels,family-hub
/long-range-uhf-rfid-reader-manufacturers,/products/rfid-readers,family-hub
/rfid-tag-reader-factory,/products/rfid-readers,family-hub
/china-ntag215-stickers,/products/rfid-labels,family-hub
/rfid-chip-bracelet-factories,/products/rfid-wristbands,family-hub
/wholesale-rfid-card-access-control,/products/rfid-cards,family-hub
/wood-visit-card-manufacturer,/products/rfid-cards,family-hub
/high-quality-hf-cards,/products/rfid-cards,family-hub
/wooden-rfid-card-factory,/products/rfid-cards,family-hub
/uhf-rfid-tag-supplier,/products/rfid-tags,family-hub
/clone-rfid-key-fob-manufacturer,/products/rfid-keyfobs,family-hub
/rfid-silicone-wristbands-factory,/products/rfid-wristbands,family-hub
/custom-armbands-for-events,/products/rfid-wristbands,family-hub
/duplicate-electronic-key-fob-suppliers,/products/rfid-keyfobs,family-hub
/high-quality-rfid-integrated-reader,/products/rfid-readers,family-hub
/high-quality-uhf-tags,/products/rfid-tags,family-hub
/event-wrist-band-suppliers,/products/rfid-wristbands,family-hub
/duplicate-electronic-key-fob-factories,/products/rfid-keyfobs,family-hub
/nfc-sticker-android-factories,/products/rfid-labels,family-hub
/rfid-label-tags-manufacturer,/products/rfid-labels,family-hub
/event-bracelets-supplier,/products/rfid-wristbands,family-hub
/wholesale-concert-bracelets,/products/rfid-wristbands,family-hub
/wholesale-entry-wristbands-for-events,/products/rfid-wristbands,family-hub
/waterpark-wristband-factory,/products/rfid-wristbands,family-hub
/nfc-copy-key-card-supplier,/products/rfid-cards,family-hub
/student-bus-pass-card-suppliers,/products/rfid-cards,family-hub
/high-quality-concert-bracelets,/products/rfid-wristbands,family-hub
/wood-business-cards-manufacturer,/products/rfid-cards,family-hub
/shelf-label-strips-factory,/products/rfid-labels,family-hub
/rfid-sticker-tags-manufacturers,/products/rfid-labels,family-hub
/rfid-identity-card-manufacturers,/products/rfid-cards,family-hub
/wholesale-wooden-nfc-card,/products/rfid-cards,family-hub
/china-uhf-rfid-stickers,/products/rfid-labels,family-hub
/charge-card-suppliers,/products/rfid-cards,family-hub
/wholesale-event-bracelets,/products/rfid-wristbands,family-hub
/portable-rfid-reader-supplier,/products/rfid-readers,family-hub
/china-bamboo-nfc-card,/products/rfid-cards,family-hub
/china-hotel-cards,/products/rfid-cards,family-hub
/custom-fob-cards,/products/rfid-cards,family-hub
/wholesale-t5577-rfid,/products/rfid-cards/em4100-rfid-card,family-hub
/rfid-key-cards-suppliers,/products/rfid-cards,family-hub
/portable-uhf-rfid-reader-manufacturers,/products/rfid-readers,family-hub
/china-rfid-for-key-fob,/products/rfid-keyfobs,family-hub
/high-quality-tag-uhf-rfid,/products/rfid-tags,family-hub
/fob-cards-manufacturers,/products/rfid-cards,family-hub
/high-quality-mifare-cards,/products/rfid-cards,family-hub
/personalised-festival-wristbands-supplier,/products/rfid-wristbands,family-hub
/wholesale-smart-cards,/products/rfid-cards,family-hub
/uhf-rfid-antenna-manufacturer,/products/rfid-tags,family-hub
/rfid-reader-writer-factory,/products/rfid-readers,family-hub
/petrol-card-factory,/products/rfid-cards,family-hub
/tamper-resistant-labels-factory,/products/rfid-labels,family-hub
/uhf-rfid-reader-manufacturer,/products/rfid-readers,family-hub
/wholesale-tags-laundry,/products/rfid-tags,family-hub
/party-bracelet-suppliers,/products/rfid-wristbands,family-hub
/china-rfid-laundry-tag,/products/rfid-tags,family-hub
/rfid-readers-suppliers,/products/rfid-readers,family-hub
/wholesale-card-bus-pass,/products/rfid-cards,family-hub
/china-rfid-proximity-card,/products/rfid-cards,family-hub
/rfid-door-reader-supplier,/products/rfid-readers,family-hub
/wholesale-bamboo-nfc-business-cards,/products/rfid-cards,family-hub
/personalized-festival-wristbands-suppliers,/products/rfid-wristbands,family-hub
/event-wrist-band-factory,/products/rfid-wristbands,family-hub
/proximity-cards-factory,/products/rfid-cards,family-hub
/rfid-labels-factories,/products/rfid-labels,family-hub
/wholesale-rfid-reader-ic,/products/rfid-readers,family-hub
/rfid-chip-wristband-manufacturers,/products/rfid-wristbands,family-hub
/uhf-rfid-antenna-supplier,/products/rfid-tags,family-hub
/programmable-rfid-cards-manufacturer,/products/rfid-cards,family-hub
/wholesale-wrist-band-tickets,/products/rfid-wristbands,family-hub
/custom-plastic-wristbands-for-events,/products/rfid-wristbands,family-hub
/china-rfid-labels,/products/rfid-labels,family-hub
/festival-bracelets-factories,/products/rfid-wristbands,family-hub
/rfid-bands-suppliers,/products/rfid-wristbands,family-hub
/rfid-card-scanner-supplier,/products/rfid-cards,family-hub
/uhf-rfid-card-manufacturers,/products/rfid-tags,family-hub
/custom-nfc-key-fob,/products/rfid-keyfobs,family-hub
/high-quality-rfid-proximity-card,/products/rfid-cards,family-hub
/high-quality-student-identity-card,/products/rfid-cards,family-hub
/resort-wristband-factory,/products/rfid-wristbands,family-hub
/rfid-bracelet-supplier,/products/rfid-wristbands,family-hub
/1356-mhz-rfid-reader-writer-manufacturer,/products/rfid-readers,family-hub
/wholesale-reader-rfid-uhf,/products/rfid-readers,family-hub
/wholesale-waterpark-wristband,/products/rfid-wristbands,family-hub
/party-bracelet-factories,/products/rfid-wristbands,family-hub
/custom-small-rfid-reader,/products/rfid-readers,family-hub
/programmable-nfc-stickers-suppliers,/products/rfid-labels,family-hub
/wooden-name-cards-manufacturers,/products/rfid-cards,family-hub
/rfid-card-reader-writer-factory,/products/rfid-readers,family-hub
/high-quality-rfid-wrist-band,/products/rfid-wristbands,family-hub
/china-smart-cards,/products/rfid-cards,family-hub
/custom-all-inclusive-resort-wristband,/products/rfid-wristbands,family-hub
/china-bus-pass-card,/products/rfid-cards,family-hub
/wholesale-1356-mhz-rfid-card,/products/rfid-cards,family-hub
/nfc-tag-card-manufacturer,/products/rfid-cards,family-hub
/clone-rfid-key-fob-manufacturers,/products/rfid-keyfobs,family-hub
/poultry-rfid-leg-band,/products/rfid-wristbands,family-hub
/uhf-anti-metal-tag,/products/rfid-tags,family-hub
/uhf-cylinder-tags,/products/rfid-tags,family-hub
/uhf-screw-tag,/products/rfid-tags,family-hub
/uhf-bolt-tag,/products/rfid-tags,family-hub
/uhf-on-metal-labels,/products/rfid-labels,family-hub
/uhf-flexible-anti-metal-label,/products/rfid-labels,family-hub
/rfid-windshield-label,/products/rfid-labels,family-hub
/uhf-rfid-windshield-tag,/products/rfid-tags,family-hub
/rfid-car-sticker,/products/rfid-labels,family-hub
/rfid-tamperproof-label,/products/rfid-labels,family-hub
/rfid-fragile-label,/products/rfid-labels,family-hub
/rfid-library-labels,/products/rfid-labels,family-hub
/rfid-jewelry-label-tags,/products/rfid-labels,family-hub
/rfid-jewelry-label,/products/rfid-labels,family-hub
/pps-laundry-tag,/products/rfid-tags,family-hub
/plastic-laundry-tags,/products/rfid-tags,family-hub
/laundry-chip,/products/rfid-tags,family-hub
/washable-laundry-tags,/products/rfid-tags,family-hub
/laundry-id-tags,/products/rfid-tags,family-hub
/nfc-laundry-tag,/products/rfid-tags,family-hub
/laundry-tags-for-washing,/products/rfid-tags,family-hub
/uhf-metal-tag,/products/rfid-tags,family-hub
/mifare-plus-s-2k,/products/rfid-cards/mifare-plus-se-card,family-hub
/rfid-cards-1,/products/rfid-cards,family-hub
/mifare-access-cards,/products/rfid-cards,family-hub
/payment-card,/products/rfid-cards,family-hub
/contactless-smart-card,/products/rfid-cards,family-hub
/rfid-card-manufacturers,/products/rfid-cards,family-hub
/desfire-ev2-4k,/products/rfid-cards/mifare-desfire-ev3-card,family-hub
/mifare-desfire-ev2-2k,/products/rfid-cards/mifare-desfire-ev3-card,family-hub
/em4305,/products/rfid-cards/em4100-rfid-card,family-hub
/hotel-key-cards-rfid-wood-cards,/products/rfid-cards,family-hub
/mifare-ultralight-c,/products/rfid-cards/mifare-ultralight-c-card,family-hub
/rfid-wooden-card,/products/rfid-cards,family-hub
/pvc-wristbands,/products/rfid-wristbands,family-hub
/rfid-event-wristbands,/products/rfid-wristbands,family-hub
/laundry-management,/products/rfid-tags,family-hub
/news/sustainability-meets-innovation-the-rise-of-eco-friendly-rfid-cards,/products/rfid-cards,family-hub
/event-management-1/rfid-festival-wristbands-for-event-management,/products/rfid-wristbands,family-hub
/access-control/bus-cards-for-efficient-public-transportation,/products/rfid-cards,family-hub
/automotive/rfid-cards-simplifies-ev-charging-process,/products/rfid-cards,family-hub
/automotive/rfid-technology-in-laundry-management,/products/rfid-tags,family-hub
/blog/benefits-of-mifare-keyfobs-in-supply-chain,/products/rfid-keyfobs,family-hub
/blog/2025-mifare-keyfobs-market-trends,/products/rfid-keyfobs,family-hub
/blog/rfid-stickers-cost-inventory-benefits,/products/rfid-labels,family-hub
/blog/technical-specs-of-rfid-stickers,/products/rfid-labels,family-hub
/blog/insights-on-rfid-key-fobs,/products/rfid-keyfobs,family-hub
/blog/key-specs-of-hotel-wristbands,/products/rfid-wristbands,family-hub
/blog/2023-global-nfc-card-standards,/products/rfid-cards,family-hub
/blog/rfid-stickers-a-global-buyer-guide,/products/rfid-labels,family-hub
/blog/guide-to-choosing-rfid-cards,/products/rfid-cards,family-hub
/blog/waterpark-wristbands-ultimate-guide,/products/rfid-wristbands,family-hub
/blog/nfc-card-1,/products/rfid-cards,family-hub
/blog/rfid-keyfobs-1,/products/rfid-keyfobs,family-hub
/blog/rfid-wristbands-demand-at-canton-fair-2025,/products/rfid-wristbands,family-hub
/blog/choosing-the-best-rfid-cards-for-business-needs,/products/rfid-cards,family-hub
/blog/global-buyers-rely-on-china-s-best-rfid-cards,/products/rfid-cards,family-hub
/blog/best-card-smart-top-choice-global-procurement,/products/rfid-cards,family-hub
/blog/best-rfid-key-fob-from-china-sets-standard-for-quality,/products/rfid-keyfobs,family-hub
/blog/global-expansion-rfid-wristbands-quality-craftsmanship,/products/rfid-wristbands,family-hub
/blog/secrets-to-choosing-best-rfid-silicone-wristbands,/products/rfid-wristbands,family-hub
/blog/unique-features-and-uses-of-waterpark-wristbands,/products/rfid-wristbands,family-hub
/blog/2025-market-outlook-rfid-uhf-tags-trends-challenges-applications,/products/rfid-tags,family-hub
/blog/future-trends-in-hotel-wristbands-market-analysis-2025,/products/rfid-wristbands,family-hub
/blog/unlock-superior-quality-china-s-premier-factory-for-uhf-rfid-read,/products/rfid-tags,family-hub
/blog/choosing-the-right-manufacturer-for-rfid-cards-essential-factors,/products/rfid-cards,family-hub
/blog/2025-industry-trends-top-10-best-smart-cards-digital-innovation,/products/rfid-cards,family-hub
/blog/rfid-wristbands-revolutionize-event-management-by-2025,/products/rfid-wristbands,family-hub
/blog/best-hotel-wristbands-market-insights-2025-key-strategies,/products/rfid-wristbands,family-hub
/blog/selecting-top-quality-manufacturers-for-rfid-uhf-tag-solutions,/products/rfid-tags,family-hub
/blog/optimize-inventory-management-with-rfid-tracking-stickers,/products/rfid-labels,family-hub
/blog/best-hotel-wristbands-for-vacation,/products/rfid-wristbands,family-hub
/blog/technical-specifications-of-best-rfid-stickers-and-choosing-the-right,/products/rfid-labels,family-hub
/blog/exploring-unique-alternatives-to-smart-cards-for-enhanced-security,/products/rfid-cards,family-hub
/blog/impact-of-card-smart-technology-on-procurement-strategies,/products/rfid-cards,family-hub
/blog/comparing-top-rfid-readers-for-efficiency-and-security,/products/rfid-readers,family-hub
/blog/innovative-uses-for-rfid-key-fob-technology,/products/rfid-keyfobs,family-hub
/blog/challenges-of-smart-cards-in-modern-business,/products/rfid-cards,family-hub
/blog/advantages-of-using-rfid-stickers-in-business,/products/rfid-labels,family-hub
/blog/maximize-efficiency-with-uhf-rfid-reader-technology,/products/rfid-readers,family-hub
/blog/leveraging-rfid-stickers-for-business-efficiency,/products/rfid-labels,family-hub
/blog/rfid-key-fob-enhances-daily-life,/products/rfid-keyfobs,family-hub
/blog/top-reasons-why-uhf-rfid-reader-is-best-for-business,/products/rfid-readers,family-hub
/blog/maximizing-rfid-for-key-fob-implementation,/products/rfid-keyfobs,family-hub
/blog/choose-best-waterpark-wristband-adventure,/products/rfid-wristbands,family-hub
/blog/maximizing-efficiency-with-rfid-tracking-stickers,/products/rfid-labels,family-hub
/blog/maximize-event-security-and-efficiency-with-rfid-wristbands,/products/rfid-wristbands,family-hub
/blog/maximize-transactions-with-card-smart-solutions,/products/rfid-cards,family-hub
/blog/emerging-trends-in-smart-cards-at-2025-canton-fair,/products/rfid-cards,family-hub
/blog/unlocking-future-access-control-rfid-keyfobs-growing-market-potential,/products/rfid-keyfobs,family-hub
/blog/rfid-wristbands-revolutionizing-event-management-tracking,/products/rfid-wristbands,family-hub
/blog/rfid-stickers-revolutionizing-inventory-management,/products/rfid-labels,family-hub
/blog/revolutionizing-inventory-management-with-rfid-tracking-stickers,/products/rfid-labels,family-hub
/blog/waterpark-wristband-technology-enhancing-guest-experience-and-safety,/products/rfid-wristbands,family-hub
/blog/rfid-stickers-revolutionize-inventory-management,/products/rfid-labels,family-hub
/blog/revolutionizing-laundry-management-benefits-of-rfid-laundry-tags,/products/rfid-tags,family-hub
/blog/future-of-event-management-rfid-wristbands-revolutionize-guest,/products/rfid-wristbands,family-hub
/blog/best-rfid-cards-secure-contactless-transactions-2023,/products/rfid-cards,family-hub
/blog/top-benefits-of-rfid-laundry-tags-for-efficient-management,/products/rfid-tags,family-hub
/blog/tips-for-choosing-best-rfid-keyfobs-security-needs,/products/rfid-keyfobs,family-hub
/blog/benefits-of-rfid-wristbands-for-events-and-personal-use,/products/rfid-wristbands,family-hub
/blog/rfid-tracking-stickers-for-inventory-management-and-asset-tracking,/products/rfid-labels,family-hub
/blog/rfid-keyfobs-and-modern-security-systems,/products/rfid-keyfobs,family-hub
/blog/benefits-of-rfid-wood-cards-for-hotel-key-systems,/products/rfid-cards,family-hub
/blog/effective-use-of-rfid-stickers-for-inventory-management,/products/rfid-labels,family-hub
/blog/2026-top-rfid-readers-choosing-guide,/products/rfid-readers,family-hub
/blog/tips-for-choosing-hotel-wristbands,/products/rfid-wristbands,family-hub
/blog/mifare-ultralight-c-nfc-tag-applications-guide,/products/rfid-cards/mifare-ultralight-c-card,family-hub
/blog/rfid-silicone-wristbands-and-their-uses,/products/rfid-wristbands,family-hub
/blog/rfid-laundry-tags-efficient-garment-tracking,/products/rfid-tags,family-hub
/blog/choose-china-wholesale-mifare-plus-s-2k-for-business-needs,/products/rfid-cards/mifare-plus-se-card,family-hub
/blog/top-rfid-tracking-stickers-you-need-to-know,/products/rfid-labels,family-hub
/blog/essential-tips-choosing-high-quality-rfid-laundry-tags-factory,/products/rfid-tags,family-hub
/blog/mifare-desfire-ev2-2k-features-benefits,/products/rfid-cards/mifare-desfire-ev3-card,family-hub
/blog/benefits-of-rfid-key-fob-for-secure-access,/products/rfid-keyfobs,family-hub
/blog/choosing-custom-wholesale-rfid-uhf-tags-for-business,/products/rfid-tags,family-hub
/blog/why-choose-rfid-for-key-fob-solutions,/products/rfid-keyfobs,family-hub
/blog/china-custom-em4305-supplier-insights,/products/rfid-cards/em4100-rfid-card,family-hub
/blog/choose-high-quality-custom-rfid-festival-wristbands-supplier,/products/rfid-wristbands,family-hub
/blog/best-uses-of-rfid-wristbands-in-2026,/products/rfid-wristbands,family-hub
/blog/best-rfid-cards-for-secure-contactless-transactions,/products/rfid-cards,family-hub
/blog/smart-card-and-how-it-works,/products/rfid-cards,family-hub
/blog/rfid-tracking-stickers-for-efficient-inventory-management,/products/rfid-labels,family-hub
/blog/rfid-wristbands-and-how-they-work,/products/rfid-wristbands,family-hub
/blog/benefits-of-rfid-laundry-tags-in-operations,/products/rfid-tags,family-hub
/blog/choose-desfire-ev2-4k-for-secure-access-solutions,/products/rfid-cards/mifare-desfire-ev3-card,family-hub
/blog/benefits-of-rfid-wristbands-at-canton-fair,/products/rfid-wristbands,family-hub
/blog/rfid-cards-and-how-they-work,/products/rfid-cards,family-hub
/blog/top-rfid-readers-in-china-for-buyers,/products/rfid-readers,family-hub
/blog/high-quality-china-rfid-event-wristbands-manufacturer,/products/rfid-wristbands,family-hub
/blog/rfid-laundry-tags-efficient-inventory-management,/products/rfid-tags,family-hub
/blog/mifare-ultralight-c-benefits-and-applications,/products/rfid-cards/mifare-ultralight-c-card,family-hub
/blog/high-quality-wholesale-rfid-tracking-stickers-work,/products/rfid-labels,family-hub
/blog/china-rfid-label-tags-for-global-buyers,/products/rfid-labels,family-hub
/blog/best-mifare-keyfobs-for-global-buyers-2026,/products/rfid-keyfobs,family-hub
/blog/2026-rfid-smart-card-trends-for-global-buyers,/products/rfid-cards,family-hub
/blog/top-rfid-keyfobs-for-global-buyers-2026,/products/rfid-keyfobs,family-hub
/blog/best-rfid-key-fob-options-for-global-buyers,/products/rfid-keyfobs,family-hub
/blog/choose-wholesale-custom-rfid-key-fob-solutions,/products/rfid-keyfobs,family-hub
/blog/custom-china-mifare-plus-s-2k-supplier-market-today,/products/rfid-cards/mifare-plus-se-card,family-hub
/blog/best-rfid-cards-for-secure-transactions-and-tracking,/products/rfid-cards,family-hub
/blog/custom-wholesale-rfid-key-fob-benefits,/products/rfid-keyfobs,family-hub
/blog/top-rfid-stickers-suppliers-china-global-buyers,/products/rfid-labels,family-hub
/blog/choose-wholesale-custom-uhf-rfid-reader-for-business,/products/rfid-readers,family-hub
/blog/nfc-card-and-its-functionality-for-businesses,/products/rfid-cards,family-hub
/blog/2026-top-rfid-wristbands-for-events-guide,/products/rfid-wristbands,family-hub
/blog/tips-for-using-rfid-laundry-tags-effectively,/products/rfid-tags,family-hub
/blog/choose-desfire-ev2-4k-for-secure-access-needs,/products/rfid-cards/mifare-desfire-ev3-card,family-hub
/blog/essential-tips-for-sourcing-wholesale-china-hotel-wristbands,/products/rfid-wristbands,family-hub
/blog/benefits-of-rfid-wristbands-for-event-management,/products/rfid-wristbands,family-hub
/blog/china-mifare-keyfobs-global-sourcing-opportunities,/products/rfid-keyfobs,family-hub
/blog/top-tips-em4305-global-buyers-maximize-value,/products/rfid-cards/em4100-rfid-card,family-hub
/blog/waterpark-wristband-options-for-guest-management,/products/rfid-wristbands,family-hub
