file,commit,before,after
public/diagrams/lp/rfid-factory-direct-china-supply-chain.svg,"65b0bf6 content(claims): remove the remaining factory / line / country figures from meta, video schema and LP diagrams","<desc id=""d"">Two paths compared. Path 1, through a trading company: the buyer pays a trading company that resells the order and owns no factory (marked with a red reseller-margin badge), which forwards the job to a factory the buyer never audits, so the buyer pays the factory price plus the desk's margin. Path 2, factory-direct from Proud Tek: the buyer deals straight with the Proud Tek factory — chip, antenna, print, encode and QC under one ISO 9001 system — and pays the factory-gate price. A footer notes the factory has run since 2008 across ten lines and two Shenzhen sites, ships to 50+ cou","<desc id=""d"">Two paths compared. Path 1, through a trading company: the buyer pays a trading company that resells the order and owns no factory (marked with a red reseller-margin badge), which forwards the job to a factory the buyer never audits, so the buyer pays the factory price plus the desk's margin. Path 2, factory-direct from Proud Tek: the buyer deals straight with Proud Tek — chip, antenna, print, encode and QC specified and controlled under one ISO 9001 system — and pays the factory-gate price. A footer notes Proud Tek has supplied RFID from Shenzhen since 2008 and holds ISO 9001, 14"
public/diagrams/lp/rfid-factory-direct-china-supply-chain.svg,"65b0bf6 content(claims): remove the remaining factory / line / country figures from meta, video schema and LP diagrams","<text x=""600"" y=""600"" text-anchor=""middle"" font-size=""14"" fill=""#5c5c5c"">Since 2008 · 10 lines, 2 sites · ships to 50+ countries · ISO 9001 / 14001 / 45001</text>","<text x=""600"" y=""600"" text-anchor=""middle"" font-size=""14"" fill=""#5c5c5c"">Since 2008 · Shenzhen · ISO 9001 / 14001 / 45001 certified (sales &amp; service scope)</text>"
public/diagrams/lp/rfid-manufacturer-shenzhen-floor-flow.svg,"65b0bf6 content(claims): remove the remaining factory / line / country figures from meta, video schema and LP diagrams","<title id=""t"">Inside the Proud Tek Shenzhen floor: six in-house line families from materials to export</title>","<title id=""t"">Inside the Proud Tek Shenzhen production flow: six stages from materials to export</title>"
public/diagrams/lp/rfid-manufacturer-shenzhen-floor-flow.svg,"65b0bf6 content(claims): remove the remaining factory / line / country figures from meta, video schema and LP diagrams","<desc id=""d"">A left-to-right process flow in six stages. Stage 1, materials in: chips, antennas and PVC and PET substrates sourced locally. Stage 2, inlay bonding: chip-to-antenna for HF 13.56 MHz and UHF 860-960 MHz inlays. Stage 3, laminate and print: PVC, ABS and PET stock, offset, screen and laser. Stage 4, encoding: UID, NDEF and GS1 SGTIN-96, with MIFARE Plus and DESFire keys. Stage 5, QC read-test: 100% functional read test plus AQL sampling. Stage 6, export packing: FOB, CIF or DDP by DHL, FedEx or sea to 50+ countries. A footer notes every value-added step is in-house across 2 Shenzhe","<desc id=""d"">A left-to-right process flow in six stages. Stage 1, materials in: chips, antennas and PVC and PET substrates sourced locally. Stage 2, inlay bonding: chip-to-antenna for HF 13.56 MHz and UHF 860-960 MHz inlays. Stage 3, laminate and print: PVC, ABS and PET stock, offset, screen and laser. Stage 4, encoding: UID, NDEF and GS1 SGTIN-96, with MIFARE Plus and DESFire keys. Stage 5, QC read-test: 100% functional read test plus AQL sampling. Stage 6, export packing: FOB, CIF or DDP by DHL, FedEx or sea worldwide. A footer notes every value-added step is specified, controlled and docume"
public/diagrams/lp/rfid-manufacturer-shenzhen-floor-flow.svg,"65b0bf6 content(claims): remove the remaining factory / line / country figures from meta, video schema and LP diagrams","<text x=""600"" y=""92"" text-anchor=""middle"" font-size=""29"" font-weight=""700"" fill=""#291c0e"" font-family=""Lora, Georgia, serif"">Six line families, every step in-house</text>","<text x=""600"" y=""92"" text-anchor=""middle"" font-size=""29"" font-weight=""700"" fill=""#291c0e"" font-family=""Lora, Georgia, serif"">Six production stages, one accountable supplier</text>"
public/diagrams/lp/rfid-manufacturer-shenzhen-floor-flow.svg,"65b0bf6 content(claims): remove the remaining factory / line / country figures from meta, video schema and LP diagrams","<text x=""1065"" y=""420"" text-anchor=""middle"" font-size=""12.5"" font-weight=""700"" fill=""#2c5454"">To 50+ countries</text>","<text x=""1065"" y=""420"" text-anchor=""middle"" font-size=""12.5"" font-weight=""700"" fill=""#2c5454"">Worldwide export</text>"
public/diagrams/lp/rfid-manufacturer-shenzhen-floor-flow.svg,"65b0bf6 content(claims): remove the remaining factory / line / country figures from meta, video schema and LP diagrams","<text x=""600"" y=""576"" text-anchor=""middle"" font-size=""15"" font-weight=""700"" fill=""#291c0e"">Every value-added step in-house — no subcontracted production.</text>","<text x=""600"" y=""576"" text-anchor=""middle"" font-size=""15"" font-weight=""700"" fill=""#291c0e"">Every value-added step specified, controlled and documented by Proud Tek.</text>"
public/diagrams/lp/rfid-manufacturer-shenzhen-floor-flow.svg,"65b0bf6 content(claims): remove the remaining factory / line / country figures from meta, video schema and LP diagrams","<text x=""600"" y=""606"" text-anchor=""middle"" font-size=""14"" fill=""#5c5c5c"">2 Shenzhen sites · 10 automated lines · records retained seven years</text>","<text x=""600"" y=""606"" text-anchor=""middle"" font-size=""14"" fill=""#5c5c5c"">Shenzhen · production records retained seven years</text>"
public/diagrams/lp/rfid-manufacturer-shenzhen-product-range.svg,"65b0bf6 content(claims): remove the remaining factory / line / country figures from meta, video schema and LP diagrams","<title id=""t"">Proud Tek Shenzhen product range: one factory resolved into six RFID product families and one shipment</title>","<title id=""t"">Proud Tek Shenzhen product range: one supplier resolved into six RFID product families and one shipment</title>"
public/diagrams/lp/rfid-manufacturer-shenzhen-product-range.svg,"65b0bf6 content(claims): remove the remaining factory / line / country figures from meta, video schema and LP diagrams","<desc id=""d"">A left-to-right map. On the left, a card labelled PROUD TEK SHENZHEN (2 factories, 10 lines). In the centre, six product-family lanes: RFID cards and fobs (MIFARE Classic, MIFARE Plus, DESFire, NTAG 215, T5577); NFC tags and stickers (NTAG 213, NTAG 216, NTAG 424 DNA, ICODE SLIX2); UHF inlays and labels (Impinj M730, NXP UCODE 9, Monza R6 at 860-960 MHz); event wristbands (MIFARE Ultralight, NTAG 213, UCODE 9); keyfobs and hard tags (EM4200, T5577, NTAG 216, MIFARE Classic); and RFID readers (desktop, handheld and fixed UHF encoders). All six converge on the right into ONE SHIPMEN","<desc id=""d"">A left-to-right map. On the left, a card labelled PROUD TEK SHENZHEN (since 2008). In the centre, six product-family lanes: RFID cards and fobs (MIFARE Classic, MIFARE Plus, DESFire, NTAG 215, T5577); NFC tags and stickers (NTAG 213, NTAG 216, NTAG 424 DNA, ICODE SLIX2); UHF inlays and labels (Impinj M730, NXP UCODE 9, Monza R6 at 860-960 MHz); event wristbands (MIFARE Ultralight, NTAG 213, UCODE 9); keyfobs and hard tags (EM4200, T5577, NTAG 216, MIFARE Classic); and RFID readers (desktop, handheld and fixed UHF encoders). All six converge on the right into ONE SHIPMENT: encoded "
public/diagrams/lp/rfid-manufacturer-shenzhen-product-range.svg,"65b0bf6 content(claims): remove the remaining factory / line / country figures from meta, video schema and LP diagrams","<text x=""600"" y=""92"" text-anchor=""middle"" font-size=""29"" font-weight=""700"" fill=""#291c0e"" font-family=""Lora, Georgia, serif"">One factory, six families, one shipment</text>","<text x=""600"" y=""92"" text-anchor=""middle"" font-size=""29"" font-weight=""700"" fill=""#291c0e"" font-family=""Lora, Georgia, serif"">One supplier, six families, one shipment</text>"
public/diagrams/lp/rfid-manufacturer-shenzhen-product-range.svg,"65b0bf6 content(claims): remove the remaining factory / line / country figures from meta, video schema and LP diagrams","<text x=""153"" y=""408"" text-anchor=""middle"" font-size=""13"" fill=""#5c5c5c"">2 factories · 10 lines</text>","<text x=""153"" y=""408"" text-anchor=""middle"" font-size=""13"" fill=""#5c5c5c"">Shenzhen · since 2008</text>"
src/content/editorial/about.json,"9dba2a1 content(claims): remove undocumented capability figures, state ISO scope as certified","""summary"": ""Proud Tek Co., Limited is a Shenzhen-based RFID and NFC manufacturer serving B2B procurement programs across more than 50 countries. Since 2008 we have operated as a direct factory — wet-inlay assembly, card and label lamination, encoding, laser numbering and compliance documentation all happen under our own roof. We sell to system integrators, OEMs, hospitality groups, industrial laundries, brand owners and event organizers who need a chip-agnostic factory partner with traceable quality and predictable lead times."",","""summary"": ""Proud Tek Co., Limited is a Shenzhen-based RFID and NFC manufacturer serving B2B procurement programs worldwide. Since 2008 we have supplied RFID and NFC credentials directly to B2B buyers — specification, encoding, laser numbering, quality control and compliance documentation are managed by our own team. We sell to system integrators, OEMs, hospitality groups, industrial laundries, brand owners and event organizers who need a chip-agnostic factory partner with traceable quality and predictable lead times."","
src/content/editorial/about.json,"9dba2a1 content(claims): remove undocumented capability figures, state ISO scope as certified","""Direct factory in Shenzhen since 2008 — engineering, encoding, lamination and QC done in-house, not outsourced."",","""Direct supplier in Shenzhen since 2008 — specification, encoding and QC managed by our own team."","
src/content/editorial/about.json,"9dba2a1 content(claims): remove undocumented capability figures, state ISO scope as certified","""18 years of continuous operation since 2008."",","""continuous operation since 2008."","
src/content/editorial/about.json,"9dba2a1 content(claims): remove undocumented capability figures, state ISO scope as certified",{,
src/content/editorial/about.json,"9dba2a1 content(claims): remove undocumented capability figures, state ISO scope as certified","""value"": ""50+"",",
src/content/editorial/about.json,"9dba2a1 content(claims): remove undocumented capability figures, state ISO scope as certified","""label"": ""Countries shipped to""",
src/content/editorial/about.json,"9dba2a1 content(claims): remove undocumented capability figures, state ISO scope as certified","},",
src/content/editorial/about.json,"9dba2a1 content(claims): remove undocumented capability figures, state ISO scope as certified","""answer"": ""We were founded in 2008 in Shenzhen and have operated continuously for 18 years. We have shipped to customers across more than 50 countries during that time, with the heaviest concentration in Europe and the Americas.""","""answer"": ""We were founded in 2008 in Shenzhen and have operated continuously since then. We have shipped to customers in Europe, the Americas, Asia-Pacific and the Middle East during that time."""
src/content/editorial/about/factory.json,"9dba2a1 content(claims): remove undocumented capability figures, state ISO scope as certified","""summary"": ""A walk through the physical plant behind Proud Tek's RFID products: two Shenzhen sites, ten automated lines and 305+ pieces of process equipment, plus an in-house test lab that proves every SKU — wash-cycle, read-range, environmental and mechanical — before it ships. This page covers the floor, the equipment, the material supply chain and the production-to-dispatch workflow; the capability overview and chip support live on the main About page."",","""summary"": ""A walk through the physical plant behind Proud Tek's RFID products: production in Shenzhen, plus an in-house test lab that proves every SKU — wash-cycle, read-range, environmental and mechanical — before it ships. This page covers the floor, the equipment, the material supply chain and the production-to-dispatch workflow; the capability overview and chip support live on the main About page."","
src/content/editorial/about/factory.json,"9dba2a1 content(claims): remove undocumented capability figures, state ISO scope as certified","""Two Shenzhen production sites, ten automated lines and 305+ pieces of process equipment — assembly, lamination, printing, encoding and test under our own roof."",","""Production in Shenzhen — assembly, lamination, printing, encoding and test under one documented quality system."","
src/content/editorial/about/factory.json,"9dba2a1 content(claims): remove undocumented capability figures, state ISO scope as certified","""Two production sites in Shenzhen; ten automated lines under one management system."",","""Production in Shenzhen under one documented management system."","
src/content/editorial/about/factory.json,"9dba2a1 content(claims): remove undocumented capability figures, state ISO scope as certified","""305+ pieces of process equipment — bonders, lamination presses, offset / screen / laser, reel-to-reel encoders and read-test stations."",","""Process equipment covers bonding, lamination, offset / screen / laser printing, reel-to-reel encoding and read-test stations."","
src/content/editorial/about/factory.json,"9dba2a1 content(claims): remove undocumented capability figures, state ISO scope as certified","""intro"": ""The main About page lists what we can make; this is where it physically happens. Ten lines are split across two Shenzhen sites and run by our own operators — the same crew builds the pilot lot and the production order, which is why first-run defect rates stay flat across a program's life."",","""intro"": ""The main About page lists what we can make; this is where it physically happens. Lines are run by our own operators — the same crew builds the pilot lot and the production order, which is why first-run defect rates stay flat across a program's life."","
src/content/editorial/about/factory.json,"9dba2a1 content(claims): remove undocumented capability figures, state ISO scope as certified","""title"": ""Two sites, 305+ machines"",","""title"": ""Plant and equipment"","
src/content/editorial/about/factory.json,"9dba2a1 content(claims): remove undocumented capability figures, state ISO scope as certified","""text"": ""Assembly is concentrated at one site, finishing and encoding at the other — 305+ pieces of process equipment in total, from chip bonders to reel-to-reel programmers. No value-added step is subcontracted to a job shop.""","""text"": ""Process equipment runs from chip bonders to reel-to-reel programmers. No value-added step is subcontracted to a job shop."""
src/content/editorial/blog/case-study-3pl-rfid-99-percent-inventory-accuracy.json,cbac4d1 content(case-studies): relabel anonymous case studies as illustrative worked examples,"""title"": ""Case Study: 99.2% Inventory Accuracy at a 3PL"",","""title"": ""Worked Example: 99.2% Inventory Accuracy at a 3PL"","
src/content/editorial/blog/case-study-3pl-rfid-99-percent-inventory-accuracy.json,cbac4d1 content(case-studies): relabel anonymous case studies as illustrative worked examples,"""kicker"": ""Customer story"",","""kicker"": ""Worked example"","
src/content/editorial/blog/case-study-3pl-rfid-99-percent-inventory-accuracy.json,cbac4d1 content(case-studies): relabel anonymous case studies as illustrative worked examples,"""summary"": ""A 110,000 sqft third-party logistics operator was quietly losing brand customers to a number nobody liked saying out loud: 87% barcode-scan accuracy. Twenty-four weeks later that number read 99.2%, RFID-verified, and the CFO had stopped scheduling emergency meetings about it. Here are the rollout phases, the tag cost per case and per pallet, the reader-placement calls, and the 4-month payback math that turned a skeptical finance team into the project's loudest advocates."",","""summary"": ""Illustrative worked example — the figures below are modelled from typical programme parameters and vendor datasheets; they are not a named customer's measured results. A 110,000 sqft third-party logistics operator was quietly losing brand customers to a number nobody liked saying out loud: 87% barcode-scan accuracy. Twenty-four weeks later that number read 99.2%, RFID-verified, and the CFO had stopped scheduling emergency meetings about it. Here are the rollout phases, the tag cost per case and per pallet, the reader-placement calls, and the 4-month payback math that turned a skept"
src/content/editorial/blog/case-study-apparel-brand-walmart-rfid-mandate-99-read-rate.json,cbac4d1 content(case-studies): relabel anonymous case studies as illustrative worked examples,"""title"": ""Case Study: 99.2% Read Rate for Walmart RFID"",","""title"": ""Worked Example: 99.2% Read Rate for Walmart RFID"","
src/content/editorial/blog/case-study-apparel-brand-walmart-rfid-mandate-99-read-rate.json,cbac4d1 content(case-studies): relabel anonymous case studies as illustrative worked examples,"""kicker"": ""Customer story"",","""kicker"": ""Worked example"","
src/content/editorial/blog/case-study-apparel-brand-walmart-rfid-mandate-99-read-rate.json,cbac4d1 content(case-studies): relabel anonymous case studies as illustrative worked examples,"""summary"": ""Walmart handed a women's apparel brand a 14-week ultimatum: get compliant RFID onto 4 product categories, or start paying for the privilege of not. The brand had exactly zero RFID experience and a part-time team of two. It sourced GS1 SGTIN-96 hangtags, wired supplier-side encoding into 3 contract factories across Vietnam and Bangladesh, and cleared Walmart's first audit at 99.2% — comfortably above the 95% threshold and inside the deadline. Here is precisely how they pulled it off."",","""summary"": ""Illustrative worked example — the figures below are modelled from typical programme parameters and vendor datasheets; they are not a named customer's measured results. Walmart handed a women's apparel brand a 14-week ultimatum: get compliant RFID onto 4 product categories, or start paying for the privilege of not. The brand had exactly zero RFID experience and a part-time team of two. It sourced GS1 SGTIN-96 hangtags, wired supplier-side encoding into 3 contract factories across Vietnam and Bangladesh, and cleared Walmart's first audit at 99.2% — comfortably above the 95% threshold"
src/content/editorial/blog/case-study-boutique-hotel-rfid-keycard-cost-reduction.json,cbac4d1 content(case-studies): relabel anonymous case studies as illustrative worked examples,"""title"": ""Case Study: Keycard Costs Down 41% with RFID"",","""title"": ""Worked Example: Keycard Costs Down 41% with RFID"","
src/content/editorial/blog/case-study-boutique-hotel-rfid-keycard-cost-reduction.json,cbac4d1 content(case-studies): relabel anonymous case studies as illustrative worked examples,"""kicker"": ""Customer story"",","""kicker"": ""Worked example"","
src/content/editorial/blog/case-study-boutique-hotel-rfid-keycard-cost-reduction.json,cbac4d1 content(case-studies): relabel anonymous case studies as illustrative worked examples,"""summary"": ""A boutique hotel group switched from magstripe to MIFARE Classic 1K RFID keycards across 78 rooms in 11 weeks. They reduced annual keycard operating cost by 41%, eliminated $3,200/year in magstripe-encoder repair invoices, and improved guest satisfaction NPS by 14 points on key-related survey items — the least glamorous upgrade in the building, and one of the most profitable."",","""summary"": ""Illustrative worked example — the figures below are modelled from typical programme parameters and vendor datasheets; they are not a named customer's measured results. A boutique hotel group switched from magstripe to MIFARE Classic 1K RFID keycards across 78 rooms in 11 weeks. They reduced annual keycard operating cost by 41%, eliminated $3,200/year in magstripe-encoder repair invoices, and improved guest satisfaction NPS by 14 points on key-related survey items — the least glamorous upgrade in the building, and one of the most profitable."","
src/content/editorial/blog/case-study-regional-hospital-rfid-surgical-sponge-rss-prevention.json,cbac4d1 content(case-studies): relabel anonymous case studies as illustrative worked examples,"""title"": ""Case Study: Zero Retained Sponges with RFID"",","""title"": ""Worked Example: Zero Retained Sponges with RFID"","
src/content/editorial/blog/case-study-regional-hospital-rfid-surgical-sponge-rss-prevention.json,cbac4d1 content(case-studies): relabel anonymous case studies as illustrative worked examples,"""kicker"": ""Customer story"",","""kicker"": ""Worked example"","
src/content/editorial/blog/case-study-regional-hospital-rfid-surgical-sponge-rss-prevention.json,cbac4d1 content(case-studies): relabel anonymous case studies as illustrative worked examples,"""summary"": ""Two retained surgical sponges in one year is two too many. A 380-bed regional hospital deployed RFID-tagged surgical sponges across 14 operating rooms and 2 trauma bays in 9 months, then watched the only number that matters fall to zero: zero retained surgical sponge (RSS) events in the 18 months following go-live, down from 2 in the prior 12 months. Joint Commission documentation findings dropped 87% along the way."",","""summary"": ""Illustrative worked example — the figures below are modelled from typical programme parameters and vendor datasheets; they are not a named customer's measured results. Two retained surgical sponges in one year is two too many. A 380-bed regional hospital deployed RFID-tagged surgical sponges across 14 operating rooms and 2 trauma bays in 9 months, then watched the only number that matters fall to zero: zero retained surgical sponge (RSS) events in the 18 months following go-live, down from 2 in the prior 12 months. Joint Commission documentation findings dropped 87% along the way."""
src/content/editorial/blog/case-study-restaurant-group-nfc-review-cards-google-reviews-320-percent.json,cbac4d1 content(case-studies): relabel anonymous case studies as illustrative worked examples,"""title"": ""Case Study: Google Reviews Up 320% with NFC"",","""title"": ""Worked Example: Google Reviews Up 320% with NFC"","
src/content/editorial/blog/case-study-restaurant-group-nfc-review-cards-google-reviews-320-percent.json,cbac4d1 content(case-studies): relabel anonymous case studies as illustrative worked examples,"""kicker"": ""Customer story"",","""kicker"": ""Worked example"","
src/content/editorial/blog/case-study-restaurant-group-nfc-review-cards-google-reviews-320-percent.json,cbac4d1 content(case-studies): relabel anonymous case studies as illustrative worked examples,"""summary"": ""A regional restaurant group with 6 locations had a quiet problem: only its unhappy guests ever left a Google review. So it put NFC tap-to-review cards on every server's apron and at every host stand — and started asking the happy ones too. In 90 days, weekly Google review volume rose 320%, average star rating increased from 4.2 to 4.6, and cost per review dropped to $0.18 — beating their previous email-survey program by an order of magnitude."",","""summary"": ""Illustrative worked example — the figures below are modelled from typical programme parameters and vendor datasheets; they are not a named customer's measured results. A regional restaurant group with 6 locations had a quiet problem: only its unhappy guests ever left a Google review. So it put NFC tap-to-review cards on every server's apron and at every host stand — and started asking the happy ones too. In 90 days, weekly Google review volume rose 320%, average star rating increased from 4.2 to 4.6, and cost per review dropped to $0.18 — beating their previous email-survey program"
src/content/editorial/blog/rfid-rfp-template-questions-suppliers.json,"fb50705 fix(seo): no canonical on the 404 template, lang=en-US everywhere, repair the dead ROI-calculator link","""href"": ""/downloads/rfid-roi-calculator.xlsx"",","""href"": ""/tools/rfid-tag-cost-estimator/"","
src/content/editorial/blog/rfid-rfp-template-questions-suppliers.json,"fb50705 fix(seo): no canonical on the 404 template, lang=en-US everywhere, repair the dead ROI-calculator link","""label"": ""RFID deployment ROI calculator (XLSX)""","""label"": ""RFID tag cost estimator (interactive, on-site)"""
src/content/editorial/case-studies/_pillar.json,cbac4d1 content(case-studies): relabel anonymous case studies as illustrative worked examples,"""title"": ""RFID & NFC Case Studies — Real Proud Tek Deployments by Industry"",","""title"": ""RFID & NFC Worked Examples — Programme Templates by Industry"","
src/content/editorial/case-studies/_pillar.json,cbac4d1 content(case-studies): relabel anonymous case studies as illustrative worked examples,"""kicker"": ""Case Studies"",","""kicker"": ""Worked examples"","
src/content/editorial/case-studies/_pillar.json,cbac4d1 content(case-studies): relabel anonymous case studies as illustrative worked examples,"""summary"": ""Documented Proud Tek RFID and NFC deployments — hotel locks, industrial laundry, festival access, retail apparel, library self-service and pharmaceutical traceability. Each case lists the customer profile (anonymised where required), the procurement constraints, the chip and form factor selected, the volume shipped and the operational results measured after go-live. Use these pages to short-list a chip family and form factor that has already shipped against a workflow comparable to yours."",","""summary"": ""Illustrative RFID and NFC programme templates — hotel locks, industrial laundry, festival access, retail apparel, library self-service and pharmaceutical traceability. Each example states the buyer profile it models, the procurement constraints, the chip and form factor selected, the volume assumed and the outcomes such a programme would target, calculated from the stated assumptions. They are worked examples, not named-customer records; where Proud Tek can arrange a customer reference under NDA, we say so in the inquiry process."","
src/content/editorial/case-studies/_pillar.json,cbac4d1 content(case-studies): relabel anonymous case studies as illustrative worked examples,"""Six documented deployments spanning hospitality, industrial laundry, events & venues, retail apparel, library systems and pharmaceutical traceability — between 50,000 and 2,400,000 units per program per year."",","""Six worked examples spanning hospitality, industrial laundry, events & venues, retail apparel, libraries and pharmaceutical traceability."","
src/content/editorial/case-studies/_pillar.json,cbac4d1 content(case-studies): relabel anonymous case studies as illustrative worked examples,"""Each case study lists the chip family selected (MIFARE Classic 1K, MIFARE DESFire EV3, NTAG215, NTAG424 DNA, {chip:impinj-monza-r6-p:name}, {chip:nxp-ucode-8:name}) and why competing chip families were rejected for the workflow."",","""Every figure is derived from stated assumptions (volumes, unit costs, cycle counts) so a procurement reader can reproduce or replace it with their own numbers."","
src/content/editorial/case-studies/_pillar.json,cbac4d1 content(case-studies): relabel anonymous case studies as illustrative worked examples,"""All results are measured numbers — chargeback avoidance, shrink reduction, inventory accuracy, read-rate after 50 wash cycles, encoding throughput, lead time — taken from joint go-live reviews with the customer's operations team.""","""Not customer testimonials: no example is presented as a named or anonymised customer's measured results."""
src/content/editorial/case-studies/_pillar.json,cbac4d1 content(case-studies): relabel anonymous case studies as illustrative worked examples,"""question"": ""Are the case-study customer names real?"",","""question"": ""Are these real customer case studies?"","
src/content/editorial/case-studies/_pillar.json,cbac4d1 content(case-studies): relabel anonymous case studies as illustrative worked examples,"""answer"": ""We disclose the customer name where the customer has given Proud Tek written permission to do so. Where the customer has asked to remain unnamed (typically retail chains, hotel groups under brand-standard NDAs and US pharmaceutical distributors), we describe the customer profile with enough specificity that a procurement reader can recognise an analogue without identifying the underlying brand. Volume figures, chip part numbers, lead times and operational results are always real.""","""answer"": ""No. They are illustrative worked examples built from typical programme parameters, vendor datasheets and standard unit economics. They are not named or anonymised customer records, and no figure should be read as a measured deployment result. Where Proud Tek can share an actual reference, it is arranged individually under NDA during the inquiry process."""
src/content/editorial/case-studies/_pillar.json,cbac4d1 content(case-studies): relabel anonymous case studies as illustrative worked examples,"""answer"": ""Yes, subject to a short NDA and a written request. Reference calls are coordinated by your Proud Tek account manager, typically scheduled within 5–10 business days. We ask buyers to provide a one-paragraph project brief in advance so the reference call covers the procurement questions that actually matter to your shortlist.""","""answer"": ""Reference conversations are arranged case by case under NDA where an existing customer has agreed; the worked examples on this page are not reference accounts and do not identify customers."""
src/content/editorial/case-studies/_pillar.json,cbac4d1 content(case-studies): relabel anonymous case studies as illustrative worked examples,"""answer"": ""Almost certainly yes — Proud Tek has shipped product into more than 30 verticals. The six published case studies are the ones with the strongest documentation and customer permission to share. For unpublished verticals (agriculture, education, fitness, automotive tire OEM, data-center IT asset tracking, cold-chain food traceability, government & defense supply chain) please contact the team for a private deployment brief that mirrors the same structure.""","""answer"": ""Almost certainly yes — Proud Tek has shipped product into more than 30 verticals. The six published case studies are the ones with the strongest documentation and a modelling basis Proud Tek can explain. For unpublished verticals (agriculture, education, fitness, automotive tire OEM, data-center IT asset tracking, cold-chain food traceability, government & defense supply chain) please contact the team for a private deployment brief that mirrors the same structure."""
src/content/editorial/case-studies/_pillar.json,cbac4d1 content(case-studies): relabel anonymous case studies as illustrative worked examples,"""answer"": ""Within a band, yes — production economies of scale flatten beyond the 100,000-unit mark for most SKUs, so a 100,000-unit / year buyer typically lands within 15–25% of a 1,000,000-unit / year buyer's unit price. Below 50,000 units / year the per-unit cost ladder steepens, but Proud Tek still serves smaller buyers through a shared-tooling SKU programme where the chip, antenna and lamination are stock and only the printed artwork and encoding are project-specific.""","""answer"": ""Reference conversations are arranged case by case under NDA where an existing customer has agreed; the worked examples on this page are not reference accounts and do not identify customers."""
src/content/editorial/case-studies/hospitality-hotel-key-card-rollout.json,cbac4d1 content(case-studies): relabel anonymous case studies as illustrative worked examples,"""title"": ""28-Property Hotel Key Card Rollout — 2.4M/Year"",","""title"": ""Worked example: 28-Property Hotel Key Card Rollout — 2.4M/Year"","
src/content/editorial/case-studies/hospitality-hotel-key-card-rollout.json,cbac4d1 content(case-studies): relabel anonymous case studies as illustrative worked examples,"""kicker"": ""Case study · Hospitality"",","""kicker"": ""Worked example · Hospitality"","
src/content/editorial/case-studies/hospitality-hotel-key-card-rollout.json,cbac4d1 content(case-studies): relabel anonymous case studies as illustrative worked examples,"""summary"": ""A South-East Asia hotel group operating 28 properties under three sub-brands migrated from magnetic-stripe key cards to MIFARE Classic 1K contactless key cards across the entire estate over 18 months. Proud Tek shipped 2.4 million cards in year one, with same-day Shenzhen-to-property air freight on the front-desk replenishment SKU. Encoding lead time at the front desk dropped from 12 seconds (magnetic swipe-and-program) to 1.8 seconds (RFID tap-encode), and lost-card replacement cost fell 41% because the cards no longer carried magnetic data that demagnetised in mobile-phone wallet","""summary"": ""Illustrative worked example — the figures below are modelled from typical programme parameters and vendor datasheets; they are not a named customer's measured results. A South-East Asia hotel group operating 28 properties under three sub-brands migrated from magnetic-stripe key cards to MIFARE Classic 1K contactless key cards across the entire estate over 18 months. Proud Tek shipped 2.4 million cards in year one, with same-day Shenzhen-to-property air freight on the front-desk replenishment SKU. Encoding lead time at the front desk dropped from 12 seconds (magnetic swipe-and-progr"
src/content/editorial/case-studies/hospitality-hotel-key-card-rollout.json,cbac4d1 content(case-studies): relabel anonymous case studies as illustrative worked examples,,{
src/content/editorial/case-studies/hospitality-hotel-key-card-rollout.json,cbac4d1 content(case-studies): relabel anonymous case studies as illustrative worked examples,,"""label"": ""About this example"","
src/content/editorial/case-studies/hospitality-hotel-key-card-rollout.json,cbac4d1 content(case-studies): relabel anonymous case studies as illustrative worked examples,,"""text"": ""This page is an illustrative worked example. Volumes, unit costs, cycle counts and outcome figures are modelled from typical programme parameters and vendor datasheets so a procurement reader can check the arithmetic and substitute their own numbers. It is not a named or anonymised customer's measured results."""
src/content/editorial/case-studies/hospitality-hotel-key-card-rollout.json,cbac4d1 content(case-studies): relabel anonymous case studies as illustrative worked examples,,"},"
src/content/editorial/case-studies/hospitality-hotel-key-card-rollout.json,cbac4d1 content(case-studies): relabel anonymous case studies as illustrative worked examples,"""text"": ""Multi-brand hotel group, 28 properties, 12,000 keyed rooms, ~2.5 M annual guest stays. Customer name withheld under brand-standard NDA.""","""text"": ""Multi-brand hotel group, 28 properties, 12,000 keyed rooms, ~2.5 M annual guest stays. Illustrative profile — not a named customer."""
src/content/editorial/case-studies/hospitality-hotel-key-card-rollout.json,cbac4d1 content(case-studies): relabel anonymous case studies as illustrative worked examples,"""intro"": ""One table for the reviewer who wants the specification and the outcomes side by side. Every figure here is the customer's own shipped or measured value; nothing is modelled."",","""intro"": ""One table for the reviewer who wants the specification and the outcomes side by side. Every figure here is modelled from the stated programme parameters; none is a named customer's measured value."","
src/content/editorial/case-studies/industrial-laundry-pps-rfid-tag.json,cbac4d1 content(case-studies): relabel anonymous case studies as illustrative worked examples,"""title"": ""250+ Wash Cycles — Industrial Laundry PPS Tags"",","""title"": ""Worked example: 250+ Wash Cycles — Industrial Laundry PPS Tags"","
src/content/editorial/case-studies/industrial-laundry-pps-rfid-tag.json,cbac4d1 content(case-studies): relabel anonymous case studies as illustrative worked examples,"""kicker"": ""Case study · Industrial laundry"",","""kicker"": ""Worked example · Industrial laundry"","
src/content/editorial/case-studies/industrial-laundry-pps-rfid-tag.json,cbac4d1 content(case-studies): relabel anonymous case studies as illustrative worked examples,"""summary"": ""A European uniform-rental operator deployed Proud Tek PPS-housed UHF RFID laundry tags across 1.8 million garments in three rental pools (workwear, kitchen wear, healthcare uniform). The PPS housing protects the chip through chemical wash, high-temperature tunnel finishing and 90 °C extractor cycles. Year-1 measured chip survival rate at the 250-cycle mark was 99.4%, replacing a previous textile-laminated tag that hit 91% at 120 cycles."",","""summary"": ""Illustrative worked example — the figures below are modelled from typical programme parameters and vendor datasheets; they are not a named customer's measured results. A European uniform-rental operator deployed Proud Tek PPS-housed UHF RFID laundry tags across 1.8 million garments in three rental pools (workwear, kitchen wear, healthcare uniform). The PPS housing protects the chip through chemical wash, high-temperature tunnel finishing and 90 °C extractor cycles. Year-1 measured chip survival rate at the 250-cycle mark was 99.4%, replacing a previous textile-laminated tag that hi"
src/content/editorial/case-studies/industrial-laundry-pps-rfid-tag.json,cbac4d1 content(case-studies): relabel anonymous case studies as illustrative worked examples,,{
src/content/editorial/case-studies/industrial-laundry-pps-rfid-tag.json,cbac4d1 content(case-studies): relabel anonymous case studies as illustrative worked examples,,"""label"": ""About this example"","
src/content/editorial/case-studies/industrial-laundry-pps-rfid-tag.json,cbac4d1 content(case-studies): relabel anonymous case studies as illustrative worked examples,,"""text"": ""This page is an illustrative worked example. Volumes, unit costs, cycle counts and outcome figures are modelled from typical programme parameters and vendor datasheets so a procurement reader can check the arithmetic and substitute their own numbers. It is not a named or anonymised customer's measured results."""
src/content/editorial/case-studies/industrial-laundry-pps-rfid-tag.json,cbac4d1 content(case-studies): relabel anonymous case studies as illustrative worked examples,,"},"
src/content/editorial/case-studies/industrial-laundry-pps-rfid-tag.json,cbac4d1 content(case-studies): relabel anonymous case studies as illustrative worked examples,"""title"": ""The deployment at a glance — chip, housing and measured results"",","""title"": ""The deployment at a glance — chip, housing and modelled results"","
src/content/editorial/case-studies/library-icode-slix2-self-service.json,cbac4d1 content(case-studies): relabel anonymous case studies as illustrative worked examples,"""title"": ""47-Branch ICODE SLIX2 Self-Service Migration"",","""title"": ""Worked example: 47-Branch ICODE SLIX2 Self-Service Migration"","
src/content/editorial/case-studies/library-icode-slix2-self-service.json,cbac4d1 content(case-studies): relabel anonymous case studies as illustrative worked examples,"""kicker"": ""Case study · Libraries"",","""kicker"": ""Worked example · Libraries"","
src/content/editorial/case-studies/library-icode-slix2-self-service.json,cbac4d1 content(case-studies): relabel anonymous case studies as illustrative worked examples,"""summary"": ""A US municipal public library system migrated 1.4 million catalogued items from a legacy 13.56 MHz proprietary chip to {chip:nxp-icode-slix2:name} (ISO 15693) RFID labels across 47 branches over 24 months. The migration enabled self-service check-out kiosks, security-gate EAS (AFI bit), and a robotic-arm sorter at the central distribution centre."",","""summary"": ""Illustrative worked example — the figures below are modelled from typical programme parameters and vendor datasheets; they are not a named customer's measured results. A US municipal public library system migrated 1.4 million catalogued items from a legacy 13.56 MHz proprietary chip to {chip:nxp-icode-slix2:name} (ISO 15693) RFID labels across 47 branches over 24 months. The migration enabled self-service check-out kiosks, security-gate EAS (AFI bit), and a robotic-arm sorter at the central distribution centre."","
src/content/editorial/case-studies/library-icode-slix2-self-service.json,cbac4d1 content(case-studies): relabel anonymous case studies as illustrative worked examples,,{
src/content/editorial/case-studies/library-icode-slix2-self-service.json,cbac4d1 content(case-studies): relabel anonymous case studies as illustrative worked examples,,"""label"": ""About this example"","
src/content/editorial/case-studies/library-icode-slix2-self-service.json,cbac4d1 content(case-studies): relabel anonymous case studies as illustrative worked examples,,"""text"": ""This page is an illustrative worked example. Volumes, unit costs, cycle counts and outcome figures are modelled from typical programme parameters and vendor datasheets so a procurement reader can check the arithmetic and substitute their own numbers. It is not a named or anonymised customer's measured results."""
src/content/editorial/case-studies/library-icode-slix2-self-service.json,cbac4d1 content(case-studies): relabel anonymous case studies as illustrative worked examples,,"},"
src/content/editorial/case-studies/library-icode-slix2-self-service.json,cbac4d1 content(case-studies): relabel anonymous case studies as illustrative worked examples,"""intro"": ""Two years in, the figures the library director reports to the board are these. Self-service went from a fifth of circulations to more than three-quarters, and the security gate stopped crying wolf. Everything below is the customer's own measured result — nothing here is modelled."",","""intro"": ""Two years in, the figures the library director reports to the board are these. Self-service went from a fifth of circulations to more than three-quarters, and the security gate stopped crying wolf. Everything below is the customer's own modelled results — nothing here is modelled."","
src/content/editorial/case-studies/library-icode-slix2-self-service.json,cbac4d1 content(case-studies): relabel anonymous case studies as illustrative worked examples,"""title"": ""The deployment at a glance — spec, scale, and measured results"",","""title"": ""The deployment at a glance — spec, scale, and modelled results"","
src/content/editorial/case-studies/music-festival-uhf-wristband.json,cbac4d1 content(case-studies): relabel anonymous case studies as illustrative worked examples,"""title"": ""180,000 UHF Wristbands — Cashless Festival Entry"",","""title"": ""Worked example: 180,000 UHF Wristbands — Cashless Festival Entry"","
src/content/editorial/case-studies/music-festival-uhf-wristband.json,cbac4d1 content(case-studies): relabel anonymous case studies as illustrative worked examples,"""kicker"": ""Case study · Events & venues"",","""kicker"": ""Worked example · Events & venues"","
src/content/editorial/case-studies/music-festival-uhf-wristband.json,cbac4d1 content(case-studies): relabel anonymous case studies as illustrative worked examples,"""summary"": ""A European multi-day music festival deployed 180,000 single-use UHF RFID wristbands across a four-day event for gate access control, age verification, cashless payment top-up and re-entry tracking. Proud Tek shipped 200,000 wristbands FOB Shenzhen 28 days before the gates opened, with pre-printed barcode + serial-number cross-reference on every band so the festival could pre-pair credentials at the order-fulfilment stage."",","""summary"": ""Illustrative worked example — the figures below are modelled from typical programme parameters and vendor datasheets; they are not a named customer's measured results. A European multi-day music festival deployed 180,000 single-use UHF RFID wristbands across a four-day event for gate access control, age verification, cashless payment top-up and re-entry tracking. Proud Tek shipped 200,000 wristbands FOB Shenzhen 28 days before the gates opened, with pre-printed barcode + serial-number cross-reference on every band so the festival could pre-pair credentials at the order-fulfilment s"
src/content/editorial/case-studies/music-festival-uhf-wristband.json,cbac4d1 content(case-studies): relabel anonymous case studies as illustrative worked examples,,{
src/content/editorial/case-studies/music-festival-uhf-wristband.json,cbac4d1 content(case-studies): relabel anonymous case studies as illustrative worked examples,,"""label"": ""About this example"","
src/content/editorial/case-studies/music-festival-uhf-wristband.json,cbac4d1 content(case-studies): relabel anonymous case studies as illustrative worked examples,,"""text"": ""This page is an illustrative worked example. Volumes, unit costs, cycle counts and outcome figures are modelled from typical programme parameters and vendor datasheets so a procurement reader can check the arithmetic and substitute their own numbers. It is not a named or anonymised customer's measured results."""
src/content/editorial/case-studies/music-festival-uhf-wristband.json,cbac4d1 content(case-studies): relabel anonymous case studies as illustrative worked examples,,"},"
src/content/editorial/case-studies/music-festival-uhf-wristband.json,cbac4d1 content(case-studies): relabel anonymous case studies as illustrative worked examples,"""title"": ""The deployment at a glance — chip, band and measured results"",","""title"": ""The deployment at a glance — chip, band and modelled results"","
src/content/editorial/case-studies/pharmaceutical-dscsa-uhf-rfid.json,cbac4d1 content(case-studies): relabel anonymous case studies as illustrative worked examples,"""title"": ""DSCSA UHF Labels at 380M Units/Year — Pharma"",","""title"": ""Worked example: DSCSA UHF Labels at 380M Units/Year — Pharma"","
src/content/editorial/case-studies/pharmaceutical-dscsa-uhf-rfid.json,cbac4d1 content(case-studies): relabel anonymous case studies as illustrative worked examples,"""kicker"": ""Case study · Pharmaceutical"",","""kicker"": ""Worked example · Pharmaceutical"","
src/content/editorial/case-studies/pharmaceutical-dscsa-uhf-rfid.json,cbac4d1 content(case-studies): relabel anonymous case studies as illustrative worked examples,"""summary"": ""A US specialty-pharmacy distributor deployed item-level UHF RFID labels on 380 million prescription bottle and carton SKUs per year to satisfy the FDA's DSCSA (Drug Supply Chain Security Act) interoperable traceability requirements. Proud Tek shipped {chip:nxp-ucode-9:name} inlays in a 50 × 30 mm paper label form factor with thermal-transfer overprint of the GS1 SGTIN-96 + lot + expiry data fields."",","""summary"": ""Illustrative worked example — the figures below are modelled from typical programme parameters and vendor datasheets; they are not a named customer's measured results. A US specialty-pharmacy distributor deployed item-level UHF RFID labels on 380 million prescription bottle and carton SKUs per year to satisfy the FDA's DSCSA (Drug Supply Chain Security Act) interoperable traceability requirements. Proud Tek shipped {chip:nxp-ucode-9:name} inlays in a 50 × 30 mm paper label form factor with thermal-transfer overprint of the GS1 SGTIN-96 + lot + expiry data fields."","
src/content/editorial/case-studies/pharmaceutical-dscsa-uhf-rfid.json,cbac4d1 content(case-studies): relabel anonymous case studies as illustrative worked examples,,{
src/content/editorial/case-studies/pharmaceutical-dscsa-uhf-rfid.json,cbac4d1 content(case-studies): relabel anonymous case studies as illustrative worked examples,,"""label"": ""About this example"","
src/content/editorial/case-studies/pharmaceutical-dscsa-uhf-rfid.json,cbac4d1 content(case-studies): relabel anonymous case studies as illustrative worked examples,,"""text"": ""This page is an illustrative worked example. Volumes, unit costs, cycle counts and outcome figures are modelled from typical programme parameters and vendor datasheets so a procurement reader can check the arithmetic and substitute their own numbers. It is not a named or anonymised customer's measured results."""
src/content/editorial/case-studies/pharmaceutical-dscsa-uhf-rfid.json,cbac4d1 content(case-studies): relabel anonymous case studies as illustrative worked examples,,"},"
src/content/editorial/case-studies/pharmaceutical-dscsa-uhf-rfid.json,cbac4d1 content(case-studies): relabel anonymous case studies as illustrative worked examples,"""intro"": ""The results are stated against their requirements, so the margin is visible. Every figure is the customer's own measured value from the first full year under enforcement."",","""intro"": ""The results are stated against their requirements, so the margin is visible. Every figure is the modelled values from the first full year under enforcement."","
src/content/editorial/case-studies/pharmaceutical-dscsa-uhf-rfid.json,cbac4d1 content(case-studies): relabel anonymous case studies as illustrative worked examples,"""alt"": ""Four measured results against requirement or baseline: a 99.96% verification rate against the 99% FDA threshold, 22-hour suspect investigation against a 24-hour requirement, a 4-hour lot recall span down from 5 days, and 18 minutes per pallet for returns down from 4 hours — at 380 million units per year with zero DSCSA audit findings.""","""alt"": ""Four modelled results against requirement or baseline: a 99.96% verification rate against the 99% FDA threshold, 22-hour suspect investigation against a 24-hour requirement, a 4-hour lot recall span down from 5 days, and 18 minutes per pallet for returns down from 4 hours — at 380 million units per year with zero DSCSA audit findings."""
src/content/editorial/case-studies/pharmaceutical-dscsa-uhf-rfid.json,cbac4d1 content(case-studies): relabel anonymous case studies as illustrative worked examples,"""intro"": ""The specification and the measured results in one place; nothing here is modelled."",","""intro"": ""The specification and the modelled results in one place; nothing here is modelled."","
src/content/editorial/case-studies/restaurant-google-review-nfc-card.json,cbac4d1 content(case-studies): relabel anonymous case studies as illustrative worked examples,"""title"": ""3.1× Review Lift — Restaurant NFC Card Program"",","""title"": ""Worked example: 3.1× Review Lift — Restaurant NFC Card Program"","
src/content/editorial/case-studies/restaurant-google-review-nfc-card.json,cbac4d1 content(case-studies): relabel anonymous case studies as illustrative worked examples,"""kicker"": ""Case study · Hospitality"",","""kicker"": ""Worked example · Hospitality"","
src/content/editorial/case-studies/restaurant-google-review-nfc-card.json,cbac4d1 content(case-studies): relabel anonymous case studies as illustrative worked examples,"""summary"": ""A US fast-casual restaurant chain deployed Proud Tek Google Review NFC cards at 412 stores, with one tabletop card per booth and a hand-held card at the takeout counter. Average Google reviews per store / month rose from 14 (control) to 43 (deployment) in the first 90 days — a 3.07× lift. The chain's overall Google rating moved from 4.2 to 4.4 stars chain-wide."",","""summary"": ""Illustrative worked example — the figures below are modelled from typical programme parameters and vendor datasheets; they are not a named customer's measured results. A US fast-casual restaurant chain deployed Proud Tek Google Review NFC cards at 412 stores, with one tabletop card per booth and a hand-held card at the takeout counter. Average Google reviews per store / month rose from 14 (control) to 43 (deployment) in the first 90 days — a 3.07× lift. The chain's overall Google rating moved from 4.2 to 4.4 stars chain-wide."","
src/content/editorial/case-studies/restaurant-google-review-nfc-card.json,cbac4d1 content(case-studies): relabel anonymous case studies as illustrative worked examples,,{
src/content/editorial/case-studies/restaurant-google-review-nfc-card.json,cbac4d1 content(case-studies): relabel anonymous case studies as illustrative worked examples,,"""label"": ""About this example"","
src/content/editorial/case-studies/restaurant-google-review-nfc-card.json,cbac4d1 content(case-studies): relabel anonymous case studies as illustrative worked examples,,"""text"": ""This page is an illustrative worked example. Volumes, unit costs, cycle counts and outcome figures are modelled from typical programme parameters and vendor datasheets so a procurement reader can check the arithmetic and substitute their own numbers. It is not a named or anonymised customer's measured results."""
src/content/editorial/case-studies/restaurant-google-review-nfc-card.json,cbac4d1 content(case-studies): relabel anonymous case studies as illustrative worked examples,,"},"
src/content/editorial/case-studies/restaurant-google-review-nfc-card.json,cbac4d1 content(case-studies): relabel anonymous case studies as illustrative worked examples,"""intro"": ""Every figure here is the customer's own measured result over the first 90 days against the pre-deployment control — reported, not modelled. The headline is review velocity: monthly reviews per store went from 14 to 43."",","""intro"": ""Every figure here is the customer's own modelled results over the first 90 days against the pre-deployment control — reported, not modelled. The headline is review velocity: monthly reviews per store went from 14 to 43."","
src/content/editorial/case-studies/restaurant-google-review-nfc-card.json,cbac4d1 content(case-studies): relabel anonymous case studies as illustrative worked examples,"""title"": ""The deployment at a glance — chip, card, and measured results"",","""title"": ""The deployment at a glance — chip, card, and modelled results"","
src/content/editorial/case-studies/retail-apparel-uhf-rfid-source-tagging.json,cbac4d1 content(case-studies): relabel anonymous case studies as illustrative worked examples,"""title"": ""UHF Source-Tagging at 11M Tags/Year — Apparel"",","""title"": ""Worked example: UHF Source-Tagging at 11M Tags/Year — Apparel"","
src/content/editorial/case-studies/retail-apparel-uhf-rfid-source-tagging.json,cbac4d1 content(case-studies): relabel anonymous case studies as illustrative worked examples,"""kicker"": ""Case study · Retail & apparel"",","""kicker"": ""Worked example · Retail & apparel"","
src/content/editorial/case-studies/retail-apparel-uhf-rfid-source-tagging.json,cbac4d1 content(case-studies): relabel anonymous case studies as illustrative worked examples,"""summary"": ""A North American mid-tier apparel retailer source-tagged its full-price women's, men's and children's apparel SKUs with {chip:impinj-monza-r6-p:name} UHF inlays on hang-tag-format paper labels. Annual programme volume: 11 million units. Store inventory accuracy moved from 67% (visual cycle counts) to 98% (handheld UHF scans every 7 days). Out-of-stock at the size level fell 26%."",","""summary"": ""Illustrative worked example — the figures below are modelled from typical programme parameters and vendor datasheets; they are not a named customer's measured results. A North American mid-tier apparel retailer source-tagged its full-price women's, men's and children's apparel SKUs with {chip:impinj-monza-r6-p:name} UHF inlays on hang-tag-format paper labels. Annual programme volume: 11 million units. Store inventory accuracy moved from 67% (visual cycle counts) to 98% (handheld UHF scans every 7 days). Out-of-stock at the size level fell 26%."","
src/content/editorial/case-studies/retail-apparel-uhf-rfid-source-tagging.json,cbac4d1 content(case-studies): relabel anonymous case studies as illustrative worked examples,,{
src/content/editorial/case-studies/retail-apparel-uhf-rfid-source-tagging.json,cbac4d1 content(case-studies): relabel anonymous case studies as illustrative worked examples,,"""label"": ""About this example"","
src/content/editorial/case-studies/retail-apparel-uhf-rfid-source-tagging.json,cbac4d1 content(case-studies): relabel anonymous case studies as illustrative worked examples,,"""text"": ""This page is an illustrative worked example. Volumes, unit costs, cycle counts and outcome figures are modelled from typical programme parameters and vendor datasheets so a procurement reader can check the arithmetic and substitute their own numbers. It is not a named or anonymised customer's measured results."""
src/content/editorial/case-studies/retail-apparel-uhf-rfid-source-tagging.json,cbac4d1 content(case-studies): relabel anonymous case studies as illustrative worked examples,,"},"
src/content/editorial/case-studies/retail-apparel-uhf-rfid-source-tagging.json,cbac4d1 content(case-studies): relabel anonymous case studies as illustrative worked examples,"""title"": ""The deployment at a glance — inlay, tag and measured results"",","""title"": ""The deployment at a glance — inlay, tag and modelled results"","
src/content/editorial/case-studies/retail-apparel-uhf-rfid-source-tagging.json,cbac4d1 content(case-studies): relabel anonymous case studies as illustrative worked examples,"""intro"": ""One table for the reviewer who wants the specification and the numbers in the same glance. Every figure is the customer's own reported value — nothing here is modelled or rounded up for the slide."",","""intro"": ""One table for the reviewer who wants the specification and the numbers in the same glance. Every figure is the modelled values — nothing here is modelled or rounded up for the slide."","
src/content/editorial/compare/mifare-classic-vs-plus-vs-desfire-hotel-locks.json,"203e07e content(products): label price ranges as indicative, fix MIFARE Classic launch year, repair inverted modifiedAt","""MIFARE Classic 1K/4K — NXP MF1S50 (1K) / MF1S70 (4K). The dominant hotel-key-card chip 1997-2015. ~€0.15-0.25 per card at volume. 1,024 or 4,096 bytes organized as sectors with per-sector Key A / Key B. CRYPTO1 cipher, publicly broken since 2008 (nested / darkside / hardnested attacks; commodity tooling takes minutes). Still appropriate for properties where cloning risk is negligible and the reader fleet predates Plus/DESFire support."",","""MIFARE Classic 1K/4K — NXP MF1S50 (1K) / MF1S70 (4K). The dominant hotel-key-card chip from the late 1990s to ~2015. ~€0.15-0.25 per card at volume. 1,024 or 4,096 bytes organized as sectors with per-sector Key A / Key B. CRYPTO1 cipher, publicly broken since 2008 (nested / darkside / hardnested attacks; commodity tooling takes minutes). Still appropriate for properties where cloning risk is negligible and the reader fleet predates Plus/DESFire support."","
src/content/editorial/compare/mifare-plus-vs-desfire.json,"203e07e content(products): label price ranges as indicative, fix MIFARE Classic launch year, repair inverted modifiedAt","""modifiedAt"": ""2026-03-21"",","""modifiedAt"": ""2026-04-20"","
src/content/editorial/contact/hotel-rfid.json,"203e07e content(products): label price ranges as indicative, fix MIFARE Classic launch year, repair inverted modifiedAt","""modifiedAt"": ""2026-06-10T02:42:32Z"",","""modifiedAt"": ""2026-06-11"","
src/content/editorial/contact/laundry-rfid.json,"203e07e content(products): label price ranges as indicative, fix MIFARE Classic launch year, repair inverted modifiedAt","""modifiedAt"": ""2026-06-10T01:00:47Z"",","""modifiedAt"": ""2026-06-11"","
src/content/editorial/contact/rfid-labels-tags.json,"203e07e content(products): label price ranges as indicative, fix MIFARE Classic launch year, repair inverted modifiedAt","""modifiedAt"": ""2026-06-10T01:00:47Z"",","""modifiedAt"": ""2026-06-11"","
src/content/editorial/index.json,"9dba2a1 content(claims): remove undocumented capability figures, state ISO scope as certified","""summary"": ""Proud Tek manufactures custom RFID tags, NFC stickers, smart cards, keyfobs, wristbands and readers from two self-owned factories in Shenzhen. The catalog spans 191 SKU variants across 6 product families and ships globally with chip-level customization, in-house encoding and ISO/IEC 14443 / 18000-6C compliance documentation included on every PO."",","""summary"": ""Proud Tek manufactures custom RFID tags, NFC stickers, smart cards, keyfobs, wristbands and readers from our Shenzhen operation. The catalog spans 191 SKU variants across 6 product families and ships globally with chip-level customization, in-house encoding and ISO/IEC 14443 / 18000-6C compliance documentation included on every PO."","
src/content/editorial/index.json,"9dba2a1 content(claims): remove undocumented capability figures, state ISO scope as certified","""Two self-owned factories in Shenzhen with in-house encoding, laser numbering and bespoke printing."",","""In-house encoding, laser numbering and bespoke printing in Shenzhen."","
src/content/editorial/lp/bulk-rfid-cards.json,"9dba2a1 content(claims): remove undocumented capability figures, state ISO scope as certified","""summary"": ""Proud Tek is a direct RFID card factory in Shenzhen — running since 2008 and shipping to buyers in 50+ countries — built for volume: order blank or fully printed, encoded RFID cards in bulk and the per-card price drops 25-40% below small-order rates as the run deepens. This page is written for the volume buyer, not the RFID beginner: where the quantity breaks sit (1K, 5K, 10K, 50K, 100K and 500K+), what actually moves the per-card cost, how batch QC and 100% functional testing hold at six-figure quantities, the air-versus-sea freight math on a pallet of cards, and the blanket-order","""summary"": ""Proud Tek is a direct RFID card factory in Shenzhen — running since 2008 and shipping to B2B buyers worldwide — built for volume: order blank or fully printed, encoded RFID cards in bulk and the per-card price drops 25-40% below small-order rates as the run deepens. This page is written for the volume buyer, not the RFID beginner: where the quantity breaks sit (1K, 5K, 10K, 50K, 100K and 500K+), what actually moves the per-card cost, how batch QC and 100% functional testing hold at six-figure quantities, the air-versus-sea freight math on a pallet of cards, and the blanket-order an"
src/content/editorial/lp/bulk-rfid-cards.json,"9dba2a1 content(claims): remove undocumented capability figures, state ISO scope as certified",{,
src/content/editorial/lp/bulk-rfid-cards.json,"9dba2a1 content(claims): remove undocumented capability figures, state ISO scope as certified","""value"": ""50+"",",
src/content/editorial/lp/bulk-rfid-cards.json,"9dba2a1 content(claims): remove undocumented capability figures, state ISO scope as certified","""label"": ""Countries shipped to""",
src/content/editorial/lp/bulk-rfid-cards.json,"9dba2a1 content(claims): remove undocumented capability figures, state ISO scope as certified","},",
src/content/editorial/lp/bulk-rfid-cards.json,"9dba2a1 content(claims): remove undocumented capability figures, state ISO scope as certified","""Open factory audits across two Shenzhen sites by appointment, plus virtual walk-throughs and third-party (SGS, TUV, Intertek) inspection when a program requires it.""","""Open factory audits at our Shenzhen operation by appointment, plus virtual walk-throughs and third-party (SGS, TUV, Intertek) inspection when a program requires it."""
src/content/editorial/lp/nfc-tag-manufacturer-china.json,"9dba2a1 content(claims): remove undocumented capability figures, state ISO scope as certified","""summary"": ""Proud Tek is a Shenzhen NFC tag manufacturer — building 13.56 MHz tags in-house since 2008 and exporting to buyers in 50+ countries — that owns every step from antenna and chip bonding through converting, printing and encoding, so an NFC program is made on one line rather than assembled from five subcontractors. We manufacture the full form-factor range — paper and PET stickers, wet and dry inlays on converter rolls, epoxy hard tags, anti-metal tags and NTAG 424 DNA tamper-evident labels — on NTAG 213/215/216, NTAG 424 DNA, MIFARE Ultralight and ICODE SLIX2 silicon allocated direct","""summary"": ""Proud Tek is a Shenzhen NFC tag manufacturer — building 13.56 MHz tags since 2008 and exporting to B2B buyers worldwide — that owns every step from antenna and chip bonding through converting, printing and encoding, so an NFC program is made on one line rather than assembled from five subcontractors. We manufacture the full form-factor range — paper and PET stickers, wet and dry inlays on converter rolls, epoxy hard tags, anti-metal tags and NTAG 424 DNA tamper-evident labels — on NTAG 213/215/216, NTAG 424 DNA, MIFARE Ultralight and ICODE SLIX2 silicon allocated directly from NXP."
src/content/editorial/lp/nfc-tag-manufacturer-china.json,"9dba2a1 content(claims): remove undocumented capability figures, state ISO scope as certified","""text"": ""Two Shenzhen factories, ten automated production lines and 305+ pieces of production and test equipment cover every step from inlay assembly to encoding and read-test — no converting or encoding subcontracted.""","""text"": ""Production in Shenzhen covers inlay assembly, encoding and read-test under one documented quality system."""
src/content/editorial/lp/nfc-tag-manufacturer-china.json,"9dba2a1 content(claims): remove undocumented capability figures, state ISO scope as certified","""label"": ""Manufacturing NFC since""","""label"": ""Supplying NFC tags since"""
src/content/editorial/lp/nfc-tag-manufacturer-china.json,"9dba2a1 content(claims): remove undocumented capability figures, state ISO scope as certified","},",
src/content/editorial/lp/nfc-tag-manufacturer-china.json,"9dba2a1 content(claims): remove undocumented capability figures, state ISO scope as certified",{,
src/content/editorial/lp/nfc-tag-manufacturer-china.json,"9dba2a1 content(claims): remove undocumented capability figures, state ISO scope as certified","""value"": ""10"",",
src/content/editorial/lp/nfc-tag-manufacturer-china.json,"9dba2a1 content(claims): remove undocumented capability figures, state ISO scope as certified","""label"": ""Automated lines, 2 factories""",
src/content/editorial/lp/nfc-tag-manufacturer-china.json,"9dba2a1 content(claims): remove undocumented capability figures, state ISO scope as certified","},",
src/content/editorial/lp/nfc-tag-manufacturer-china.json,"9dba2a1 content(claims): remove undocumented capability figures, state ISO scope as certified",{,
src/content/editorial/lp/nfc-tag-manufacturer-china.json,"9dba2a1 content(claims): remove undocumented capability figures, state ISO scope as certified","""value"": ""305+"",",
src/content/editorial/lp/nfc-tag-manufacturer-china.json,"9dba2a1 content(claims): remove undocumented capability figures, state ISO scope as certified","""label"": ""Production & test machines""",
src/content/editorial/lp/nfc-tag-manufacturer-china.json,"9dba2a1 content(claims): remove undocumented capability figures, state ISO scope as certified","""Open factory audits across two Shenzhen sites by appointment, with virtual walk-throughs and third-party (SGS, TUV, Intertek) inspection accommodated when a program requires it."",","""Open factory audits at our Shenzhen operation by appointment, with virtual walk-throughs and third-party (SGS, TUV, Intertek) inspection accommodated when a program requires it."","
src/content/editorial/lp/nfc-tag-manufacturer-china.json,"9dba2a1 content(claims): remove undocumented capability figures, state ISO scope as certified","""answer"": ""Three independent checks. Request our ISO 9001, ISO 14001 and ISO 45001 certificate numbers and confirm them with the issuing registrar; book a factory audit — in person or virtual — across our two Shenzhen sites; and order a free sample kit to read the tags on your own phones and readers. Every batch also ships with a test report showing chip response, resonance frequency and read range, and we accommodate SGS, TUV or Intertek inspection when a program requires it.""","""answer"": ""Three independent checks. Request our ISO 9001, ISO 14001 and ISO 45001 certificate numbers and confirm them with the issuing registrar; book a factory audit — in person or virtual — at our Shenzhen operation; and order a free sample kit to read the tags on your own phones and readers. Every batch also ships with a test report showing chip response, resonance frequency and read range, and we accommodate SGS, TUV or Intertek inspection when a program requires it."""
src/content/editorial/lp/nfc-tag-supplier.json,"9dba2a1 content(claims): remove undocumented capability figures, state ISO scope as certified","""summary"": ""Proud Tek is a Shenzhen NFC tag factory — direct since 2008 and shipping to buyers in 50+ countries — that stocks, prints and encodes NFC tags in every form factor a project actually needs: paper and PET stickers, wet and dry inlays on converter rolls, epoxy tokens, anti-metal tags and tamper-evident labels, all built on 13.56 MHz NTAG 213/215/216, NTAG 424 DNA, MIFARE Ultralight and ICODE chips. 'Supplier' here means more than a price list and a shrug: we help you pick the chip, pre-encode the NDEF or SUN record, read-verify every unit, and ship it with the compliance paperwork yo","""summary"": ""Proud Tek is a Shenzhen NFC tag factory — direct since 2008 and shipping to B2B buyers worldwide — that stocks, prints and encodes NFC tags in every form factor a project actually needs: paper and PET stickers, wet and dry inlays on converter rolls, epoxy tokens, anti-metal tags and tamper-evident labels, all built on 13.56 MHz NTAG 213/215/216, NTAG 424 DNA, MIFARE Ultralight and ICODE chips. 'Supplier' here means more than a price list and a shrug: we help you pick the chip, pre-encode the NDEF or SUN record, read-verify every unit, and ship it with the compliance paperwork your "
src/content/editorial/lp/nfc-tag-supplier.json,"9dba2a1 content(claims): remove undocumented capability figures, state ISO scope as certified",{,
src/content/editorial/lp/nfc-tag-supplier.json,"9dba2a1 content(claims): remove undocumented capability figures, state ISO scope as certified","""value"": ""50+"",",
src/content/editorial/lp/nfc-tag-supplier.json,"9dba2a1 content(claims): remove undocumented capability figures, state ISO scope as certified","""label"": ""Countries shipped to""",
src/content/editorial/lp/nfc-tag-supplier.json,"9dba2a1 content(claims): remove undocumented capability figures, state ISO scope as certified","},",
src/content/editorial/lp/nfc-tag-supplier.json,"9dba2a1 content(claims): remove undocumented capability figures, state ISO scope as certified",{,
src/content/editorial/lp/nfc-tag-supplier.json,"9dba2a1 content(claims): remove undocumented capability figures, state ISO scope as certified","""value"": ""10"",",
src/content/editorial/lp/nfc-tag-supplier.json,"9dba2a1 content(claims): remove undocumented capability figures, state ISO scope as certified","""label"": ""Automated lines, 2 sites""",
src/content/editorial/lp/nfc-tag-supplier.json,"9dba2a1 content(claims): remove undocumented capability figures, state ISO scope as certified","},",
src/content/editorial/lp/nfc-tag-supplier.json,"9dba2a1 content(claims): remove undocumented capability figures, state ISO scope as certified","""label"": ""Audited ISO systems""","""label"": ""Certified ISO systems (sales & service scope)"""
src/content/editorial/lp/nfc-tag-supplier.json,"9dba2a1 content(claims): remove undocumented capability figures, state ISO scope as certified","""Open factory audits across two Shenzhen sites by appointment, with virtual walk-throughs and third-party (SGS, TUV, Intertek) inspection accommodated when a program requires it."",","""Open factory audits at our Shenzhen operation by appointment, with virtual walk-throughs and third-party (SGS, TUV, Intertek) inspection accommodated when a program requires it."","
src/content/editorial/lp/nfc-tag-supplier.json,"9dba2a1 content(claims): remove undocumented capability figures, state ISO scope as certified","""answer"": ""Three independent checks. Request our ISO 9001, ISO 14001 and ISO 45001 certificate numbers and confirm them with the issuing registrar; book a factory audit (in person or virtual) across our two Shenzhen sites; and order a sample pack to read the tags on your own phones and equipment. Every claim on this page is meant to be checked, not taken on faith.""","""answer"": ""Three independent checks. Request our ISO 9001, ISO 14001 and ISO 45001 certificate numbers and confirm them with the issuing registrar; book a factory audit (in person or virtual) at our Shenzhen operation; and order a sample pack to read the tags on your own phones and equipment. Every claim on this page is meant to be checked, not taken on faith."""
src/content/editorial/lp/rfid-card-encoding-service.json,"9dba2a1 content(claims): remove undocumented capability figures, state ISO scope as certified","""summary"": ""Proud Tek runs card encoding as a dedicated, read-verified production service, not an afterthought at packing: a Shenzhen RFID factory direct since 2008 and shipping to 50+ countries, we pre-encode MIFARE sector keys, MIFARE DESFire AES application keys, NTAG NDEF records with password/AUTH protection, and GS1 SGTIN-96 EPC data — serialized from your CSV or ERP export — then read-verify 100% of the cards and ship the encoding database alongside them. What this page is not is a blank-card or minimum-order page: the deliverable is the DATA on the card, written to a published standard","""summary"": ""Proud Tek runs card encoding as a dedicated, read-verified production service, not an afterthought at packing: a Shenzhen RFID factory direct since 2008 and shipping worldwide, we pre-encode MIFARE sector keys, MIFARE DESFire AES application keys, NTAG NDEF records with password/AUTH protection, and GS1 SGTIN-96 EPC data — serialized from your CSV or ERP export — then read-verify 100% of the cards and ship the encoding database alongside them. What this page is not is a blank-card or minimum-order page: the deliverable is the DATA on the card, written to a published standard and lo"
src/content/editorial/lp/rfid-card-encoding-service.json,"9dba2a1 content(claims): remove undocumented capability figures, state ISO scope as certified","""label"": ""Direct factory since""","""label"": ""Operating since"""
src/content/editorial/lp/rfid-card-encoding-service.json,"9dba2a1 content(claims): remove undocumented capability figures, state ISO scope as certified","""label"": ""Audited ISO systems""","""label"": ""Certified ISO systems (sales & service scope)"""
src/content/editorial/lp/rfid-card-manufacturer-china.json,"9dba2a1 content(claims): remove undocumented capability figures, state ISO scope as certified","""summary"": ""Proud Tek is a factory-direct RFID card manufacturer in Shenzhen, China — building cards in-house since 2008 and shipping to buyers in 50+ countries — that owns the whole card line end to end: inlay assembly, hot-roll lamination, die-cutting to the ISO/IEC 7810 ID-1 (CR80) format, printing, encoding and 100% electrical test, across PVC, PET, PETG, ABS, polycarbonate, PLA, bamboo-composite, wood and metal bodies. 'Manufacturer' here means the chip, the antenna, the card body and the data are all handled under one ISO 9001 quality system — not a logo printed on someone else's stock. ","""summary"": ""Proud Tek is a factory-direct RFID card manufacturer in Shenzhen, China — building cards since 2008 and shipping to B2B buyers worldwide — that owns the whole card line end to end: inlay assembly, hot-roll lamination, die-cutting to the ISO/IEC 7810 ID-1 (CR80) format, printing, encoding and 100% electrical test, across PVC, PET, PETG, ABS, polycarbonate, PLA, bamboo-composite, wood and metal bodies. 'Manufacturer' here means the chip, the antenna, the card body and the data are all handled under one ISO 9001 quality system — not a logo printed on someone else's stock. This page wa"
src/content/editorial/lp/rfid-card-manufacturer-china.json,"9dba2a1 content(claims): remove undocumented capability figures, state ISO scope as certified",{,
src/content/editorial/lp/rfid-card-manufacturer-china.json,"9dba2a1 content(claims): remove undocumented capability figures, state ISO scope as certified","""value"": ""50+"",",
src/content/editorial/lp/rfid-card-manufacturer-china.json,"9dba2a1 content(claims): remove undocumented capability figures, state ISO scope as certified","""label"": ""Countries shipped to""",
src/content/editorial/lp/rfid-card-manufacturer-china.json,"9dba2a1 content(claims): remove undocumented capability figures, state ISO scope as certified","},",
src/content/editorial/lp/rfid-card-manufacturer-china.json,"9dba2a1 content(claims): remove undocumented capability figures, state ISO scope as certified",{,
src/content/editorial/lp/rfid-card-manufacturer-china.json,"9dba2a1 content(claims): remove undocumented capability figures, state ISO scope as certified","""value"": ""10"",",
src/content/editorial/lp/rfid-card-manufacturer-china.json,"9dba2a1 content(claims): remove undocumented capability figures, state ISO scope as certified","""label"": ""Automated lines, 2 sites""",
src/content/editorial/lp/rfid-card-manufacturer-china.json,"9dba2a1 content(claims): remove undocumented capability figures, state ISO scope as certified","},",
src/content/editorial/lp/rfid-card-manufacturer-china.json,"9dba2a1 content(claims): remove undocumented capability figures, state ISO scope as certified","""label"": ""Audited ISO systems""","""label"": ""Certified ISO systems (sales & service scope)"""
src/content/editorial/lp/rfid-card-manufacturer-china.json,"9dba2a1 content(claims): remove undocumented capability figures, state ISO scope as certified","""A direct factory, not a trading desk: two Shenzhen sites, ten automated lines and 305+ pieces of process equipment under one ISO 9001 management system, every encoded card read-tested before it ships."",","""A direct factory, not a trading desk: production in Shenzhen under one ISO 9001 management system, every encoded card read-tested before it ships."","
src/content/editorial/lp/rfid-card-manufacturer-china.json,"9dba2a1 content(claims): remove undocumented capability figures, state ISO scope as certified","""Open factory audits across two Shenzhen sites by appointment, in-house pre-shipment inspection by your QC agent at no charge, and quality records retained seven years under ISO 9001.""","""Open factory audits at our Shenzhen operation by appointment, in-house pre-shipment inspection by your QC agent at no charge, and quality records retained seven years under ISO 9001."""
src/content/editorial/lp/rfid-card-manufacturer-china.json,"9dba2a1 content(claims): remove undocumented capability figures, state ISO scope as certified","""answer"": ""Three independent checks. First, request our ISO 9001, ISO 14001 and ISO 45001 certificate numbers and confirm them directly with the issuing registrar. Second, book a factory audit — engineering and quality-system audits across our two Shenzhen sites are by appointment, with virtual walk-throughs for buyers who cannot travel and third-party (SGS, TUV, Intertek) inspection when your program requires it. Third, order a free sample kit and read the cards on your own equipment. Every claim on this page is meant to be checked, not taken on faith.""","""answer"": ""Three independent checks. First, request our ISO 9001, ISO 14001 and ISO 45001 certificate numbers and confirm them directly with the issuing registrar. Second, book a factory audit — engineering and quality-system audits at our Shenzhen operation are by appointment, with virtual walk-throughs for buyers who cannot travel and third-party (SGS, TUV, Intertek) inspection when your program requires it. Third, order a free sample kit and read the cards on your own equipment. Every claim on this page is meant to be checked, not taken on faith."""
src/content/editorial/lp/rfid-factory-direct-china.json,"9dba2a1 content(claims): remove undocumented capability figures, state ISO scope as certified","""summary"": ""Proud Tek is a direct RFID factory in Shenzhen — building cards, tags, labels and wristbands in-house since 2008 and shipping to buyers in 50+ countries — so a factory-direct order goes to the people who laminate, print and encode your product, at the factory-gate price with no trading-company markup in between. Chip sourcing, antenna bonding, printing, encoding, laser engraving, quality testing and export packing all run under one ISO 9001 management system, which is the difference between a factory and a reseller forwarding your purchase order. This page sets out the capability m","""summary"": ""Proud Tek is a direct RFID factory in Shenzhen — building cards, tags, labels and wristbands since 2008 and shipping to B2B buyers worldwide — so a factory-direct order goes to the people who laminate, print and encode your product, at the factory-gate price with no trading-company markup in between. Chip sourcing, antenna bonding, printing, encoding, laser engraving, quality testing and export packing all run under one ISO 9001 management system, which is the difference between a factory and a reseller forwarding your purchase order. This page sets out the capability menu across p"
src/content/editorial/lp/rfid-factory-direct-china.json,"9dba2a1 content(claims): remove undocumented capability figures, state ISO scope as certified","""A direct factory, not a trading desk: cards, NFC tags, UHF labels and wristbands built across two Shenzhen sites and ten automated lines under one ISO 9001 system, so your order reaches the line that makes it."",","""A direct factory, not a trading desk: cards, NFC tags, UHF labels and wristbands built under one ISO 9001 system, so your order reaches the line that makes it."","
src/content/editorial/lp/rfid-factory-direct-china.json,"9dba2a1 content(claims): remove undocumented capability figures, state ISO scope as certified","""label"": ""Direct factory since""","""label"": ""Operating since"""
src/content/editorial/lp/rfid-factory-direct-china.json,"9dba2a1 content(claims): remove undocumented capability figures, state ISO scope as certified","},",
src/content/editorial/lp/rfid-factory-direct-china.json,"9dba2a1 content(claims): remove undocumented capability figures, state ISO scope as certified",{,
src/content/editorial/lp/rfid-factory-direct-china.json,"9dba2a1 content(claims): remove undocumented capability figures, state ISO scope as certified","""value"": ""50+"",",
src/content/editorial/lp/rfid-factory-direct-china.json,"9dba2a1 content(claims): remove undocumented capability figures, state ISO scope as certified","""label"": ""Countries shipped to""",
src/content/editorial/lp/rfid-factory-direct-china.json,"9dba2a1 content(claims): remove undocumented capability figures, state ISO scope as certified","},",
src/content/editorial/lp/rfid-factory-direct-china.json,"9dba2a1 content(claims): remove undocumented capability figures, state ISO scope as certified",{,
src/content/editorial/lp/rfid-factory-direct-china.json,"9dba2a1 content(claims): remove undocumented capability figures, state ISO scope as certified","""value"": ""10"",",
src/content/editorial/lp/rfid-factory-direct-china.json,"9dba2a1 content(claims): remove undocumented capability figures, state ISO scope as certified","""label"": ""Automated lines, 2 sites""",
src/content/editorial/lp/rfid-factory-direct-china.json,"9dba2a1 content(claims): remove undocumented capability figures, state ISO scope as certified","""label"": ""Audited ISO systems""","""label"": ""Certified ISO systems (sales & service scope)"""
src/content/editorial/lp/rfid-factory-direct-china.json,"9dba2a1 content(claims): remove undocumented capability figures, state ISO scope as certified","""alt"": ""A two-lane supply-chain comparison. Top lane, buying through a trading company: the buyer pays a trading company that resells the order and owns no factory, marked with a reseller-margin badge, which then forwards the job to a factory — so the buyer pays the factory price plus the desk's margin. Bottom lane, buying factory-direct from Proud Tek: the buyer deals straight with the Proud Tek factory, which sources the chip, bonds the antenna, prints, encodes and QC-tests in-house at the factory-gate price. A footer notes the factory has run since 2008 across ten lines and two Shenzhen sit","""alt"": ""A two-lane supply-chain comparison. Top lane, buying through a trading company: the buyer pays a trading company that resells the order and owns no factory, marked with a reseller-margin badge, which then forwards the job to a factory — so the buyer pays the factory price plus the desk's margin. Bottom lane, buying factory-direct from Proud Tek: the buyer deals straight with the Proud Tek factory, which sources the chip, bonds the antenna, prints, encodes and QC-tests in-house at the factory-gate price. A footer notes the factory has run since 2008 in Shenzhen, ships worldwide, and hol"
src/content/editorial/lp/rfid-factory-direct-china.json,"9dba2a1 content(claims): remove undocumented capability figures, state ISO scope as certified","""Open factory audits: engineering and quality-system audits by appointment across two Shenzhen sites, plus live video walk-throughs and third-party (SGS, TUV, Intertek) visits when a program requires them."",","""Open factory audits: engineering and quality-system audits by appointment at our Shenzhen operation, plus live video walk-throughs and third-party (SGS, TUV, Intertek) visits when a program requires them."","
src/content/editorial/lp/rfid-factory-direct-china.json,"9dba2a1 content(claims): remove undocumented capability figures, state ISO scope as certified","""note"": ""The occupational health-and-safety management standard covering the two production sites a buyer can audit.""","""note"": ""The occupational health-and-safety management standard covering the Shenzhen operation a buyer can audit."""
src/content/editorial/lp/rfid-label-manufacturer.json,"9dba2a1 content(claims): remove undocumented capability figures, state ISO scope as certified","""summary"": ""Proud Tek is a direct RFID label factory in Shenzhen — converting since 2008 and shipping to buyers in 50+ countries — that runs a roll-to-roll line for UHF RAIN and HF/NFC labels and the wet and dry inlays inside them: face stock, adhesive, inlay, print and encoding, converted in one pass and read-verified before it ships. 'Manufacturer' here means the actual converting line, not a trading desk forwarding your PO — we pick the chip, tune the antenna to your surface, pre-encode the EPC or NDEF, and ship rolls formatted for your applicator with the compliance paperwork attached. Hou","""summary"": ""Proud Tek is a direct RFID label factory in Shenzhen — converting since 2008 and shipping to B2B buyers worldwide — that runs a roll-to-roll line for UHF RAIN and HF/NFC labels and the wet and dry inlays inside them: face stock, adhesive, inlay, print and encoding, converted in one pass and read-verified before it ships. 'Manufacturer' here means the actual converting line, not a trading desk forwarding your PO — we pick the chip, tune the antenna to your surface, pre-encode the EPC or NDEF, and ship rolls formatted for your applicator with the compliance paperwork attached. Housed"
src/content/editorial/lp/rfid-label-manufacturer.json,"9dba2a1 content(claims): remove undocumented capability figures, state ISO scope as certified",{,
src/content/editorial/lp/rfid-label-manufacturer.json,"9dba2a1 content(claims): remove undocumented capability figures, state ISO scope as certified","""value"": ""50+"",",
src/content/editorial/lp/rfid-label-manufacturer.json,"9dba2a1 content(claims): remove undocumented capability figures, state ISO scope as certified","""label"": ""Countries shipped to""",
src/content/editorial/lp/rfid-label-manufacturer.json,"9dba2a1 content(claims): remove undocumented capability figures, state ISO scope as certified","},",
src/content/editorial/lp/rfid-label-manufacturer.json,"9dba2a1 content(claims): remove undocumented capability figures, state ISO scope as certified","""label"": ""Audited ISO systems""","""label"": ""Certified ISO systems (sales & service scope)"""
src/content/editorial/lp/rfid-label-manufacturer.json,"9dba2a1 content(claims): remove undocumented capability figures, state ISO scope as certified","""Open factory audits across two Shenzhen sites by appointment, with virtual walk-throughs and third-party (SGS, TUV, Intertek) inspection when a program requires it."",","""Open factory audits at our Shenzhen operation by appointment, with virtual walk-throughs and third-party (SGS, TUV, Intertek) inspection when a program requires it."","
src/content/editorial/lp/rfid-manufacturer-shenzhen.json,"65b0bf6 content(claims): remove the remaining factory / line / country figures from meta, video schema and LP diagrams","""summary"": ""Proud Tek is a Shenzhen RFID manufacturer — building in-house since 2008 and shipping to buyers in 50+ countries — that makes the full RFID product range under two factory roofs: RFID cards and fobs, NFC tags and stickers, UHF inlays and labels, event wristbands, keyfobs and the readers to run them, each assembled, laminated, encoded and 100% read-tested on ten automated lines. Sourcing from Shenzhen puts the world's densest RFID supply chain on the factory's doorstep — chip makers, antenna etchers, substrate mills and converting-equipment builders within a short drive — so a six-f","""summary"": ""Proud Tek is a Shenzhen RFID manufacturer — building since 2008 and shipping to B2B buyers worldwide — that makes the full RFID product range under two factory roofs: RFID cards and fobs, NFC tags and stickers, UHF inlays and labels, event wristbands, keyfobs and the readers to run them, each assembled, laminated, encoded and 100% read-tested on automated lines. Sourcing from Shenzhen puts the world's densest RFID supply chain on the factory's doorstep — chip makers, antenna etchers, substrate mills and converting-equipment builders within a short drive — so a six-family program co"
src/content/editorial/lp/rfid-manufacturer-shenzhen.json,"65b0bf6 content(claims): remove the remaining factory / line / country figures from meta, video schema and LP diagrams","""Two Shenzhen factories, ten automated lines and 305+ pieces of process equipment under one ISO 9001 management system, bonding chips from NXP, Infineon, Impinj, Alien, EM and Quanray — so your program is never locked to a single silicon supplier."",","""Production in Shenzhen under one ISO 9001 management system, bonding chips from NXP, Infineon, Impinj, Alien, EM and Quanray — so your program is never locked to a single silicon supplier."","
src/content/editorial/lp/rfid-manufacturer-shenzhen.json,"65b0bf6 content(claims): remove the remaining factory / line / country figures from meta, video schema and LP diagrams","""text"": ""A Shenzhen RFID manufacturer, direct since 2008, that makes the full product range — cards, NFC tags, UHF labels, wristbands, keyfobs and readers — in-house across two factories and ten automated lines under one ISO 9001 management system.""","""text"": ""A Shenzhen RFID manufacturer, direct since 2008, that makes the full product range — cards, NFC tags, UHF labels, wristbands, keyfobs and readers — in-house  in Shenzhen under one ISO 9001 management system."""
src/content/editorial/lp/rfid-manufacturer-shenzhen.json,"65b0bf6 content(claims): remove the remaining factory / line / country figures from meta, video schema and LP diagrams","""intro"": ""Shenzhen makes more of the world's RFID than any other city, and it is not an accident of branding — the chip distributors, antenna etchers, substrate suppliers and converting-machine builders sit within a short drive of each other, so a factory here sources in days what an assembler elsewhere waits weeks to import. Proud Tek has built [RFID cards](/products/rfid-cards/), [labels](/products/rfid-labels/) and [tags](/products/rfid-tags/) in that cluster since 2008, across two factories and ten automated lines, and the [factory tour](/about/factory/) is an open invitation rather than a","""intro"": ""Shenzhen makes more of the world's RFID than any other city, and it is not an accident of branding — the chip distributors, antenna etchers, substrate suppliers and converting-machine builders sit within a short drive of each other, so a factory here sources in days what an assembler elsewhere waits weeks to import. Proud Tek has built [RFID cards](/products/rfid-cards/), [labels](/products/rfid-labels/) and [tags](/products/rfid-tags/) in that cluster since 2008,  in Shenzhen, and the [factory tour](/about/factory/) is an open invitation rather than an awkward request. The numbers b"
src/content/editorial/lp/rfid-manufacturer-shenzhen.json,"65b0bf6 content(claims): remove the remaining factory / line / country figures from meta, video schema and LP diagrams","},",
src/content/editorial/lp/rfid-manufacturer-shenzhen.json,"65b0bf6 content(claims): remove the remaining factory / line / country figures from meta, video schema and LP diagrams",{,
src/content/editorial/lp/rfid-manufacturer-shenzhen.json,"65b0bf6 content(claims): remove the remaining factory / line / country figures from meta, video schema and LP diagrams","""value"": ""10"",",
src/content/editorial/lp/rfid-manufacturer-shenzhen.json,"65b0bf6 content(claims): remove the remaining factory / line / country figures from meta, video schema and LP diagrams","""label"": ""Automated lines, 2 sites""",
src/content/editorial/lp/rfid-manufacturer-shenzhen.json,"65b0bf6 content(claims): remove the remaining factory / line / country figures from meta, video schema and LP diagrams","},",
src/content/editorial/lp/rfid-manufacturer-shenzhen.json,"65b0bf6 content(claims): remove the remaining factory / line / country figures from meta, video schema and LP diagrams",{,
src/content/editorial/lp/rfid-manufacturer-shenzhen.json,"65b0bf6 content(claims): remove the remaining factory / line / country figures from meta, video schema and LP diagrams","""value"": ""50+"",",
src/content/editorial/lp/rfid-manufacturer-shenzhen.json,"65b0bf6 content(claims): remove the remaining factory / line / country figures from meta, video schema and LP diagrams","""label"": ""Countries shipped to""",
src/content/editorial/lp/rfid-manufacturer-shenzhen.json,"65b0bf6 content(claims): remove the remaining factory / line / country figures from meta, video schema and LP diagrams","""Every value-added step is in-house — inlay bonding, lamination, printing, encoding, laser marking and final QC — so no subcontracted step can quietly swap a chip or a substrate between your sample and your production run.""","""Every value-added step — inlay bonding, lamination, printing, encoding, laser marking and final QC — is specified, controlled and documented by Proud Tek under one ISO 9001 management system, so no step can quietly swap a chip or a substrate between your sample and your production run."""
src/content/editorial/lp/rfid-manufacturer-shenzhen.json,"65b0bf6 content(claims): remove the remaining factory / line / country figures from meta, video schema and LP diagrams","""alt"": ""A product-range map fanning one Shenzhen factory into six RFID product families and one shipment. On the left, PROUD TEK SHENZHEN (two factories, ten lines). In the centre, six lanes: RFID cards and fobs (MIFARE Classic, MIFARE Plus, DESFire, NTAG 215, T5577); NFC tags and stickers (NTAG 213, NTAG 216, NTAG 424 DNA, ICODE SLIX2); UHF inlays and labels (Impinj M730, NXP UCODE 9, Monza R6 at 860-960 MHz); event wristbands (MIFARE Ultralight, NTAG 213, UCODE 9); keyfobs and hard tags (EM4200, T5577, NTAG 216); and RFID readers (desktop, handheld and fixed UHF). All six converge on the rig","""alt"": ""A product-range map fanning one Shenzhen factory into six RFID product families and one shipment. On the left, PROUD TEK SHENZHEN. In the centre, six lanes: RFID cards and fobs (MIFARE Classic, MIFARE Plus, DESFire, NTAG 215, T5577); NFC tags and stickers (NTAG 213, NTAG 216, NTAG 424 DNA, ICODE SLIX2); UHF inlays and labels (Impinj M730, NXP UCODE 9, Monza R6 at 860-960 MHz); event wristbands (MIFARE Ultralight, NTAG 213, UCODE 9); keyfobs and hard tags (EM4200, T5577, NTAG 216); and RFID readers (desktop, handheld and fixed UHF). All six converge on the right into ONE SHIPMENT: encod"
src/content/editorial/lp/rfid-manufacturer-shenzhen.json,"65b0bf6 content(claims): remove the remaining factory / line / country figures from meta, video schema and LP diagrams","""intro"": ""A manufacturer should be able to show you the machines, not just the catalogue. Production runs across two Shenzhen sites and ten automated lines organised into six line families — every value-added step happens here, and the operators who build your pilot lot are the same people who run the production order, which is why first-run defect rates tend to stay flat across a program's life. Browse the finished parts on the [RFID tags](/products/rfid-tags/) and [wristbands](/products/rfid-wristbands/) catalogues, or see the plant itself on the [factory page](/about/factory/)."",","""intro"": ""A manufacturer should be able to show you the machines, not just the catalogue. Production is organised into six line families — every value-added step happens here, and the operators who build your pilot lot are the same people who run the production order, which is why first-run defect rates tend to stay flat across a program's life. Browse the finished parts on the [RFID tags](/products/rfid-tags/) and [wristbands](/products/rfid-wristbands/) catalogues, or see the plant itself on the [factory page](/about/factory/)."","
src/content/editorial/lp/rfid-manufacturer-shenzhen.json,"65b0bf6 content(claims): remove the remaining factory / line / country figures from meta, video schema and LP diagrams","""alt"": ""A left-to-right factory-floor flow in six stages. Stage 1, materials in: chips, antennas and PVC and PET substrates sourced locally in Shenzhen. Stage 2, inlay bonding: chip-to-antenna for HF 13.56 MHz and UHF 860-960 MHz inlays at ESD-controlled stations. Stage 3, lamination and print: PVC, ABS and PET stocks laminated, offset and screen printing, laser marking. Stage 4, encoding: UID locking, NDEF, GS1 SGTIN-96 and MIFARE Plus and DESFire keys. Stage 5, QC: 100% functional read test plus AQL visual and dimensional sampling. Stage 6, export packing: FOB, CIF or DDP shipping to 50+ cou","""alt"": ""A left-to-right factory-floor flow in six stages. Stage 1, materials in: chips, antennas and PVC and PET substrates sourced locally in Shenzhen. Stage 2, inlay bonding: chip-to-antenna for HF 13.56 MHz and UHF 860-960 MHz inlays at ESD-controlled stations. Stage 3, lamination and print: PVC, ABS and PET stocks laminated, offset and screen printing, laser marking. Stage 4, encoding: UID locking, NDEF, GS1 SGTIN-96 and MIFARE Plus and DESFire keys. Stage 5, QC: 100% functional read test plus AQL visual and dimensional sampling. Stage 6, export packing: FOB, CIF or DDP shipping worldwide."
src/content/editorial/lp/rfid-manufacturer-shenzhen.json,"65b0bf6 content(claims): remove the remaining factory / line / country figures from meta, video schema and LP diagrams","""text"": ""We export from Shenzhen on FOB, CIF or DDP terms by DHL, FedEx, UPS or ocean freight to 50+ countries; repeat buyers draw against safety stock with 3-5 business day call-offs.""","""text"": ""We export from Shenzhen on FOB, CIF or DDP terms by DHL, FedEx, UPS or ocean freight worldwide; repeat buyers draw against safety stock with 3-5 business day call-offs."""
src/content/editorial/lp/rfid-manufacturer-shenzhen.json,"65b0bf6 content(claims): remove the remaining factory / line / country figures from meta, video schema and LP diagrams","""Open factory audits across two Shenzhen sites by appointment, plus live video walk-throughs and third-party (SGS, TUV, Intertek, Bureau Veritas) inspection when a program requires it."",","""Open factory audits at our Shenzhen operation by appointment, plus live video walk-throughs and third-party (SGS, TUV, Intertek, Bureau Veritas) inspection when a program requires it."","
src/content/editorial/lp/rfid-manufacturer-shenzhen.json,"65b0bf6 content(claims): remove the remaining factory / line / country figures from meta, video schema and LP diagrams","""note"": ""The occupational health-and-safety management standard covering the two Shenzhen production sites a buyer can audit.""","""note"": ""The occupational health-and-safety management standard covering the Shenzhen operation a buyer can audit."""
src/content/editorial/lp/rfid-smart-card-manufacturer.json,"9dba2a1 content(claims): remove undocumented capability figures, state ISO scope as certified","""label"": ""Direct factory since""","""label"": ""Operating since"""
src/content/editorial/lp/rfid-smart-card-manufacturer.json,"9dba2a1 content(claims): remove undocumented capability figures, state ISO scope as certified","""Audit access: buyer engineering and security audits by appointment across two Shenzhen sites, with third-party (TÜV, SGS, Intertek, Bureau Veritas) inspection accommodated when a program requires it.""","""Audit access: buyer engineering and security audits by appointment at our Shenzhen operation, with third-party (TÜV, SGS, Intertek, Bureau Veritas) inspection accommodated when a program requires it."""
src/content/editorial/lp/rfid-solution-provider.json,"9dba2a1 content(claims): remove undocumented capability figures, state ISO scope as certified","""summary"": ""Proud Tek is a direct RFID factory in Shenzhen — operating since 2008 and shipping to buyers in 50+ countries — that works as a single-source RFID solution provider: we help you choose the chip, build the tag, card, label or wristband, pre-encode it with your data, and ship it read-verified with the compliance paperwork already attached. What we are not is a reader or middleware vendor; the deliverable is working, standards-based media plus the partner recommendations to run it, not a black box you can only refill through us. This page lays out the capability menu, the sample-to-PO","""summary"": ""Proud Tek is a direct RFID factory in Shenzhen — operating since 2008 and shipping to B2B buyers worldwide — that works as a single-source RFID solution provider: we help you choose the chip, build the tag, card, label or wristband, pre-encode it with your data, and ship it read-verified with the compliance paperwork already attached. What we are not is a reader or middleware vendor; the deliverable is working, standards-based media plus the partner recommendations to run it, not a black box you can only refill through us. This page lays out the capability menu, the sample-to-PO pa"
src/content/editorial/lp/rfid-solution-provider.json,"9dba2a1 content(claims): remove undocumented capability figures, state ISO scope as certified","""A direct factory, not a trading desk: two Shenzhen sites, ten automated lines and 305+ pieces of process equipment under one ISO 9001 management system, with every encoded unit read-tested before it ships."",","""A direct factory, not a trading desk: production in Shenzhen under one ISO 9001 management system, with every encoded unit read-tested before it ships."","
src/content/editorial/lp/rfid-solution-provider.json,"9dba2a1 content(claims): remove undocumented capability figures, state ISO scope as certified","""label"": ""Direct factory since""","""label"": ""Operating since"""
src/content/editorial/lp/rfid-solution-provider.json,"9dba2a1 content(claims): remove undocumented capability figures, state ISO scope as certified","},",
src/content/editorial/lp/rfid-solution-provider.json,"9dba2a1 content(claims): remove undocumented capability figures, state ISO scope as certified",{,
src/content/editorial/lp/rfid-solution-provider.json,"9dba2a1 content(claims): remove undocumented capability figures, state ISO scope as certified","""value"": ""50+"",",
src/content/editorial/lp/rfid-solution-provider.json,"9dba2a1 content(claims): remove undocumented capability figures, state ISO scope as certified","""label"": ""Countries shipped to""",
src/content/editorial/lp/rfid-solution-provider.json,"9dba2a1 content(claims): remove undocumented capability figures, state ISO scope as certified","},",
src/content/editorial/lp/rfid-solution-provider.json,"9dba2a1 content(claims): remove undocumented capability figures, state ISO scope as certified",{,
src/content/editorial/lp/rfid-solution-provider.json,"9dba2a1 content(claims): remove undocumented capability figures, state ISO scope as certified","""value"": ""10"",",
src/content/editorial/lp/rfid-solution-provider.json,"9dba2a1 content(claims): remove undocumented capability figures, state ISO scope as certified","""label"": ""Automated lines, 2 sites""",
src/content/editorial/lp/rfid-solution-provider.json,"9dba2a1 content(claims): remove undocumented capability figures, state ISO scope as certified","""label"": ""Audited ISO systems""","""label"": ""Certified ISO systems (sales & service scope)"""
src/content/editorial/lp/rfid-solution-provider.json,"9dba2a1 content(claims): remove undocumented capability figures, state ISO scope as certified","""Open factory audits: buyer engineering and quality-system audits by appointment across two Shenzhen sites, plus virtual walk-throughs and third-party (TUV, SGS, Intertek) visits when a program requires them."",","""Open factory audits: buyer engineering and quality-system audits by appointment at our Shenzhen operation, plus virtual walk-throughs and third-party (TUV, SGS, Intertek) visits when a program requires them."","
src/content/editorial/lp/rfid-solution-provider.json,"9dba2a1 content(claims): remove undocumented capability figures, state ISO scope as certified","""answer"": ""Three independent checks. First, request our ISO 9001, ISO 14001 and ISO 45001 certificate numbers and confirm them directly with the issuing registrar. Second, book a factory audit — engineering and quality-system audits across our two Shenzhen sites are by appointment, with virtual walk-throughs for buyers who cannot travel and third-party (TUV, SGS, Intertek) visits accommodated when your program requires them. Third, order a sample pack and put the parts on your own readers. Every claim on this page is meant to be checked, not taken on faith.""","""answer"": ""Three independent checks. First, request our ISO 9001, ISO 14001 and ISO 45001 certificate numbers and confirm them directly with the issuing registrar. Second, book a factory audit — engineering and quality-system audits at our Shenzhen operation are by appointment, with virtual walk-throughs for buyers who cannot travel and third-party (TUV, SGS, Intertek) visits accommodated when your program requires them. Third, order a sample pack and put the parts on your own readers. Every claim on this page is meant to be checked, not taken on faith."""
src/content/editorial/lp/rfid-tag-wholesale.json,"9dba2a1 content(claims): remove undocumented capability figures, state ISO scope as certified","""intro"": ""One vendor covering every category is the point of the program: a distributor can quote NFC stickers, UHF inlays and laundry tags on a single purchase order, with one freight booking and one documentation pack. All five categories below ship from the same two Shenzhen factories, so mixed orders consolidate cleanly."",","""intro"": ""One vendor covering every category is the point of the program: a distributor can quote NFC stickers, UHF inlays and laundry tags on a single purchase order, with one freight booking and one documentation pack. All five categories below ship from the same Shenzhen operation, so mixed orders consolidate cleanly."","
src/content/editorial/lp/rfid-tag-wholesale.json,"9dba2a1 content(claims): remove undocumented capability figures, state ISO scope as certified","""intro"": ""Most wholesale partners resell under their own brand, so white-label supply is the default rather than an add-on. We currently white-label for more than 100 brands across 50+ countries and maintain strict confidentiality between competing customers — your customers see your brand at every touchpoint, including the compliance paperwork they audit."",","""intro"": ""Most wholesale partners resell under their own brand, so white-label supply is the default rather than an add-on. We currently white-label for more than 100 brands worldwide and maintain strict confidentiality between competing customers — your customers see your brand at every touchpoint, including the compliance paperwork they audit."","
src/content/editorial/lp/rfid-wristband-manufacturer.json,"9dba2a1 content(claims): remove undocumented capability figures, state ISO scope as certified","""summary"": ""Proud Tek is a direct RFID wristband factory in Shenzhen — molding, weaving, printing and encoding bands in-house since 2008 and shipping to buyers in 50+ countries. We make RFID and NFC wristbands in every construction a program actually needs: reusable silicone, woven fabric, single-use Tyvek and paper, PVC snap and nylon — on LF, HF (13.56 MHz NTAG and MIFARE) and UHF chips for events, cashless payment, access control, hotels, hospitals and waterparks. 'Manufacturer' here means the chip is embedded during molding or weaving, not glued on afterward: every band is pre-encoded to y","""summary"": ""Proud Tek is a direct RFID wristband factory in Shenzhen — molding, weaving, printing and encoding bands since 2008 and shipping to B2B buyers worldwide. We make RFID and NFC wristbands in every construction a program actually needs: reusable silicone, woven fabric, single-use Tyvek and paper, PVC snap and nylon — on LF, HF (13.56 MHz NTAG and MIFARE) and UHF chips for events, cashless payment, access control, hotels, hospitals and waterparks. 'Manufacturer' here means the chip is embedded during molding or weaving, not glued on afterward: every band is pre-encoded to your platform"
src/content/editorial/lp/rfid-wristband-manufacturer.json,"9dba2a1 content(claims): remove undocumented capability figures, state ISO scope as certified",{,
src/content/editorial/lp/rfid-wristband-manufacturer.json,"9dba2a1 content(claims): remove undocumented capability figures, state ISO scope as certified","""value"": ""50+"",",
src/content/editorial/lp/rfid-wristband-manufacturer.json,"9dba2a1 content(claims): remove undocumented capability figures, state ISO scope as certified","""label"": ""Countries shipped to""",
src/content/editorial/lp/rfid-wristband-manufacturer.json,"9dba2a1 content(claims): remove undocumented capability figures, state ISO scope as certified","},",
src/content/editorial/lp/rfid-wristband-manufacturer.json,"9dba2a1 content(claims): remove undocumented capability figures, state ISO scope as certified",{,
src/content/editorial/lp/rfid-wristband-manufacturer.json,"9dba2a1 content(claims): remove undocumented capability figures, state ISO scope as certified","""value"": ""10"",",
src/content/editorial/lp/rfid-wristband-manufacturer.json,"9dba2a1 content(claims): remove undocumented capability figures, state ISO scope as certified","""label"": ""Automated lines, 2 sites""",
src/content/editorial/lp/rfid-wristband-manufacturer.json,"9dba2a1 content(claims): remove undocumented capability figures, state ISO scope as certified","},",
src/content/editorial/lp/rfid-wristband-manufacturer.json,"9dba2a1 content(claims): remove undocumented capability figures, state ISO scope as certified","""label"": ""Audited ISO systems""","""label"": ""Certified ISO systems (sales & service scope)"""
src/content/editorial/lp/rfid-wristband-manufacturer.json,"9dba2a1 content(claims): remove undocumented capability figures, state ISO scope as certified","""Open factory audits across two Shenzhen sites by appointment, with virtual walk-throughs and third-party (SGS, TUV, Intertek) inspection when a program requires it."",","""Open factory audits at our Shenzhen operation by appointment, with virtual walk-throughs and third-party (SGS, TUV, Intertek) inspection when a program requires it."","
src/content/editorial/lp/sample-pack.json,"9dba2a1 content(claims): remove undocumented capability figures, state ISO scope as certified","""label"": ""Direct factory since""","""label"": ""Operating since"""
src/content/editorial/lp/sample-pack.json,"9dba2a1 content(claims): remove undocumented capability figures, state ISO scope as certified","},",
src/content/editorial/lp/sample-pack.json,"9dba2a1 content(claims): remove undocumented capability figures, state ISO scope as certified",{,
src/content/editorial/lp/sample-pack.json,"9dba2a1 content(claims): remove undocumented capability figures, state ISO scope as certified","""value"": ""50+"",",
src/content/editorial/lp/sample-pack.json,"9dba2a1 content(claims): remove undocumented capability figures, state ISO scope as certified","""label"": ""Countries shipped to""",
src/content/editorial/lp/sample-pack.json,"9dba2a1 content(claims): remove undocumented capability figures, state ISO scope as certified","},",
src/content/editorial/lp/sample-pack.json,"9dba2a1 content(claims): remove undocumented capability figures, state ISO scope as certified",{,
src/content/editorial/lp/sample-pack.json,"9dba2a1 content(claims): remove undocumented capability figures, state ISO scope as certified","""value"": ""10"",",
src/content/editorial/lp/sample-pack.json,"9dba2a1 content(claims): remove undocumented capability figures, state ISO scope as certified","""label"": ""Automated lines, 2 sites""",
src/content/editorial/lp/sample-pack.json,"9dba2a1 content(claims): remove undocumented capability figures, state ISO scope as certified","""label"": ""Audited ISO systems""","""label"": ""Certified ISO systems (sales & service scope)"""
src/content/editorial/lp/sample-pack.json,"9dba2a1 content(claims): remove undocumented capability figures, state ISO scope as certified","""title"": ""See real deployments before you spec"",","""title"": ""See worked examples before you spec"","
src/content/editorial/lp/sample-pack.json,"9dba2a1 content(claims): remove undocumented capability figures, state ISO scope as certified","""description"": ""Documented Proud Tek case studies across six industries."",","""description"": ""Illustrative worked examples across six industries — modelled programme templates, not customer records."","
src/content/editorial/products/rfid-cards/_pillar.json,"203e07e content(products): label price ranges as indicative, fix MIFARE Classic launch year, repair inverted modifiedAt","""The first commercially successful RFID cards were low-frequency 125 kHz proximity cards (HID Prox II, Indala, AWID and the {chip:em-microelectronic-em4100:short_name} clone family) launched in the late 1980s for US enterprise access control. The 2001 ratification of ISO/IEC 14443 and the 1997 introduction of MIFARE Classic (NXP, née Philips) established 13.56 MHz as the dominant card frequency, and the subsequent rollout of EMV Contactless payment (2003+), ePassport (ICAO 9303, 2005+) and transit-card programmes (Octopus, Oyster, Suica, Clipper) scaled the RFID card from a niche access-contro","""The first commercially successful RFID cards were low-frequency 125 kHz proximity cards (HID Prox II, Indala, AWID and the {chip:em-microelectronic-em4100:short_name} clone family) launched in the late 1980s for US enterprise access control. The 2001 ratification of ISO/IEC 14443 and the 1994 introduction of MIFARE Classic (NXP, née Philips) established 13.56 MHz as the dominant card frequency, and the subsequent rollout of EMV Contactless payment (2003+), ePassport (ICAO 9303, 2005+) and transit-card programmes (Octopus, Oyster, Suica, Clipper) scaled the RFID card from a niche access-contro"
src/content/editorial/products/rfid-cards/_pillar.json,"203e07e content(products): label price ranges as indicative, fix MIFARE Classic launch year, repair inverted modifiedAt","""answer"": ""MIFARE Classic 1K is the original 1997 NXP card using the proprietary CRYPTO-1 cipher — since 2008 CRYPTO-1 is cryptographically broken and can be attacked in under a minute with a Proxmark or ChameleonMini, so Classic should not be specified for any new secure deployment. MIFARE Plus (SE / S / X / EV1 / EV2) is the migration path: AES-128 security level 3, backward-compatible with Classic 1K memory layout so legacy readers continue to work. MIFARE DESFire (EV1 / EV2 / EV3) is a different architecture. A full file-system card with {chip:nxp-mifare-desfire-ev3:crypto.algorithm}, 3DES","""answer"": ""MIFARE Classic 1K is the original 1994 NXP card using the proprietary CRYPTO-1 cipher — since 2008 CRYPTO-1 is cryptographically broken and can be attacked in under a minute with a Proxmark or ChameleonMini, so Classic should not be specified for any new secure deployment. MIFARE Plus (SE / S / X / EV1 / EV2) is the migration path: AES-128 security level 3, backward-compatible with Classic 1K memory layout so legacy readers continue to work. MIFARE DESFire (EV1 / EV2 / EV3) is a different architecture. A full file-system card with {chip:nxp-mifare-desfire-ev3:crypto.algorithm}, 3DES"
src/content/editorial/products/rfid-cards/dual-frequency-rfid-card.json,"203e07e content(products): label price ranges as indicative, fix MIFARE Classic launch year, repair inverted modifiedAt","""label"": ""Typical pricing"",","""label"": ""Indicative pricing"","
src/content/editorial/products/rfid-cards/dual-frequency-rfid-card.json,"203e07e content(products): label price ranges as indicative, fix MIFARE Classic launch year, repair inverted modifiedAt","""text"": ""USD 0.80–2.00 /pc @ 5k–50k (typical FOB Shenzhen range) — firm quote in one business day.""","""text"": ""USD 0.80–2.00 /pc @ 5k–50k (indicative FOB Shenzhen range, as of Q3 2026) — firm quote in one business day."""
src/content/editorial/products/rfid-cards/dual-frequency-rfid-card.json,"203e07e content(products): label price ranges as indicative, fix MIFARE Classic launch year, repair inverted modifiedAt","""modifiedAt"": ""2026-06-10T17:00:00Z"",","""modifiedAt"": ""2026-06-11"","
src/content/editorial/products/rfid-cards/em4100-rfid-card.json,"203e07e content(products): label price ranges as indicative, fix MIFARE Classic launch year, repair inverted modifiedAt","""label"": ""Typical pricing"",","""label"": ""Indicative pricing"","
src/content/editorial/products/rfid-cards/em4100-rfid-card.json,"203e07e content(products): label price ranges as indicative, fix MIFARE Classic launch year, repair inverted modifiedAt","""text"": ""USD 0.30–0.50 /pc @ 5k–50k (typical FOB Shenzhen range) — firm quote in one business day.""","""text"": ""USD 0.30–0.50 /pc @ 5k–50k (indicative FOB Shenzhen range, as of Q3 2026) — firm quote in one business day."""
src/content/editorial/products/rfid-cards/icode-slix-card.json,"203e07e content(products): label price ranges as indicative, fix MIFARE Classic launch year, repair inverted modifiedAt","""label"": ""Typical pricing"",","""label"": ""Indicative pricing"","
src/content/editorial/products/rfid-cards/icode-slix-card.json,"203e07e content(products): label price ranges as indicative, fix MIFARE Classic launch year, repair inverted modifiedAt","""text"": ""USD 0.30–0.50 /pc @ 5k–50k (typical FOB Shenzhen range) — firm quote in one business day.""","""text"": ""USD 0.30–0.50 /pc @ 5k–50k (indicative FOB Shenzhen range, as of Q3 2026) — firm quote in one business day."""
src/content/editorial/products/rfid-cards/mifare-classic-1k-card.json,"203e07e content(products): label price ranges as indicative, fix MIFARE Classic launch year, repair inverted modifiedAt","""Launched by Philips Semiconductors (now NXP) in 1997 — oldest contactless smart card specification still in wide active issuance.""","""Introduced by Philips Semiconductors (now NXP) in 1994 — the oldest contactless smart-card IC family still in wide active issuance (NXP MIFARE Classic product page)."""
src/content/editorial/products/rfid-cards/mifare-classic-1k-card.json,"203e07e content(products): label price ranges as indicative, fix MIFARE Classic launch year, repair inverted modifiedAt","""label"": ""Typical pricing"",","""label"": ""Indicative pricing"","
src/content/editorial/products/rfid-cards/mifare-classic-1k-card.json,"203e07e content(products): label price ranges as indicative, fix MIFARE Classic launch year, repair inverted modifiedAt","""text"": ""USD 0.30–0.50 /pc @ 5k–50k (typical FOB Shenzhen range) — firm quote in one business day.""","""text"": ""USD 0.30–0.50 /pc @ 5k–50k (indicative FOB Shenzhen range, as of Q3 2026) — firm quote in one business day."""
src/content/editorial/products/rfid-cards/mifare-classic-1k-card.json,"203e07e content(products): label price ranges as indicative, fix MIFARE Classic launch year, repair inverted modifiedAt","""intro"": ""MIFARE Classic 1K is a 13.56 MHz ISO/IEC 14443-3 Type A smart card launched by Philips Semiconductors (now NXP) in 1997 and still the most widely issued contactless credential on earth. It remains the right specification when the threat model is low-value and the existing reader base is Classic-capable — not as a new-deployment security baseline."",","""intro"": ""MIFARE Classic 1K is a 13.56 MHz ISO/IEC 14443-3 Type A smart card introduced by Philips Semiconductors (now NXP) in 1994 and still the most widely issued contactless credential on earth. It remains the right specification when the threat model is low-value and the existing reader base is Classic-capable — not as a new-deployment security baseline."","
src/content/editorial/products/rfid-cards/mifare-classic-1k-card.json,"203e07e content(products): label price ranges as indicative, fix MIFARE Classic launch year, repair inverted modifiedAt","""intro"": ""The CR80 body is the easy part; the work happens in the inlay. ISO/IEC 14443-1/-2/-3 Type A at 13.56 MHz — 106 kbit/s bit-rate with anticollision per Type A cascade level 1. ISO/IEC 7810 ID-1 CR80 (85.60 × 53.98 × 0.76 mm) physical card body; ISO/IEC 10373-6 durability test regime. Launched by Philips Semiconductors (now NXP) in 1997 — oldest contactless smart card specification still in wide active issuance."",","""intro"": ""The CR80 body is the easy part; the work happens in the inlay. ISO/IEC 14443-1/-2/-3 Type A at 13.56 MHz — 106 kbit/s bit-rate with anticollision per Type A cascade level 1. ISO/IEC 7810 ID-1 CR80 (85.60 × 53.98 × 0.76 mm) physical card body; ISO/IEC 10373-6 durability test regime. Introduced by Philips Semiconductors (now NXP) in 1994 — the oldest contactless smart-card IC family still in wide active issuance (NXP MIFARE Classic product page)."","
src/content/editorial/products/rfid-cards/mifare-classic-1k-card.json,"203e07e content(products): label price ranges as indicative, fix MIFARE Classic launch year, repair inverted modifiedAt","""label"": ""1997 · MIFARE Classic launches"",","""label"": ""1994 · MIFARE Classic launches (NXP)"","
src/content/editorial/products/rfid-cards/mifare-desfire-ev3-card.json,"203e07e content(products): label price ranges as indicative, fix MIFARE Classic launch year, repair inverted modifiedAt","""label"": ""Typical pricing"",","""label"": ""Indicative pricing"","
src/content/editorial/products/rfid-cards/mifare-desfire-ev3-card.json,"203e07e content(products): label price ranges as indicative, fix MIFARE Classic launch year, repair inverted modifiedAt","""text"": ""USD 0.80–2.00 /pc @ 5k–50k (typical FOB Shenzhen range) — firm quote in one business day.""","""text"": ""USD 0.80–2.00 /pc @ 5k–50k (indicative FOB Shenzhen range, as of Q3 2026) — firm quote in one business day."""
src/content/editorial/products/rfid-cards/mifare-plus-se-card.json,"203e07e content(products): label price ranges as indicative, fix MIFARE Classic launch year, repair inverted modifiedAt","""label"": ""Typical pricing"",","""label"": ""Indicative pricing"","
src/content/editorial/products/rfid-cards/mifare-plus-se-card.json,"203e07e content(products): label price ranges as indicative, fix MIFARE Classic launch year, repair inverted modifiedAt","""text"": ""USD 0.80–2.00 /pc @ 5k–50k (typical FOB Shenzhen range) — firm quote in one business day.""","""text"": ""USD 0.80–2.00 /pc @ 5k–50k (indicative FOB Shenzhen range, as of Q3 2026) — firm quote in one business day."""
src/content/editorial/products/rfid-cards/mifare-ultralight-c-card.json,"203e07e content(products): label price ranges as indicative, fix MIFARE Classic launch year, repair inverted modifiedAt","""label"": ""Typical pricing"",","""label"": ""Indicative pricing"","
src/content/editorial/products/rfid-cards/mifare-ultralight-c-card.json,"203e07e content(products): label price ranges as indicative, fix MIFARE Classic launch year, repair inverted modifiedAt","""text"": ""USD 0.30–0.50 /pc @ 5k–50k (typical FOB Shenzhen range) — firm quote in one business day.""","""text"": ""USD 0.30–0.50 /pc @ 5k–50k (indicative FOB Shenzhen range, as of Q3 2026) — firm quote in one business day."""
src/content/editorial/products/rfid-cards/nfc-warranty-card.json,"203e07e content(products): label price ranges as indicative, fix MIFARE Classic launch year, repair inverted modifiedAt","""modifiedAt"": ""2026-06-10T17:00:00Z"",","""modifiedAt"": ""2026-06-11"","
src/content/editorial/products/rfid-cards/rfid-bamboo-card.json,"203e07e content(products): label price ranges as indicative, fix MIFARE Classic launch year, repair inverted modifiedAt","""label"": ""Typical pricing"",","""label"": ""Indicative pricing"","
src/content/editorial/products/rfid-cards/rfid-bamboo-card.json,"203e07e content(products): label price ranges as indicative, fix MIFARE Classic launch year, repair inverted modifiedAt","""text"": ""USD 0.60–2.50 /pc by material (typical FOB Shenzhen range) — firm quote in one business day.""","""text"": ""USD 0.60–2.50 /pc by material (indicative FOB Shenzhen range, as of Q3 2026) — firm quote in one business day."""
src/content/editorial/products/rfid-cards/rfid-employee-badge.json,"203e07e content(products): label price ranges as indicative, fix MIFARE Classic launch year, repair inverted modifiedAt","""label"": ""Typical pricing"",","""label"": ""Indicative pricing"","
src/content/editorial/products/rfid-cards/rfid-employee-badge.json,"203e07e content(products): label price ranges as indicative, fix MIFARE Classic launch year, repair inverted modifiedAt","""text"": ""USD 0.30–0.50 /pc @ 5k–50k (typical FOB Shenzhen range) — firm quote in one business day.""","""text"": ""USD 0.30–0.50 /pc @ 5k–50k (indicative FOB Shenzhen range, as of Q3 2026) — firm quote in one business day."""
src/content/editorial/products/rfid-cards/rfid-membership-card.json,"203e07e content(products): label price ranges as indicative, fix MIFARE Classic launch year, repair inverted modifiedAt","""modifiedAt"": ""2026-06-10T17:00:00Z"",","""modifiedAt"": ""2026-06-11"","
src/content/editorial/products/rfid-cards/rfid-parking-card.json,"203e07e content(products): label price ranges as indicative, fix MIFARE Classic launch year, repair inverted modifiedAt","""modifiedAt"": ""2026-06-10T17:00:00Z"",","""modifiedAt"": ""2026-06-11"","
src/content/editorial/products/rfid-cards/rfid-wooden-card.json,"203e07e content(products): label price ranges as indicative, fix MIFARE Classic launch year, repair inverted modifiedAt","""label"": ""Typical pricing"",","""label"": ""Indicative pricing"","
src/content/editorial/products/rfid-cards/rfid-wooden-card.json,"203e07e content(products): label price ranges as indicative, fix MIFARE Classic launch year, repair inverted modifiedAt","""text"": ""USD 0.60–2.50 /pc by material (typical FOB Shenzhen range) — firm quote in one business day.""","""text"": ""USD 0.60–2.50 /pc by material (indicative FOB Shenzhen range, as of Q3 2026) — firm quote in one business day."""
src/content/editorial/products/rfid-cards/standard-rfid-wood-card.json,"203e07e content(products): label price ranges as indicative, fix MIFARE Classic launch year, repair inverted modifiedAt","""label"": ""Typical pricing"",","""label"": ""Indicative pricing"","
src/content/editorial/products/rfid-cards/standard-rfid-wood-card.json,"203e07e content(products): label price ranges as indicative, fix MIFARE Classic launch year, repair inverted modifiedAt","""text"": ""USD 0.60–2.50 /pc by material (typical FOB Shenzhen range) — firm quote in one business day.""","""text"": ""USD 0.60–2.50 /pc by material (indicative FOB Shenzhen range, as of Q3 2026) — firm quote in one business day."""
src/content/editorial/products/rfid-cards/transparent-nfc-card.json,"203e07e content(products): label price ranges as indicative, fix MIFARE Classic launch year, repair inverted modifiedAt","""label"": ""Typical pricing"",","""label"": ""Indicative pricing"","
src/content/editorial/products/rfid-cards/transparent-nfc-card.json,"203e07e content(products): label price ranges as indicative, fix MIFARE Classic launch year, repair inverted modifiedAt","""text"": ""USD 0.60–2.50 /pc by material (typical FOB Shenzhen range) — firm quote in one business day.""","""text"": ""USD 0.60–2.50 /pc by material (indicative FOB Shenzhen range, as of Q3 2026) — firm quote in one business day."""
src/content/editorial/products/rfid-cards/uhf-rfid-card.json,"203e07e content(products): label price ranges as indicative, fix MIFARE Classic launch year, repair inverted modifiedAt","""label"": ""Typical pricing"",","""label"": ""Indicative pricing"","
src/content/editorial/products/rfid-cards/uhf-rfid-card.json,"203e07e content(products): label price ranges as indicative, fix MIFARE Classic launch year, repair inverted modifiedAt","""text"": ""USD 0.30–0.50 /pc @ 5k–50k (typical FOB Shenzhen range) — firm quote in one business day.""","""text"": ""USD 0.30–0.50 /pc @ 5k–50k (indicative FOB Shenzhen range, as of Q3 2026) — firm quote in one business day."""
src/content/editorial/products/rfid-cards/wooden-nfc-business-card-engraved.json,"203e07e content(products): label price ranges as indicative, fix MIFARE Classic launch year, repair inverted modifiedAt","""label"": ""Typical pricing"",","""label"": ""Indicative pricing"","
src/content/editorial/products/rfid-cards/wooden-nfc-business-card-engraved.json,"203e07e content(products): label price ranges as indicative, fix MIFARE Classic launch year, repair inverted modifiedAt","""text"": ""USD 0.60–2.50 /pc by material (typical FOB Shenzhen range) — firm quote in one business day.""","""text"": ""USD 0.60–2.50 /pc by material (indicative FOB Shenzhen range, as of Q3 2026) — firm quote in one business day."""
src/content/editorial/products/rfid-keyfobs/dual-frequency-key-fob.json,"203e07e content(products): label price ranges as indicative, fix MIFARE Classic launch year, repair inverted modifiedAt","""label"": ""Typical pricing"",","""label"": ""Indicative pricing"","
src/content/editorial/products/rfid-keyfobs/dual-frequency-key-fob.json,"203e07e content(products): label price ranges as indicative, fix MIFARE Classic launch year, repair inverted modifiedAt","""text"": ""USD 0.80–2.00 /pc @ 5k+ (typical FOB Shenzhen range) — firm quote in one business day.""","""text"": ""USD 0.80–2.00 /pc @ 5k+ (indicative FOB Shenzhen range, as of Q3 2026) — firm quote in one business day."""
src/content/editorial/products/rfid-keyfobs/em4305-keyfob.json,"203e07e content(products): label price ranges as indicative, fix MIFARE Classic launch year, repair inverted modifiedAt","""label"": ""Typical pricing"",","""label"": ""Indicative pricing"","
src/content/editorial/products/rfid-keyfobs/em4305-keyfob.json,"203e07e content(products): label price ranges as indicative, fix MIFARE Classic launch year, repair inverted modifiedAt","""text"": ""USD 0.20–0.45 /pc @ 5k+ (typical FOB Shenzhen range) — firm quote in one business day.""","""text"": ""USD 0.20–0.45 /pc @ 5k+ (indicative FOB Shenzhen range, as of Q3 2026) — firm quote in one business day."""
src/content/editorial/products/rfid-keyfobs/mifare-desfire-keyfob.json,"203e07e content(products): label price ranges as indicative, fix MIFARE Classic launch year, repair inverted modifiedAt","""label"": ""Typical pricing"",","""label"": ""Indicative pricing"","
src/content/editorial/products/rfid-keyfobs/mifare-desfire-keyfob.json,"203e07e content(products): label price ranges as indicative, fix MIFARE Classic launch year, repair inverted modifiedAt","""text"": ""USD 0.80–2.00 /pc @ 5k+ (typical FOB Shenzhen range) — firm quote in one business day.""","""text"": ""USD 0.80–2.00 /pc @ 5k+ (indicative FOB Shenzhen range, as of Q3 2026) — firm quote in one business day."""
src/content/editorial/products/rfid-keyfobs/nfc-epoxy-key-tag.json,"203e07e content(products): label price ranges as indicative, fix MIFARE Classic launch year, repair inverted modifiedAt","""label"": ""Typical pricing"",","""label"": ""Indicative pricing"","
src/content/editorial/products/rfid-keyfobs/nfc-epoxy-key-tag.json,"203e07e content(products): label price ranges as indicative, fix MIFARE Classic launch year, repair inverted modifiedAt","""text"": ""USD 0.35–0.80 /pc @ 5k+ (typical FOB Shenzhen range) — firm quote in one business day.""","""text"": ""USD 0.35–0.80 /pc @ 5k+ (indicative FOB Shenzhen range, as of Q3 2026) — firm quote in one business day."""
src/content/editorial/products/rfid-keyfobs/nfc-wood-keychain-tag.json,"203e07e content(products): label price ranges as indicative, fix MIFARE Classic launch year, repair inverted modifiedAt","""label"": ""Typical pricing"",","""label"": ""Indicative pricing"","
src/content/editorial/products/rfid-keyfobs/nfc-wood-keychain-tag.json,"203e07e content(products): label price ranges as indicative, fix MIFARE Classic launch year, repair inverted modifiedAt","""text"": ""USD 0.35–0.80 /pc @ 5k+ (typical FOB Shenzhen range) — firm quote in one business day.""","""text"": ""USD 0.35–0.80 /pc @ 5k+ (indicative FOB Shenzhen range, as of Q3 2026) — firm quote in one business day."""
src/content/editorial/products/rfid-keyfobs/rfid-abs-keyfob.json,"203e07e content(products): label price ranges as indicative, fix MIFARE Classic launch year, repair inverted modifiedAt","""label"": ""Typical pricing"",","""label"": ""Indicative pricing"","
src/content/editorial/products/rfid-keyfobs/rfid-abs-keyfob.json,"203e07e content(products): label price ranges as indicative, fix MIFARE Classic launch year, repair inverted modifiedAt","""text"": ""USD 0.20–0.45 /pc @ 5k+ (typical FOB Shenzhen range) — firm quote in one business day.""","""text"": ""USD 0.20–0.45 /pc @ 5k+ (indicative FOB Shenzhen range, as of Q3 2026) — firm quote in one business day."""
src/content/editorial/products/rfid-keyfobs/rfid-epoxy-keyfob.json,"203e07e content(products): label price ranges as indicative, fix MIFARE Classic launch year, repair inverted modifiedAt","""label"": ""Typical pricing"",","""label"": ""Indicative pricing"","
src/content/editorial/products/rfid-keyfobs/rfid-epoxy-keyfob.json,"203e07e content(products): label price ranges as indicative, fix MIFARE Classic launch year, repair inverted modifiedAt","""text"": ""USD 0.35–0.80 /pc @ 5k+ (typical FOB Shenzhen range) — firm quote in one business day.""","""text"": ""USD 0.35–0.80 /pc @ 5k+ (indicative FOB Shenzhen range, as of Q3 2026) — firm quote in one business day."""
src/content/editorial/products/rfid-keyfobs/rfid-metal-keyfob.json,"203e07e content(products): label price ranges as indicative, fix MIFARE Classic launch year, repair inverted modifiedAt","""label"": ""Typical pricing"",","""label"": ""Indicative pricing"","
src/content/editorial/products/rfid-keyfobs/rfid-metal-keyfob.json,"203e07e content(products): label price ranges as indicative, fix MIFARE Classic launch year, repair inverted modifiedAt","""text"": ""USD 0.80–2.00 /pc @ 5k+ (typical FOB Shenzhen range) — firm quote in one business day.""","""text"": ""USD 0.80–2.00 /pc @ 5k+ (indicative FOB Shenzhen range, as of Q3 2026) — firm quote in one business day."""
src/content/editorial/products/rfid-keyfobs/rfid-wristwatch-tag.json,"203e07e content(products): label price ranges as indicative, fix MIFARE Classic launch year, repair inverted modifiedAt","""label"": ""Typical pricing"",","""label"": ""Indicative pricing"","
src/content/editorial/products/rfid-keyfobs/rfid-wristwatch-tag.json,"203e07e content(products): label price ranges as indicative, fix MIFARE Classic launch year, repair inverted modifiedAt","""text"": ""USD 0.35–0.80 /pc @ 5k+ (typical FOB Shenzhen range) — firm quote in one business day.""","""text"": ""USD 0.35–0.80 /pc @ 5k+ (indicative FOB Shenzhen range, as of Q3 2026) — firm quote in one business day."""
src/content/editorial/products/rfid-keyfobs/t5577-keyfob.json,"203e07e content(products): label price ranges as indicative, fix MIFARE Classic launch year, repair inverted modifiedAt","""label"": ""Typical pricing"",","""label"": ""Indicative pricing"","
src/content/editorial/products/rfid-keyfobs/t5577-keyfob.json,"203e07e content(products): label price ranges as indicative, fix MIFARE Classic launch year, repair inverted modifiedAt","""text"": ""USD 0.20–0.45 /pc @ 5k+ (typical FOB Shenzhen range) — firm quote in one business day.""","""text"": ""USD 0.20–0.45 /pc @ 5k+ (indicative FOB Shenzhen range, as of Q3 2026) — firm quote in one business day."""
src/content/editorial/products/rfid-labels/alien-higgs-9-uhf-inlay.json,"203e07e content(products): label price ranges as indicative, fix MIFARE Classic launch year, repair inverted modifiedAt","""label"": ""Typical pricing"",","""label"": ""Indicative pricing"","
src/content/editorial/products/rfid-labels/alien-higgs-9-uhf-inlay.json,"203e07e content(products): label price ranges as indicative, fix MIFARE Classic launch year, repair inverted modifiedAt","""text"": ""USD 0.15–0.25 @ 1k · 0.05–0.10 @ 100k+ (typical FOB Shenzhen range) — firm quote in one business day.""","""text"": ""USD 0.15–0.25 @ 1k · 0.05–0.10 @ 100k+ (indicative FOB Shenzhen range, as of Q3 2026) — firm quote in one business day."""
src/content/editorial/products/rfid-labels/impinj-m700-uhf-inlay.json,"203e07e content(products): label price ranges as indicative, fix MIFARE Classic launch year, repair inverted modifiedAt","""label"": ""Typical pricing"",","""label"": ""Indicative pricing"","
src/content/editorial/products/rfid-labels/impinj-m700-uhf-inlay.json,"203e07e content(products): label price ranges as indicative, fix MIFARE Classic launch year, repair inverted modifiedAt","""text"": ""USD 0.15–0.25 @ 1k · 0.05–0.10 @ 100k+ (typical FOB Shenzhen range) — firm quote in one business day.""","""text"": ""USD 0.15–0.25 @ 1k · 0.05–0.10 @ 100k+ (indicative FOB Shenzhen range, as of Q3 2026) — firm quote in one business day."""
src/content/editorial/products/rfid-labels/impinj-m730-uhf-inlay.json,"203e07e content(products): label price ranges as indicative, fix MIFARE Classic launch year, repair inverted modifiedAt","""label"": ""Typical pricing"",","""label"": ""Indicative pricing"","
src/content/editorial/products/rfid-labels/impinj-m730-uhf-inlay.json,"203e07e content(products): label price ranges as indicative, fix MIFARE Classic launch year, repair inverted modifiedAt","""text"": ""USD 0.15–0.25 @ 1k · 0.05–0.10 @ 100k+ (typical FOB Shenzhen range) — firm quote in one business day.""","""text"": ""USD 0.15–0.25 @ 1k · 0.05–0.10 @ 100k+ (indicative FOB Shenzhen range, as of Q3 2026) — firm quote in one business day."""
src/content/editorial/products/rfid-labels/impinj-m750-uhf-inlay.json,"203e07e content(products): label price ranges as indicative, fix MIFARE Classic launch year, repair inverted modifiedAt","""label"": ""Typical pricing"",","""label"": ""Indicative pricing"","
src/content/editorial/products/rfid-labels/impinj-m750-uhf-inlay.json,"203e07e content(products): label price ranges as indicative, fix MIFARE Classic launch year, repair inverted modifiedAt","""text"": ""USD 0.15–0.25 @ 1k · 0.05–0.10 @ 100k+ (typical FOB Shenzhen range) — firm quote in one business day.""","""text"": ""USD 0.15–0.25 @ 1k · 0.05–0.10 @ 100k+ (indicative FOB Shenzhen range, as of Q3 2026) — firm quote in one business day."""
src/content/editorial/products/rfid-labels/impinj-m800-uhf-inlay.json,"203e07e content(products): label price ranges as indicative, fix MIFARE Classic launch year, repair inverted modifiedAt","""label"": ""Typical pricing"",","""label"": ""Indicative pricing"","
src/content/editorial/products/rfid-labels/impinj-m800-uhf-inlay.json,"203e07e content(products): label price ranges as indicative, fix MIFARE Classic launch year, repair inverted modifiedAt","""text"": ""USD 0.15–0.25 @ 1k · 0.05–0.10 @ 100k+ (typical FOB Shenzhen range) — firm quote in one business day.""","""text"": ""USD 0.15–0.25 @ 1k · 0.05–0.10 @ 100k+ (indicative FOB Shenzhen range, as of Q3 2026) — firm quote in one business day."""
src/content/editorial/products/rfid-labels/nfc-anti-metal-sticker.json,"203e07e content(products): label price ranges as indicative, fix MIFARE Classic launch year, repair inverted modifiedAt","""label"": ""Typical pricing"",","""label"": ""Indicative pricing"","
src/content/editorial/products/rfid-labels/nfc-anti-metal-sticker.json,"203e07e content(products): label price ranges as indicative, fix MIFARE Classic launch year, repair inverted modifiedAt","""text"": ""USD 0.10–0.30 /pc @ 5k+ (typical FOB Shenzhen range) — firm quote in one business day.""","""text"": ""USD 0.10–0.30 /pc @ 5k+ (indicative FOB Shenzhen range, as of Q3 2026) — firm quote in one business day."""
src/content/editorial/products/rfid-labels/nfc-battery-passport-tag.json,"203e07e content(products): label price ranges as indicative, fix MIFARE Classic launch year, repair inverted modifiedAt","""label"": ""Typical pricing"",","""label"": ""Indicative pricing"","
src/content/editorial/products/rfid-labels/nfc-battery-passport-tag.json,"203e07e content(products): label price ranges as indicative, fix MIFARE Classic launch year, repair inverted modifiedAt","""text"": ""USD 0.30–1.20 /pc @ 5k+ (typical FOB Shenzhen range) — firm quote in one business day.""","""text"": ""USD 0.30–1.20 /pc @ 5k+ (indicative FOB Shenzhen range, as of Q3 2026) — firm quote in one business day."""
src/content/editorial/products/rfid-labels/nfc-dry-inlay.json,"203e07e content(products): label price ranges as indicative, fix MIFARE Classic launch year, repair inverted modifiedAt","""label"": ""Typical pricing"",","""label"": ""Indicative pricing"","
src/content/editorial/products/rfid-labels/nfc-dry-inlay.json,"203e07e content(products): label price ranges as indicative, fix MIFARE Classic launch year, repair inverted modifiedAt","""text"": ""USD 0.15–0.25 @ 1k · 0.05–0.10 @ 100k+ (typical FOB Shenzhen range) — firm quote in one business day.""","""text"": ""USD 0.15–0.25 @ 1k · 0.05–0.10 @ 100k+ (indicative FOB Shenzhen range, as of Q3 2026) — firm quote in one business day."""
src/content/editorial/products/rfid-labels/nfc-wet-inlay.json,"203e07e content(products): label price ranges as indicative, fix MIFARE Classic launch year, repair inverted modifiedAt","""label"": ""Typical pricing"",","""label"": ""Indicative pricing"","
src/content/editorial/products/rfid-labels/nfc-wet-inlay.json,"203e07e content(products): label price ranges as indicative, fix MIFARE Classic launch year, repair inverted modifiedAt","""text"": ""USD 0.15–0.25 @ 1k · 0.05–0.10 @ 100k+ (typical FOB Shenzhen range) — firm quote in one business day.""","""text"": ""USD 0.15–0.25 @ 1k · 0.05–0.10 @ 100k+ (indicative FOB Shenzhen range, as of Q3 2026) — firm quote in one business day."""
src/content/editorial/products/rfid-labels/nfc-wine-bottle-tag.json,"203e07e content(products): label price ranges as indicative, fix MIFARE Classic launch year, repair inverted modifiedAt","""label"": ""Typical pricing"",","""label"": ""Indicative pricing"","
src/content/editorial/products/rfid-labels/nfc-wine-bottle-tag.json,"203e07e content(products): label price ranges as indicative, fix MIFARE Classic launch year, repair inverted modifiedAt","""text"": ""USD 0.10–0.30 /pc @ 5k+ (typical FOB Shenzhen range) — firm quote in one business day.""","""text"": ""USD 0.10–0.30 /pc @ 5k+ (indicative FOB Shenzhen range, as of Q3 2026) — firm quote in one business day."""
src/content/editorial/products/rfid-labels/ntag213-nfc-sticker.json,"203e07e content(products): label price ranges as indicative, fix MIFARE Classic launch year, repair inverted modifiedAt","""label"": ""Typical pricing"",","""label"": ""Indicative pricing"","
src/content/editorial/products/rfid-labels/ntag213-nfc-sticker.json,"203e07e content(products): label price ranges as indicative, fix MIFARE Classic launch year, repair inverted modifiedAt","""text"": ""USD 0.10–0.30 /pc @ 5k+ (typical FOB Shenzhen range) — firm quote in one business day.""","""text"": ""USD 0.10–0.30 /pc @ 5k+ (indicative FOB Shenzhen range, as of Q3 2026) — firm quote in one business day."""
src/content/editorial/products/rfid-labels/ntag215-nfc-sticker.json,"203e07e content(products): label price ranges as indicative, fix MIFARE Classic launch year, repair inverted modifiedAt","""label"": ""Typical pricing"",","""label"": ""Indicative pricing"","
src/content/editorial/products/rfid-labels/ntag215-nfc-sticker.json,"203e07e content(products): label price ranges as indicative, fix MIFARE Classic launch year, repair inverted modifiedAt","""text"": ""USD 0.10–0.30 /pc @ 5k+ (typical FOB Shenzhen range) — firm quote in one business day.""","""text"": ""USD 0.10–0.30 /pc @ 5k+ (indicative FOB Shenzhen range, as of Q3 2026) — firm quote in one business day."""
src/content/editorial/products/rfid-labels/ntag216-nfc-sticker.json,"203e07e content(products): label price ranges as indicative, fix MIFARE Classic launch year, repair inverted modifiedAt","""label"": ""Typical pricing"",","""label"": ""Indicative pricing"","
src/content/editorial/products/rfid-labels/ntag216-nfc-sticker.json,"203e07e content(products): label price ranges as indicative, fix MIFARE Classic launch year, repair inverted modifiedAt","""text"": ""USD 0.10–0.30 /pc @ 5k+ (typical FOB Shenzhen range) — firm quote in one business day.""","""text"": ""USD 0.10–0.30 /pc @ 5k+ (indicative FOB Shenzhen range, as of Q3 2026) — firm quote in one business day."""
src/content/editorial/products/rfid-labels/ntag424-dna-tamper-evident-tag.json,"203e07e content(products): label price ranges as indicative, fix MIFARE Classic launch year, repair inverted modifiedAt","""label"": ""Typical pricing"",","""label"": ""Indicative pricing"","
src/content/editorial/products/rfid-labels/ntag424-dna-tamper-evident-tag.json,"203e07e content(products): label price ranges as indicative, fix MIFARE Classic launch year, repair inverted modifiedAt","""text"": ""USD 0.30–1.20 /pc @ 5k+ (typical FOB Shenzhen range) — firm quote in one business day.""","""text"": ""USD 0.30–1.20 /pc @ 5k+ (indicative FOB Shenzhen range, as of Q3 2026) — firm quote in one business day."""
src/content/editorial/products/rfid-labels/rfid-cryogenic-specimen-label.json,"203e07e content(products): label price ranges as indicative, fix MIFARE Classic launch year, repair inverted modifiedAt","""label"": ""Typical pricing"",","""label"": ""Indicative pricing"","
src/content/editorial/products/rfid-labels/rfid-cryogenic-specimen-label.json,"203e07e content(products): label price ranges as indicative, fix MIFARE Classic launch year, repair inverted modifiedAt","""text"": ""USD 0.10–0.30 /pc @ 5k+ (typical FOB Shenzhen range) — firm quote in one business day.""","""text"": ""USD 0.10–0.30 /pc @ 5k+ (indicative FOB Shenzhen range, as of Q3 2026) — firm quote in one business day."""
src/content/editorial/products/rfid-labels/rfid-dry-inlay.json,"203e07e content(products): label price ranges as indicative, fix MIFARE Classic launch year, repair inverted modifiedAt","""label"": ""Typical pricing"",","""label"": ""Indicative pricing"","
src/content/editorial/products/rfid-labels/rfid-dry-inlay.json,"203e07e content(products): label price ranges as indicative, fix MIFARE Classic launch year, repair inverted modifiedAt","""text"": ""USD 0.15–0.25 @ 1k · 0.05–0.10 @ 100k+ (typical FOB Shenzhen range) — firm quote in one business day.""","""text"": ""USD 0.15–0.25 @ 1k · 0.05–0.10 @ 100k+ (indicative FOB Shenzhen range, as of Q3 2026) — firm quote in one business day."""
src/content/editorial/products/rfid-labels/rfid-plant-nursery-label.json,"203e07e content(products): label price ranges as indicative, fix MIFARE Classic launch year, repair inverted modifiedAt","""label"": ""Typical pricing"",","""label"": ""Indicative pricing"","
src/content/editorial/products/rfid-labels/rfid-plant-nursery-label.json,"203e07e content(products): label price ranges as indicative, fix MIFARE Classic launch year, repair inverted modifiedAt","""text"": ""USD 0.10–0.30 /pc @ 5k+ (typical FOB Shenzhen range) — firm quote in one business day.""","""text"": ""USD 0.10–0.30 /pc @ 5k+ (indicative FOB Shenzhen range, as of Q3 2026) — firm quote in one business day."""
src/content/editorial/products/rfid-labels/rfid-specimen-slide-label.json,"203e07e content(products): label price ranges as indicative, fix MIFARE Classic launch year, repair inverted modifiedAt","""label"": ""Typical pricing"",","""label"": ""Indicative pricing"","
src/content/editorial/products/rfid-labels/rfid-specimen-slide-label.json,"203e07e content(products): label price ranges as indicative, fix MIFARE Classic launch year, repair inverted modifiedAt","""text"": ""USD 0.10–0.30 /pc @ 5k+ (typical FOB Shenzhen range) — firm quote in one business day.""","""text"": ""USD 0.10–0.30 /pc @ 5k+ (indicative FOB Shenzhen range, as of Q3 2026) — firm quote in one business day."""
src/content/editorial/products/rfid-labels/uhf-rfid-apparel-hang-tag-retail.json,"203e07e content(products): label price ranges as indicative, fix MIFARE Classic launch year, repair inverted modifiedAt","""label"": ""Typical pricing"",","""label"": ""Indicative pricing"","
src/content/editorial/products/rfid-labels/uhf-rfid-apparel-hang-tag-retail.json,"203e07e content(products): label price ranges as indicative, fix MIFARE Classic launch year, repair inverted modifiedAt","""text"": ""USD 0.08–0.25 /pc @ 10k+ (typical FOB Shenzhen range) — firm quote in one business day.""","""text"": ""USD 0.08–0.25 /pc @ 10k+ (indicative FOB Shenzhen range, as of Q3 2026) — firm quote in one business day."""
src/content/editorial/products/rfid-labels/uhf-rfid-paper-label.json,"203e07e content(products): label price ranges as indicative, fix MIFARE Classic launch year, repair inverted modifiedAt","""label"": ""Typical pricing"",","""label"": ""Indicative pricing"","
src/content/editorial/products/rfid-labels/uhf-rfid-paper-label.json,"203e07e content(products): label price ranges as indicative, fix MIFARE Classic launch year, repair inverted modifiedAt","""text"": ""USD 0.08–0.25 /pc @ 10k+ (typical FOB Shenzhen range) — firm quote in one business day.""","""text"": ""USD 0.08–0.25 /pc @ 10k+ (indicative FOB Shenzhen range, as of Q3 2026) — firm quote in one business day."""
src/content/editorial/products/rfid-labels/uhf-rfid-tire-label.json,"203e07e content(products): label price ranges as indicative, fix MIFARE Classic launch year, repair inverted modifiedAt","""label"": ""Typical pricing"",","""label"": ""Indicative pricing"","
src/content/editorial/products/rfid-labels/uhf-rfid-tire-label.json,"203e07e content(products): label price ranges as indicative, fix MIFARE Classic launch year, repair inverted modifiedAt","""text"": ""USD 0.08–0.25 /pc @ 10k+ (typical FOB Shenzhen range) — firm quote in one business day.""","""text"": ""USD 0.08–0.25 /pc @ 10k+ (indicative FOB Shenzhen range, as of Q3 2026) — firm quote in one business day."""
src/content/editorial/products/rfid-readers/desktop-nfc-reader-encoder.json,"203e07e content(products): label price ranges as indicative, fix MIFARE Classic launch year, repair inverted modifiedAt","""modifiedAt"": ""2026-06-10T17:00:00Z"",","""modifiedAt"": ""2026-06-11"","
src/content/editorial/products/rfid-readers/fixed-uhf-rfid-reader.json,"203e07e content(products): label price ranges as indicative, fix MIFARE Classic launch year, repair inverted modifiedAt","""modifiedAt"": ""2026-06-10T17:00:00Z"",","""modifiedAt"": ""2026-06-11"","
src/content/editorial/products/rfid-readers/fixed-uhf-rfid-reader.json,"203e07e content(products): label price ranges as indicative, fix MIFARE Classic launch year, repair inverted modifiedAt","""label"": ""Typical pricing"",","""label"": ""Indicative pricing"","
src/content/editorial/products/rfid-readers/fixed-uhf-rfid-reader.json,"203e07e content(products): label price ranges as indicative, fix MIFARE Classic launch year, repair inverted modifiedAt","""text"": ""From USD 800 (fixed UHF, 4-port) (typical FOB Shenzhen range) — firm quote in one business day.""","""text"": ""From USD 800 (fixed UHF, 4-port) (indicative FOB Shenzhen range, as of Q3 2026) — firm quote in one business day."""
src/content/editorial/products/rfid-readers/handheld-uhf-rfid-reader.json,"203e07e content(products): label price ranges as indicative, fix MIFARE Classic launch year, repair inverted modifiedAt","""label"": ""Typical pricing"",","""label"": ""Indicative pricing"","
src/content/editorial/products/rfid-readers/handheld-uhf-rfid-reader.json,"203e07e content(products): label price ranges as indicative, fix MIFARE Classic launch year, repair inverted modifiedAt","""text"": ""From USD 400 (handheld UHF) (typical FOB Shenzhen range) — firm quote in one business day.""","""text"": ""From USD 400 (handheld UHF) (indicative FOB Shenzhen range, as of Q3 2026) — firm quote in one business day."""
src/content/editorial/products/rfid-tags/anti-metal-uhf-it-asset-tag.json,"203e07e content(products): label price ranges as indicative, fix MIFARE Classic launch year, repair inverted modifiedAt","""label"": ""Typical pricing"",","""label"": ""Indicative pricing"","
src/content/editorial/products/rfid-tags/anti-metal-uhf-it-asset-tag.json,"203e07e content(products): label price ranges as indicative, fix MIFARE Classic launch year, repair inverted modifiedAt","""text"": ""USD 0.60–2.50 /pc by size (typical FOB Shenzhen range) — firm quote in one business day.""","""text"": ""USD 0.60–2.50 /pc by size (indicative FOB Shenzhen range, as of Q3 2026) — firm quote in one business day."""
src/content/editorial/products/rfid-tags/high-temperature-rfid-tag-200c.json,"203e07e content(products): label price ranges as indicative, fix MIFARE Classic launch year, repair inverted modifiedAt","""label"": ""Typical pricing"",","""label"": ""Indicative pricing"","
src/content/editorial/products/rfid-tags/high-temperature-rfid-tag-200c.json,"203e07e content(products): label price ranges as indicative, fix MIFARE Classic launch year, repair inverted modifiedAt","""text"": ""USD 1.00–3.00 /pc @ 1k+ (typical FOB Shenzhen range) — firm quote in one business day.""","""text"": ""USD 1.00–3.00 /pc @ 1k+ (indicative FOB Shenzhen range, as of Q3 2026) — firm quote in one business day."""
src/content/editorial/products/rfid-tags/rfid-aircraft-part-tag.json,"203e07e content(products): label price ranges as indicative, fix MIFARE Classic launch year, repair inverted modifiedAt","""modifiedAt"": ""2026-06-10T17:00:00Z"",","""modifiedAt"": ""2026-06-11"","
src/content/editorial/products/rfid-tags/rfid-aircraft-part-tag.json,"203e07e content(products): label price ranges as indicative, fix MIFARE Classic launch year, repair inverted modifiedAt","""label"": ""Typical pricing"",","""label"": ""Indicative pricing"","
src/content/editorial/products/rfid-tags/rfid-aircraft-part-tag.json,"203e07e content(products): label price ranges as indicative, fix MIFARE Classic launch year, repair inverted modifiedAt","""text"": ""USD 0.60–2.50 /pc by size (typical FOB Shenzhen range) — firm quote in one business day.""","""text"": ""USD 0.60–2.50 /pc by size (indicative FOB Shenzhen range, as of Q3 2026) — firm quote in one business day."""
src/content/editorial/products/rfid-tags/rfid-ammo-can-tag.json,"203e07e content(products): label price ranges as indicative, fix MIFARE Classic launch year, repair inverted modifiedAt","""label"": ""Typical pricing"",","""label"": ""Indicative pricing"","
src/content/editorial/products/rfid-tags/rfid-ammo-can-tag.json,"203e07e content(products): label price ranges as indicative, fix MIFARE Classic launch year, repair inverted modifiedAt","""text"": ""USD 0.60–2.50 /pc by size (typical FOB Shenzhen range) — firm quote in one business day.""","""text"": ""USD 0.60–2.50 /pc by size (indicative FOB Shenzhen range, as of Q3 2026) — firm quote in one business day."""
src/content/editorial/products/rfid-tags/rfid-anchor-bolt-tag.json,"203e07e content(products): label price ranges as indicative, fix MIFARE Classic launch year, repair inverted modifiedAt","""label"": ""Typical pricing"",","""label"": ""Indicative pricing"","
src/content/editorial/products/rfid-tags/rfid-anchor-bolt-tag.json,"203e07e content(products): label price ranges as indicative, fix MIFARE Classic launch year, repair inverted modifiedAt","""text"": ""USD 0.45–0.95 @ 1k · 0.28–0.55 @ 10k (typical FOB Shenzhen range) — firm quote in one business day.""","""text"": ""USD 0.45–0.95 @ 1k · 0.28–0.55 @ 10k (indicative FOB Shenzhen range, as of Q3 2026) — firm quote in one business day."""
src/content/editorial/products/rfid-tags/rfid-animal-ear-tag.json,"203e07e content(products): label price ranges as indicative, fix MIFARE Classic launch year, repair inverted modifiedAt","""label"": ""Typical pricing"",","""label"": ""Indicative pricing"","
src/content/editorial/products/rfid-tags/rfid-animal-ear-tag.json,"203e07e content(products): label price ranges as indicative, fix MIFARE Classic launch year, repair inverted modifiedAt","""text"": ""USD 0.45–0.95 @ 1k · 0.28–0.55 @ 10k (typical FOB Shenzhen range) — firm quote in one business day.""","""text"": ""USD 0.45–0.95 @ 1k · 0.28–0.55 @ 10k (indicative FOB Shenzhen range, as of Q3 2026) — firm quote in one business day."""
src/content/editorial/products/rfid-tags/rfid-anti-metal-tag.json,"203e07e content(products): label price ranges as indicative, fix MIFARE Classic launch year, repair inverted modifiedAt","""label"": ""Typical pricing"",","""label"": ""Indicative pricing"","
src/content/editorial/products/rfid-tags/rfid-anti-metal-tag.json,"203e07e content(products): label price ranges as indicative, fix MIFARE Classic launch year, repair inverted modifiedAt","""text"": ""USD 0.60–2.50 /pc by size (typical FOB Shenzhen range) — firm quote in one business day.""","""text"": ""USD 0.60–2.50 /pc by size (indicative FOB Shenzhen range, as of Q3 2026) — firm quote in one business day."""
src/content/editorial/products/rfid-tags/rfid-blood-bag-tag.json,"203e07e content(products): label price ranges as indicative, fix MIFARE Classic launch year, repair inverted modifiedAt","""label"": ""Typical pricing"",","""label"": ""Indicative pricing"","
src/content/editorial/products/rfid-tags/rfid-blood-bag-tag.json,"203e07e content(products): label price ranges as indicative, fix MIFARE Classic launch year, repair inverted modifiedAt","""text"": ""USD 0.30–1.20 /pc @ 5k+ (typical FOB Shenzhen range) — firm quote in one business day.""","""text"": ""USD 0.30–1.20 /pc @ 5k+ (indicative FOB Shenzhen range, as of Q3 2026) — firm quote in one business day."""
src/content/editorial/products/rfid-tags/rfid-bolt-tag.json,"203e07e content(products): label price ranges as indicative, fix MIFARE Classic launch year, repair inverted modifiedAt","""label"": ""Typical pricing"",","""label"": ""Indicative pricing"","
src/content/editorial/products/rfid-tags/rfid-bolt-tag.json,"203e07e content(products): label price ranges as indicative, fix MIFARE Classic launch year, repair inverted modifiedAt","""text"": ""USD 0.45–0.95 @ 1k · 0.28–0.55 @ 10k (typical FOB Shenzhen range) — firm quote in one business day.""","""text"": ""USD 0.45–0.95 @ 1k · 0.28–0.55 @ 10k (indicative FOB Shenzhen range, as of Q3 2026) — firm quote in one business day."""
src/content/editorial/products/rfid-tags/rfid-cable-seal-tag.json,"203e07e content(products): label price ranges as indicative, fix MIFARE Classic launch year, repair inverted modifiedAt","""label"": ""Typical pricing"",","""label"": ""Indicative pricing"","
src/content/editorial/products/rfid-tags/rfid-cable-seal-tag.json,"203e07e content(products): label price ranges as indicative, fix MIFARE Classic launch year, repair inverted modifiedAt","""text"": ""USD 0.45–0.95 @ 1k · 0.28–0.55 @ 10k (typical FOB Shenzhen range) — firm quote in one business day.""","""text"": ""USD 0.45–0.95 @ 1k · 0.28–0.55 @ 10k (indicative FOB Shenzhen range, as of Q3 2026) — firm quote in one business day."""
src/content/editorial/products/rfid-tags/rfid-ceramic-tag.json,"203e07e content(products): label price ranges as indicative, fix MIFARE Classic launch year, repair inverted modifiedAt","""modifiedAt"": ""2026-06-10T17:00:00Z"",","""modifiedAt"": ""2026-06-11"","
src/content/editorial/products/rfid-tags/rfid-ceramic-tag.json,"203e07e content(products): label price ranges as indicative, fix MIFARE Classic launch year, repair inverted modifiedAt","""label"": ""Typical pricing"",","""label"": ""Indicative pricing"","
src/content/editorial/products/rfid-tags/rfid-ceramic-tag.json,"203e07e content(products): label price ranges as indicative, fix MIFARE Classic launch year, repair inverted modifiedAt","""text"": ""USD 1.00–3.00 /pc @ 1k+ (typical FOB Shenzhen range) — firm quote in one business day.""","""text"": ""USD 1.00–3.00 /pc @ 1k+ (indicative FOB Shenzhen range, as of Q3 2026) — firm quote in one business day."""
src/content/editorial/products/rfid-tags/rfid-concrete-embed-tag.json,"203e07e content(products): label price ranges as indicative, fix MIFARE Classic launch year, repair inverted modifiedAt","""label"": ""Typical pricing"",","""label"": ""Indicative pricing"","
src/content/editorial/products/rfid-tags/rfid-concrete-embed-tag.json,"203e07e content(products): label price ranges as indicative, fix MIFARE Classic launch year, repair inverted modifiedAt","""text"": ""USD 0.60–2.50 /pc by size (typical FOB Shenzhen range) — firm quote in one business day.""","""text"": ""USD 0.60–2.50 /pc by size (indicative FOB Shenzhen range, as of Q3 2026) — firm quote in one business day."""
src/content/editorial/products/rfid-tags/rfid-ear-tag-livestock.json,"203e07e content(products): label price ranges as indicative, fix MIFARE Classic launch year, repair inverted modifiedAt","""label"": ""Typical pricing"",","""label"": ""Indicative pricing"","
src/content/editorial/products/rfid-tags/rfid-ear-tag-livestock.json,"203e07e content(products): label price ranges as indicative, fix MIFARE Classic launch year, repair inverted modifiedAt","""text"": ""USD 0.45–0.95 @ 1k · 0.28–0.55 @ 10k (typical FOB Shenzhen range) — firm quote in one business day.""","""text"": ""USD 0.45–0.95 @ 1k · 0.28–0.55 @ 10k (indicative FOB Shenzhen range, as of Q3 2026) — firm quote in one business day."""
src/content/editorial/products/rfid-tags/rfid-epoxy-tag.json,"203e07e content(products): label price ranges as indicative, fix MIFARE Classic launch year, repair inverted modifiedAt","""label"": ""Typical pricing"",","""label"": ""Indicative pricing"","
src/content/editorial/products/rfid-tags/rfid-epoxy-tag.json,"203e07e content(products): label price ranges as indicative, fix MIFARE Classic launch year, repair inverted modifiedAt","""text"": ""USD 0.35–0.80 /pc @ 5k+ (typical FOB Shenzhen range) — firm quote in one business day.""","""text"": ""USD 0.35–0.80 /pc @ 5k+ (indicative FOB Shenzhen range, as of Q3 2026) — firm quote in one business day."""
src/content/editorial/products/rfid-tags/rfid-eyelet-tag.json,"203e07e content(products): label price ranges as indicative, fix MIFARE Classic launch year, repair inverted modifiedAt","""label"": ""Typical pricing"",","""label"": ""Indicative pricing"","
src/content/editorial/products/rfid-tags/rfid-eyelet-tag.json,"203e07e content(products): label price ranges as indicative, fix MIFARE Classic launch year, repair inverted modifiedAt","""text"": ""USD 0.45–0.95 @ 1k · 0.28–0.55 @ 10k (typical FOB Shenzhen range) — firm quote in one business day.""","""text"": ""USD 0.45–0.95 @ 1k · 0.28–0.55 @ 10k (indicative FOB Shenzhen range, as of Q3 2026) — firm quote in one business day."""
src/content/editorial/products/rfid-tags/rfid-fire-extinguisher-tag.json,"203e07e content(products): label price ranges as indicative, fix MIFARE Classic launch year, repair inverted modifiedAt","""label"": ""Typical pricing"",","""label"": ""Indicative pricing"","
src/content/editorial/products/rfid-tags/rfid-fire-extinguisher-tag.json,"203e07e content(products): label price ranges as indicative, fix MIFARE Classic launch year, repair inverted modifiedAt","""text"": ""USD 0.60–2.50 /pc by size (typical FOB Shenzhen range) — firm quote in one business day.""","""text"": ""USD 0.60–2.50 /pc by size (indicative FOB Shenzhen range, as of Q3 2026) — firm quote in one business day."""
src/content/editorial/products/rfid-tags/rfid-fish-tag.json,"203e07e content(products): label price ranges as indicative, fix MIFARE Classic launch year, repair inverted modifiedAt","""modifiedAt"": ""2026-06-10T17:00:00Z"",","""modifiedAt"": ""2026-06-11"","
src/content/editorial/products/rfid-tags/rfid-fish-tag.json,"203e07e content(products): label price ranges as indicative, fix MIFARE Classic launch year, repair inverted modifiedAt","""label"": ""Typical pricing"",","""label"": ""Indicative pricing"","
src/content/editorial/products/rfid-tags/rfid-fish-tag.json,"203e07e content(products): label price ranges as indicative, fix MIFARE Classic launch year, repair inverted modifiedAt","""text"": ""USD 1.00–3.00 /pc @ 1k+ (typical FOB Shenzhen range) — firm quote in one business day.""","""text"": ""USD 1.00–3.00 /pc @ 1k+ (indicative FOB Shenzhen range, as of Q3 2026) — firm quote in one business day."""
src/content/editorial/products/rfid-tags/rfid-flag-tag.json,"203e07e content(products): label price ranges as indicative, fix MIFARE Classic launch year, repair inverted modifiedAt","""label"": ""Typical pricing"",","""label"": ""Indicative pricing"","
src/content/editorial/products/rfid-tags/rfid-flag-tag.json,"203e07e content(products): label price ranges as indicative, fix MIFARE Classic launch year, repair inverted modifiedAt","""text"": ""USD 0.60–2.50 /pc by size (typical FOB Shenzhen range) — firm quote in one business day.""","""text"": ""USD 0.60–2.50 /pc by size (indicative FOB Shenzhen range, as of Q3 2026) — firm quote in one business day."""
src/content/editorial/products/rfid-tags/rfid-glass-capsule-tag.json,"203e07e content(products): label price ranges as indicative, fix MIFARE Classic launch year, repair inverted modifiedAt","""modifiedAt"": ""2026-06-10T17:00:00Z"",","""modifiedAt"": ""2026-06-11"","
src/content/editorial/products/rfid-tags/rfid-glass-capsule-tag.json,"203e07e content(products): label price ranges as indicative, fix MIFARE Classic launch year, repair inverted modifiedAt","""label"": ""Typical pricing"",","""label"": ""Indicative pricing"","
src/content/editorial/products/rfid-tags/rfid-glass-capsule-tag.json,"203e07e content(products): label price ranges as indicative, fix MIFARE Classic launch year, repair inverted modifiedAt","""text"": ""USD 1.00–3.00 /pc @ 1k+ (typical FOB Shenzhen range) — firm quote in one business day.""","""text"": ""USD 1.00–3.00 /pc @ 1k+ (indicative FOB Shenzhen range, as of Q3 2026) — firm quote in one business day."""
src/content/editorial/products/rfid-tags/rfid-guard-tour-tag.json,"203e07e content(products): label price ranges as indicative, fix MIFARE Classic launch year, repair inverted modifiedAt","""modifiedAt"": ""2026-06-10T17:00:00Z"",","""modifiedAt"": ""2026-06-11"","
src/content/editorial/products/rfid-tags/rfid-hang-tag.json,"203e07e content(products): label price ranges as indicative, fix MIFARE Classic launch year, repair inverted modifiedAt","""label"": ""Typical pricing"",","""label"": ""Indicative pricing"","
src/content/editorial/products/rfid-tags/rfid-hang-tag.json,"203e07e content(products): label price ranges as indicative, fix MIFARE Classic launch year, repair inverted modifiedAt","""text"": ""USD 0.45–0.95 @ 1k · 0.28–0.55 @ 10k (typical FOB Shenzhen range) — firm quote in one business day.""","""text"": ""USD 0.45–0.95 @ 1k · 0.28–0.55 @ 10k (indicative FOB Shenzhen range, as of Q3 2026) — firm quote in one business day."""
src/content/editorial/products/rfid-tags/rfid-helmet-tag.json,"203e07e content(products): label price ranges as indicative, fix MIFARE Classic launch year, repair inverted modifiedAt","""label"": ""Typical pricing"",","""label"": ""Indicative pricing"","
src/content/editorial/products/rfid-tags/rfid-helmet-tag.json,"203e07e content(products): label price ranges as indicative, fix MIFARE Classic launch year, repair inverted modifiedAt","""text"": ""USD 0.60–2.50 /pc by size (typical FOB Shenzhen range) — firm quote in one business day.""","""text"": ""USD 0.60–2.50 /pc by size (indicative FOB Shenzhen range, as of Q3 2026) — firm quote in one business day."""
src/content/editorial/products/rfid-tags/rfid-high-temp-silicone-tag.json,"203e07e content(products): label price ranges as indicative, fix MIFARE Classic launch year, repair inverted modifiedAt","""label"": ""Typical pricing"",","""label"": ""Indicative pricing"","
src/content/editorial/products/rfid-tags/rfid-high-temp-silicone-tag.json,"203e07e content(products): label price ranges as indicative, fix MIFARE Classic launch year, repair inverted modifiedAt","""text"": ""USD 1.00–3.00 /pc @ 1k+ (typical FOB Shenzhen range) — firm quote in one business day.""","""text"": ""USD 1.00–3.00 /pc @ 1k+ (indicative FOB Shenzhen range, as of Q3 2026) — firm quote in one business day."""
src/content/editorial/products/rfid-tags/rfid-high-temperature-ceramic-tag.json,"203e07e content(products): label price ranges as indicative, fix MIFARE Classic launch year, repair inverted modifiedAt","""label"": ""Typical pricing"",","""label"": ""Indicative pricing"","
src/content/editorial/products/rfid-tags/rfid-high-temperature-ceramic-tag.json,"203e07e content(products): label price ranges as indicative, fix MIFARE Classic launch year, repair inverted modifiedAt","""text"": ""USD 1.00–3.00 /pc @ 1k+ (typical FOB Shenzhen range) — firm quote in one business day.""","""text"": ""USD 1.00–3.00 /pc @ 1k+ (indicative FOB Shenzhen range, as of Q3 2026) — firm quote in one business day."""
src/content/editorial/products/rfid-tags/rfid-ibc-chemical-drum-tag.json,"203e07e content(products): label price ranges as indicative, fix MIFARE Classic launch year, repair inverted modifiedAt","""label"": ""Typical pricing"",","""label"": ""Indicative pricing"","
src/content/editorial/products/rfid-tags/rfid-ibc-chemical-drum-tag.json,"203e07e content(products): label price ranges as indicative, fix MIFARE Classic launch year, repair inverted modifiedAt","""text"": ""USD 0.60–2.50 /pc by size (typical FOB Shenzhen range) — firm quote in one business day.""","""text"": ""USD 0.60–2.50 /pc by size (indicative FOB Shenzhen range, as of Q3 2026) — firm quote in one business day."""
src/content/editorial/products/rfid-tags/rfid-jewelry-tag.json,"203e07e content(products): label price ranges as indicative, fix MIFARE Classic launch year, repair inverted modifiedAt","""label"": ""Typical pricing"",","""label"": ""Indicative pricing"","
src/content/editorial/products/rfid-tags/rfid-jewelry-tag.json,"203e07e content(products): label price ranges as indicative, fix MIFARE Classic launch year, repair inverted modifiedAt","""text"": ""USD 0.10–0.30 /pc @ 5k+ (typical FOB Shenzhen range) — firm quote in one business day.""","""text"": ""USD 0.10–0.30 /pc @ 5k+ (indicative FOB Shenzhen range, as of Q3 2026) — firm quote in one business day."""
src/content/editorial/products/rfid-tags/rfid-keg-tag.json,"203e07e content(products): label price ranges as indicative, fix MIFARE Classic launch year, repair inverted modifiedAt","""modifiedAt"": ""2026-06-10T17:00:00Z"",","""modifiedAt"": ""2026-06-11"","
src/content/editorial/products/rfid-tags/rfid-library-book-tag.json,"203e07e content(products): label price ranges as indicative, fix MIFARE Classic launch year, repair inverted modifiedAt","""label"": ""Typical pricing"",","""label"": ""Indicative pricing"","
src/content/editorial/products/rfid-tags/rfid-library-book-tag.json,"203e07e content(products): label price ranges as indicative, fix MIFARE Classic launch year, repair inverted modifiedAt","""text"": ""USD 0.10–0.30 /pc @ 5k+ (typical FOB Shenzhen range) — firm quote in one business day.""","""text"": ""USD 0.10–0.30 /pc @ 5k+ (indicative FOB Shenzhen range, as of Q3 2026) — firm quote in one business day."""
src/content/editorial/products/rfid-tags/rfid-livestock-leg-band.json,"203e07e content(products): label price ranges as indicative, fix MIFARE Classic launch year, repair inverted modifiedAt","""label"": ""Typical pricing"",","""label"": ""Indicative pricing"","
src/content/editorial/products/rfid-tags/rfid-livestock-leg-band.json,"203e07e content(products): label price ranges as indicative, fix MIFARE Classic launch year, repair inverted modifiedAt","""text"": ""USD 0.45–0.95 @ 1k · 0.28–0.55 @ 10k (typical FOB Shenzhen range) — firm quote in one business day.""","""text"": ""USD 0.45–0.95 @ 1k · 0.28–0.55 @ 10k (indicative FOB Shenzhen range, as of Q3 2026) — firm quote in one business day."""
src/content/editorial/products/rfid-tags/rfid-magnet-mount-tag.json,"203e07e content(products): label price ranges as indicative, fix MIFARE Classic launch year, repair inverted modifiedAt","""label"": ""Typical pricing"",","""label"": ""Indicative pricing"","
src/content/editorial/products/rfid-tags/rfid-magnet-mount-tag.json,"203e07e content(products): label price ranges as indicative, fix MIFARE Classic launch year, repair inverted modifiedAt","""text"": ""USD 0.60–2.50 by size (typical FOB Shenzhen range) — firm quote in one business day.""","""text"": ""USD 0.60–2.50 by size (indicative FOB Shenzhen range, as of Q3 2026) — firm quote in one business day."""
src/content/editorial/products/rfid-tags/rfid-manhole-cover-tag.json,"203e07e content(products): label price ranges as indicative, fix MIFARE Classic launch year, repair inverted modifiedAt","""label"": ""Typical pricing"",","""label"": ""Indicative pricing"","
src/content/editorial/products/rfid-tags/rfid-manhole-cover-tag.json,"203e07e content(products): label price ranges as indicative, fix MIFARE Classic launch year, repair inverted modifiedAt","""text"": ""USD 0.60–2.50 /pc by size (typical FOB Shenzhen range) — firm quote in one business day.""","""text"": ""USD 0.60–2.50 /pc by size (indicative FOB Shenzhen range, as of Q3 2026) — firm quote in one business day."""
src/content/editorial/products/rfid-tags/rfid-mining-asset-tag.json,"203e07e content(products): label price ranges as indicative, fix MIFARE Classic launch year, repair inverted modifiedAt","""label"": ""Typical pricing"",","""label"": ""Indicative pricing"","
src/content/editorial/products/rfid-tags/rfid-mining-asset-tag.json,"203e07e content(products): label price ranges as indicative, fix MIFARE Classic launch year, repair inverted modifiedAt","""text"": ""USD 0.60–2.50 /pc by size (typical FOB Shenzhen range) — firm quote in one business day.""","""text"": ""USD 0.60–2.50 /pc by size (indicative FOB Shenzhen range, as of Q3 2026) — firm quote in one business day."""
src/content/editorial/products/rfid-tags/rfid-nail-tag.json,"203e07e content(products): label price ranges as indicative, fix MIFARE Classic launch year, repair inverted modifiedAt","""label"": ""Typical pricing"",","""label"": ""Indicative pricing"","
src/content/editorial/products/rfid-tags/rfid-nail-tag.json,"203e07e content(products): label price ranges as indicative, fix MIFARE Classic launch year, repair inverted modifiedAt","""text"": ""USD 0.45–0.95 @ 1k · 0.28–0.55 @ 10k (typical FOB Shenzhen range) — firm quote in one business day.""","""text"": ""USD 0.45–0.95 @ 1k · 0.28–0.55 @ 10k (indicative FOB Shenzhen range, as of Q3 2026) — firm quote in one business day."""
src/content/editorial/products/rfid-tags/rfid-oil-gas-pipe-tag.json,"203e07e content(products): label price ranges as indicative, fix MIFARE Classic launch year, repair inverted modifiedAt","""label"": ""Typical pricing"",","""label"": ""Indicative pricing"","
src/content/editorial/products/rfid-tags/rfid-oil-gas-pipe-tag.json,"203e07e content(products): label price ranges as indicative, fix MIFARE Classic launch year, repair inverted modifiedAt","""text"": ""USD 0.60–2.50 /pc by size (typical FOB Shenzhen range) — firm quote in one business day.""","""text"": ""USD 0.60–2.50 /pc by size (indicative FOB Shenzhen range, as of Q3 2026) — firm quote in one business day."""
src/content/editorial/products/rfid-tags/rfid-parking-token.json,"203e07e content(products): label price ranges as indicative, fix MIFARE Classic launch year, repair inverted modifiedAt","""label"": ""Typical pricing"",","""label"": ""Indicative pricing"","
src/content/editorial/products/rfid-tags/rfid-parking-token.json,"203e07e content(products): label price ranges as indicative, fix MIFARE Classic launch year, repair inverted modifiedAt","""text"": ""USD 0.20–0.45 /pc @ 5k+ (typical FOB Shenzhen range) — firm quote in one business day.""","""text"": ""USD 0.20–0.45 /pc @ 5k+ (indicative FOB Shenzhen range, as of Q3 2026) — firm quote in one business day."""
src/content/editorial/products/rfid-tags/rfid-pcb-screw-mount-tag.json,"203e07e content(products): label price ranges as indicative, fix MIFARE Classic launch year, repair inverted modifiedAt","""label"": ""Typical pricing"",","""label"": ""Indicative pricing"","
src/content/editorial/products/rfid-tags/rfid-pcb-screw-mount-tag.json,"203e07e content(products): label price ranges as indicative, fix MIFARE Classic launch year, repair inverted modifiedAt","""text"": ""USD 0.60–2.50 /pc by size (typical FOB Shenzhen range) — firm quote in one business day.""","""text"": ""USD 0.60–2.50 /pc by size (indicative FOB Shenzhen range, as of Q3 2026) — firm quote in one business day."""
src/content/editorial/products/rfid-tags/rfid-pcb-tag.json,"203e07e content(products): label price ranges as indicative, fix MIFARE Classic launch year, repair inverted modifiedAt","""label"": ""Typical pricing"",","""label"": ""Indicative pricing"","
src/content/editorial/products/rfid-tags/rfid-pcb-tag.json,"203e07e content(products): label price ranges as indicative, fix MIFARE Classic launch year, repair inverted modifiedAt","""text"": ""USD 0.60–2.50 /pc by size (typical FOB Shenzhen range) — firm quote in one business day.""","""text"": ""USD 0.60–2.50 /pc by size (indicative FOB Shenzhen range, as of Q3 2026) — firm quote in one business day."""
src/content/editorial/products/rfid-tags/rfid-pps-laundry-chip.json,"203e07e content(products): label price ranges as indicative, fix MIFARE Classic launch year, repair inverted modifiedAt","""label"": ""Typical pricing"",","""label"": ""Indicative pricing"","
src/content/editorial/products/rfid-tags/rfid-pps-laundry-chip.json,"203e07e content(products): label price ranges as indicative, fix MIFARE Classic launch year, repair inverted modifiedAt","""text"": ""USD 0.25–0.80 /pc by form (typical FOB Shenzhen range) — firm quote in one business day.""","""text"": ""USD 0.25–0.80 /pc by form (indicative FOB Shenzhen range, as of Q3 2026) — firm quote in one business day."""
src/content/editorial/products/rfid-tags/rfid-race-timing-tag.json,"203e07e content(products): label price ranges as indicative, fix MIFARE Classic launch year, repair inverted modifiedAt","""label"": ""Typical pricing"",","""label"": ""Indicative pricing"","
src/content/editorial/products/rfid-tags/rfid-race-timing-tag.json,"203e07e content(products): label price ranges as indicative, fix MIFARE Classic launch year, repair inverted modifiedAt","""text"": ""USD 0.08–0.25 /pc @ 10k+ (typical FOB Shenzhen range) — firm quote in one business day.""","""text"": ""USD 0.08–0.25 /pc @ 10k+ (indicative FOB Shenzhen range, as of Q3 2026) — firm quote in one business day."""
src/content/editorial/products/rfid-tags/rfid-screw-tag.json,"203e07e content(products): label price ranges as indicative, fix MIFARE Classic launch year, repair inverted modifiedAt","""label"": ""Typical pricing"",","""label"": ""Indicative pricing"","
src/content/editorial/products/rfid-tags/rfid-screw-tag.json,"203e07e content(products): label price ranges as indicative, fix MIFARE Classic launch year, repair inverted modifiedAt","""text"": ""USD 0.45–0.95 @ 1k · 0.28–0.55 @ 10k (typical FOB Shenzhen range) — firm quote in one business day.""","""text"": ""USD 0.45–0.95 @ 1k · 0.28–0.55 @ 10k (indicative FOB Shenzhen range, as of Q3 2026) — firm quote in one business day."""
src/content/editorial/products/rfid-tags/rfid-silicone-flexible-tag.json,"203e07e content(products): label price ranges as indicative, fix MIFARE Classic launch year, repair inverted modifiedAt","""label"": ""Typical pricing"",","""label"": ""Indicative pricing"","
src/content/editorial/products/rfid-tags/rfid-silicone-flexible-tag.json,"203e07e content(products): label price ranges as indicative, fix MIFARE Classic launch year, repair inverted modifiedAt","""text"": ""USD 0.25–0.80 /pc by form (typical FOB Shenzhen range) — firm quote in one business day.""","""text"": ""USD 0.25–0.80 /pc by form (indicative FOB Shenzhen range, as of Q3 2026) — firm quote in one business day."""
src/content/editorial/products/rfid-tags/rfid-surgical-instrument-tag.json,"203e07e content(products): label price ranges as indicative, fix MIFARE Classic launch year, repair inverted modifiedAt","""label"": ""Typical pricing"",","""label"": ""Indicative pricing"","
src/content/editorial/products/rfid-tags/rfid-surgical-instrument-tag.json,"203e07e content(products): label price ranges as indicative, fix MIFARE Classic launch year, repair inverted modifiedAt","""text"": ""USD 1.00–3.00 /pc @ 1k+ (typical FOB Shenzhen range) — firm quote in one business day.""","""text"": ""USD 1.00–3.00 /pc @ 1k+ (indicative FOB Shenzhen range, as of Q3 2026) — firm quote in one business day."""
src/content/editorial/products/rfid-tags/rfid-tamper-seal-tag.json,"203e07e content(products): label price ranges as indicative, fix MIFARE Classic launch year, repair inverted modifiedAt","""label"": ""Typical pricing"",","""label"": ""Indicative pricing"","
src/content/editorial/products/rfid-tags/rfid-tamper-seal-tag.json,"203e07e content(products): label price ranges as indicative, fix MIFARE Classic launch year, repair inverted modifiedAt","""text"": ""USD 0.45–0.95 @ 1k · 0.28–0.55 @ 10k (typical FOB Shenzhen range) — firm quote in one business day.""","""text"": ""USD 0.45–0.95 @ 1k · 0.28–0.55 @ 10k (indicative FOB Shenzhen range, as of Q3 2026) — firm quote in one business day."""
src/content/editorial/products/rfid-tags/rfid-temperature-sensor-tag.json,"203e07e content(products): label price ranges as indicative, fix MIFARE Classic launch year, repair inverted modifiedAt","""modifiedAt"": ""2026-06-10T17:00:00Z"",","""modifiedAt"": ""2026-06-11"","
src/content/editorial/products/rfid-tags/rfid-textile-laundry-tag.json,"203e07e content(products): label price ranges as indicative, fix MIFARE Classic launch year, repair inverted modifiedAt","""label"": ""Typical pricing"",","""label"": ""Indicative pricing"","
src/content/editorial/products/rfid-tags/rfid-textile-laundry-tag.json,"203e07e content(products): label price ranges as indicative, fix MIFARE Classic launch year, repair inverted modifiedAt","""text"": ""USD 0.25–0.80 /pc by form (typical FOB Shenzhen range) — firm quote in one business day.""","""text"": ""USD 0.25–0.80 /pc by form (indicative FOB Shenzhen range, as of Q3 2026) — firm quote in one business day."""
src/content/editorial/products/rfid-tags/rfid-tire-tag.json,"203e07e content(products): label price ranges as indicative, fix MIFARE Classic launch year, repair inverted modifiedAt","""modifiedAt"": ""2026-06-10T17:00:00Z"",","""modifiedAt"": ""2026-06-11"","
src/content/editorial/products/rfid-tags/rfid-tool-tag.json,"203e07e content(products): label price ranges as indicative, fix MIFARE Classic launch year, repair inverted modifiedAt","""label"": ""Typical pricing"",","""label"": ""Indicative pricing"","
src/content/editorial/products/rfid-tags/rfid-tool-tag.json,"203e07e content(products): label price ranges as indicative, fix MIFARE Classic launch year, repair inverted modifiedAt","""text"": ""USD 0.60–2.50 /pc by size (typical FOB Shenzhen range) — firm quote in one business day.""","""text"": ""USD 0.60–2.50 /pc by size (indicative FOB Shenzhen range, as of Q3 2026) — firm quote in one business day."""
src/content/editorial/products/rfid-tags/rfid-tool-tracking-tag.json,"203e07e content(products): label price ranges as indicative, fix MIFARE Classic launch year, repair inverted modifiedAt","""label"": ""Typical pricing"",","""label"": ""Indicative pricing"","
src/content/editorial/products/rfid-tags/rfid-tool-tracking-tag.json,"203e07e content(products): label price ranges as indicative, fix MIFARE Classic launch year, repair inverted modifiedAt","""text"": ""USD 0.60–2.50 /pc by size (typical FOB Shenzhen range) — firm quote in one business day.""","""text"": ""USD 0.60–2.50 /pc by size (indicative FOB Shenzhen range, as of Q3 2026) — firm quote in one business day."""
src/content/editorial/products/rfid-tags/rfid-tree-tag.json,"203e07e content(products): label price ranges as indicative, fix MIFARE Classic launch year, repair inverted modifiedAt","""label"": ""Typical pricing"",","""label"": ""Indicative pricing"","
src/content/editorial/products/rfid-tags/rfid-tree-tag.json,"203e07e content(products): label price ranges as indicative, fix MIFARE Classic launch year, repair inverted modifiedAt","""text"": ""USD 0.45–0.95 @ 1k · 0.28–0.55 @ 10k (typical FOB Shenzhen range) — firm quote in one business day.""","""text"": ""USD 0.45–0.95 @ 1k · 0.28–0.55 @ 10k (indicative FOB Shenzhen range, as of Q3 2026) — firm quote in one business day."""
src/content/editorial/products/rfid-tags/rfid-valve-tag.json,"203e07e content(products): label price ranges as indicative, fix MIFARE Classic launch year, repair inverted modifiedAt","""label"": ""Typical pricing"",","""label"": ""Indicative pricing"","
src/content/editorial/products/rfid-tags/rfid-valve-tag.json,"203e07e content(products): label price ranges as indicative, fix MIFARE Classic launch year, repair inverted modifiedAt","""text"": ""USD 0.60–2.50 /pc by size (typical FOB Shenzhen range) — firm quote in one business day.""","""text"": ""USD 0.60–2.50 /pc by size (indicative FOB Shenzhen range, as of Q3 2026) — firm quote in one business day."""
src/content/editorial/products/rfid-tags/rfid-waste-bin-tag.json,"203e07e content(products): label price ranges as indicative, fix MIFARE Classic launch year, repair inverted modifiedAt","""modifiedAt"": ""2026-06-10T17:00:00Z"",","""modifiedAt"": ""2026-06-11"","
src/content/editorial/products/rfid-tags/rfid-waste-bin-tag.json,"203e07e content(products): label price ranges as indicative, fix MIFARE Classic launch year, repair inverted modifiedAt","""label"": ""Typical pricing"",","""label"": ""Indicative pricing"","
src/content/editorial/products/rfid-tags/rfid-waste-bin-tag.json,"203e07e content(products): label price ranges as indicative, fix MIFARE Classic launch year, repair inverted modifiedAt","""text"": ""USD 1.00–3.00 /pc @ 1k+ (typical FOB Shenzhen range) — firm quote in one business day.""","""text"": ""USD 1.00–3.00 /pc @ 1k+ (indicative FOB Shenzhen range, as of Q3 2026) — firm quote in one business day."""
src/content/editorial/products/rfid-tags/rfid-weapon-tracking-tag.json,"203e07e content(products): label price ranges as indicative, fix MIFARE Classic launch year, repair inverted modifiedAt","""label"": ""Typical pricing"",","""label"": ""Indicative pricing"","
src/content/editorial/products/rfid-tags/rfid-weapon-tracking-tag.json,"203e07e content(products): label price ranges as indicative, fix MIFARE Classic launch year, repair inverted modifiedAt","""text"": ""USD 0.60–2.50 /pc by size (typical FOB Shenzhen range) — firm quote in one business day.""","""text"": ""USD 0.60–2.50 /pc by size (indicative FOB Shenzhen range, as of Q3 2026) — firm quote in one business day."""
src/content/editorial/products/rfid-tags/rfid-wedge-tag.json,"203e07e content(products): label price ranges as indicative, fix MIFARE Classic launch year, repair inverted modifiedAt","""label"": ""Typical pricing"",","""label"": ""Indicative pricing"","
src/content/editorial/products/rfid-tags/rfid-wedge-tag.json,"203e07e content(products): label price ranges as indicative, fix MIFARE Classic launch year, repair inverted modifiedAt","""text"": ""USD 0.45–0.95 @ 1k · 0.28–0.55 @ 10k (typical FOB Shenzhen range) — firm quote in one business day.""","""text"": ""USD 0.45–0.95 @ 1k · 0.28–0.55 @ 10k (indicative FOB Shenzhen range, as of Q3 2026) — firm quote in one business day."""
src/content/editorial/products/rfid-tags/uhf-rfid-apparel-hang-tag.json,"203e07e content(products): label price ranges as indicative, fix MIFARE Classic launch year, repair inverted modifiedAt","""label"": ""Typical pricing"",","""label"": ""Indicative pricing"","
src/content/editorial/products/rfid-tags/uhf-rfid-apparel-hang-tag.json,"203e07e content(products): label price ranges as indicative, fix MIFARE Classic launch year, repair inverted modifiedAt","""text"": ""USD 0.45–0.95 @ 1k · 0.28–0.55 @ 10k (typical FOB Shenzhen range) — firm quote in one business day.""","""text"": ""USD 0.45–0.95 @ 1k · 0.28–0.55 @ 10k (indicative FOB Shenzhen range, as of Q3 2026) — firm quote in one business day."""
src/content/editorial/products/rfid-tags/uhf-rfid-hard-tag.json,"203e07e content(products): label price ranges as indicative, fix MIFARE Classic launch year, repair inverted modifiedAt","""label"": ""Typical pricing"",","""label"": ""Indicative pricing"","
src/content/editorial/products/rfid-tags/uhf-rfid-hard-tag.json,"203e07e content(products): label price ranges as indicative, fix MIFARE Classic launch year, repair inverted modifiedAt","""text"": ""USD 0.60–2.50 /pc by size (typical FOB Shenzhen range) — firm quote in one business day.""","""text"": ""USD 0.60–2.50 /pc by size (indicative FOB Shenzhen range, as of Q3 2026) — firm quote in one business day."""
src/content/editorial/products/rfid-tags/uhf-rfid-woven-care-label.json,"203e07e content(products): label price ranges as indicative, fix MIFARE Classic launch year, repair inverted modifiedAt","""label"": ""Typical pricing"",","""label"": ""Indicative pricing"","
src/content/editorial/products/rfid-tags/uhf-rfid-woven-care-label.json,"203e07e content(products): label price ranges as indicative, fix MIFARE Classic launch year, repair inverted modifiedAt","""text"": ""USD 0.08–0.25 /pc @ 10k+ (typical FOB Shenzhen range) — firm quote in one business day.""","""text"": ""USD 0.08–0.25 /pc @ 10k+ (indicative FOB Shenzhen range, as of Q3 2026) — firm quote in one business day."""
src/content/editorial/products/rfid-tags/waterproof-uhf-rfid-outdoor-tag.json,"203e07e content(products): label price ranges as indicative, fix MIFARE Classic launch year, repair inverted modifiedAt","""label"": ""Typical pricing"",","""label"": ""Indicative pricing"","
src/content/editorial/products/rfid-tags/waterproof-uhf-rfid-outdoor-tag.json,"203e07e content(products): label price ranges as indicative, fix MIFARE Classic launch year, repair inverted modifiedAt","""text"": ""USD 0.60–2.50 /pc by size (typical FOB Shenzhen range) — firm quote in one business day.""","""text"": ""USD 0.60–2.50 /pc by size (indicative FOB Shenzhen range, as of Q3 2026) — firm quote in one business day."""
src/content/editorial/products/rfid-wristbands/fabric-rfid-wristband.json,"203e07e content(products): label price ranges as indicative, fix MIFARE Classic launch year, repair inverted modifiedAt","""label"": ""Typical pricing"",","""label"": ""Indicative pricing"","
src/content/editorial/products/rfid-wristbands/fabric-rfid-wristband.json,"203e07e content(products): label price ranges as indicative, fix MIFARE Classic launch year, repair inverted modifiedAt","""text"": ""USD 0.60–1.50 /band @ 500+ (typical FOB Shenzhen range) — firm quote in one business day.""","""text"": ""USD 0.60–1.50 /band @ 500+ (indicative FOB Shenzhen range, as of Q3 2026) — firm quote in one business day."""
src/content/editorial/products/rfid-wristbands/nfc-fitness-wristband.json,"203e07e content(products): label price ranges as indicative, fix MIFARE Classic launch year, repair inverted modifiedAt","""label"": ""Typical pricing"",","""label"": ""Indicative pricing"","
src/content/editorial/products/rfid-wristbands/nfc-fitness-wristband.json,"203e07e content(products): label price ranges as indicative, fix MIFARE Classic launch year, repair inverted modifiedAt","""text"": ""USD 0.30–0.70 /band @ 500+ (typical FOB Shenzhen range) — firm quote in one business day.""","""text"": ""USD 0.30–0.70 /band @ 500+ (indicative FOB Shenzhen range, as of Q3 2026) — firm quote in one business day."""
src/content/editorial/products/rfid-wristbands/rfid-vinyl-wristband.json,"203e07e content(products): label price ranges as indicative, fix MIFARE Classic launch year, repair inverted modifiedAt","""label"": ""Typical pricing"",","""label"": ""Indicative pricing"","
src/content/editorial/products/rfid-wristbands/rfid-vinyl-wristband.json,"203e07e content(products): label price ranges as indicative, fix MIFARE Classic launch year, repair inverted modifiedAt","""text"": ""USD 0.30–0.70 /band @ 500+ (typical FOB Shenzhen range) — firm quote in one business day.""","""text"": ""USD 0.30–0.70 /band @ 500+ (indicative FOB Shenzhen range, as of Q3 2026) — firm quote in one business day."""
src/content/editorial/resources/_pillar.json,"203e07e content(products): label price ranges as indicative, fix MIFARE Classic launch year, repair inverted modifiedAt","""modifiedAt"": ""2026-03-09"",","""modifiedAt"": ""2026-04-22"","
