file,before,after
public/diagrams/about/hero-capability.svg,"<desc id=""hDesc"">An illustrated RFID smart card showing its embedded antenna coil and chip with NFC signal waves, beside credentials: factory-direct since 2008, ISO 9001 / RoHS / REACH / CE, and six product families in-house.</desc>","<desc id=""hDesc"">An illustrated RFID smart card showing its embedded antenna coil and chip with NFC signal waves, beside credentials: manufacturing partner since 2008, ISO 9001 / 14001 / 45001, and six product families to our specification.</desc>"
public/diagrams/about/hero-capability.svg,"<text x=""848"" y=""255"" font-size=""23"" font-weight=""700"" fill=""#291c0e"">Factory-direct since 2008</text>","<text x=""848"" y=""255"" font-size=""23"" font-weight=""700"" fill=""#291c0e"">Manufacturing partner since 2008</text>"
public/diagrams/about/hero-capability.svg,"<text x=""150"" y=""600"" font-size=""22"" font-weight=""600"" fill=""#6d5a3a"">Shenzhen factory floor — wet-inlay, lamination, encoding &amp; 100% read-test under one roof</text>","<text x=""150"" y=""600"" font-size=""22"" font-weight=""600"" fill=""#6d5a3a"">Shenzhen partner lines — wet-inlay, lamination, encoding to our spec &amp; 100% read-test by our QC</text>"
public/diagrams/about/leadership-banner.svg,"<title id=""lbTitle"">Proud Tek leadership — founder-led, engineering-first</title>","<title id=""lbTitle"">Proud Tek team — three functions, engineering-first</title>"
public/diagrams/about/leadership-banner.svg,"<desc id=""lbDesc"">Organisation model: founder and engineering lead Peter Zhang over four functional areas — production engineering, independent quality, account engineering and supply chain — and one account engineer who owns each buyer program end to end, from RFQ to reorder.</desc>","<desc id=""lbDesc"">Organisation model: Shenzhen Proud Tek Co., Ltd (specification, chip sourcing and QC owner; production on contracted partner lines) over four functional areas — RF / production engineering, independent quality control, sales / account engineering and supply chain — and one account engineer who owns each buyer program end to end, from RFQ to reorder.</desc>"
public/diagrams/about/leadership-banner.svg,"<text x=""600"" y=""70"" text-anchor=""middle"" font-size=""20"" font-weight=""700"" letter-spacing=""2.5"" fill=""#6d5a3a"">FOUNDER-LED · ENGINEERING-FIRST · SINCE 2008</text>","<text x=""600"" y=""70"" text-anchor=""middle"" font-size=""20"" font-weight=""700"" letter-spacing=""2.5"" fill=""#6d5a3a"">ENGINEERING-FIRST · FUNCTIONS, NOT NAMES · SINCE 2008</text>"
public/diagrams/about/leadership-banner.svg,"<text x=""600"" y=""130"" text-anchor=""middle"" font-size=""24"" font-weight=""800"" fill=""#d4a755"">Peter Zhang</text>","<text x=""600"" y=""130"" text-anchor=""middle"" font-size=""24"" font-weight=""800"" fill=""#d4a755"">Shenzhen Proud Tek Co., Ltd</text>"
public/diagrams/about/leadership-banner.svg,"<text x=""600"" y=""156"" text-anchor=""middle"" font-size=""16"" fill=""#e8ddc7"">Founder &amp; Engineering Lead</text>","<text x=""600"" y=""156"" text-anchor=""middle"" font-size=""16"" fill=""#e8ddc7"">Specification · chip sourcing · QC sign-off</text>"
public/diagrams/about/leadership-banner.svg,"<text x=""185"" y=""292"" text-anchor=""middle"" font-size=""19"" font-weight=""700"" fill=""#291c0e"">Production eng.</text>","<text x=""185"" y=""292"" text-anchor=""middle"" font-size=""19"" font-weight=""700"" fill=""#291c0e"">RF / production eng.</text>"
public/diagrams/about/leadership-banner.svg,"<text x=""185"" y=""318"" text-anchor=""middle"" font-size=""14"" fill=""#6d5a3a"">owns the floor, pilot→reorder</text>","<text x=""185"" y=""318"" text-anchor=""middle"" font-size=""14"" fill=""#6d5a3a"">spec &amp; first article, pilot→reorder</text>"
public/diagrams/about/leadership-banner.svg,"<text x=""739"" y=""292"" text-anchor=""middle"" font-size=""19"" font-weight=""700"" fill=""#291c0e"">Account eng.</text>","<text x=""739"" y=""292"" text-anchor=""middle"" font-size=""19"" font-weight=""700"" fill=""#291c0e"">Sales / account eng.</text>"
public/diagrams/about/production-process.svg,"<title id=""ppTitle"">Proud Tek in-house production and QC steps</title>","<title id=""ppTitle"">Proud Tek production and QC steps on partner lines</title>"
public/diagrams/about/production-process.svg,"<desc id=""ppDesc"">Six in-house steps, left to right: inlay bonding, lamination, encoding, one hundred percent read-test QC, laser numbering, and pack and dispatch.</desc>","<desc id=""ppDesc"">Six steps, run on contracted partner lines to Proud Tek's specification, left to right: inlay bonding, lamination, encoding, one hundred percent read-test QC, laser numbering, and pack and dispatch.</desc>"
public/diagrams/about/production-process.svg,"<text x=""72"" y=""120"" font-size=""22"" font-weight=""700"" letter-spacing=""1.5"" fill=""#6d5a3a"">IN-HOUSE — NOT OUTSOURCED</text>","<text x=""72"" y=""120"" font-size=""22"" font-weight=""700"" letter-spacing=""1.5"" fill=""#6d5a3a"">ONE SPECIFICATION — ONE QC SIGN-OFF</text>"
public/diagrams/about/supply-chain.svg,"<title id=""scTitle"">Factory-direct versus trading-company sourcing</title>","<title id=""scTitle"">Manufacturer-direct versus trading-company sourcing</title>"
public/diagrams/about/supply-chain.svg,"<desc id=""scDesc"">The trading-company route adds one or two middlemen and 15 to 30 percent markup with no engineering escalation; sourcing directly from the Proud Tek factory keeps the margin and routes engineering to the team that built the SKU.</desc>","<desc id=""scDesc"">The trading-company route adds one or two middlemen and 15 to 30 percent markup with no engineering escalation; sourcing directly from Proud Tek keeps the margin and routes engineering to the team that specified and signed off the SKU.</desc>"
public/diagrams/about/supply-chain.svg,"<text x=""187"" y=""196"" text-anchor=""middle"" font-size=""26"" font-weight=""600"" fill=""#4a5568"">Factory</text>","<text x=""187"" y=""196"" text-anchor=""middle"" font-size=""26"" font-weight=""600"" fill=""#4a5568"">Manufacturer</text>"
public/diagrams/about/supply-chain.svg,"<text x=""72"" y=""410"" font-size=""22"" font-weight=""700"" letter-spacing=""1.5"" fill=""#6d5a3a"">PROUD TEK — FACTORY DIRECT</text>","<text x=""72"" y=""410"" font-size=""22"" font-weight=""700"" letter-spacing=""1.5"" fill=""#6d5a3a"">PROUD TEK — MANUFACTURER DIRECT</text>"
public/diagrams/about/supply-chain.svg,"<text x=""262"" y=""486"" text-anchor=""middle"" font-size=""26"" font-weight=""700"" fill=""#f4efe7"">Proud Tek factory</text>","<text x=""262"" y=""486"" text-anchor=""middle"" font-size=""26"" font-weight=""700"" fill=""#f4efe7"">Proud Tek</text>"
public/diagrams/about/supply-chain.svg,"<text x=""639"" y=""480"" text-anchor=""middle"" font-size=""18"" font-weight=""600"" fill=""#3a4a52"">factory price direct</text>","<text x=""639"" y=""480"" text-anchor=""middle"" font-size=""18"" font-weight=""600"" fill=""#3a4a52"">manufacturer price direct</text>"
public/diagrams/blog/cost-per-rfid-tag-2026-hero.svg,"<desc id=""d"">Hero banner for the 2026 RFID tag pricing guide. On the left, an apparel-style hangtag is opened up to show what you are actually buying: a spiral antenna coil, a small gold chip and the substrate, with signal arcs leaving the tag and a dark price coin reading $0.03 and up per tag at volume. On the right, an abridged spectrum panel lists five product families with their 2026 price bands: UHF paper-face labels at $0.03-0.08, NTAG213 NFC stickers at $0.05-0.12, MIFARE Classic 1K PVC cards at $0.30-0.80, silicone wristbands at $0.40-1.50, and rugged industrial or on-metal tags at $0.50-5.00 and above. A caption notes factory-direct pricing typically runs 20-35% below trading-compan","<desc id=""d"">Hero banner for the 2026 RFID tag pricing guide. On the left, an apparel-style hangtag is opened up to show what you are actually buying: a spiral antenna coil, a small gold chip and the substrate, with signal arcs leaving the tag and a dark price coin reading $0.03 and up per tag at volume. On the right, an abridged spectrum panel lists five product families with their 2026 price bands: UHF paper-face labels at $0.03-0.08, NTAG213 NFC stickers at $0.05-0.12, MIFARE Classic 1K PVC cards at $0.30-0.80, silicone wristbands at $0.40-1.50, and rugged industrial or on-metal tags at $0.50-5.00 and above. A caption notes manufacturer-direct pricing typically runs 20-35% below trading-c"
public/diagrams/blog/cost-per-rfid-tag-2026-hero.svg,"<text x=""600"" y=""608"" text-anchor=""middle"" font-size=""13.5"" fill=""#4f4f4f"">Factory-direct from Shenzhen typically runs 20–35% below trading-company quotes — the middleman is a deletable line item.</text>","<text x=""600"" y=""608"" text-anchor=""middle"" font-size=""13.5"" fill=""#4f4f4f"">Manufacturer-direct from Shenzhen typically runs 20–35% below trading-company quotes — the middleman is a deletable line item.</text>"
public/diagrams/lp/nfc-tag-manufacturer-china-chip-menu.svg,"<title id=""t"">Proud Tek NFC menu: four 13.56 MHz families bonded and encoded on one in-house Shenzhen line</title>","<title id=""t"">Proud Tek NFC menu: four 13.56 MHz families bonded and encoded to one Proud Tek specification on partner lines in Shenzhen</title>"
public/diagrams/lp/nfc-tag-manufacturer-china-chip-menu.svg,"<desc id=""d"">A left-to-right map. On the left, a card labelled YOUR NFC SPEC (surface, data, volume, MOQ). In the centre, four NFC product-family lanes we manufacture: NFC stickers and inlays (NTAG 213, NTAG 215, NTAG 216 at 13.56 MHz to ISO/IEC 14443); secure and tamper-evident (NTAG 424 DNA with AES-128 SUN at 13.56 MHz to ISO/IEC 14443); ticketing and transit (MIFARE Ultralight EV1 at 13.56 MHz, single-use); and HF long-range labels (ICODE SLIX2 at 13.56 MHz to ISO/IEC 15693). All four converge on the right into MADE IN-HOUSE: bonded and converted, encoded to spec, 100% read-tested, with documents and certificates.</desc>","<desc id=""d"">A left-to-right map. On the left, a card labelled YOUR NFC SPEC (surface, data, volume, MOQ). In the centre, four NFC product-family lanes we manufacture: NFC stickers and inlays (NTAG 213, NTAG 215, NTAG 216 at 13.56 MHz to ISO/IEC 14443); secure and tamper-evident (NTAG 424 DNA with AES-128 SUN at 13.56 MHz to ISO/IEC 14443); ticketing and transit (MIFARE Ultralight EV1 at 13.56 MHz, single-use); and HF long-range labels (ICODE SLIX2 at 13.56 MHz to ISO/IEC 15693). All four converge on the right into MADE TO OUR SPEC: bonded and converted on partner lines, encoded to spec, 100% read-tested by our QC, with documents and certificates.</desc>"
public/diagrams/lp/nfc-tag-manufacturer-china-chip-menu.svg,"<text x=""600"" y=""99"" text-anchor=""middle"" font-size=""30"" font-weight=""700"" fill=""#291c0e"" font-family=""Lora, Georgia, serif"">Four NFC families, one in-house line</text>","<text x=""600"" y=""99"" text-anchor=""middle"" font-size=""30"" font-weight=""700"" fill=""#291c0e"" font-family=""Lora, Georgia, serif"">Four NFC families, one specification</text>"
public/diagrams/lp/nfc-tag-manufacturer-china-chip-menu.svg,"<text x=""1053"" y=""338"" text-anchor=""middle"" font-size=""17"" font-weight=""800"" letter-spacing=""0.4"" fill=""#6d5a3a"">MADE IN-HOUSE</text>","<text x=""1053"" y=""338"" text-anchor=""middle"" font-size=""17"" font-weight=""800"" letter-spacing=""0.4"" fill=""#6d5a3a"">MADE TO OUR SPEC</text>"
public/diagrams/lp/nfc-tag-manufacturer-china-process-flow.svg,"<title id=""t"">How Proud Tek manufactures an NFC tag: five in-house stages from bare chip to encoded, read-tested unit</title>","<title id=""t"">How a Proud Tek NFC tag is made: five stages from bare chip to encoded, read-tested unit, run on partner lines to our specification</title>"
public/diagrams/lp/nfc-tag-manufacturer-china-process-flow.svg,"<desc id=""d"">Five stages left to right, none subcontracted. Stage 1, antenna: an aluminium or copper antenna etched or printed on a PET or paper web. Stage 2, chip bonding: an NXP wafer flip-chip bonded to the antenna to form the inlay. Stage 3, converting: wet and dry inlays laminated and die-cut to size on rolls. Stage 4, printing and finishing: full-colour artwork printed and laminated, epoxy and anti-metal tags molded into housings. Stage 5, encoding and QC: NDEF or NTAG 424 DNA SUN records written inline, then every unit 100% read-tested. A base arrow underneath runs from a bare wafer, in-house, to a shipped SKU under one QC sign-off.</desc>","<desc id=""d"">Five stages left to right, all to one Proud Tek specification with one QC sign-off. Stage 1, antenna: an aluminium or copper antenna etched or printed on a PET or paper web. Stage 2, chip bonding: an NXP wafer flip-chip bonded to the antenna to form the inlay. Stage 3, converting: wet and dry inlays laminated and die-cut to size on rolls. Stage 4, printing and finishing: full-colour artwork printed and laminated, epoxy and anti-metal tags molded into housings. Stage 5, encoding and QC: NDEF or NTAG 424 DNA SUN records written inline, then every unit 100% read-tested. A base arrow underneath runs from a bare wafer, in-house, to a shipped SKU under one QC sign-off.</desc>"
public/diagrams/lp/nfc-tag-manufacturer-china-process-flow.svg,"<text x=""600"" y=""126"" text-anchor=""middle"" font-size=""14"" fill=""#5c5c5c"">Five stages under one roof — no converting or encoding subcontracted.</text>","<text x=""600"" y=""126"" text-anchor=""middle"" font-size=""14"" fill=""#5c5c5c"">Five stages, one specification, one QC sign-off — on contracted partner lines.</text>"
public/diagrams/lp/nfc-tag-manufacturer-china-process-flow.svg,"<text x=""100"" y=""548"" font-size=""13"" font-weight=""700"" fill=""#5c5c5c"">Bare wafer · in-house</text>","<text x=""100"" y=""548"" font-size=""13"" font-weight=""700"" fill=""#5c5c5c"">Bare wafer · to our spec</text>"
public/diagrams/lp/rfid-card-manufacturer-china-process-flow.svg,"<title id=""t"">Proud Tek RFID card production line: five in-house stages from inlay to encoded card</title>","<title id=""t"">Proud Tek RFID card production: five stages from inlay to encoded card, run on partner lines to our specification</title>"
public/diagrams/lp/rfid-card-manufacturer-china-process-flow.svg,"<text x=""600"" y=""98"" text-anchor=""middle"" font-size=""30"" font-weight=""700"" fill=""#291c0e"" font-family=""Lora, Georgia, serif"">Five in-house production stages</text>","<text x=""600"" y=""98"" text-anchor=""middle"" font-size=""30"" font-weight=""700"" fill=""#291c0e"" font-family=""Lora, Georgia, serif"">Five production stages, one specification</text>"
public/diagrams/lp/rfid-factory-direct-china-sample-to-po.svg,"<title id=""t"">Proud Tek factory-direct sourcing flow: from a free sample pack to a standing production order</title>","<title id=""t"">Proud Tek manufacturer-direct sourcing flow: from a free sample pack to a standing production order</title>"
public/diagrams/lp/rfid-factory-direct-china-sample-to-po.svg,"<desc id=""d"">Five steps left to right. Step 1, free sample pack: 8-12 SKUs across LF, HF and UHF shipped by DHL. Step 2, factory-direct quote: chip, MOQ and price itemised in writing. Step 3, proof and first article: a digital proof signed off and tested on your reader. Step 4, production and QC: about 5-7 business days with 100% read-verification and a photographic QC report. Step 5, export and delivery: DDP, FOB or CIF by DHL, FedEx or sea with 3-5 day call-offs. A base arrow underneath shows buyer commitment rising only as risk falls; nothing ships without a QC report you can check.</desc>","<desc id=""d"">Five steps left to right. Step 1, free sample pack: 2-3 SKUs (5-20 pieces) across LF, HF and UHF shipped by DHL or FedEx. Step 2, manufacturer-direct quote: chip, MOQ and price itemised in writing. Step 3, proof and first article: a digital proof signed off and tested on your reader. Step 4, production and QC: about 5-7 business days with 100% read-verification and a photographic QC report. Step 5, export and delivery: DDP, FOB or CIF by DHL, FedEx or sea with 3-5 day call-offs. A base arrow underneath shows buyer commitment rising only as risk falls; nothing ships without a QC report you can check.</desc>"
public/diagrams/lp/rfid-factory-direct-china-sample-to-po.svg,"<text x=""143"" y=""324"" text-anchor=""middle"" font-size=""13"" fill=""#5c5c5c"">8-12 SKUs by DHL</text>","<text x=""143"" y=""324"" text-anchor=""middle"" font-size=""13"" fill=""#5c5c5c"">2-3 SKUs by DHL / FedEx</text>"
public/diagrams/lp/rfid-factory-direct-china-sample-to-po.svg,"<text x=""369"" y=""266"" text-anchor=""middle"" font-size=""16"" font-weight=""700"" fill=""#291c0e"">Factory-direct</text>","<text x=""369"" y=""266"" text-anchor=""middle"" font-size=""16"" font-weight=""700"" fill=""#291c0e"">Manufacturer-direct</text>"
public/diagrams/lp/rfid-factory-direct-china-sample-to-po.svg,"<text x=""369"" y=""426"" text-anchor=""middle"" font-size=""13"" font-weight=""700"" fill=""#4a5568"">factory-gate price</text>","<text x=""369"" y=""426"" text-anchor=""middle"" font-size=""13"" font-weight=""700"" fill=""#4a5568"">manufacturer-direct price</text>"
public/diagrams/lp/rfid-factory-direct-china-supply-chain.svg,"<title id=""t"">Factory-direct versus trading company: where the reseller margin lives in an RFID supply chain</title>","<title id=""t"">Manufacturer-direct versus trading company: where the reseller margin lives in an RFID supply chain</title>"
public/diagrams/lp/rfid-factory-direct-china-supply-chain.svg,"<desc id=""d"">Two paths compared. Path 1, through a trading company: the buyer pays a trading company that resells the order and owns no factory (marked with a red reseller-margin badge), which forwards the job to a factory the buyer never audits, so the buyer pays the factory price plus the desk's margin. Path 2, factory-direct from Proud Tek: the buyer deals straight with Proud Tek — chip, antenna, print, encode and QC specified and controlled under one ISO 9001 system — and pays the factory-gate price. A footer notes Proud Tek has supplied RFID from Shenzhen since 2008 and holds ISO 9001, 14001 and 45001 certified management systems (sales and service scope).</desc>","<desc id=""d"">Two paths compared. Path 1, through a trading company: the buyer pays a trading company that resells the order and owns no factory (marked with a red reseller-margin badge), which forwards the job to a factory the buyer never audits, so the buyer pays the factory price plus the desk's margin. Path 2, manufacturer-direct from Proud Tek: the buyer deals straight with Proud Tek — which owns the specification, chip sourcing and QC sign-off and has the antenna, print and encoding executed on contracted partner lines under one ISO 9001 system — and pays the manufacturer-direct price. A footer notes Proud Tek has supplied RFID from Shenzhen since 2008 and holds ISO 9001, 14001 and 4500"
public/diagrams/lp/rfid-factory-direct-china-supply-chain.svg,"<text x=""600"" y=""56"" text-anchor=""middle"" font-size=""21"" font-weight=""800"" letter-spacing=""0.5"" fill=""#6d5a3a"">FACTORY-DIRECT VS TRADING COMPANY</text>","<text x=""600"" y=""56"" text-anchor=""middle"" font-size=""21"" font-weight=""800"" letter-spacing=""0.5"" fill=""#6d5a3a"">MANUFACTURER-DIRECT VS TRADING COMPANY</text>"
public/diagrams/lp/rfid-factory-direct-china-supply-chain.svg,"<text x=""600"" y=""126"" text-anchor=""middle"" font-size=""14"" fill=""#5c5c5c"">Same factory. One path adds a reseller layer; the other does not.</text>","<text x=""600"" y=""126"" text-anchor=""middle"" font-size=""14"" fill=""#5c5c5c"">Same product. One path adds a reseller layer; the other does not.</text>"
public/diagrams/lp/rfid-factory-direct-china-supply-chain.svg,"<text x=""60"" y=""388"" font-size=""15"" font-weight=""800"" letter-spacing=""0.5"" fill=""#2c5454"">PATH 2 · FACTORY-DIRECT FROM PROUD TEK</text>","<text x=""60"" y=""388"" font-size=""15"" font-weight=""800"" letter-spacing=""0.5"" fill=""#2c5454"">PATH 2 · MANUFACTURER-DIRECT FROM PROUD TEK</text>"
public/diagrams/lp/rfid-factory-direct-china-supply-chain.svg,"<text x=""537"" y=""446"" text-anchor=""middle"" font-size=""17"" font-weight=""700"" fill=""#291c0e"">PROUD TEK FACTORY</text>","<text x=""537"" y=""446"" text-anchor=""middle"" font-size=""17"" font-weight=""700"" fill=""#291c0e"">PROUD TEK + PARTNER LINES</text>"
public/diagrams/lp/rfid-factory-direct-china-supply-chain.svg,"<text x=""981"" y=""478"" text-anchor=""middle"" font-size=""15"" font-weight=""700"" fill=""#2c5454"">the factory-gate price</text>","<text x=""981"" y=""478"" text-anchor=""middle"" font-size=""15"" font-weight=""700"" fill=""#2c5454"">the manufacturer-direct price</text>"
public/diagrams/markets/shenzhen-to-germany-ddp-lanes.svg,"<desc id=""d"">Logistics diagram. On the left, the Shenzhen factory node: production five to seven business days after artwork approval with one hundred percent electrical testing. Two lanes run to the right-hand node, your German address. The air lane is DHL Express in four to six days; the sea lane runs eighteen to twenty-two days to European ports. Both lanes pass through a gold EU customs gate where, under DDP, the EORI entry, duty and nineteen percent German import VAT are settled. The destination node notes goods arrive with clearance settled and the documentation pack in the box. A bottom strip explains time zones: Shenzhen's afternoon is Munich's morning, so an RFQ sent at nine in the ","<desc id=""d"">Logistics diagram. On the left, the Shenzhen production node: production seven to fifteen business days from order confirmation approval with one hundred percent electrical testing. Two lanes run to the right-hand node, your German address. The air lane is DHL Express in four to six days; the sea lane runs eighteen to twenty-two days to European ports. Both lanes pass through a gold EU customs gate where, under DDP, the EORI entry, duty and nineteen percent German import VAT are settled. The destination node notes goods arrive with clearance settled and the documentation pack in the box. A bottom strip explains time zones: Shenzhen's afternoon is Munich's morning, so an RFQ sent"
public/diagrams/markets/shenzhen-to-germany-ddp-lanes.svg,"<text x=""205"" y=""228"" text-anchor=""middle"" font-size=""13.5"" font-weight=""800"" letter-spacing=""0.5"" fill=""#ffffff"">SHENZHEN FACTORY</text>","<text x=""205"" y=""228"" text-anchor=""middle"" font-size=""13.5"" font-weight=""800"" letter-spacing=""0.5"" fill=""#ffffff"">SHENZHEN PRODUCTION</text>"
public/diagrams/markets/shenzhen-to-uk-ddp-lane.svg,"<desc id=""uklDesc"">Four-station flow from the Shenzhen factory to a UK delivery address. Station one: production, 5 to 7 business days after artwork approval, with 100 percent electrical testing. Station two: DHL express air, 4 to 6 days to any UK address, London to the Highlands. Station three, highlighted in gold: the DDP checkpoint, where the 0 percent UK Global Tariff on smart cards under commodity 8523 52, the 20 percent import VAT, and customs clearance are settled by the supplier mid-route. Station four: your UK door, 9 to 13 days door to door, with the compliance pack in the box and no surprise invoices. Beneath the flow, two note bars: container-scale orders can move by sea to Felix","<desc id=""uklDesc"">Four-station flow from Shenzhen production to a UK delivery address. Station one: production, 7 to 15 business days after artwork approval, with 100 percent electrical testing. Station two: DHL express air, 4 to 6 days to any UK address, London to the Highlands. Station three, highlighted in gold: the DDP checkpoint, where the 0 percent UK Global Tariff on smart cards under commodity 8523 52, the 20 percent import VAT, and customs clearance are settled by the supplier mid-route. Station four: your UK door, 9 to 13 days door to door, with the compliance pack in the box and no surprise invoices. Beneath the flow, two note bars: container-scale orders can move by sea to Felix"
public/diagrams/markets/shenzhen-to-uk-ddp-lane.svg,"<text x=""180"" y=""160"" text-anchor=""middle"" font-size=""13"" font-weight=""800"" letter-spacing=""0.8"" fill=""#4a5568"">SHENZHEN FACTORY</text>","<text x=""180"" y=""160"" text-anchor=""middle"" font-size=""13"" font-weight=""800"" letter-spacing=""0.8"" fill=""#4a5568"">SHENZHEN PRODUCTION</text>"
public/diagrams/markets/shenzhen-to-us-ddp-lanes.svg,"<desc id=""slDesc"">Two shipping lanes run from the Shenzhen factory on the left to a US delivery address on the right. The express air lane via DHL, FedEx, and UPS takes 5 to 7 business days in transit. The sea freight lane to US West Coast ports takes 18 to 22 days and suits orders of 50,000 or more units. Between them sits the DDP checkpoint handled by Proud Tek: US import duty, Section 301 tariff, and customs brokerage are settled before delivery. A bottom strip of four stat chips summarizes: production 5 to 7 business days after artwork approval, express air 5 to 7 business days, 10 to 14 days door-to-door for most US orders, and 18 to 22 days by sea to the West Coast.</desc>","<desc id=""slDesc"">Two shipping lanes run from Shenzhen production on the left to a US delivery address on the right. The express air lane via DHL, FedEx, and UPS takes 5 to 7 business days in transit. The sea freight lane to US West Coast ports takes 18 to 22 days and suits orders of 50,000 or more units. Between them sits the DDP checkpoint handled by Proud Tek: US import duty, Section 301 tariff, and customs brokerage are settled before delivery. A bottom strip of four stat chips summarizes: production 5 to 7 business days after artwork approval, express air 5 to 7 business days, 10 to 14 days door-to-door for most US orders, and 18 to 22 days by sea to the West Coast.</desc>"
public/diagrams/markets/shenzhen-to-us-ddp-lanes.svg,"<text x=""200"" y=""192"" text-anchor=""middle"" font-size=""18"" font-weight=""800"" fill=""#291c0e"">Shenzhen factory</text>","<text x=""200"" y=""192"" text-anchor=""middle"" font-size=""18"" font-weight=""800"" fill=""#291c0e"">Shenzhen production</text>"
public/diagrams/products/nfc-card-print-production-flow.svg,"<text x=""70"" y=""330"" font-size=""12.5"" font-weight=""800"" letter-spacing=""0.5"" fill=""#2c5454"">FACTORY SEQUENCE — ONE LINE, NO HANDOFFS</text>","<text x=""70"" y=""330"" font-size=""12.5"" font-weight=""800"" letter-spacing=""0.5"" fill=""#2c5454"">PRODUCTION SEQUENCE — ONE SPEC, ONE QC SIGN-OFF</text>"
src/components/editorial/AboutTrustBand.astro,,"import { yearsInOperation } from ""../../lib/seo-content"";"
src/components/editorial/AboutTrustBand.astro,"<span class=""codex-trust-band__stat-label"">Founded — 18 yrs continuous operation</span>","<span class=""codex-trust-band__stat-label"">Founded — {yearsInOperation()} yrs in operation</span>"
src/components/editorial/AboutTrustBand.astro,"<span class=""codex-trust-band__stat-value"">50<sup>+</sup></span>","<span class=""codex-trust-band__stat-value"">3</span>"
src/components/editorial/AboutTrustBand.astro,"<span class=""codex-trust-band__stat-label"">Countries shipped to</span>","<span class=""codex-trust-band__stat-label"">ISO systems certified (sales &amp; supplier management)</span>"
src/components/editorial/AboutTrustBand.astro,"<span class=""codex-trust-band__stat-label"">Product families in-house</span>","<span class=""codex-trust-band__stat-label"">Product families we specify and quality-control</span>"
src/components/editorial/AboutTrustBand.astro,"<ul class=""codex-trust-band__vendor-list"" aria-label=""Chip families we manufacture for"">","<ul class=""codex-trust-band__vendor-list"" aria-label=""Chip families we specify and stock"">"
src/components/editorial/AboutTrustBand.astro,"<span class=""codex-trust-band__row-label"">Compliance shipped with every order</span>","<span class=""codex-trust-band__row-label"">Certificates and test reports published</span>"
src/components/editorial/AboutTrustBand.astro,"<ul class=""codex-trust-band__cert-list"" aria-label=""Compliance certifications and approvals"">","<ul class=""codex-trust-band__cert-list"" aria-label=""Certificates and sample-based test reports (numbers on the certifications page)"">"
src/components/editorial/AboutTrustBand.astro,"<span class=""codex-trust-band__cert-name"">9001:2015</span>","<span class=""codex-trust-band__cert-name"">9001 · 14001 · 45001</span>"
src/components/editorial/AboutTrustBand.astro,"<span class=""codex-trust-band__cert-mark"">RoHS</span>","<span class=""codex-trust-band__cert-mark"">OEKO-TEX</span>"
src/components/editorial/AboutTrustBand.astro,"<span class=""codex-trust-band__cert-name"">2011/65/EU</span>","<span class=""codex-trust-band__cert-name"">STANDARD 100 · laundry tag</span>"
src/components/editorial/AboutTrustBand.astro,"<span class=""codex-trust-band__cert-mark"">REACH</span>","<span class=""codex-trust-band__cert-mark"">RoHS</span>"
src/components/editorial/AboutTrustBand.astro,"<span class=""codex-trust-band__cert-name"">SVHC</span>","<span class=""codex-trust-band__cert-name"">sample-based report</span>"
src/components/editorial/AboutTrustBand.astro,"<span class=""codex-trust-band__cert-mark"">FCC</span>","<span class=""codex-trust-band__cert-mark"">REACH</span>"
src/components/editorial/AboutTrustBand.astro,"<span class=""codex-trust-band__cert-name"">Part 15 / 18</span>","<span class=""codex-trust-band__cert-name"">SVHC screening</span>"
src/components/editorial/AboutTrustBand.astro,"<span class=""codex-trust-band__cert-name"">EN 300 330</span>","<span class=""codex-trust-band__cert-name"">EN 62311 report</span>"
src/components/editorial/EditorialHero.astro,<span><strong>Shenzhen</strong> direct supplier</span>,<span><strong>Shenzhen</strong> manufacturing partner</span>
src/components/editorial/InlineRfqForm.astro,"<p>Tell us about your project and we'll respond within one business day. Fields marked <span class=""codex-rfq-required"" aria-hidden=""true"">*</span><span class=""codex-sr-only"">(asterisk)</span> are required.</p>","<p>Tell us about your project — first reply within 2–4 hours in Shenzhen business hours (Mon–Fri, GMT+8), written quote within 24–48 hours. Fields marked <span class=""codex-rfq-required"" aria-hidden=""true"">*</span><span class=""codex-sr-only"">(asterisk)</span> are required.</p>"
src/components/editorial/InlineRfqForm.astro,"<p>Thanks — your inquiry about <strong>{productName}</strong> is with our specialists. We reply within one business day (Mon–Fri, GMT+8) with pricing, MOQ, lead time and sample options.</p>","<p>Thanks — your inquiry about <strong>{productName}</strong> is with our specialists. We reply within 2–4 hours in Shenzhen business hours (Mon–Fri, GMT+8) and send a written quote with pricing, MOQ, lead time and sample options within 24–48 hours.</p>"
src/components/editorial/TrustSignals.astro,"<p class=""codex-trust-note"">Proud Tek is a Shenzhen-based supplier of custom RFID &amp; NFC cards, tags, labels, wristbands, keyfobs and readers for hotels, laundries, events, retail and industrial programmes. Certificate numbers and scope are published on <a href=""/about/certifications/"">the certifications page</a>; stock sample packs are free for qualified B2B buyers (courier at your cost).</p>","<p class=""codex-trust-note"">Proud Tek is a Shenzhen-based RFID &amp; NFC manufacturing partner for hotels, laundries, events, retail and industrial programmes: we own the specification, chip sourcing and quality control, and tooling and production run on contracted partner lines to our spec. Certificate numbers and scope are published on <a href=""/about/certifications/"">the certifications page</a>; standard samples are free for qualified B2B buyers (DHL/FedEx freight at your cost, refunded against your first production order).</p>"
src/content/editorial/about.json,"""summary"": ""Proud Tek Co., Limited is a Shenzhen-based RFID and NFC manufacturer serving B2B procurement programs worldwide. Since 2008 we have supplied RFID and NFC credentials directly to B2B buyers — specification, encoding, laser numbering, quality control and compliance documentation are managed by our own team. We sell to system integrators, OEMs, hospitality groups, industrial laundries, brand owners and event organizers who need a chip-agnostic factory partner with traceable quality and predictable lead times."",","""summary"": ""Shenzhen Proud Tek Co., Ltd is a Shenzhen-based RFID and NFC manufacturing partner serving B2B procurement programmes worldwide. Since 2008 we have supplied RFID and NFC credentials directly to B2B buyers: we own the specification, chip sourcing, encoding specification, quality control and compliance documentation, and tooling and production run on contracted partner lines in Shenzhen to our spec. We sell to system integrators, OEMs, hospitality groups, industrial laundries, brand owners and event organisers who need a chip-agnostic partner with traceable quality and predictable lead times."","
src/content/editorial/about.json,"""Direct supplier in Shenzhen since 2008 — specification, encoding and QC managed by our own team."",","""Manufacturing partner in Shenzhen since 2008 — specification, chip sourcing, encoding spec and QC owned by our own team; tooling and production on contracted partner lines."","
src/content/editorial/about.json,"""Compliance shipped with every order: ISO 9001 quality system, RoHS / REACH / FCC / CE / MIC declarations on file.""","""ISO 9001:2015, 14001:2015 and 45001:2018 certified sales and supplier-management operation; OEKO-TEX STANDARD 100 on our UHF laundry tag; sample-based RoHS, REACH SVHC and CE test reports published with certificate numbers."""
src/content/editorial/about.json,"""imageAlt"": ""Illustration of a Proud Tek RFID smart card — embedded antenna coil and chip with NFC signal waves — factory-direct RFID and NFC manufacturer since 2008"",","""imageAlt"": ""Illustration of a Proud Tek RFID smart card — embedded antenna coil and chip with NFC signal waves — manufacturer-direct RFID and NFC manufacturer since 2008"","
src/content/editorial/about.json,"""label"": ""Product families covered in-house""","""label"": ""Product families we specify and quality-control"""
src/content/editorial/about.json,"""title"": ""Factory-direct vs trading-company sourcing"",","""title"": ""Manufacturer-direct vs trading-company sourcing"","
src/content/editorial/about.json,"""intro"": ""Most international RFID buyers have been burned at least once by a trading company that re-sold someone else's inlay at a 20-30% markup, with no real engineering support when a deployment ran into reader-range or compliance trouble. The decision to source directly from a factory is the single biggest cost-and-quality lever you have."",","""intro"": ""Most international RFID buyers have been burned at least once by a trading company that re-sold someone else's inlay at a 20-30% markup, with no real engineering support when a deployment ran into reader-range or compliance trouble. The decision to source directly from the manufacturing partner that owns the specification, the chip sourcing and the QC sign-off — rather than from a desk that forwards your PO — is the single biggest cost-and-quality lever you have."","
src/content/editorial/about.json,"""alt"": ""Diagram contrasting two sourcing routes: the trading-company route adds a middleman and a 15 to 30 percent markup with no engineering escalation, while buying directly from the Proud Tek factory keeps the margin and routes engineering to the team that built the SKU.""","""alt"": ""Diagram contrasting two sourcing routes: the trading-company route adds a middleman and a 15 to 30 percent markup with no engineering escalation, while buying directly from Proud Tek keeps the margin and routes engineering to the team that built the SKU."""
src/content/editorial/about.json,"""Six product families and the major chip vendors all under one roof."",","""Six product families and the major chip vendors all under one specification and one QC sign-off."","
src/content/editorial/about.json,"""title"": ""In-house manufacturing capabilities"",","""title"": ""What we own, and what runs on partner lines"","
src/content/editorial/about.json,"""intro"": ""Proud Tek operates production lines for the value-added steps that buyers care about for traceability and audit. We do not outsource the encoding step or the compliance test — those decide whether a program survives a customs audit or a brand-owner inspection."",","""intro"": ""Proud Tek owns the product and antenna specification, chip sourcing through authorised distribution, first-article approval, incoming / in-process / final quality control and export packing. Tooling, lamination and inlay conversion, printing and encoding run on contracted partner lines in Shenzhen to our process specification. Two things never leave our hands: the QC sign-off on every batch and the compliance documentation — those decide whether a programme survives a customs audit or a brand-owner inspection. The step-by-step split is on the [production page](/about/factory/)."","
src/content/editorial/about.json,"""alt"": ""Six in-house production steps in sequence: inlay bonding, lamination, encoding, one hundred percent read-test QC, laser numbering, and pack and dispatch — with a documented test report shipped per order.""","""alt"": ""Six production steps on our partner lines in sequence: inlay bonding, lamination, encoding, one hundred percent read-test QC, laser numbering, and pack and dispatch — with a documented test report shipped per order."""
src/content/editorial/about.json,"""text"": ""Chip bonding to PET / PI antennas in-house, supporting NXP, Infineon, Impinj, Alien, EM and Quanray families. We are not locked to a single chip vendor.""","""text"": ""Chip bonding to PET / PI antennas on our partner lines, to our specification, supporting NXP, Infineon, Impinj, Alien, EM and Quanray families. We are not locked to a single chip vendor."""
src/content/editorial/about.json,"""text"": ""PVC, ABS, PETG, recycled-PVC and FSC-certified paper substrates. Anti-metal ferrite-backed inlays for on-metal asset tagging.""","""text"": ""PVC, ABS, PETG, recycled-PVC and FSC-certified paper substrates laminated on partner lines to our process spec. Anti-metal ferrite-backed inlays for on-metal asset tagging."""
src/content/editorial/about.json,"""text"": ""UID locking, NDEF programming, GS1 SGTIN-96 encoding, custom block writes, key diversification (MIFARE Plus / DESFire / NTAG 424 DNA).""","""text"": ""UID locking, NDEF programming, GS1 SGTIN-96 encoding, custom block writes, key diversification (MIFARE Plus / DESFire / NTAG 424 DNA) — encoded on the partner line to our encoding specification and read/write verified before shipment."""
src/content/editorial/about.json,"""text"": ""Four-color offset, screen printing, hot stamping, laser engraving and variable-data inkjet — including consecutive serialization and QR / barcode overlays.""","""text"": ""Four-colour offset, screen printing, hot stamping, laser engraving and variable-data inkjet on partner lines against Proud Tek-approved artwork — including consecutive serialisation and QR / barcode overlays."""
src/content/editorial/about.json,"""text"": ""100% functional read test on every encoded unit. Sampling-plan AQL inspection on visual and dimensional attributes. Documented test reports per shipment.""","""text"": ""Every incoming chip batch read-tested at the reel; every finished batch 100% inspected — chip read/write, print, dimensions, packaging — and signed off by Proud Tek QC. Documented test reports per shipment."""
src/content/editorial/about.json,"""label"": ""Talk to the people who build it"",","""label"": ""Talk to the people who specify it"","
src/content/editorial/about.json,"""text"": ""Send your chip family, form factor and expected volume — you'll get a recommended SKU shortlist and indicative pricing within one business day."",","""text"": ""Send your chip family, form factor and expected volume — first reply within 2-4 hours in Shenzhen business hours, and a recommended SKU shortlist with indicative pricing within 24-48 hours."","
src/content/editorial/about.json,"""title"": ""Chip families we manufacture for"",","""title"": ""Chip families we specify and stock"","
src/content/editorial/about.json,"""intro"": ""We are chip-vendor agnostic. The table below is what we currently stock and encode in-house, grouped by frequency band; Quanray and other families are supported on request. If your program needs a chip we do not stock, we requisition it through the manufacturer's authorized distribution channel."",","""intro"": ""We are chip-vendor agnostic. The table below is what we currently stock and have encoded to our specification, grouped by frequency band; Quanray and other families are supported on request. If your program needs a chip we do not stock, we requisition it through the manufacturer's authorized distribution channel."","
src/content/editorial/about.json,"""text"": ""Send us your application context: chip family or read requirements, form factor, environment (on-metal, outdoor, high-temperature, laundry), expected annual volume and any compliance constraints. We reply within one business day with a recommended SKU shortlist and indicative pricing.""","""text"": ""Send us your application context: chip family or read requirements, form factor, environment (on-metal, outdoor, high-temperature, laundry), expected annual volume and any compliance constraints. We reply within 2-4 hours in Shenzhen business hours (Mon-Fri, GMT+8) with a recommended SKU shortlist and indicative pricing."""
src/content/editorial/about.json,"""text"": ""We ship a sampling kit (typically 50-100 encoded units across the shortlisted SKUs) to your engineering or QA team. Sampling is free for qualified B2B inquiries; courier is at customer cost. Most teams take one to two weeks to validate against their reader fleet and integration software.""","""text"": ""We propose a free sample set — typically 5–20 pieces across 2–3 SKUs, larger evaluation kits for qualified pilots — prepared in 1 business day; you cover DHL/FedEx freight ($25–60), refunded against your first production order. Most teams take one to two weeks to validate against their reader fleet and integration software."""
src/content/editorial/about.json,"""text"": ""First production order, usually 5,000-50,000 pieces. We lock the encoding scheme, packaging spec and compliance documentation pack. Pilot lead time is typically two to three weeks once artwork and encoding files are signed off.""","""text"": ""A pilot batch of 200–2,000 pieces validates production quality before the bulk commitment. We lock the encoding scheme, packaging spec and compliance documentation pack; pilot batches ship in 7–15 business days once artwork and encoding files are signed off."""
src/content/editorial/about.json,"""intro"": ""We cover the form factors that B2B RFID and NFC programs actually use day-to-day. Specialty SKUs (silicone wristbands, wooden cards, laundry textile tags, on-metal industrial tags) are produced on the same lines as standard cards and labels — there is no premium for going non-standard once the artwork is fixed."",","""intro"": ""We cover the form factors that B2B RFID and NFC programmes actually use day-to-day. Specialty SKUs (silicone wristbands, wooden cards, laundry textile tags, on-metal industrial tags) are produced on the same partner lines as standard cards and labels — there is no premium for going non-standard once the artwork is fixed."","
src/content/editorial/about.json,"""RFID readers — desktop encoders, fixed UHF readers, handheld scanners; programming station bundles for in-house personalization.""","""RFID readers — desktop encoders, fixed UHF readers, handheld scanners; programming station bundles for personalisation at your own site."""
src/content/editorial/about.json,"""Transportation — ticketing cards for bus, metro and tram operators; we ship millions of cards annually for transit programs across multiple countries."",","""Transportation — ticketing cards for bus, metro and tram operators, supplied for transit programmes in several countries."","
src/content/editorial/about.json,"""intro"": ""Compliance documentation is part of the deliverable, not an upcharge. Every shipment goes out with the declarations buyers need; certified test reports (TÜV, SGS, Intertek) can be commissioned when a program requires third-party attestation."",","""intro"": ""Compliance documentation is part of the deliverable, not an upcharge. Every shipment goes out with the documentation buyers need; the certificate numbers below are published on the [certifications page](/about/certifications/) with issuer, scope and validity, and testing on your exact specification (TÜV, SGS, Intertek or the labs named there) can be commissioned when a programme requires it."","
src/content/editorial/about.json,"""Materials: RoHS, REACH SVHC, California Prop 65 declarations on file."",","""Materials: sample-based RoHS 2.0 certificate of compliance (XKS2025R01150076, RFID card) and REACH SVHC screening of 250 substances (XKS2025R10150032E, RFID keyfob) — they evidence the tested articles; request testing on your own specification for a project-critical file."","
src/content/editorial/about.json,"""Radio approvals: FCC Part 15 / 18 (US), CE EN 300 330 / 302 208 (EU), MIC (Japan), CCC (China)."",","""Radio / EMF: EN 62311 RF-exposure test report BCTC2509165308-1E on an RFID card; CE marking remains a manufacturer declaration supported by reports like this. Passive tags generally need no radio-type approval — reader devices are approved per device per market."","
src/content/editorial/about.json,"""Quality system: ISO 9001:2015 certified."",","""Management systems: ISO 9001:2015, ISO 14001:2015 and ISO 45001:2018 (Anhui Certification and Inspection Co., Ltd) over the sales and supplier-management operation; production runs on contracted partner lines."","
src/content/editorial/about.json,"""Sustainability: recycled-PVC stocks and FSC-certified paper labels available on request."",","""Skin-contact textile safety: OEKO-TEX STANDARD 100 certificate 23.HCN.97349 (Hohenstein), product class II, for our UHF laundry tag."","
src/content/editorial/about.json,,"""Sustainability: recycled-PVC stocks and FSC-certified paper labels available on request, with chain-of-custody documents supplied per order."","
src/content/editorial/about.json,"""answer"": ""Proud Tek Co., Limited is a direct manufacturer. We operate in-house production for wet-inlay assembly, card and label lamination, encoding, laser numbering and printing — not a sourcing intermediary. Buyers deal with the same factory that produces the SKU; there is no resale margin layered on top.""","""answer"": ""Neither in the usual sense. Shenzhen Proud Tek Co., Ltd is a manufacturing partner: we own the product and antenna specification, source the chips through authorised distribution, approve the first article, run incoming, in-process and final quality control and manage export packing. Tooling, lamination, printing and encoding are executed on contracted partner lines in Shenzhen to our specification. Unlike a trading company we do not resell someone else's stock product — your order is built to our spec, on lines we hold capacity on, and released only after our QC signs it off. The step-by-step split is on the production page."""
src/content/editorial/about.json,"""answer"": ""Production MOQs are typically 1,000-5,000 pieces per SKU for stocked chip families and standard form factors. Pilot orders at lower volumes are negotiable for qualified buyers planning a recurring program. Specialty SKUs (anti-metal, on-textile, custom shapes) carry higher MOQs because they require dedicated tooling or substrate runs.""","""answer"": ""MOQ starts at 500 pieces for cards, keyfobs and wristbands and 1,000 pieces for tags and labels; stock SKUs ship from 100 pieces, UHF inlays and labels on reel stock from 5,000, and formats that need custom tooling 2,000-5,000. For a locked SKU the MOQ halves after the first three orders. Free samples and pilot batches of 200-2,000 pieces are available before you commit."""
src/content/editorial/about.json,"""answer"": ""We do not publish unit pricing because RFID economics are sensitive to chip allocation, antenna size, encoding scope and order volume. Send us a target SKU, expected annual volume and packaging requirement; you will receive an itemized quotation within one business day.""","""answer"": ""Product pages show indicative FOB Shenzhen price ranges (dated Q3 2026) so you can budget before you talk to us; the firm price depends on chip allocation, antenna size, encoding scope and order volume. Send a target SKU, expected annual volume and packaging requirement: first reply within 2-4 hours in Shenzhen business hours, itemised written quotation within 24-48 hours, valid 30 days."""
src/content/editorial/about.json,"""answer"": ""Pilot orders (5,000-50,000 pieces) ship in two to three weeks once artwork and encoding files are locked. Production reorders typically move on a 3-4 week cycle. Distributors on safety-stock programs see call-off shipments within 3-5 business days of release authorization.""","""answer"": ""Standard production ships in 7-15 business days from order confirmation for stock chip types; custom tooling or new-antenna programmes are quoted per job and typically run 8-10 weeks end to end. Pilot batches of 200-2,000 pieces ship in 7-15 business days, repeat orders on a framework agreement in 10-12, and distributors on safety-stock programmes see call-off shipments within 3-5 business days of release authorisation."""
src/content/editorial/about.json,"""answer"": ""Standard pilot terms are 50% deposit, 50% before shipment, paid by T/T. Established distributors and brand-owner programs move onto open-account terms (Net 30 / Net 60) after the first one or two orders, with LC support for higher volumes. We do not require Western Union or personal-account payment routes.""","""answer"": ""Standard terms are 30% T/T deposit, 70% balance before shipment. L/C at sight or 50/50 terms are available for established accounts, and PayPal is accepted for sample orders under $500. We do not require Western Union or personal-account payment routes."""
src/content/editorial/about.json,"""modifiedAt"": ""2026-07-11T18:00:00Z"",","""modifiedAt"": ""2026-09-02"","
src/content/editorial/about.json,"""authorSlug"": ""peter-zhang"",","""authorSlug"": ""editorial-board"","
src/content/editorial/about.json,"""reviewedBySlug"": ""nancy-wu"",","""reviewedBySlug"": ""proudtek-engineering"","
src/content/editorial/about.json,"""reviewedAt"": ""2026-05-12""","""reviewedAt"": ""2026-05-12"","
src/content/editorial/about.json,,"""author"": ""Proud Tek Editorial Team"","
src/content/editorial/about.json,,"""reviewedBy"": ""Proud Tek RF / Production Engineering"""
src/content/editorial/about/certifications.json,"""title"": ""Proud Tek Certifications — ISO 9001 / 14001 / 45001 certificate numbers, scope, OEKO-TEX, RoHS and CE"",","""title"": ""Proud Tek Certifications — ISO 9001 / 14001 / 45001, OEKO-TEX, RoHS, REACH and CE test reports"","
src/content/editorial/about/certifications.json,"""summary"": ""Shenzhen Proud Tek Co., Ltd holds three audited management-system certifications — ISO 9001:2015 (quality), ISO 14001:2015 (environment) and ISO 45001:2018 (occupational health & safety) — issued by Anhui Certification and Inspection Co., Ltd and valid to 09 June 2029. Certificate numbers, the certified scope and the registrar lookup are published in full below, so your supplier-qualification team can verify them without contacting us first. Textile-based tags and wristbands are additionally covered by OEKO-TEX Standard 100. This page then sets out the product standards, material declarations and per-shipment documentation that ship with every order."",","""summary"": ""Shenzhen Proud Tek Co., Ltd holds three audited management-system certifications — ISO 9001:2015 (quality), ISO 14001:2015 (environment) and ISO 45001:2018 (occupational health & safety) — issued by Anhui Certification and Inspection Co., Ltd and valid to 09 June 2029, plus an OEKO-TEX STANDARD 100 certificate (Hohenstein, product class II) for our UHF laundry tag and sample-based RoHS, REACH SVHC and CE (EN 62311) test reports. Every certificate number, issuer, scope and validity is published below so your supplier-qualification team can verify them without contacting us first. Read the scope line before relying on any of them: the ISO certificates cover our sales and supplier-m"
src/content/editorial/about/certifications.json,"""Certified scope, stated plainly: the sales service of smart cards (PVC and wooden cards) and RFID tags, held by Shenzhen Proud Tek Co., Ltd. Manufacturing sites are certified separately — see the scope note below."",","""Certified scope, stated plainly: the sales service of smart cards (PVC and wooden cards) and RFID tags, held by Shenzhen Proud Tek Co., Ltd; production runs on contracted partner lines, whose own certificates we supply on request."","
src/content/editorial/about/certifications.json,"""Verify without asking us — scan the QR on the certificate, or look the number up with the registrar at zjcaic.com or on the CNCA national register at cnca.gov.cn. OEKO-TEX Standard 100, which covers our textile tags and wristbands, verifies the same way through OEKO-TEX Label Check.""","""Product-level proof: OEKO-TEX STANDARD 100 certificate 23.HCN.97349 (Hohenstein, product class II) for our UHF laundry tag — checked valid in the OEKO-TEX Label Check on 2 September 2026 — plus sample-based RoHS, REACH SVHC and CE (EN 62311) test reports with their numbers below."""
src/content/editorial/about/certifications.json,"""RoHS + CE — hazardous-substance and EU conformity for products sold into Europe; declarations filed per SKU."",","""OEKO-TEX STANDARD 100 — certificate 23.HCN.97349, Hohenstein Laboratories, product class II (direct skin contact), for our UHF laundry tag; valid Feb 2026 – Feb 2027 and checkable in the OEKO-TEX Label Check."","
src/content/editorial/about/certifications.json,"""OEKO-TEX Standard 100 — tested-for-harmful-substances certification for textile tags and wristbands. Certificate ID on request; it will be published here alongside the ISO numbers."",","""Sample-based test reports — RoHS 2.0 CoC XKS2025R01150076 (RFID card), REACH SVHC XKS2025R10150032E (RFID keyfob), CE/RED EN 62311 BCTC2509165308-1E (RFID card); each evidences the article it names."","
src/content/editorial/about/certifications.json,"""intro"": ""Certificate numbers are published here rather than held back for qualified buyers, because a certificate you cannot look up is not evidence. Every row below can be checked against the registrar's directory or the CNCA national register without contacting us. The scope column quotes the certificate text — read it before you rely on it, because scope is the part most suppliers leave out."",","""intro"": ""Certificate numbers are published here rather than held back for qualified buyers, because a certificate you cannot look up is not evidence. Every row below can be checked with the issuer or its national register without contacting us. The scope column quotes the certificate text — read it before you rely on it, because scope is the part most suppliers leave out: the ISO certificates cover our sales and supplier-management operation, the OEKO-TEX certificate covers one article, and the RoHS, REACH and CE documents are sample-based reports on the articles they name."","
src/content/editorial/about/certifications.json,"""Certification"",","""Certificate / report"","
src/content/editorial/about/certifications.json,"""Certificate number"",","""Number"","
src/content/editorial/about/certifications.json,"""Certified scope (as printed)"",","""Issuer"","
src/content/editorial/about/certifications.json,"""Validity""","""Scope (as printed)"","
src/content/editorial/about/certifications.json,,"""Validity · verify"""
src/content/editorial/about/certifications.json,,"""Anhui Certification and Inspection Co., Ltd (CNCA-accredited)"","
src/content/editorial/about/certifications.json,"""10 Jun 2026 – 09 Jun 2029""","""10 Jun 2026 – 09 Jun 2029 · cnca.gov.cn"""
src/content/editorial/about/certifications.json,,"""Anhui Certification and Inspection Co., Ltd"","
src/content/editorial/about/certifications.json,"""10 Jun 2026 – 09 Jun 2029""","""10 Jun 2026 – 09 Jun 2029 · cnca.gov.cn"""
src/content/editorial/about/certifications.json,,"""Anhui Certification and Inspection Co., Ltd"","
src/content/editorial/about/certifications.json,"""10 Jun 2026 – 09 Jun 2029""","""10 Jun 2026 – 09 Jun 2029 · cnca.gov.cn"""
src/content/editorial/about/certifications.json,"""OEKO-TEX Standard 100"",","""OEKO-TEX STANDARD 100 (product class II, direct skin contact)"","
src/content/editorial/about/certifications.json,"""On request — to be published here"",","""23.HCN.97349"","
src/content/editorial/about/certifications.json,"""Tested for harmful substances — textile and woven tags, wristbands and fabric-based products"",","""Hohenstein Laboratories GmbH & Co. KG, Bönnigheim, Germany"","
src/content/editorial/about/certifications.json,"""Verify with OEKO-TEX Label Check using the certificate ID we supply""","""UHF laundry tag with RFID chip, woven laminated fabric of 100% white polyester with electroconductive yarn and white polyester sewing thread"","
src/content/editorial/about/certifications.json,,"""Feb 2026 – Feb 2027 · oeko-tex.com Label Check"""
src/content/editorial/about/certifications.json,,"],"
src/content/editorial/about/certifications.json,,[
src/content/editorial/about/certifications.json,,"""RoHS 2.0 Certificate of Compliance (sample-based)"","
src/content/editorial/about/certifications.json,,"""XKS2025R01150076"","
src/content/editorial/about/certifications.json,,"""Shenzhen Xunke Standard Technologies Service Co., Ltd (test laboratory)"","
src/content/editorial/about/certifications.json,,"""One RFID card assessed against Directive 2011/65/EU and (EU) 2015/863 — evidences the tested sample, not the catalogue"","
src/content/editorial/about/certifications.json,,"""Jan 2025 – Jan 2030 · report on request"""
src/content/editorial/about/certifications.json,,"],"
src/content/editorial/about/certifications.json,,[
src/content/editorial/about/certifications.json,,"""REACH SVHC screening, 250 substances (sample-based)"","
src/content/editorial/about/certifications.json,,"""XKS2025R10150032E"","
src/content/editorial/about/certifications.json,,"""Shenzhen Xunke Standard Technologies Service Co., Ltd"","
src/content/editorial/about/certifications.json,,"""One RFID keyfob screened against the REACH Candidate List; all results below the reporting limit"","
src/content/editorial/about/certifications.json,,"""Oct 2025 – Oct 2030 · echa.europa.eu candidate list"""
src/content/editorial/about/certifications.json,,"],"
src/content/editorial/about/certifications.json,,[
src/content/editorial/about/certifications.json,,"""CE / RED — EN 62311 RF-exposure test report"","
src/content/editorial/about/certifications.json,,"""BCTC2509165308-1E"","
src/content/editorial/about/certifications.json,,"""Shenzhen BCTC Testing Co., Ltd (test laboratory)"","
src/content/editorial/about/certifications.json,,"""RF exposure assessment of one RFID card, tested 2–8 Sep 2025; CE marking under 2014/53/EU remains a manufacturer declaration supported by reports like this"","
src/content/editorial/about/certifications.json,,"""Sep 2025 – Sep 2030 · report on request"""
src/content/editorial/about/certifications.json,"""text"": ""All three ISO certificates are held by Shenzhen Proud Tek Co., Ltd (unified social credit code 91440300MA5FBLMP1Y), registrar Anhui Certification and Inspection Co., Ltd, at the registered and audited address A2109, Zhantao Science & Technology Building, Longhua, Shenzhen. The certified scope is the sales service of smart cards and RFID tags — it is the commercial and quality-management entity that is certified, not a production site. Manufacturing sites carry their own certifications and audit documentation, which we supply per program on request. If your qualification process requires a production-scope ISO 9001 certificate naming the plant address, ask for it by name on the initi","""text"": ""All certificates are issued to Shenzhen Proud Tek Co., Ltd (unified social credit code 91440300MA5FBLMP1Y) at A2109, Zhantao Science & Technology Building, Minzhi Avenue, Longhua, Shenzhen. The three ISO certificates cover our sales and supplier-management operation — it is the commercial and quality-management entity that is certified, not a production site; production runs on contracted partner lines whose own certification and audit documents we supply per programme on request. The OEKO-TEX certificate covers one article (our UHF laundry tag). The RoHS, REACH and CE documents are sample-based laboratory reports on the articles they name — request testing on your exact specificati"
src/content/editorial/about/certifications.json,"""intro"": ""Material declarations are filed by SKU and chip family. Renewals follow the public regulatory update cycle for each region; SVHC list updates from the European Chemicals Agency (ECHA) trigger an internal review within 30 days of publication."",","""intro"": ""Material compliance is evidenced by sample-based laboratory reports on specific articles, published above with their numbers, rather than by a blanket catalogue claim. SVHC list updates from the European Chemicals Agency (ECHA) trigger a review of the affected articles within 30 days of publication."","
src/content/editorial/about/certifications.json,"""RoHS (Directive 2011/65/EU + 2015/863 amendment) — full compliance for all SKUs sold into EU markets; declarations on file."",","""RoHS (Directive 2011/65/EU + 2015/863 amendment) — sample-based Certificate of Compliance XKS2025R01150076 on an RFID card; testing on your own specification can be commissioned for a project-critical file."","
src/content/editorial/about/certifications.json,"""REACH SVHC — Substances of Very High Concern declarations updated within 30 days of ECHA list revisions."",","""REACH SVHC — screening report XKS2025R10150032E (250 substances, RFID keyfob, all below the reporting limit); the ECHA Candidate List is reviewed at each update."","
src/content/editorial/about/certifications.json,"""California Prop 65 — declarations on file for SKUs sold into California; warning-label support available when required."",",
src/content/editorial/about/certifications.json,"""Each destination market needs its own approval — FCC (US), CE (EU), MIC (Japan), CCC (China), ANATEL (Brazil), etc."",","""Each destination market needs its own approval for powered devices — FCC (US), CE (EU), MIC (Japan), CCC (China), ANATEL (Brazil), etc.; passive tags and cards generally need none."","
src/content/editorial/about/certifications.json,"""Certificate of Conformity ships with every order; full test report available on request."",","""For passive cards we publish the EN 62311 RF-exposure test report (BCTC2509165308-1E); CE marking remains a manufacturer declaration supported by reports like this one."","
src/content/editorial/about/certifications.json,"""Approval is per finished device; antenna and substrate matter. We submit per-SKU when required."",","""Approval is per finished device; antenna and substrate matter. Reader devices are approved per device per market, with the report supplied."","
src/content/editorial/about/certifications.json,"""We absorb baseline market-approval cost; specialty markets (e.g., ANATEL) priced into the program if applicable.""","""Baseline documentation ships with the order; specialty market approvals (e.g., ANATEL) are priced into the programme if applicable."""
src/content/editorial/about/certifications.json,"""SGS — material composition (RoHS / REACH), radio compliance, factory audits."",","""SGS — material composition (RoHS / REACH), radio compliance, factory audits (we do not currently hold an SGS factory audit)."","
src/content/editorial/about/certifications.json,"""answer"": ""You do not have to ask. The number is published on this page: ISO 9001:2015, certificate 98026Q00274R000, issued by Anhui Certification and Inspection Co., Ltd to Shenzhen Proud Tek Co., Ltd on 10 June 2026 and valid to 09 June 2029. Look it up at zjcaic.com or on the CNCA national register at cnca.gov.cn. The certified scope is the sales service of smart cards (PVC and wooden cards) and RFID tags — if you need a production-scope certificate naming a plant address, request that separately and we will supply the manufacturing site's own documentation. A PDF of any of the three certificates is available on request.""","""answer"": ""You do not have to ask. The number is published on this page: ISO 9001:2015, certificate 98026Q00274R000, issued by Anhui Certification and Inspection Co., Ltd to Shenzhen Proud Tek Co., Ltd on 10 June 2026 and valid to 09 June 2029. Look it up on the CNCA national register at cnca.gov.cn. The certified scope is the sales service of smart cards (PVC and wooden cards) and RFID tags — production runs on contracted partner lines, so if you need a production-scope certificate naming a plant address, request the partner line's own documentation and we will supply it during quotation. A PDF of any of the certificates is available on request."""
src/content/editorial/about/certifications.json,"""answer"": ""Radio approvals follow each market's regulatory regime. FCC IDs are filed with the Commission and verifiable in the public FCC ID database. CE Declaration of Conformity is supported by EU Notified Body test reports for the specific modulation modes and antenna designs. We can route certified third-party test reports (TÜV, SGS) on request.""","""answer"": ""Passive RFID cards and tags are unpowered and generally need no radio-type approval; for them we publish a third-party EN 62311 RF-exposure test report (BCTC2509165308-1E, Shenzhen BCTC Testing Co., Ltd). CE marking is a manufacturer declaration supported by reports like that one — it is not a certification issued by a notified body. Reader devices and active tags are approved per device per market (FCC, CE, MIC, CCC, ANATEL), and the report for the specific device ships with the order."""
src/content/editorial/about/certifications.json,"""answer"": ""ECHA publishes SVHC list updates twice yearly. Our compliance team monitors the publication cycle and refreshes per-SKU declarations within 30 days of any update that affects our material stack. Buyers can request the current declaration at any time.""","""answer"": ""ECHA publishes SVHC list updates twice yearly. Our current report is a sample-based screening of 250 Candidate List substances on an RFID keyfob (XKS2025R10150032E, Oct 2025); when the list changes we review the affected articles within 30 days, and testing on your own specification can be commissioned for a project-critical file."""
src/content/editorial/about/certifications.json,"""question"": ""Are your products RoHS, REACH and Prop 65 compliant for both the US and EU markets?"",","""question"": ""Are your products RoHS and REACH compliant for the EU and US markets?"","
src/content/editorial/about/certifications.json,"""answer"": ""Yes. RoHS (2011/65/EU + 2015/863) compliance covers all SKUs by default. REACH SVHC declarations are filed per SKU. California Prop 65 declarations are filed for SKUs sold into California. Buyers receive the per-SKU declarations as part of the shipment documentation pack.""","""answer"": ""Our evidence is sample-based: a RoHS 2.0 Certificate of Compliance on an RFID card (XKS2025R01150076) and a REACH SVHC screening report on an RFID keyfob (XKS2025R10150032E), both published above. They evidence the tested articles, not every SKU, so for a project-critical compliance file we commission testing on your exact specification and ship the report with the order. California Prop 65 declarations are prepared per SKU on request for consumer-facing SKUs distributed into California; they are not published here."""
src/content/editorial/about/certifications.json,"""answer"": ""Mention it on the initial inquiry. What we hold is ISO 9001 / 14001 / 45001 — numbers and scope published above — plus OEKO-TEX Standard 100 for textile-based products, certificate ID on request. Everything beyond that, including IATF 16949, ISO 13485, AS9100D, ISO 27001 and social-compliance frameworks such as Sedex SMETA, BSCI and RBA, is something we arrange through the relevant institute or auditor for a specific programme rather than something we already carry. Lead time and cost depend on the scope; for high-volume annual programs we typically absorb the baseline cost. If a certificate is a hard gate for your category, say so early — it changes the timeline.""","""answer"": ""Mention it on the initial inquiry. What we hold is ISO 9001 / 14001 / 45001 — numbers and scope published above — plus OEKO-TEX STANDARD 100 (23.HCN.97349) for our UHF laundry tag and sample-based RoHS, REACH SVHC and CE test reports, all with numbers above. Everything beyond that, including IATF 16949, ISO 13485, AS9100D, ISO 27001 and social-compliance frameworks such as Sedex SMETA, BSCI and RBA, is something we arrange through the relevant institute or auditor for a specific programme rather than something we already carry. Lead time and cost depend on the scope; for high-volume annual programs we typically absorb the baseline cost. If a certificate is a hard gate for your cat"
src/content/editorial/about/certifications.json,"""modifiedAt"": ""2026-08-11T00:00:00Z"",","""modifiedAt"": ""2026-09-02"","
src/content/editorial/about/certifications.json,"""authorSlug"": ""peter-zhang"",","""authorSlug"": ""editorial-board"","
src/content/editorial/about/certifications.json,"""reviewedBySlug"": ""nancy-wu"",","""reviewedBySlug"": ""proudtek-engineering"","
src/content/editorial/about/certifications.json,"""reviewedAt"": ""2026-05-12""","""reviewedAt"": ""2026-05-12"","
src/content/editorial/about/certifications.json,,"""author"": ""Proud Tek Editorial Team"","
src/content/editorial/about/certifications.json,,"""reviewedBy"": ""Proud Tek RF / Production Engineering"""
src/content/editorial/about/corrections.json,"""authorSlug"": ""peter-zhang"",","""authorSlug"": ""editorial-board"","
src/content/editorial/about/corrections.json,"""reviewedBySlug"": ""nancy-wu""","""reviewedBySlug"": ""proudtek-engineering"","
src/content/editorial/about/corrections.json,,"""author"": ""Proud Tek Editorial Team"","
src/content/editorial/about/corrections.json,,"""reviewedBy"": ""Proud Tek RF / Production Engineering"""
src/content/editorial/about/disclosures.json,"""authorSlug"": ""nancy-wu"",","""authorSlug"": ""editorial-board"","
src/content/editorial/about/disclosures.json,"""reviewedBySlug"": ""peter-zhang""","""reviewedBySlug"": ""proudtek-engineering"","
src/content/editorial/about/disclosures.json,,"""author"": ""Proud Tek Editorial Team"","
src/content/editorial/about/disclosures.json,,"""reviewedBy"": ""Proud Tek RF / Production Engineering"""
src/content/editorial/about/editorial-policy.json,"""authorSlug"": ""peter-zhang"",","""authorSlug"": ""editorial-board"","
src/content/editorial/about/editorial-policy.json,"""text"": ""Editor-in-chief (currently Peter Zhang) performs a final read focused on structure, tone and disclosure compliance; confirms sources[] array is populated in the JSON; sets publishedAt / modifiedAt.""","""text"": ""The editorial team performs a final read focused on structure, tone and disclosure compliance; confirms sources[] array is populated in the JSON; sets publishedAt / modifiedAt."""
src/content/editorial/about/editorial-policy.json,"""reviewedBySlug"": ""nancy-wu""","""reviewedBySlug"": ""proudtek-engineering"","
src/content/editorial/about/editorial-policy.json,,"""author"": ""Proud Tek Editorial Team"","
src/content/editorial/about/editorial-policy.json,,"""reviewedBy"": ""Proud Tek RF / Production Engineering"""
src/content/editorial/about/factory.json,"""title"": ""Inside the Proud Tek Factory — RFID Manufacturing"",","""title"": ""Inside Proud Tek Production — Who Does What, Step by Step"","
src/content/editorial/about/factory.json,"""kicker"": ""Factory"",","""kicker"": ""Production model"","
src/content/editorial/about/factory.json,"""summary"": ""A walk through the physical plant behind Proud Tek's RFID products: production in Shenzhen, plus an in-house test lab that proves every SKU — wash-cycle, read-range, environmental and mechanical — before it ships. This page covers the floor, the equipment, the material supply chain and the production-to-dispatch workflow; the capability overview and chip support live on the main About page."",","""summary"": ""How a Proud Tek order is made. We own the product and antenna specification, chip sourcing, first-article approval, quality control and export packing; tooling, lamination, printing and encoding run on contracted partner lines in Shenzhen to our process specification. This page sets out that responsibility split, the material supply chain, the QC gates and the PO-to-dispatch workflow, so your team can evaluate production fit — and audit it — without taking a logo on trust."","
src/content/editorial/about/factory.json,"""Production in Shenzhen — assembly, lamination, printing, encoding and test under one documented quality system."",","""In-house specification and quality control; tooling and production executed on contracted partner lines in Shenzhen to Proud Tek's specification — the same model, in the same words, as our sister brand RFIDAK."","
src/content/editorial/about/factory.json,"""In-house test lab: laundry wash-cycle tunnel washer, UHF read-range range, plus environmental and bend/flex checks — SKUs are proven before they ship."",","""Every batch is 100% inspected — chip read/write, print, dimensions, packaging — and signed off by Proud Tek QC before release; production travelers and test records are retained seven years."","
src/content/editorial/about/factory.json,"""Every unit gets a 100% functional read test; the production traveler and test report are retained seven years for full lot traceability.""","""Production-line visits and live video walkthroughs are arranged by appointment; ask for the partner line's own certificates during quotation — our ISO certificates cover the sales and supplier-management operation."""
src/content/editorial/about/factory.json,"""imageAlt"": ""Proud Tek RFID production floor — wet inlay and card lamination lines"",","""imageAlt"": ""RFID production line in Shenzhen running a Proud Tek order — lamination, encoding and read-test stations on a contracted partner line"","
src/content/editorial/about/factory.json,"""label"": ""The plant at a glance"",","""label"": ""The production model at a glance"","
src/content/editorial/about/factory.json,"""Production in Shenzhen under one documented management system."",","""Proud Tek owns: product and antenna specification, chip sourcing (authorised distribution), first-article approval, incoming / in-process / final QC, packaging and export."","
src/content/editorial/about/factory.json,"""Process equipment covers bonding, lamination, offset / screen / laser printing, reel-to-reel encoding and read-test stations."",","""Partner lines execute: tooling and moulds, lamination and inlay conversion, printing and personalisation, chip encoding to our spec — all in Shenzhen."","
src/content/editorial/about/factory.json,"""ESD-controlled assembly stations for bare-chip and inlay handling."",","""Every batch is read/write, print, dimension and packaging inspected and signed off by Proud Tek QC before release."","
src/content/editorial/about/factory.json,"""In-house test lab — wash-cycle tunnel washer, UHF read-range range, environmental and flex checks."",","""Production travelers, encoding logs and test records retained seven years."","
src/content/editorial/about/factory.json,"""Bonded warehouse for distributor safety-stock and scheduled call-off programs.""","""ISO 9001 / 14001 / 45001 cover the sales and supplier-management operation; production runs on contracted partner lines."""
src/content/editorial/about/factory.json,"""label"": ""What buyers usually verify on-site"",","""label"": ""What buyers usually verify"","
src/content/editorial/about/factory.json,"""Production capacity scales with chip allocation, not factory floor space."",","""The order-specific process arrangement and which partner line runs which step."","
src/content/editorial/about/factory.json,"""ESD-controlled assembly stations for sensitive chip handling."",","""The partner line's own certificates and audit documents, supplied on request during quotation."","
src/content/editorial/about/factory.json,"""Reel-to-reel encoding lines for high-volume UHF inlay programs."",","""ESD discipline at bare-chip and inlay handling stations."","
src/content/editorial/about/factory.json,"""Document control room — quality records archived for 7 years per ISO 9001.""","""Quality records archived for 7 years per ISO 9001, retrievable by SKU or encoding lot."""
src/content/editorial/about/factory.json,"""label"": ""Schedule a factory audit""","""label"": ""Schedule a production visit"""
src/content/editorial/about/factory.json,"""label"": ""Recent deployments""","""label"": ""Worked examples"""
src/content/editorial/about/factory.json,"""title"": ""Production capacity by line"",","""title"": ""Capacity and responsibility"","
src/content/editorial/about/factory.json,"""value"": ""10"",","""value"": ""2008"","
src/content/editorial/about/factory.json,"""label"": ""Production lines in-house""","""label"": ""Supplying RFID from Shenzhen since"""
src/content/editorial/about/factory.json,"},",
src/content/editorial/about/factory.json,{,
src/content/editorial/about/factory.json,"""value"": ""24/7"",",
src/content/editorial/about/factory.json,"""label"": ""Shift rotation for peak programs""",
src/content/editorial/about/factory.json,"""label"": ""Encoded units functional-tested""","""label"": ""Encoded units functional-tested by our QC"""
src/content/editorial/about/factory.json,"""intro"": ""Capacity is reported here as line-count and shift coverage, not weekly piece-count — RFID throughput depends almost entirely on the encoding scheme and the chip family in play, not on raw machine speed. We post conservative committed capacity per program once chip allocation is confirmed.""","""intro"": ""Capacity is quoted per programme once chip allocation is confirmed — RFID throughput depends on the encoding scheme and the chip family in play, not on raw machine speed. We do not own the production floor: we hold reserved capacity on partner lines and commit only what the chip allocation and the line schedule support."""
src/content/editorial/about/factory.json,,"},"
src/content/editorial/about/factory.json,,{
src/content/editorial/about/factory.json,,"""title"": ""Who does what — manufacturing responsibility"","
src/content/editorial/about/factory.json,,"""intro"": ""Split by responsibility: what Proud Tek owns versus what contracted partner lines execute. The exact station mix varies by product line — request the order-specific process arrangement and the partner lines' current certificates during quotation."","
src/content/editorial/about/factory.json,,"""table"": {"
src/content/editorial/about/factory.json,,"""columns"": ["
src/content/editorial/about/factory.json,,"""Process step"","
src/content/editorial/about/factory.json,,"""Owned by"","
src/content/editorial/about/factory.json,,"""How it works"""
src/content/editorial/about/factory.json,,"],"
src/content/editorial/about/factory.json,,"""rows"": ["
src/content/editorial/about/factory.json,,[
src/content/editorial/about/factory.json,,"""Product & antenna specification"","
src/content/editorial/about/factory.json,,"""Proud Tek"","
src/content/editorial/about/factory.json,,"""Specification, tuning and approval owned in-house"""
src/content/editorial/about/factory.json,,"],"
src/content/editorial/about/factory.json,,[
src/content/editorial/about/factory.json,,"""Tooling & moulds"","
src/content/editorial/about/factory.json,,"""Partner lines"","
src/content/editorial/about/factory.json,,"""Executed on contracted lines to Proud Tek tooling specs; first article approved by us"""
src/content/editorial/about/factory.json,,"],"
src/content/editorial/about/factory.json,,[
src/content/editorial/about/factory.json,,"""Chip sourcing & purchasing"","
src/content/editorial/about/factory.json,,"""Proud Tek"","
src/content/editorial/about/factory.json,,"""Authorised distribution channels, forward stock buffer"""
src/content/editorial/about/factory.json,,"],"
src/content/editorial/about/factory.json,,[
src/content/editorial/about/factory.json,,"""Lamination & inlay conversion"","
src/content/editorial/about/factory.json,,"""Partner lines"","
src/content/editorial/about/factory.json,,"""Executed on contracted lines under our process spec"""
src/content/editorial/about/factory.json,,"],"
src/content/editorial/about/factory.json,,[
src/content/editorial/about/factory.json,,"""Printing & personalisation"","
src/content/editorial/about/factory.json,,"""Partner lines"","
src/content/editorial/about/factory.json,,"""Executed against Proud Tek-approved artwork"""
src/content/editorial/about/factory.json,,"],"
src/content/editorial/about/factory.json,,[
src/content/editorial/about/factory.json,,"""Chip encoding"","
src/content/editorial/about/factory.json,,"""Partner lines"","
src/content/editorial/about/factory.json,,"""To our encoding spec; read/write verified before shipment"""
src/content/editorial/about/factory.json,,"],"
src/content/editorial/about/factory.json,,[
src/content/editorial/about/factory.json,,"""Quality control (incoming / in-process / final)"","
src/content/editorial/about/factory.json,,"""Proud Tek"","
src/content/editorial/about/factory.json,,"""QC team signs off every batch before release"""
src/content/editorial/about/factory.json,,"],"
src/content/editorial/about/factory.json,,[
src/content/editorial/about/factory.json,,"""Packaging & export"","
src/content/editorial/about/factory.json,,"""Proud Tek"","
src/content/editorial/about/factory.json,,"""Managed by us, FOB Shenzhen"""
src/content/editorial/about/factory.json,,]
src/content/editorial/about/factory.json,,]
src/content/editorial/about/factory.json,,"},"
src/content/editorial/about/factory.json,,"""callout"": {"
src/content/editorial/about/factory.json,,"""label"": ""Read the certificate scope with this table"","
src/content/editorial/about/factory.json,,"""text"": ""ISO 9001 / 14001 / 45001 cover the Proud Tek sales and supplier-management operation (subject: Shenzhen Proud Tek Co., Ltd) — see [/about/certifications/](/about/certifications/) for numbers and scope. If your process needs a certificate covering the production site itself, ask and we will tell you what the partner line holds rather than let a logo imply it."""
src/content/editorial/about/factory.json,,}
src/content/editorial/about/factory.json,"""title"": ""On the production floor — plant and equipment"",","""title"": ""On the partner line — equipment and controls"","
src/content/editorial/about/factory.json,"""intro"": ""The main About page lists what we can make; this is where it physically happens. Lines are run by our own operators — the same crew builds the pilot lot and the production order, which is why first-run defect rates stay flat across a program's life."",","""intro"": ""The main About page lists what we specify; this is where it is physically made. Lines are run by partner-line operators to Proud Tek's process specification: we approve the first article, hold the encoding and artwork masters, and our QC signs off every batch — so the pilot lot and the production order run to the same locked spec."","
src/content/editorial/about/factory.json,"""text"": ""The line counts, equipment counts and process descriptions on this page are our own statements about our operation. They are not covered by our ISO 9001 / 14001 / 45001 certificates, whose certified scope is the sales service of smart cards and RFID tags — see [/about/certifications/](/about/certifications/) for the numbers, scope and registrar lookup. Treat the figures here as claims to be tested, not as audited findings: book a site audit or a live video walk-through, and ask for the production site's own certification and audit documents by name. We would rather you check than take it on trust.""","""text"": ""The equipment and process descriptions on this page describe contracted partner lines, not premises we own, and they are our own statements. They are not covered by our ISO 9001 / 14001 / 45001 certificates, whose certified scope is the sales service of smart cards and RFID tags — see [/about/certifications/](/about/certifications/). Treat the descriptions as claims to be tested: book a line visit or a live video walk-through, and ask for the partner line's own certification and audit documents by name."""
src/content/editorial/about/factory.json,"""title"": ""Plant and equipment"",","""title"": ""Partner-line equipment"","
src/content/editorial/about/factory.json,"""text"": ""Process equipment runs from chip bonders to reel-to-reel programmers. No value-added step is subcontracted to a job shop.""","""text"": ""Laminating, encoding, printing and die-cutting equipment on contracted lines in Shenzhen, from chip bonders to reel-to-reel programmers. Tooling and production are executed to Proud Tek's process specification; Proud Tek approves the first article and its QC signs off every batch before release."""
src/content/editorial/about/factory.json,"""text"": ""Wet-inlay bonding runs at ESD-controlled stations with wrist-strap and ionized-air discipline — bare chips and thin-film antennas are static-sensitive. Conductive-adhesive cure temperature and dwell time are logged per lot.""","""text"": ""Wet-inlay bonding runs at ESD-controlled stations with wrist-strap and ionised-air discipline — bare chips and thin-film antennas are static-sensitive. Conductive-adhesive cure temperature and dwell time are logged per lot on the traveler we issue."""
src/content/editorial/about/factory.json,"""title"": ""Anti-metal & specialty line"",","""title"": ""Anti-metal & specialty work"","
src/content/editorial/about/factory.json,"""text"": ""A dedicated ferrite-backing line for on-metal IT-asset, tool and equipment tags. Read range against steel and aluminium is validated per SKU and filed with the production traveler — the specialty work most trading companies cannot do.""","""text"": ""Ferrite-backed on-metal tags for IT-asset, tool and equipment programmes are run on a partner line with dedicated backing capability. Read range against steel and aluminium is validated per SKU and filed with the production traveler."""
src/content/editorial/about/factory.json,"""title"": ""Reel-to-reel encoding hall"",","""title"": ""Reel-to-reel encoding"","
src/content/editorial/about/factory.json,"""text"": ""High-volume UHF inlay programs run on reel-to-reel encoders with inline read-test, so multi-million-unit orders are programmed and verified in one pass rather than hand-fed unit by unit.""","""text"": ""High-volume UHF inlay programmes run on reel-to-reel encoders with inline read-test, so multi-million-unit orders are programmed and verified in one pass rather than hand-fed unit by unit."""
src/content/editorial/about/factory.json,"""title"": ""In-house test lab"",","""title"": ""Engineering and QC verification"","
src/content/editorial/about/factory.json,"""text"": ""A tunnel washer for laundry-tag wash-cycle testing, a UHF read-range range for distance and orientation checks, plus environmental and bend/flex rigs. SKUs are proven against their real duty cycle before the pilot ships.""","""text"": ""Every incoming chip batch is read-tested at the reel before it enters production; every finished batch gets chip read/write, print, dimension and packaging inspection by Proud Tek QC. Read-range and reader-compatibility checks run in our Shenzhen lab; duty-cycle tests (wash cycles, environmental, mechanical) are arranged per programme on the partner line or at accredited third-party labs."""
src/content/editorial/about/factory.json,"""title"": ""Bonded warehouse"",","""title"": ""Packaging and export"","
src/content/editorial/about/factory.json,"""text"": ""Finished goods stage in a bonded warehouse that runs distributor safety-stock and scheduled call-off programs — call-offs typically ship within 3-5 business days of release authorization.""","""text"": ""Finished goods are inspected, packed and exported by Proud Tek — FOB Shenzhen by default, DDP on request. Distributor safety-stock and scheduled call-off programmes are set up per agreement."""
src/content/editorial/about/factory.json,"""Card stock — PVC, ABS, PETG, recycled-PVC; FSC-certified paper and bamboo composite stocks available on request."",","""Card stock — PVC, ABS, PETG, recycled-PVC; FSC-certified paper and bamboo composite stocks available on request (chain-of-custody documents supplied per order)."","
src/content/editorial/about/factory.json,"""Ferrite backing — automotive-grade ferrite sheet for on-metal SKUs; tested against representative steel and aluminum substrates."",","""Ferrite backing — automotive-grade ferrite sheet for on-metal SKUs; tested against representative steel and aluminium substrates."","
src/content/editorial/about/factory.json,"""Chip allocation — direct allocation channels with NXP / Infineon / Impinj / Alien / EM; authorized-distribution backup for spot demand.""","""Chip sourcing — Proud Tek buys through authorised distribution channels for NXP, Impinj and EM Microelectronic and holds a forward stock buffer on critical SKUs; other families via authorised distribution on request."""
src/content/editorial/about/factory.json,"""title"": ""The test lab — proving SKUs before they ship"",","""title"": ""QC gates and verification testing"","
src/content/editorial/about/factory.json,"""intro"": ""A 100% functional read test catches encoding faults, but a tag also has to survive its real duty cycle. Before a pilot is signed off, the relevant SKUs go through the in-house test lab against the conditions they will actually meet in the field."",","""intro"": ""A 100% functional read test catches encoding faults, but a tag also has to survive its real duty cycle. The read/write, dimensional and packaging gates below are Proud Tek QC's own sign-off on every batch; the duty-cycle tests are arranged per programme — on the partner line or at an accredited third-party laboratory — before a pilot is signed off."","
src/content/editorial/about/factory.json,"""Test rig"",","""Check"","
src/content/editorial/about/factory.json,"""Typical SKUs""","""Who runs it"""
src/content/editorial/about/factory.json,"""Tunnel washer"",","""Incoming chip read-test"","
src/content/editorial/about/factory.json,"""Survival across 300-500 industrial wash cycles (PPS class) at up to 95°C with chemical exposure"",","""Every chip batch read-tested at the reel before entering production — counterfeit or grey-market substitution caught at inspection"","
src/content/editorial/about/factory.json,"""Laundry PPS / silicone / textile tags""","""Proud Tek QC"""
src/content/editorial/about/factory.json,"""UHF read-range range"",","""Read / decode station"","
src/content/editorial/about/factory.json,"""Read distance, orientation sensitivity and null zones against representative surfaces"",","""100% functional read on every encoded unit; decode-rate and UID / NDEF / EPC verification"","
src/content/editorial/about/factory.json,"""UHF inlays, on-metal asset tags, retail source tags""","""Partner line, verified and signed off by Proud Tek QC"""
src/content/editorial/about/factory.json,"""Read / decode station"",","""Final inspection"","
src/content/editorial/about/factory.json,"""100% functional read on every encoded unit; decode-rate and UID / NDEF verification"",","""Print quality, dimensions, packaging and labelling against the traveler"","
src/content/editorial/about/factory.json,"""Every encoded SKU""","""Proud Tek QC"""
src/content/editorial/about/factory.json,"""Environmental checks"",","""UHF read-range and compatibility"","
src/content/editorial/about/factory.json,"""Temperature and humidity exposure; adhesion and peel for label stocks"",","""Read distance, orientation sensitivity and reader / lock compatibility against representative surfaces"","
src/content/editorial/about/factory.json,"""Outdoor tags, labels, windshield tags""","""Proud Tek engineering lab, Shenzhen"""
src/content/editorial/about/factory.json,"""Mechanical checks"",","""Duty-cycle tests"","
src/content/editorial/about/factory.json,"""Bend, flex and torsion endurance; delamination resistance"",","""Industrial wash cycles for laundry tags, temperature / humidity exposure, adhesion and peel, bend / flex / torsion"","
src/content/editorial/about/factory.json,"""Cards, wristbands, keyfobs""","""Per programme: partner line or accredited third-party lab, report shared with the sample data"""
src/content/editorial/about/factory.json,"""text"": ""For a qualified program we can share the read-range plots, wash-cycle survival counts and AQL inspection results for your shortlisted SKUs as part of the sampling pack — useful when your own QA needs evidence before a production commitment.""","""text"": ""For a qualified programme we share the read-range plots, wash-cycle survival counts and AQL inspection results for your shortlisted SKUs as part of the sample data — useful when your own QA needs evidence before a production commitment."""
src/content/editorial/about/factory.json,"""intro"": ""Once a production order is released, the program runs to a documented traveler. Every step generates a record retained in the quality archive for at least seven years per ISO 9001 requirement."",","""intro"": ""Once a production order is released, the programme runs to a documented traveler that Proud Tek issues to the partner line. Every step generates a record retained in our quality archive for at least seven years per ISO 9001 requirement."","
src/content/editorial/about/factory.json,"""text"": ""Wet-inlay assembly or card lamination runs to the traveler. First-piece QC at line start, then in-process AQL sampling. Reject rate logged; out-of-spec lots quarantined before the next step.""","""text"": ""Wet-inlay assembly or card lamination runs on the partner line to the traveler. First-piece approval by Proud Tek at line start, then in-process AQL sampling. Reject rate logged; out-of-spec lots quarantined before the next step."""
src/content/editorial/about/factory.json,"""text"": ""Encoding station runs the locked scheme. Every encoded unit gets a functional read test; failed units rejected at the line. Laser engraving, hot stamping or print runs as specified.""","""text"": ""Encoding station runs the locked scheme to Proud Tek's encoding specification. Every encoded unit gets a functional read test; failed units rejected at the line. Laser engraving, hot stamping or print runs against the approved artwork."""
src/content/editorial/about/factory.json,"""text"": ""AQL final inspection on visual and dimensional attributes. Packaging per spec; box-level barcode / RFID outer-pack labeling if requested. Shipment release after document pack (CO, COC, packing list, test reports) is signed off by QA.""","""text"": ""Proud Tek QC runs the AQL final inspection on visual and dimensional attributes and signs off the batch. Packaging per spec; box-level barcode / RFID outer-pack labelling if requested. Shipment released FOB Shenzhen after the document pack (CO, COC, packing list, test reports) is signed off."""
src/content/editorial/about/factory.json,"""title"": ""Customer audits and factory visits"",","""title"": ""Customer audits and production visits"","
src/content/editorial/about/factory.json,"""intro"": ""We welcome buyer audits — they reduce procurement risk on both sides. The list below covers what we typically accommodate; non-standard audit scope (third-party social compliance, environmental, IT security) is scoped per program."",","""intro"": ""We welcome buyer audits — they reduce procurement risk on both sides. Visits take place on the partner line producing your order and are arranged by Proud Tek; non-standard audit scope (third-party social compliance, environmental, IT security) is scoped per programme."","
src/content/editorial/about/factory.json,"""Buyer engineering audits — open access to wet-inlay, lamination, encoding and QC lines, by appointment."",","""Buyer engineering audits — access to the wet-inlay, lamination, encoding and QC stations on the partner line producing your order, by appointment."","
src/content/editorial/about/factory.json,"""Quality system audits — ISO 9001:2015 document review, training records, calibration logs, corrective-action archives."",","""Quality system audits — Proud Tek's ISO 9001:2015 document review, training records, calibration logs and corrective-action archives (sales and supplier-management scope)."","
src/content/editorial/about/factory.json,"""Third-party audits — TÜV, SGS, Intertek, Bureau Veritas and BSCI / Sedex visits accommodated when the program requires them."",","""Third-party audits — TÜV, SGS, Intertek, Bureau Veritas and BSCI / Sedex visits accommodated when the programme requires them; the partner line's own certificates are supplied on request."","
src/content/editorial/about/factory.json,"""Pre-shipment inspection — buyer or buyer's QC agent can attend final AQL inspection in-house at no additional charge."",","""Pre-shipment inspection — your QC agent can attend Proud Tek's final AQL inspection at no additional charge."","
src/content/editorial/about/factory.json,"""Virtual factory tour — live video walk-through available for buyers who cannot travel; we schedule against your time zone.""","""Live video walkthrough — production lines, QC stations and warehousing shown in real time on WhatsApp for buyers who cannot travel; we schedule against your time zone."""
src/content/editorial/about/factory.json,"""Certificate of Conformity for radio compliance (FCC / CE / MIC / CCC as applicable)."",","""CE marking is a manufacturer declaration supported by test reports — our published EN 62311 RF-exposure report (BCTC2509165308-1E) covers an RFID card; reader devices are approved per device per market."","
src/content/editorial/about/factory.json,"""Material declarations — RoHS, REACH SVHC, California Prop 65 on file by SKU."",","""Material compliance — sample-based RoHS (XKS2025R01150076) and REACH SVHC (XKS2025R10150032E) test reports on the articles they name; testing on your exact specification can be commissioned."","
src/content/editorial/about/factory.json,"""ISO 9001:2015 certificate copy on request; recertification cycle dates publicly traceable.""","""ISO 9001:2015 / 14001:2015 / 45001:2018 certificate copies with numbers, scope and registrar lookup on the certifications page."""
src/content/editorial/about/factory.json,"""title"": ""Plan a factory engagement"",","""title"": ""Plan a production visit"","
src/content/editorial/about/factory.json,"""description"": ""The most common ways procurement and engineering teams engage with our Shenzhen operation."",","""description"": ""The most common ways procurement and engineering teams engage with Proud Tek's Shenzhen operation and its partner lines."","
src/content/editorial/about/factory.json,"""label"": ""Schedule a virtual factory tour"",","""label"": ""Schedule a live video walkthrough"","
src/content/editorial/about/factory.json,"""description"": ""Live video walk-through with our engineering lead — no travel required.""","""description"": ""Production lines, QC stations and warehousing shown in real time — no travel required."""
src/content/editorial/about/factory.json,"""description"": ""Pages on this site that document the standards, certifications and editorial work behind the production floor."",","""description"": ""Pages on this site that document the standards, certificates and editorial work behind the production model."","
src/content/editorial/about/factory.json,"""label"": ""Recent deployments and outcomes""","""label"": ""Worked examples — programme templates"""
src/content/editorial/about/factory.json,"""label"": ""Engineering and editorial team""","""label"": ""How the team is organised"""
src/content/editorial/about/factory.json,"""label"": ""What to inspect in a China RFID factory audit""","""label"": ""What to inspect in a China RFID production audit"""
src/content/editorial/about/factory.json,"""answer"": ""Yes. The in-house test lab runs wash-cycle testing (tunnel washer, up to 500 cycles at up to 95°C), UHF read-range, environmental and bend/flex checks. For a qualified program we validate the shortlisted SKUs against your real conditions during sampling and share the read-range plots and survival data before you place a production order. (For minimum order quantities, see the FAQ on the main About page.)""","""answer"": ""Yes. For a qualified programme we arrange the duty-cycle tests your application needs — industrial wash cycles for laundry tags, temperature and humidity exposure, adhesion and peel, bend and flex — on the partner line or at an accredited third-party laboratory, alongside read-range and reader-compatibility checks in our Shenzhen lab. The read-range plots and survival data are shared with the sample data before you place a production order. (For minimum order quantities, see the FAQ on the main About page.)"""
src/content/editorial/about/factory.json,"""answer"": ""Yes. Multi-million-unit annual UHF inlay and HF card programs run on dedicated reel-to-reel encoding lines with 24/7 shift rotation when needed. Chip allocation is confirmed before commitment; we do not promise capacity that depends on a chip family we cannot lock in.""","""answer"": ""Yes, within the capacity we hold on partner lines. Multi-million-unit UHF inlay and HF card programmes run on reel-to-reel encoding lines; capacity is quoted per programme once chip allocation is confirmed, and we do not promise capacity that depends on a chip family we cannot lock in."""
src/content/editorial/about/factory.json,"""answer"": ""We maintain direct allocation channels with NXP, Infineon, Impinj, Alien and EM, plus authorized-distribution backup for spot demand. During constrained periods (e.g., 2021-2022 MIFARE shortages), we communicate allocation availability up front and offer chip-substitution paths where the deployment context allows.""","""answer"": ""We buy through authorised distribution channels for NXP, Impinj and EM Microelectronic and hold a forward stock buffer on critical SKUs, with authorised-distribution backup for spot demand. When a chip family is tight we flag it before quotation and offer chip-substitution paths where the deployment context allows — never a mid-project surprise."""
src/content/editorial/about/factory.json,"""question"": ""Are buyer factory visits welcome?"",","""question"": ""Are buyer visits to the production lines welcome?"","
src/content/editorial/about/factory.json,"""answer"": ""Yes. We welcome buyer engineering audits and pre-shipment inspection — both reduce procurement risk on both sides. Visits are scheduled by appointment; we accommodate buyer's QC agents on-site at no charge. Virtual tours are available for buyers who cannot travel.""","""answer"": ""Yes. Visits take place on the partner line producing your order and are arranged by Proud Tek by appointment; your QC agent can attend our pre-shipment inspection at no charge. For buyers who cannot travel we run live video walkthroughs on WhatsApp — production lines, QC stations and warehousing in real time."""
src/content/editorial/about/factory.json,"""answer"": ""Every shipment ships with: commercial invoice, packing list, Certificate of Origin per destination market, Certificate of Conformity for radio compliance (FCC / CE / MIC / CCC), RoHS / REACH SVHC material declarations, and a functional test report on the encoded lot. Third-party test reports (TÜV, SGS) can be commissioned per program when needed.""","""answer"": ""Every shipment ships with: commercial invoice, packing list, Certificate of Origin per destination market, the sample-based RoHS and REACH SVHC test reports and the EN 62311 RF-exposure report published on our certifications page (CE remains a manufacturer declaration), and a functional test report on the encoded lot. Testing on your exact specification, or third-party reports (TÜV, SGS, Intertek), can be commissioned per programme."""
src/content/editorial/about/factory.json,"""answer"": ""Production travelers, encoding logs, QC records and material certificates are retained for at least seven years per ISO 9001:2015 documented-information requirements. Records can be pulled by SKU code or encoding lot if a buyer needs traceability for a field issue or audit.""","""answer"": ""Production travelers, encoding logs, QC records and material certificates are retained by Proud Tek for at least seven years per ISO 9001:2015 documented-information requirements. Records can be pulled by SKU code or encoding lot if a buyer needs traceability for a field issue or audit."""
src/content/editorial/about/factory.json,"""label"": ""Schedule a factory visit or audit""","""label"": ""Schedule a production visit or audit"""
src/content/editorial/about/factory.json,"""label"": ""Case studies""","""label"": ""Worked examples"""
src/content/editorial/about/factory.json,"""modifiedAt"": ""2026-07-11T11:00:00Z"",","""modifiedAt"": ""2026-09-02"","
src/content/editorial/about/factory.json,"""authorSlug"": ""peter-zhang"",","""authorSlug"": ""editorial-board"","
src/content/editorial/about/factory.json,"""reviewedBySlug"": ""nancy-wu"",","""reviewedBySlug"": ""proudtek-engineering"","
src/content/editorial/about/factory.json,"""reviewedAt"": ""2026-05-12""","""reviewedAt"": ""2026-05-12"","
src/content/editorial/about/factory.json,,"""author"": ""Proud Tek Editorial Team"","
src/content/editorial/about/factory.json,,"""reviewedBy"": ""Proud Tek RF / Production Engineering"""
src/content/editorial/about/leadership.json,"""title"": ""Proud Tek Leadership and Engineering Team"",","""title"": ""How the Proud Tek Team Is Organised"","
src/content/editorial/about/leadership.json,"""summary"": ""Proud Tek is founder-led and engineering-first — a long-tenured team that has run RFID and NFC programs from chip-level integration through field deployment since 2008. This page covers who leads each functional area, the operating principles that shape how the team works, and how engineering escalation actually runs for a buyer program. Procurement teams that audit suppliers want to know who picks up the phone and who owns the outcome — this is that page. The independent editorial review board that signs off our published guides has its own page."",","""summary"": ""Proud Tek runs every account through three functions — international sales engineering, RF / production engineering and quality control — with a fourth, supply chain and export, behind them. This page covers what each function owns, how an engineering escalation actually runs for a buyer programme, and the response times we hold ourselves to. Like our sister brand RFIDAK, we describe the functions rather than name individuals: the function is what a procurement team can hold us to, and it does not change when a person changes jobs. The editorial functions that sign off the guides on this site are on /about/review-board/."","
src/content/editorial/about/leadership.json,"""Founder and engineering lead with continuous RFID program experience since 2008."",","""Three functions handle every account from first enquiry to shipment — international sales engineering, RF / production engineering and quality control."","
src/content/editorial/about/leadership.json,"""Dedicated account engineer assigned per active program — same point of contact across reorders."",","""One account engineer owns a programme across reorders; engineering escalations go straight to the function that wrote the specification."","
src/content/editorial/about/leadership.json,"""Independent technical review board signs off on the published RFID guides and comparison content.""","""First reply within 2–4 hours in Shenzhen business hours; written quotes within 24–48 hours."""
src/content/editorial/about/leadership.json,"""imageAlt"": ""Proud Tek organisation model — founder Peter Zhang over production engineering, independent quality, account engineering and supply chain, with one account engineer owning each program from RFQ to reorder"",","""imageAlt"": ""Proud Tek organisation model — international sales engineering, RF / production engineering, quality control and supply-chain functions around contracted partner lines, with one account engineer owning each programme from RFQ to reorder"","
src/content/editorial/about/leadership.json,"""Founder-led, owner-operated — same management team since 2008."",","""Operating since 2008 — three customer-facing functions: international sales engineering, RF / production engineering, quality control."","
src/content/editorial/about/leadership.json,"""Engineering core owns each program end-to-end — one accountable engineer, not a relay of departments."",","""Specification, chip sourcing and QC sign-off owned by Proud Tek; tooling and production on contracted partner lines in Shenzhen."","
src/content/editorial/about/leadership.json,"""Editorial and technical review board independent of sales — reviews public content quarterly."",","""One account engineer owns each programme from RFQ to reorder."","
src/content/editorial/about/leadership.json,"""24-hour first-response SLA for qualified B2B inquiries during business days.""","""First reply within 2–4 hours in Shenzhen business hours; written quote within 24–48 hours."""
src/content/editorial/about/leadership.json,"""label"": ""Editorial review board""","""label"": ""Editorial and review functions"""
src/content/editorial/about/leadership.json,"""title"": ""Functional leadership"",","""title"": ""The functions and what they own"","
src/content/editorial/about/leadership.json,"""intro"": ""Proud Tek operates as a flat engineering-first organization. Each functional lead is responsible end-to-end for the line they own — from inquiry through dispatch — so buyer programs are not handed across silos that lose context between steps."",","""intro"": ""Proud Tek is a flat, engineering-first organisation. Each function is accountable end-to-end for the part of your programme it owns — from inquiry through dispatch — so buyer programmes are not handed across silos that lose context between steps. Production itself runs on contracted partner lines to our specification; the functions below are the people who write that specification and sign off the result."","
src/content/editorial/about/leadership.json,"""icon"": ""👤"",","""icon"": ""📞"","
src/content/editorial/about/leadership.json,"""title"": ""Founder and engineering lead"",","""title"": ""International sales engineering"","
src/content/editorial/about/leadership.json,"""text"": ""Peter Zhang. Founded Proud Tek in 2008 after a decade in contactless chip and inlay supply. Direct involvement in technical escalations, large-program scoping and editorial review of every guide on this site.""","""text"": ""Your first reply, within 2–4 hours in Shenzhen business hours. Turns 'it depends' into a price, an MOQ and a lead time — a written quote within 24–48 hours — and keeps the thread moving across time zones. The same account engineer stays with a programme through reorders. English and Chinese as standard; Spanish and Arabic on assignment."""
src/content/editorial/about/leadership.json,"""title"": ""Production engineering"",","""title"": ""RF / production engineering"","
src/content/editorial/about/leadership.json,"""text"": ""Owns the production floor for your program end-to-end — the same engineer from pilot through year-three reorder, so process context is never lost between steps. Line-by-line capabilities live on the Factory page.""","""text"": ""Owns the product and antenna specification and matches chip families and antenna designs to your installed readers or locks before production starts. Writes the encoding specification the partner lines execute, approves the first article and stays on the programme from pilot to year-three reorder so process context is never lost."""
src/content/editorial/about/leadership.json,"""title"": ""Quality assurance"",","""title"": ""Quality control"","
src/content/editorial/about/leadership.json,"""text"": ""ISO 9001:2015 quality system, AQL sampling, calibration management, corrective-action follow-through. Independent of production scheduling — QA cannot be overridden by ship-date pressure.""","""text"": ""Reads every incoming chip batch at the reel, runs 100% read/write, print, dimension and packaging inspection on every production batch and signs it off before release. Reports separately from scheduling — a lot that fails inspection is not shipped because of a date. Records retained seven years under the ISO 9001 system."""
src/content/editorial/about/leadership.json,"},",
src/content/editorial/about/leadership.json,{,
src/content/editorial/about/leadership.json,"""icon"": ""📦"",",
src/content/editorial/about/leadership.json,"""title"": ""Account engineering and sales"",",
src/content/editorial/about/leadership.json,"""text"": ""B2B account engineers (not 'sales people') handle the full inquiry-to-reorder lifecycle. Bilingual English / Chinese standard; Spanish and Arabic available on assignment.""",
src/content/editorial/about/leadership.json,"""title"": ""Supply chain and procurement"",","""title"": ""Supply chain and export"","
src/content/editorial/about/leadership.json,"""text"": ""Owns chip allocation, raw-material sourcing, freight and distributor safety-stock — so availability and lead time sit with someone accountable, not a broker in the middle.""","""text"": ""Owns chip allocation through authorised distribution, the forward stock buffer on critical SKUs, partner-line capacity reservations, freight and distributor safety stock — so availability and lead time sit with someone accountable, not a broker in the middle."""
src/content/editorial/about/leadership.json,"""title"": ""Editorial and review board"",","""title"": ""Editorial and review functions"","
src/content/editorial/about/leadership.json,"""text"": ""An independent board — separate from sales — signs off the technical content on this site. It has its own page with named reviewers and a public corrections log.""","""text"": ""The editorial team and the RF / production engineering function sign off the technical content on this site, separately from sales, with a public corrections log. See /about/review-board/."""
src/content/editorial/about/leadership.json,"""text"": ""Account engineer receives the issue (email, WhatsApp, support ticket) with the error context: reader make/model, firmware version, encoding sample, environmental conditions. We respond within one business day with an initial assessment.""","""text"": ""Account engineer receives the issue (email, WhatsApp, support ticket) with the error context: reader make/model, firmware version, encoding sample, environmental conditions. We respond within 2-4 hours in Shenzhen business hours (Mon-Fri, GMT+8) with an initial assessment."""
src/content/editorial/about/leadership.json,"""label"": ""Step 2 — Engineering replay in-house"",","""label"": ""Step 2 — Engineering replay"","
src/content/editorial/about/leadership.json,"""text"": ""Production engineering pulls the original encoding lot, replays the encoding scheme on a representative reader, and reproduces the issue if reader-side. Our test fleet covers the major reader brands (Impinj, Zebra, Honeywell, Feig, ACR, Chainway, Bluebird).""","""text"": ""RF / production engineering pulls the original encoding lot, replays the encoding scheme on a representative reader in our Shenzhen lab, and reproduces the issue if reader-side. The test fleet covers the major reader brands (Impinj, Zebra, Honeywell, Feig, ACR, Chainway, Bluebird)."""
src/content/editorial/about/leadership.json,"""text"": ""Corrected batch produced or screened-out lot replaced under our quality SLA. Corrective action filed in the ISO 9001 corrective-action register; future production travelers updated to prevent recurrence.""","""text"": ""Corrected batch produced on the partner line to the revised specification, or the screened-out lot replaced under our quality commitment. Corrective action filed in the ISO 9001 corrective-action register; future production travelers updated to prevent recurrence."""
src/content/editorial/about/leadership.json,"""text"": ""Decisions sit with the engineer closest to the chip and the line, not a management layer removed from the work — fewer hand-offs, faster technical answers.""","""text"": ""Decisions sit with the engineer closest to the specification and the partner line, not a management layer removed from the work — fewer hand-offs, faster technical answers."""
src/content/editorial/about/leadership.json,"""title"": ""One owner per program"",","""title"": ""One owner per programme"","
src/content/editorial/about/leadership.json,"""text"": ""The engineer who scopes your deal runs it for its life — RFQ, samples, pilot, production and reorder — instead of handing off to junior sales who don't know the chip-side trade-offs.""","""text"": ""The account engineer who scopes your deal runs it for its life — RFQ, samples, pilot, production and reorder — instead of handing off to junior sales who do not know the chip-side trade-offs."""
src/content/editorial/about/leadership.json,"""text"": ""QA reports separately from production scheduling and cannot be overridden by ship-date pressure. A lot that fails the 100% read test does not leave the building.""","""text"": ""Quality control reports separately from production scheduling and cannot be overridden by ship-date pressure. A lot that fails the 100% read test is not released."""
src/content/editorial/about/leadership.json,"""title"": ""Factory-direct accountability"",","""title"": ""Manufacturer-direct accountability"","
src/content/editorial/about/leadership.json,"""text"": ""Owner-operated since 2008 — you deal with the factory, not a trading layer. When something goes wrong there is a named owner, not a supplier to point at.""","""text"": ""Operating since 2008 — you deal with the team that owns the specification, the chip sourcing and the QC sign-off, not a trading layer. Tooling and production run on contracted partner lines to that specification; when something goes wrong there is an accountable function, not a supplier to point at."""
src/content/editorial/about/leadership.json,"""text"": ""Published guides are reviewed by an independent board and corrections are logged publicly, because procurement teams check. See the review board and corrections log.""","""text"": ""Published guides are reviewed by the engineering function and corrections are logged publicly, because procurement teams check. See the review functions and the corrections log."""
src/content/editorial/about/leadership.json,"""text"": ""First response within one business day on qualified B2B inquiries; urgent escalations same business day in Shenzhen hours. Predictable timing over promised speed.""","""text"": ""First reply within 2–4 hours in Shenzhen business hours (Mon–Fri, GMT+8); written quotes within 24–48 hours, valid 30 days. Predictable timing over promised speed."""
src/content/editorial/about/leadership.json,"""Account engineers are owner-operator team members, not contract sales staff."",","""Account engineers are Proud Tek team members, not contract sales staff."","
src/content/editorial/about/leadership.json,"""Engineering escalation routes straight to production — no re-explanation of context needed."",","""Engineering escalation routes straight to the RF / production engineering function that wrote the specification — no re-explanation of context needed."","
src/content/editorial/about/leadership.json,"""Quality issues have a documented owner (account engineer + QA lead) with SLA for response.""","""Quality issues have a documented owner (account engineer + quality control) with a response time commitment."""
src/content/editorial/about/leadership.json,"""First inquiry response — within 1 business day (China Standard Time, Mon-Fri)."",","""First reply — within 2–4 hours during Shenzhen business hours (Mon–Fri, 09:00–19:00 GMT+8); written quotes within 24–48 hours."","
src/content/editorial/about/leadership.json,"""Urgent escalations — same business day during Shenzhen working hours (09:00-19:00 CST)."",","""Urgent escalations — same business day during Shenzhen working hours."","
src/content/editorial/about/leadership.json,"""After-hours coverage — email and WhatsApp monitored outside business hours; non-urgent items queued for next-day reply."",","""After-hours coverage — email and WhatsApp monitored outside business hours; non-urgent items queued for the next business morning."","
src/content/editorial/about/leadership.json,"""Time-zone overlap — Asia-Pacific buyers get same-day; Europe buyers get same-day for issues raised before 14:00 CST; Americas buyers get next-day morning reply."",","""Time-zone overlap — Asia-Pacific buyers get same-day; Europe buyers get same-day for issues raised before 14:00 GMT+8; Americas buyers get a next-morning reply."","
src/content/editorial/about/leadership.json,"""Holiday schedule — published in advance for Chinese New Year, National Day and other major holidays; safety-stock and pre-orders accommodate holiday lead-time gaps.""","""Holiday schedule — published in advance for Chinese New Year, National Day and other major holidays; safety stock and pre-orders accommodate holiday lead-time gaps."""
src/content/editorial/about/leadership.json,"""label"": ""Technical review board""","""label"": ""Editorial and review functions"""
src/content/editorial/about/leadership.json,"""answer"": ""Account engineers respond to inbound inquiries within one business day. For new inquiries, the engineer assigned to your geography and product family takes the conversation. For existing programs, the engineer who scoped the original deal continues to own the relationship — including reorders, escalations and engineering follow-up.""","""answer"": ""Account engineers respond to inbound inquiries within 2-4 hours in Shenzhen business hours (Mon-Fri, GMT+8). For new inquiries, the engineer assigned to your geography and product family takes the conversation. For existing programs, the engineer who scoped the original deal continues to own the relationship — including reorders, escalations and engineering follow-up."""
src/content/editorial/about/leadership.json,"""answer"": ""All engineering, production and account engineering staff are located at the Shenzhen operation. We do not have overseas offices. Language coverage is English / Chinese standard, with Spanish and Arabic available by assignment. Time-zone overlap with European and American customers is managed through scheduled response windows.""","""answer"": ""Sales engineering, RF / production engineering, quality control and supply-chain staff are based in Shenzhen; we have no overseas offices. Production runs on contracted partner lines in Shenzhen to our specification. Language coverage is English / Chinese as standard, with Spanish and Arabic by assignment; time-zone overlap with European and American customers is managed through scheduled response windows."""
src/content/editorial/about/leadership.json,"""question"": ""How long have your key engineering staff been with Proud Tek?"",","""question"": ""Who is accountable if my programme has a problem?"","
src/content/editorial/about/leadership.json,"""answer"": ""Founder and engineering lead has been continuously operating Proud Tek since 2008. Production engineering and account engineering staff have multi-year tenure — most senior engineers have been on the program for at least 5-10 years. We do not subcontract account management to short-tenure contract sales staff.""","""answer"": ""The account engineer who scoped the programme and the quality-control function that signed off the batch — a documented pair for every order. Engineering escalations go to the RF / production engineering function that wrote the specification, which replays the issue in our Shenzhen lab and corrects the specification before the partner line re-runs the batch. We do not subcontract account management to short-tenure contract sales staff."""
src/content/editorial/about/leadership.json,"""answer"": ""Any reader can report a factual error in a published guide via the corrections-policy contact channel (see /about/corrections/). Reported issues are reviewed by the technical review board within five business days; substantive corrections are logged publicly with date, change and reason. We do not silently edit content to hide outdated claims.""","""answer"": ""Any reader can report a factual error in a published guide via the corrections channel (see /about/corrections/). Reported issues are reviewed by the editorial team and the RF / production engineering function within five business days; substantive corrections are logged publicly with date, change and reason. We do not silently edit content to hide outdated claims."""
src/content/editorial/about/leadership.json,"""modifiedAt"": ""2026-05-12"",","""modifiedAt"": ""2026-09-02"","
src/content/editorial/about/leadership.json,"""Peter Zhang Proud Tek"",",
src/content/editorial/about/leadership.json,"""authorSlug"": ""peter-zhang"",","""authorSlug"": ""editorial-board"","
src/content/editorial/about/leadership.json,"""reviewedBySlug"": ""nancy-wu"",","""reviewedBySlug"": ""proudtek-engineering"","
src/content/editorial/about/leadership.json,"""reviewedAt"": ""2026-05-12""","""reviewedAt"": ""2026-05-12"","
src/content/editorial/about/leadership.json,,"""author"": ""Proud Tek Editorial Team"","
src/content/editorial/about/leadership.json,,"""reviewedBy"": ""Proud Tek RF / Production Engineering"""
src/content/editorial/about/methodology.json,"""authorSlug"": ""nancy-wu"",","""authorSlug"": ""editorial-board"","
src/content/editorial/about/methodology.json,"""reviewedBySlug"": ""peter-zhang""","""reviewedBySlug"": ""proudtek-engineering"","
src/content/editorial/about/methodology.json,,"""author"": ""Proud Tek Editorial Team"","
src/content/editorial/about/methodology.json,,"""reviewedBy"": ""Proud Tek RF / Production Engineering"""
src/content/editorial/about/privacy-policy.json,"""authorSlug"": ""peter-zhang"",","""authorSlug"": ""editorial-board"","
src/content/editorial/about/privacy-policy.json,"""reviewedBySlug"": ""nancy-wu""","""reviewedBySlug"": ""proudtek-engineering"","
src/content/editorial/about/privacy-policy.json,,"""author"": ""Proud Tek Editorial Team"","
src/content/editorial/about/privacy-policy.json,,"""reviewedBy"": ""Proud Tek RF / Production Engineering"""
src/content/editorial/about/review-board.json,"""title"": ""Editorial & Review Board"",","""title"": ""Editorial & Review Functions"","
src/content/editorial/about/review-board.json,"""kicker"": ""The named people who write, review and sign off Proud Tek articles"",","""kicker"": ""The functions that write, review and sign off Proud Tek articles"","
src/content/editorial/about/review-board.json,"""summary"": ""This page lists every person authorised to author or co-sign editorial content on proudtek.com. The board exists so every byline on the site resolves to a real human with verifiable experience, and so every technical article is co-signed by a reviewer who has direct working experience with the standard or product family the article discusses. The list below is the current roster as of the modifiedAt date; historical contributors are preserved in the log at /about/corrections/ so that older articles carrying their byline remain attributable. Reader challenges to a reviewer's credentials are welcome and are handled under the same process as correction requests."",","""summary"": ""This page names the functions that write, review and sign off editorial content on proudtek.com. Like our sister brand RFIDAK, we credit roles rather than individuals: an editorial team byline and an RF / production engineering reviewer byline, each with a stable anchor that article bylines and structured data link to. Every technical article — anything citing a standard, a chip family or a regulatory requirement — is checked against the source named in its sources block before publication, and the corrections process on /about/corrections/ applies to all of it. Named individuals are not published until a verifiable public profile exists for them; until then a name would be an un"
src/content/editorial/about/review-board.json,"""Every editorial article on proudtek.com is signed by a person listed on this page."",","""Every editorial article on proudtek.com carries the Proud Tek Editorial Team byline and is reviewed by the RF / Production Engineering function."","
src/content/editorial/about/review-board.json,"""Technical articles (anything citing a standard, a chip family, or a regulatory requirement) must be co-signed by a named reviewer on the roster."",","""Technical articles (anything citing a standard, a chip family or a regulatory requirement) are checked against the cited standard, datasheet or regulation before publication."","
src/content/editorial/about/review-board.json,"""Reviewers are required to disclose any equity or paid relationship with a vendor they review; disclosures are published on each reviewer's entry below."",","""No named individuals are published without a verifiable public profile — the same disclosure model as rfidak.com, the RFID brand of the same company."","
src/content/editorial/about/review-board.json,"""Before any reviewer is added to the board, identity and at least one external credential are verified by the editor-in-chief.""","""Conflicts of interest are handled by function: sales cannot direct editorial conclusions, and vendor relationships are disclosed on /about/disclosures/."""
src/content/editorial/about/review-board.json,"""authorSlug"": ""peter-zhang"",","""authorSlug"": ""editorial-board"","
src/content/editorial/about/review-board.json,"""modifiedAt"": ""2026-06-10"",","""modifiedAt"": ""2026-09-02"","
src/content/editorial/about/review-board.json,"""title"": ""Editor-in-Chief"",","""title"": ""Editorial team byline"","
src/content/editorial/about/review-board.json,"""intro"": ""Responsible for final sign-off on every editorial article. Sets the editorial calendar, approves corrections, and recruits the review board."",","""intro"": ""Every article is published under the institutional byline below. Content is drafted by the function closest to the topic — sales engineering for buying guides, RF / production engineering for specification and compatibility pages, quality control for test and compliance content — and cross-checked against the cited source before it goes live."","
src/content/editorial/about/review-board.json,"""featureGrid"": {",
src/content/editorial/about/review-board.json,"""features"": [",
src/content/editorial/about/review-board.json,{,
src/content/editorial/about/review-board.json,"""icon"": ""✏️"",",
src/content/editorial/about/review-board.json,"""id"": ""peter-zhang"",",
src/content/editorial/about/review-board.json,"""title"": ""Peter Zhang — Founder & Editor-in-Chief"",",
src/content/editorial/about/review-board.json,"""text"": ""Founder of Proud Tek with 18 years in RFID/NFC manufacturing; operates the in-house RFID laboratory in Shenzhen. Final editorial sign-off on guides, comparisons and compatibility articles. Focus areas: custom NFC business-card manufacturing, hotel-lock RFID compatibility, RFID laundry-tag selection for hospitality, and UHF RAIN deployments.""",
src/content/editorial/about/review-board.json,},
src/content/editorial/about/review-board.json,],
src/content/editorial/about/review-board.json,"},",
src/content/editorial/about/review-board.json,"""callout"": {",
src/content/editorial/about/review-board.json,"""label"": ""Contact the editor"",",
src/content/editorial/about/review-board.json,"""text"": ""For correction requests, reviewer nominations, or editorial partnerships, contact editors@proudtek.com. Enquiries are triaged within 2 business days.""",
src/content/editorial/about/review-board.json,},
src/content/editorial/about/review-board.json,"},",
src/content/editorial/about/review-board.json,{,
src/content/editorial/about/review-board.json,"""title"": ""Institutional byline"",",
src/content/editorial/about/review-board.json,"""intro"": ""Articles produced collaboratively by multiple team members carry this byline rather than a single author name."",",
src/content/editorial/about/review-board.json,"""title"": ""Proud Tek Editorial Board"",","""title"": ""Proud Tek Editorial Team"","
src/content/editorial/about/review-board.json,"""text"": ""Collective byline used when an article has been produced by more than one member of our team (engineering, compliance, production, editorial). Every article under this byline has also been cross-checked by at least one technical reviewer below.""","""text"": ""Institutional byline for Proud Tek's RFID and NFC buyer guides, comparisons and product pages. Drafted by the company's sales-engineering, RF / production engineering and quality-control functions; every technical claim is checked against the standard, chip-vendor datasheet or regulation cited in the article's sources block. The team also runs the corrections process described on /about/corrections/."""
src/content/editorial/about/review-board.json,"""title"": ""Technical reviewers"",","""title"": ""Technical reviewer byline"","
src/content/editorial/about/review-board.json,"""intro"": ""Reviewers co-sign any article that cites a standard (ISO/IEC, GS1, EPCglobal, NFC Forum, ETSI, FCC, EU DPP) or that makes a performance / durability claim. The roster is maintained as below; empty slots are published as TODO rather than populated with fictional entries."",","""intro"": ""Reviewers co-sign any article that cites a standard (ISO/IEC, GS1, EPCglobal, NFC Forum, ETSI, FCC, EU DPP) or that makes a performance or durability claim. The reviewer is a function, not a person: the engineering group that writes the specification the partner lines execute and signs off the batches with Quality Control."","
src/content/editorial/about/review-board.json,"""table"": {",
src/content/editorial/about/review-board.json,"""columns"": [",
src/content/editorial/about/review-board.json,"""Slot"",",
src/content/editorial/about/review-board.json,"""Reviewer"",",
src/content/editorial/about/review-board.json,"""Specialty"",",
src/content/editorial/about/review-board.json,"""Credential"",",
src/content/editorial/about/review-board.json,"""Disclosures""",
src/content/editorial/about/review-board.json,"],",
src/content/editorial/about/review-board.json,"""rows"": [",
src/content/editorial/about/review-board.json,[,
src/content/editorial/about/review-board.json,"""Hotel-lock / MIFARE & DESFire reviewer"",",
src/content/editorial/about/review-board.json,"""TODO: to be announced"",",
src/content/editorial/about/review-board.json,"""MIFARE Classic / Plus / DESFire security; Assa Abloy / Dormakaba / Salto / Onity / Saflok lock families"",",
src/content/editorial/about/review-board.json,"""TODO: verifiable credential to be added before first byline"",",
src/content/editorial/about/review-board.json,"""TODO: to be disclosed per /about/disclosures/""",
src/content/editorial/about/review-board.json,"],",
src/content/editorial/about/review-board.json,[,
src/content/editorial/about/review-board.json,"""Industrial-laundry tag reviewer"",",
src/content/editorial/about/review-board.json,"""Nancy Wu: Industrial-Laundry Program Manager, Proud Tek ([profile](#nancy-wu))"",",
src/content/editorial/about/review-board.json,"""PPS / silicone / textile RFID tag durability; ISO 6330 wash-cycle testing; tunnel-washer qualification"",",
src/content/editorial/about/review-board.json,"""B.A. English, North Minzu University (Yinchuan, China); hands-on operational ownership of Proud Tek's laundry RFID program. Verifiable at [LinkedIn](https://www.linkedin.com/in/rfidtag2/)"",",
src/content/editorial/about/review-board.json,"""No equity or paid relationship with any vendor reviewed; compensation is fixed per assignment and not linked to article conclusion""",
src/content/editorial/about/review-board.json,"],",
src/content/editorial/about/review-board.json,[,
src/content/editorial/about/review-board.json,"""UHF / RAIN RFID reviewer"",",
src/content/editorial/about/review-board.json,"""TODO: to be announced"",",
src/content/editorial/about/review-board.json,"""EPC Gen2v2 / ISO 18000-63; reader / antenna selection; retail and logistics deployments"",",
src/content/editorial/about/review-board.json,"""TODO"",",
src/content/editorial/about/review-board.json,"""TODO""",
src/content/editorial/about/review-board.json,"],",
src/content/editorial/about/review-board.json,[,
src/content/editorial/about/review-board.json,"""NFC Forum / EU DPP / GS1 Digital Link reviewer"",",
src/content/editorial/about/review-board.json,"""TODO: to be announced"",",
src/content/editorial/about/review-board.json,"""NFC Forum analog & digital specs; {chip:nxp-ntag-424-dna:short_name} SUN; GS1 Digital Link URLs for the EU Digital Product Passport"",",
src/content/editorial/about/review-board.json,"""TODO"",",
src/content/editorial/about/review-board.json,"""TODO""",
src/content/editorial/about/review-board.json,],
src/content/editorial/about/review-board.json,],
src/content/editorial/about/review-board.json,"},",
src/content/editorial/about/review-board.json,"""callout"": {",
src/content/editorial/about/review-board.json,"""label"": ""Why we publish empty slots"",",
src/content/editorial/about/review-board.json,"""text"": ""Publishing the reviewer roster with visible TODOs is more honest than populating it with made-up names. An article that would require a reviewer in a TODO slot is either (a) held for publication until the slot is filled, (b) co-signed by the editor-in-chief plus a named external reviewer whose credential is cited in the article's sources block, or (c) published under the institutional Editorial Board byline with a note that technical review on that topic is handled jointly until a permanent reviewer is in place.""",
src/content/editorial/about/review-board.json,},
src/content/editorial/about/review-board.json,"},",
src/content/editorial/about/review-board.json,{,
src/content/editorial/about/review-board.json,"""title"": ""Contributing editors and engineering reviewers"",",
src/content/editorial/about/review-board.json,"""intro"": ""Named team members whose bylines appear on published Proud Tek articles and product specification pages. Each entry below is the stable anchor that article bylines and structured data link to."",",
src/content/editorial/about/review-board.json,"""icon"": ""👤"",","""icon"": ""🛠️"","
src/content/editorial/about/review-board.json,"""id"": ""nancy-wu"",",
src/content/editorial/about/review-board.json,"""title"": ""Nancy Wu — Industrial-Laundry Program Manager"",",
src/content/editorial/about/review-board.json,"""text"": ""Manages Proud Tek's industrial-laundry RFID program and is the named technical reviewer for PPS / silicone / textile tag durability and ISO 6330 wash-cycle testing (see roster above). Point of contact for hospitality customers running pilot deployments in the Shenzhen test facility.""",
src/content/editorial/about/review-board.json,"},",
src/content/editorial/about/review-board.json,{,
src/content/editorial/about/review-board.json,"""icon"": ""👤"",",
src/content/editorial/about/review-board.json,"""id"": ""sam-yao"",",
src/content/editorial/about/review-board.json,"""title"": ""Sam Yao — RFID Solutions Architect"",",
src/content/editorial/about/review-board.json,"""text"": ""Covers UHF RFID systems, inventory and warehouse management, supply-chain RFID and event access control. Author byline on Proud Tek's UHF and logistics articles.""",
src/content/editorial/about/review-board.json,"},",
src/content/editorial/about/review-board.json,{,
src/content/editorial/about/review-board.json,"""icon"": ""👤"",",
src/content/editorial/about/review-board.json,"""id"": ""mia-li"",",
src/content/editorial/about/review-board.json,"""title"": ""Mia Li — Quality & Manufacturing Engineer"",",
src/content/editorial/about/review-board.json,"""text"": ""Covers RFID card materials, hotel key card manufacturing, compliance (ISO, CE, RoHS) and laundry-tag durability. Author byline on Proud Tek's materials and hotel key card articles.""",
src/content/editorial/about/review-board.json,"},",
src/content/editorial/about/review-board.json,{,
src/content/editorial/about/review-board.json,"""icon"": ""👥"",",
src/content/editorial/about/review-board.json,"""title"": ""Proud Tek Engineering Team"",","""title"": ""Proud Tek RF / Production Engineering"","
src/content/editorial/about/review-board.json,"""text"": ""Collective reviewer byline used on product specification pages where technical review is performed jointly by the production-engineering group — wet-inlay assembly, encoding, anti-metal lamination and reader integration — rather than by a single named reviewer.""","""text"": ""Matches chip families and antenna designs to the buyer's installed readers or locks before production starts, writes the encoding specification, approves the first article and — with Quality Control — signs off every batch before release. On this site it is the reviewer of record for product specification pages, compatibility guides and technical articles; specification claims are checked against the vendor datasheet cited in each page's sources block."""
src/content/editorial/about/review-board.json,,"},"
src/content/editorial/about/review-board.json,,"""callout"": {"
src/content/editorial/about/review-board.json,,"""label"": ""Why functions, not names"","
src/content/editorial/about/review-board.json,,"""text"": ""A byline that names a role is one a buyer can hold us to: the function exists, is accountable for the order, and does not change when a person changes jobs. A byline that names a person is only worth publishing when the person's identity and credential can be verified from a public record — we hold that bar rather than publish names that cannot be checked."""
src/content/editorial/about/review-board.json,"""title"": ""How reviewers are vetted"",","""title"": ""How a technical article is checked"","
src/content/editorial/about/review-board.json,"""intro"": ""The board is not self-nominated. Before anyone is added, identity and at least one external credential are verified."",","""intro"": ""The review is the same whichever function drafts the piece."","
src/content/editorial/about/review-board.json,"""label"": ""1 — Nomination"",","""label"": ""1 — Draft with sources"","
src/content/editorial/about/review-board.json,"""text"": ""A reviewer is nominated by an existing board member or applies directly via editors@proudtek.com. Applications include a CV and at least one link to a public professional profile.""","""text"": ""The drafting function writes against the primary source: the standard text, the chip vendor's datasheet, the regulation or the GS1 specification. Every factual claim gets an entry in the article's sources block."""
src/content/editorial/about/review-board.json,"},",
src/content/editorial/about/review-board.json,{,
src/content/editorial/about/review-board.json,"""label"": ""2 — Identity check"",",
src/content/editorial/about/review-board.json,"""text"": ""The editor-in-chief confirms identity by a documented interview (video, recorded) and by cross-checking at least one public profile (LinkedIn, ORCID, company About page, patent filing, conference talk, standards-body roster).""",
src/content/editorial/about/review-board.json,"""label"": ""3 — Credential verification"",","""label"": ""2 — Engineering review"","
src/content/editorial/about/review-board.json,"""text"": ""At least one verifiable credential is checked against the issuing authority: university degree, engineering registration, standards-body member directory, or patent register. Unverifiable credentials are either dropped from the public bio or flagged as 'self-reported'.""","""text"": ""RF / Production Engineering checks chip, frequency, memory, encoding and compatibility statements against the cited datasheet and against what the partner lines actually produce; anything the function cannot verify is removed or labelled as an estimate."""
src/content/editorial/about/review-board.json,"""label"": ""4 — Scope & disclosure"",","""label"": ""3 — Commercial and compliance review"","
src/content/editorial/about/review-board.json,"""text"": ""Reviewer signs the disclosure form listing equity and paid relationships with any vendor they might cover. Disclosures are published on the reviewer's entry.""","""text"": ""MOQ, lead-time, sample-policy and certificate statements are checked against the published terms and the certificate registry on /about/certifications/ so no page promises what the company does not hold."""
src/content/editorial/about/review-board.json,"""label"": ""5 — Trial period"",","""label"": ""4 — Publish and log"","
src/content/editorial/about/review-board.json,"""text"": ""First three reviews are also checked by the editor-in-chief before publication. A reviewer whose trial reviews reveal an accuracy issue is not added to the public roster.""","""text"": ""publishedAt / modifiedAt are set from the actual dates; any later factual change is logged on /about/corrections/."""
src/content/editorial/about/review-board.json,"""title"": ""Removing a reviewer"",","""title"": ""Adding a named contributor"","
src/content/editorial/about/review-board.json,"""intro"": ""We keep the list honest by retiring reviewers who no longer meet the criteria."",","""intro"": ""We will publish a person's byline only when it can be verified. The bar is deliberately high."","
src/content/editorial/about/review-board.json,"""Reviewers inactive for 12 months are moved to an 'emeritus' list; articles they previously signed keep their byline."",","""Identity confirmed against at least one public professional profile (company registry filing, standards-body roster, patent register, conference programme or a professional network profile)."","
src/content/editorial/about/review-board.json,"""A reviewer whose disclosure changes materially (e.g. takes a paid role at a vendor they reviewed) is asked to update their disclosure; if that creates an unmanageable conflict, they are removed from the roster and the affected articles are re-reviewed."",","""At least one verifiable credential checked against the issuing authority; unverifiable credentials are dropped, not labelled."","
src/content/editorial/about/review-board.json,"""A reviewer whose public record turns out to include a credential that cannot be verified is removed immediately; the editor-in-chief reviews every article that carried their signature and logs any corrections.""","""A signed disclosure of equity and paid relationships with any vendor the person might review, published with the entry."","
src/content/editorial/about/review-board.json,,"""A stable anchor on this page and a registry record with `type: Person` and the public profile in `sameAs`, so structured data and the visible byline stay consistent."""
src/content/editorial/about/review-board.json,"""question"": ""Why are some reviewer slots listed as TODO?"",","""question"": ""Why don't your articles name the people who wrote them?"","
src/content/editorial/about/review-board.json,"""answer"": ""Because we would rather publish the roster with empty slots than fabricate reviewer entries. When an article on a topic in an empty slot is ready to publish, it is either held until we recruit a reviewer with verifiable credentials, co-signed by the editor-in-chief plus a named external reviewer (whose credential is cited in the article's sources block), or shipped under the institutional Editorial Board byline until a permanent reviewer is in place.""","""answer"": ""Because we cannot yet publish identities and credentials that a reader can verify from a public record, and a name without that is just a claim. Until we can, bylines credit the functions that actually produce and check the content — the same model rfidak.com, the RFID brand of the same company, uses. The functions are accountable for the content and for every order it leads to."""
src/content/editorial/about/review-board.json,"""question"": ""How do I apply to the review board?"",","""question"": ""Who reviews technical claims before publication?"","
src/content/editorial/about/review-board.json,"""answer"": ""Send a CV, a link to at least one public professional profile, and a one-paragraph note on your specialty area to editors@proudtek.com. We respond within 2 weeks, either with a trial brief or with a note explaining why we cannot onboard at this time.""","""answer"": ""The RF / Production Engineering function — the group that writes the encoding and antenna specifications the partner lines execute and that signs off production batches with Quality Control. It checks chip, frequency, memory, encoding and compatibility statements against the cited vendor datasheet or standard."""
src/content/editorial/about/review-board.json,"""question"": ""Can I challenge a reviewer's credentials?"",","""question"": ""Can I challenge something an article says?"","
src/content/editorial/about/review-board.json,"""answer"": ""Yes. Send the URL of the reviewer's profile and the specific credential you believe is incorrect to editors@proudtek.com. We treat challenges to a reviewer's credentials with the same process as factual corrections. We acknowledge within 2 business days and either update the entry or publish a justification within 5 business days.""","""answer"": ""Yes. Send the URL and the specific claim to editors@proudtek.com. We acknowledge within 2 business days and either correct the article and log the change on /about/corrections/ or explain, with the source, why the text stands."""
src/content/editorial/about/review-board.json,"""question"": ""Is external paid reviewing influenced by sales?"",","""question"": ""Will named authors return?"","
src/content/editorial/about/review-board.json,"""answer"": ""No. Reviewers are paid per review assignment at a fixed rate that does not depend on the article's conclusion, the product it recommends, or subsequent sales. The contract explicitly names the editor-in-chief as the single point of editorial escalation; no sales team member can direct a reviewer's conclusion.""","""answer"": ""When a contributor's identity and at least one credential can be verified from a public record and the disclosure form is signed, yes — the entry will carry the profile link so readers can check it. We would rather publish an accurate institutional byline than an impressive unverifiable one."""
src/content/editorial/about/review-board.json,"""reviewedBySlug"": ""nancy-wu""","""reviewedBySlug"": ""proudtek-engineering"","
src/content/editorial/about/review-board.json,,"""author"": ""Proud Tek Editorial Team"","
src/content/editorial/about/review-board.json,,"""reviewedBy"": ""Proud Tek RF / Production Engineering"""
src/content/editorial/about/terms-of-use.json,"""authorSlug"": ""peter-zhang"",","""authorSlug"": ""editorial-board"","
src/content/editorial/about/terms-of-use.json,"""reviewedBySlug"": ""nancy-wu""","""reviewedBySlug"": ""proudtek-engineering"","
src/content/editorial/about/terms-of-use.json,,"""author"": ""Proud Tek Editorial Team"","
src/content/editorial/about/terms-of-use.json,,"""reviewedBy"": ""Proud Tek RF / Production Engineering"""
src/content/editorial/blog.json,"""answer"": ""Posts are written by the Proud Tek engineering team and reviewed by Peter Zhang or a topic-relevant subject expert before publication. Bylines link to the author profile under /about/review-board/.""","""answer"": ""Posts are written by the Proud Tek Editorial Team and reviewed by the RF / Production Engineering function before publication. Bylines link to the function profiles under /about/review-board/."""
src/content/editorial/blog.json,"""authorSlug"": ""peter-zhang"",","""authorSlug"": ""editorial-board"","
src/content/editorial/blog.json,"""reviewedBySlug"": ""nancy-wu"",","""reviewedBySlug"": ""proudtek-engineering"","
src/content/editorial/blog.json,"""reviewedAt"": ""2026-04-28""","""reviewedAt"": ""2026-04-28"","
src/content/editorial/blog.json,,"""author"": ""Proud Tek Editorial Team"","
src/content/editorial/blog.json,,"""reviewedBy"": ""Proud Tek RF / Production Engineering"""
src/content/editorial/blog/access-card-copied-security-upgrade.json,"""authorSlug"": ""peter-zhang"",","""authorSlug"": ""editorial-board"","
src/content/editorial/blog/access-card-copied-security-upgrade.json,"""reviewedBySlug"": ""nancy-wu"",","""reviewedBySlug"": ""proudtek-engineering"","
src/content/editorial/blog/access-card-copied-security-upgrade.json,],"],"
src/content/editorial/blog/access-card-copied-security-upgrade.json,,"""author"": ""Proud Tek Editorial Team"","
src/content/editorial/blog/access-card-copied-security-upgrade.json,,"""reviewedBy"": ""Proud Tek RF / Production Engineering"""
src/content/editorial/blog/ai-rfid-inventory-management.json,"""authorSlug"": ""peter-zhang"",","""authorSlug"": ""editorial-board"","
src/content/editorial/blog/ai-rfid-inventory-management.json,"""reviewedBySlug"": ""nancy-wu"",","""reviewedBySlug"": ""proudtek-engineering"","
src/content/editorial/blog/ai-rfid-inventory-management.json,"""modifiedAt"": ""2026-07-08""","""modifiedAt"": ""2026-07-08"","
src/content/editorial/blog/ai-rfid-inventory-management.json,,"""author"": ""Proud Tek Editorial Team"","
src/content/editorial/blog/ai-rfid-inventory-management.json,,"""reviewedBy"": ""Proud Tek RF / Production Engineering"""
src/content/editorial/blog/anti-counterfeit-nfc-luxury-bags.json,"""authorSlug"": ""peter-zhang"",","""authorSlug"": ""editorial-board"","
src/content/editorial/blog/anti-counterfeit-nfc-luxury-bags.json,"""reviewedBySlug"": ""nancy-wu"",","""reviewedBySlug"": ""proudtek-engineering"","
src/content/editorial/blog/anti-counterfeit-nfc-luxury-bags.json,"""reviewedAt"": ""2026-05-09""","""reviewedAt"": ""2026-05-09"","
src/content/editorial/blog/anti-counterfeit-nfc-luxury-bags.json,,"""author"": ""Proud Tek Editorial Team"","
src/content/editorial/blog/anti-counterfeit-nfc-luxury-bags.json,,"""reviewedBy"": ""Proud Tek RF / Production Engineering"""
src/content/editorial/blog/anti-counterfeiting-rfid-events.json,"""authorSlug"": ""peter-zhang"",","""authorSlug"": ""editorial-board"","
src/content/editorial/blog/anti-counterfeiting-rfid-events.json,"""reviewedBySlug"": ""nancy-wu"",","""reviewedBySlug"": ""proudtek-engineering"","
src/content/editorial/blog/anti-counterfeiting-rfid-events.json,],"],"
src/content/editorial/blog/anti-counterfeiting-rfid-events.json,,"""author"": ""Proud Tek Editorial Team"","
src/content/editorial/blog/anti-counterfeiting-rfid-events.json,,"""reviewedBy"": ""Proud Tek RF / Production Engineering"""
src/content/editorial/blog/autoclave-compatible-rfid-tags-sterile-environments.json,"""authorSlug"": ""peter-zhang"",","""authorSlug"": ""editorial-board"","
src/content/editorial/blog/autoclave-compatible-rfid-tags-sterile-environments.json,"""reviewedBySlug"": ""nancy-wu"",","""reviewedBySlug"": ""proudtek-engineering"","
src/content/editorial/blog/autoclave-compatible-rfid-tags-sterile-environments.json,"""reviewedAt"": ""2026-05-09""","""reviewedAt"": ""2026-05-09"","
src/content/editorial/blog/autoclave-compatible-rfid-tags-sterile-environments.json,,"""author"": ""Proud Tek Editorial Team"","
src/content/editorial/blog/autoclave-compatible-rfid-tags-sterile-environments.json,,"""reviewedBy"": ""Proud Tek RF / Production Engineering"""
src/content/editorial/blog/barcode-labels-peeling-warehouse-rfid-solution.json,"""authorSlug"": ""peter-zhang"",","""authorSlug"": ""editorial-board"","
src/content/editorial/blog/barcode-labels-peeling-warehouse-rfid-solution.json,"""reviewedBySlug"": ""nancy-wu"",","""reviewedBySlug"": ""proudtek-engineering"","
src/content/editorial/blog/barcode-labels-peeling-warehouse-rfid-solution.json,],"],"
src/content/editorial/blog/barcode-labels-peeling-warehouse-rfid-solution.json,,"""author"": ""Proud Tek Editorial Team"","
src/content/editorial/blog/barcode-labels-peeling-warehouse-rfid-solution.json,,"""reviewedBy"": ""Proud Tek RF / Production Engineering"""
src/content/editorial/blog/best-rfid-card-for-hotels.json,"""Proud Tek supplies both — factory-direct hotel key cards in MIFARE Classic, DESFire EV2/EV3, Ultralight and dual-technology formats for ASSA ABLOY, Dormakaba, Salto, Onity and other lock brands. Compatibility is per lock model and encoder: send a guest card or lock photo and we confirm before sampling.""","""Proud Tek supplies both — manufacturer-direct hotel key cards in MIFARE Classic, DESFire EV2/EV3, Ultralight and dual-technology formats for ASSA ABLOY, Dormakaba, Salto, Onity and other lock brands. Compatibility is per lock model and encoder: send a guest card or lock photo and we confirm before sampling."""
src/content/editorial/blog/best-rfid-card-for-hotels.json,"""authorSlug"": ""peter-zhang"",","""authorSlug"": ""editorial-board"","
src/content/editorial/blog/best-rfid-card-for-hotels.json,"""reviewedBySlug"": ""nancy-wu"",","""reviewedBySlug"": ""proudtek-engineering"","
src/content/editorial/blog/best-rfid-card-for-hotels.json,],"],"
src/content/editorial/blog/best-rfid-card-for-hotels.json,,"""author"": ""Proud Tek Editorial Team"","
src/content/editorial/blog/best-rfid-card-for-hotels.json,,"""reviewedBy"": ""Proud Tek RF / Production Engineering"""
src/content/editorial/blog/brand-protection-rfid-spot-counterfeits.json,"""authorSlug"": ""peter-zhang"",","""authorSlug"": ""editorial-board"","
src/content/editorial/blog/brand-protection-rfid-spot-counterfeits.json,"""reviewedBySlug"": ""nancy-wu"",","""reviewedBySlug"": ""proudtek-engineering"","
src/content/editorial/blog/brand-protection-rfid-spot-counterfeits.json,"""reviewedAt"": ""2026-05-10""","""reviewedAt"": ""2026-05-10"","
src/content/editorial/blog/brand-protection-rfid-spot-counterfeits.json,,"""author"": ""Proud Tek Editorial Team"","
src/content/editorial/blog/brand-protection-rfid-spot-counterfeits.json,,"""reviewedBy"": ""Proud Tek RF / Production Engineering"""
src/content/editorial/blog/case-study-3pl-rfid-99-percent-inventory-accuracy.json,"""authorSlug"": ""peter-zhang"",","""authorSlug"": ""editorial-board"","
src/content/editorial/blog/case-study-3pl-rfid-99-percent-inventory-accuracy.json,"""reviewedBySlug"": ""nancy-wu"",","""reviewedBySlug"": ""proudtek-engineering"","
src/content/editorial/blog/case-study-3pl-rfid-99-percent-inventory-accuracy.json,"""modifiedAt"": ""2026-07-07T10:00:00Z""","""modifiedAt"": ""2026-07-07T10:00:00Z"","
src/content/editorial/blog/case-study-3pl-rfid-99-percent-inventory-accuracy.json,,"""author"": ""Proud Tek Editorial Team"","
src/content/editorial/blog/case-study-3pl-rfid-99-percent-inventory-accuracy.json,,"""reviewedBy"": ""Proud Tek RF / Production Engineering"""
src/content/editorial/blog/case-study-apparel-brand-walmart-rfid-mandate-99-read-rate.json,"""authorSlug"": ""peter-zhang"",","""authorSlug"": ""editorial-board"","
src/content/editorial/blog/case-study-apparel-brand-walmart-rfid-mandate-99-read-rate.json,"""reviewedBySlug"": ""nancy-wu"",","""reviewedBySlug"": ""proudtek-engineering"","
src/content/editorial/blog/case-study-apparel-brand-walmart-rfid-mandate-99-read-rate.json,"""modifiedAt"": ""2026-06-11T10:00:00Z""","""modifiedAt"": ""2026-06-11T10:00:00Z"","
src/content/editorial/blog/case-study-apparel-brand-walmart-rfid-mandate-99-read-rate.json,,"""author"": ""Proud Tek Editorial Team"","
src/content/editorial/blog/case-study-apparel-brand-walmart-rfid-mandate-99-read-rate.json,,"""reviewedBy"": ""Proud Tek RF / Production Engineering"""
src/content/editorial/blog/case-study-boutique-hotel-rfid-keycard-cost-reduction.json,"""authorSlug"": ""peter-zhang"",","""authorSlug"": ""editorial-board"","
src/content/editorial/blog/case-study-boutique-hotel-rfid-keycard-cost-reduction.json,"""reviewedBySlug"": ""nancy-wu"",","""reviewedBySlug"": ""proudtek-engineering"","
src/content/editorial/blog/case-study-boutique-hotel-rfid-keycard-cost-reduction.json,"""modifiedAt"": ""2026-07-07""","""modifiedAt"": ""2026-07-07"","
src/content/editorial/blog/case-study-boutique-hotel-rfid-keycard-cost-reduction.json,,"""author"": ""Proud Tek Editorial Team"","
src/content/editorial/blog/case-study-boutique-hotel-rfid-keycard-cost-reduction.json,,"""reviewedBy"": ""Proud Tek RF / Production Engineering"""
src/content/editorial/blog/case-study-regional-hospital-rfid-surgical-sponge-rss-prevention.json,"""authorSlug"": ""peter-zhang"",","""authorSlug"": ""editorial-board"","
src/content/editorial/blog/case-study-regional-hospital-rfid-surgical-sponge-rss-prevention.json,"""reviewedBySlug"": ""nancy-wu"",","""reviewedBySlug"": ""proudtek-engineering"","
src/content/editorial/blog/case-study-regional-hospital-rfid-surgical-sponge-rss-prevention.json,"""reviewedAt"": ""2026-05-09""","""reviewedAt"": ""2026-05-09"","
src/content/editorial/blog/case-study-regional-hospital-rfid-surgical-sponge-rss-prevention.json,,"""author"": ""Proud Tek Editorial Team"","
src/content/editorial/blog/case-study-regional-hospital-rfid-surgical-sponge-rss-prevention.json,,"""reviewedBy"": ""Proud Tek RF / Production Engineering"""
src/content/editorial/blog/case-study-restaurant-group-nfc-review-cards-google-reviews-320-percent.json,"""authorSlug"": ""peter-zhang"",","""authorSlug"": ""editorial-board"","
src/content/editorial/blog/case-study-restaurant-group-nfc-review-cards-google-reviews-320-percent.json,"""reviewedBySlug"": ""nancy-wu"",","""reviewedBySlug"": ""proudtek-engineering"","
src/content/editorial/blog/case-study-restaurant-group-nfc-review-cards-google-reviews-320-percent.json,"""reviewedAt"": ""2026-05-09""","""reviewedAt"": ""2026-05-09"","
src/content/editorial/blog/case-study-restaurant-group-nfc-review-cards-google-reviews-320-percent.json,,"""author"": ""Proud Tek Editorial Team"","
src/content/editorial/blog/case-study-restaurant-group-nfc-review-cards-google-reviews-320-percent.json,,"""reviewedBy"": ""Proud Tek RF / Production Engineering"""
src/content/editorial/blog/china-rfid-factory-audit-checklist.json,"""authorSlug"": ""peter-zhang"",","""authorSlug"": ""editorial-board"","
src/content/editorial/blog/china-rfid-factory-audit-checklist.json,"""reviewedBySlug"": ""nancy-wu"",","""reviewedBySlug"": ""proudtek-engineering"","
src/content/editorial/blog/china-rfid-factory-audit-checklist.json,"""modifiedAt"": ""2026-07-07T12:00:00Z""","""modifiedAt"": ""2026-07-07T12:00:00Z"","
src/content/editorial/blog/china-rfid-factory-audit-checklist.json,,"""author"": ""Proud Tek Editorial Team"","
src/content/editorial/blog/china-rfid-factory-audit-checklist.json,,"""reviewedBy"": ""Proud Tek RF / Production Engineering"""
src/content/editorial/blog/coconut-shell-rfid-wristbands-eco.json,"""authorSlug"": ""peter-zhang"",","""authorSlug"": ""editorial-board"","
src/content/editorial/blog/coconut-shell-rfid-wristbands-eco.json,"""reviewedBySlug"": ""nancy-wu"",","""reviewedBySlug"": ""proudtek-engineering"","
src/content/editorial/blog/coconut-shell-rfid-wristbands-eco.json,],"],"
src/content/editorial/blog/coconut-shell-rfid-wristbands-eco.json,,"""author"": ""Proud Tek Editorial Team"","
src/content/editorial/blog/coconut-shell-rfid-wristbands-eco.json,,"""reviewedBy"": ""Proud Tek RF / Production Engineering"""
src/content/editorial/blog/cost-per-rfid-tag-2026.json,"""Factory-direct pricing: Proud Tek manufactures RFID tags in-house in Shenzhen — typically 20-35% below trading companies and distributors, because the middleman's margin is a line item you can simply delete.""","""Manufacturer-direct pricing: Proud Tek specifies and quality-controls RFID tags produced on its contracted partner lines in Shenzhen — typically 20-35% below trading companies and distributors, because the middleman's margin is a line item you can simply delete."""
src/content/editorial/blog/cost-per-rfid-tag-2026.json,"""description"": ""Get factory-direct quotes for your specific tag requirements."",","""description"": ""Get manufacturer-direct quotes for your specific tag requirements."","
src/content/editorial/blog/cost-per-rfid-tag-2026.json,"""authorSlug"": ""peter-zhang"",","""authorSlug"": ""editorial-board"","
src/content/editorial/blog/cost-per-rfid-tag-2026.json,"""reviewedBySlug"": ""nancy-wu"",","""reviewedBySlug"": ""proudtek-engineering"","
src/content/editorial/blog/cost-per-rfid-tag-2026.json,"""modifiedAt"": ""2026-07-08""","""modifiedAt"": ""2026-07-08"","
src/content/editorial/blog/cost-per-rfid-tag-2026.json,,"""author"": ""Proud Tek Editorial Team"","
src/content/editorial/blog/cost-per-rfid-tag-2026.json,,"""reviewedBy"": ""Proud Tek RF / Production Engineering"""
src/content/editorial/blog/department-store-rfid-smart-shelf-eas.json,"""authorSlug"": ""peter-zhang"",","""authorSlug"": ""editorial-board"","
src/content/editorial/blog/department-store-rfid-smart-shelf-eas.json,"""reviewedBySlug"": ""nancy-wu"",","""reviewedBySlug"": ""proudtek-engineering"","
src/content/editorial/blog/department-store-rfid-smart-shelf-eas.json,"""reviewedAt"": ""2026-05-10""","""reviewedAt"": ""2026-05-10"","
src/content/editorial/blog/department-store-rfid-smart-shelf-eas.json,,"""author"": ""Proud Tek Editorial Team"","
src/content/editorial/blog/department-store-rfid-smart-shelf-eas.json,,"""reviewedBy"": ""Proud Tek RF / Production Engineering"""
src/content/editorial/blog/desfire-ev1-vs-ev2-vs-ev3.json,"""authorSlug"": ""peter-zhang"",","""authorSlug"": ""editorial-board"","
src/content/editorial/blog/desfire-ev1-vs-ev2-vs-ev3.json,"""reviewedBySlug"": ""nancy-wu"",","""reviewedBySlug"": ""proudtek-engineering"","
src/content/editorial/blog/desfire-ev1-vs-ev2-vs-ev3.json,"""modifiedAt"": ""2026-06-04T04:19:35Z""","""modifiedAt"": ""2026-06-04T04:19:35Z"","
src/content/editorial/blog/desfire-ev1-vs-ev2-vs-ev3.json,,"""author"": ""Proud Tek Editorial Team"","
src/content/editorial/blog/desfire-ev1-vs-ev2-vs-ev3.json,,"""reviewedBy"": ""Proud Tek RF / Production Engineering"""
src/content/editorial/blog/difference-nfc-rfid-explained.json,"""authorSlug"": ""peter-zhang"",","""authorSlug"": ""editorial-board"","
src/content/editorial/blog/difference-nfc-rfid-explained.json,"""reviewedBySlug"": ""nancy-wu"",","""reviewedBySlug"": ""proudtek-engineering"","
src/content/editorial/blog/difference-nfc-rfid-explained.json,"""modifiedAt"": ""2026-07-07T12:00:00Z""","""modifiedAt"": ""2026-07-07T12:00:00Z"","
src/content/editorial/blog/difference-nfc-rfid-explained.json,,"""author"": ""Proud Tek Editorial Team"","
src/content/editorial/blog/difference-nfc-rfid-explained.json,,"""reviewedBy"": ""Proud Tek RF / Production Engineering"""
src/content/editorial/blog/digital-product-passports-nfc.json,"""authorSlug"": ""peter-zhang"",","""authorSlug"": ""editorial-board"","
src/content/editorial/blog/digital-product-passports-nfc.json,"""reviewedBySlug"": ""nancy-wu"",","""reviewedBySlug"": ""proudtek-engineering"","
src/content/editorial/blog/digital-product-passports-nfc.json,"""modifiedAt"": ""2026-07-09T12:00:00Z""","""modifiedAt"": ""2026-07-09T12:00:00Z"","
src/content/editorial/blog/digital-product-passports-nfc.json,,"""author"": ""Proud Tek Editorial Team"","
src/content/editorial/blog/digital-product-passports-nfc.json,,"""reviewedBy"": ""Proud Tek RF / Production Engineering"""
src/content/editorial/blog/dscsa-phase-3-pharmaceutical-wholesaler-compliance.json,"""authorSlug"": ""peter-zhang"",","""authorSlug"": ""editorial-board"","
src/content/editorial/blog/dscsa-phase-3-pharmaceutical-wholesaler-compliance.json,"""reviewedBySlug"": ""nancy-wu"",","""reviewedBySlug"": ""proudtek-engineering"","
src/content/editorial/blog/dscsa-phase-3-pharmaceutical-wholesaler-compliance.json,"""reviewedAt"": ""2026-05-09""","""reviewedAt"": ""2026-05-09"","
src/content/editorial/blog/dscsa-phase-3-pharmaceutical-wholesaler-compliance.json,,"""author"": ""Proud Tek Editorial Team"","
src/content/editorial/blog/dscsa-phase-3-pharmaceutical-wholesaler-compliance.json,,"""reviewedBy"": ""Proud Tek RF / Production Engineering"""
src/content/editorial/blog/eco-friendly-rfid-sustainable-cards.json,"""authorSlug"": ""peter-zhang"",","""authorSlug"": ""editorial-board"","
src/content/editorial/blog/eco-friendly-rfid-sustainable-cards.json,"""reviewedBySlug"": ""nancy-wu"",","""reviewedBySlug"": ""proudtek-engineering"","
src/content/editorial/blog/eco-friendly-rfid-sustainable-cards.json,"""reviewedAt"": ""2026-05-10""","""reviewedAt"": ""2026-05-10"","
src/content/editorial/blog/eco-friendly-rfid-sustainable-cards.json,,"""author"": ""Proud Tek Editorial Team"","
src/content/editorial/blog/eco-friendly-rfid-sustainable-cards.json,,"""reviewedBy"": ""Proud Tek RF / Production Engineering"""
src/content/editorial/blog/eu-battery-passport-rfid-nfc-implementation.json,"""authorSlug"": ""peter-zhang"",","""authorSlug"": ""editorial-board"","
src/content/editorial/blog/eu-battery-passport-rfid-nfc-implementation.json,"""reviewedBySlug"": ""nancy-wu"",","""reviewedBySlug"": ""proudtek-engineering"","
src/content/editorial/blog/eu-battery-passport-rfid-nfc-implementation.json,"""modifiedAt"": ""2026-07-07T12:00:00Z""","""modifiedAt"": ""2026-07-07T12:00:00Z"","
src/content/editorial/blog/eu-battery-passport-rfid-nfc-implementation.json,,"""author"": ""Proud Tek Editorial Team"","
src/content/editorial/blog/eu-battery-passport-rfid-nfc-implementation.json,,"""reviewedBy"": ""Proud Tek RF / Production Engineering"""
src/content/editorial/blog/eu-espr-digital-product-passport-apparel.json,"""authorSlug"": ""peter-zhang"",","""authorSlug"": ""editorial-board"","
src/content/editorial/blog/eu-espr-digital-product-passport-apparel.json,"""reviewedBySlug"": ""nancy-wu"",","""reviewedBySlug"": ""proudtek-engineering"","
src/content/editorial/blog/eu-espr-digital-product-passport-apparel.json,"""reviewedAt"": ""2026-05-10""","""reviewedAt"": ""2026-05-10"","
src/content/editorial/blog/eu-espr-digital-product-passport-apparel.json,,"""author"": ""Proud Tek Editorial Team"","
src/content/editorial/blog/eu-espr-digital-product-passport-apparel.json,,"""reviewedBy"": ""Proud Tek RF / Production Engineering"""
src/content/editorial/blog/eu-fmd-vs-dscsa-pharmaceutical-serialization.json,"""authorSlug"": ""peter-zhang"",","""authorSlug"": ""editorial-board"","
src/content/editorial/blog/eu-fmd-vs-dscsa-pharmaceutical-serialization.json,"""reviewedBySlug"": ""nancy-wu"",","""reviewedBySlug"": ""proudtek-engineering"","
src/content/editorial/blog/eu-fmd-vs-dscsa-pharmaceutical-serialization.json,"""reviewedAt"": ""2026-05-09""","""reviewedAt"": ""2026-05-09"","
src/content/editorial/blog/eu-fmd-vs-dscsa-pharmaceutical-serialization.json,,"""author"": ""Proud Tek Editorial Team"","
src/content/editorial/blog/eu-fmd-vs-dscsa-pharmaceutical-serialization.json,,"""reviewedBy"": ""Proud Tek RF / Production Engineering"""
src/content/editorial/blog/google-review-nfc-cards-restaurants.json,"""authorSlug"": ""peter-zhang"",","""authorSlug"": ""editorial-board"","
src/content/editorial/blog/google-review-nfc-cards-restaurants.json,"""reviewedBySlug"": ""nancy-wu"",","""reviewedBySlug"": ""proudtek-engineering"","
src/content/editorial/blog/google-review-nfc-cards-restaurants.json,"""modifiedAt"": ""2026-07-09""","""modifiedAt"": ""2026-07-09"","
src/content/editorial/blog/google-review-nfc-cards-restaurants.json,,"""author"": ""Proud Tek Editorial Team"","
src/content/editorial/blog/google-review-nfc-cards-restaurants.json,,"""reviewedBy"": ""Proud Tek RF / Production Engineering"""
src/content/editorial/blog/hipaa-compliant-patient-id-rfid-wristband.json,"""authorSlug"": ""peter-zhang"",","""authorSlug"": ""editorial-board"","
src/content/editorial/blog/hipaa-compliant-patient-id-rfid-wristband.json,"""reviewedBySlug"": ""nancy-wu"",","""reviewedBySlug"": ""proudtek-engineering"","
src/content/editorial/blog/hipaa-compliant-patient-id-rfid-wristband.json,"""reviewedAt"": ""2026-05-09""","""reviewedAt"": ""2026-05-09"","
src/content/editorial/blog/hipaa-compliant-patient-id-rfid-wristband.json,,"""author"": ""Proud Tek Editorial Team"","
src/content/editorial/blog/hipaa-compliant-patient-id-rfid-wristband.json,,"""reviewedBy"": ""Proud Tek RF / Production Engineering"""
src/content/editorial/blog/hospital-linen-rfid-joint-commission-audit.json,"""authorSlug"": ""nancy-wu"",","""authorSlug"": ""editorial-board"","
src/content/editorial/blog/hospital-linen-rfid-joint-commission-audit.json,"""reviewedBySlug"": ""peter-zhang"",","""reviewedBySlug"": ""proudtek-engineering"","
src/content/editorial/blog/hospital-linen-rfid-joint-commission-audit.json,"""reviewedAt"": ""2026-05-09""","""reviewedAt"": ""2026-05-09"","
src/content/editorial/blog/hospital-linen-rfid-joint-commission-audit.json,,"""author"": ""Proud Tek Editorial Team"","
src/content/editorial/blog/hospital-linen-rfid-joint-commission-audit.json,,"""reviewedBy"": ""Proud Tek RF / Production Engineering"""
src/content/editorial/blog/hospital-surgical-instrument-rfid-tracking.json,"""authorSlug"": ""peter-zhang"",","""authorSlug"": ""editorial-board"","
src/content/editorial/blog/hospital-surgical-instrument-rfid-tracking.json,"""reviewedBySlug"": ""nancy-wu"",","""reviewedBySlug"": ""proudtek-engineering"","
src/content/editorial/blog/hospital-surgical-instrument-rfid-tracking.json,"""reviewedAt"": ""2026-05-09""","""reviewedAt"": ""2026-05-09"","
src/content/editorial/blog/hospital-surgical-instrument-rfid-tracking.json,,"""author"": ""Proud Tek Editorial Team"","
src/content/editorial/blog/hospital-surgical-instrument-rfid-tracking.json,,"""reviewedBy"": ""Proud Tek RF / Production Engineering"""
src/content/editorial/blog/hotel-key-card-not-working-troubleshooting.json,"""authorSlug"": ""peter-zhang"",","""authorSlug"": ""editorial-board"","
src/content/editorial/blog/hotel-key-card-not-working-troubleshooting.json,"""reviewedBySlug"": ""nancy-wu"",","""reviewedBySlug"": ""proudtek-engineering"","
src/content/editorial/blog/hotel-key-card-not-working-troubleshooting.json,],"],"
src/content/editorial/blog/hotel-key-card-not-working-troubleshooting.json,,"""author"": ""Proud Tek Editorial Team"","
src/content/editorial/blog/hotel-key-card-not-working-troubleshooting.json,,"""reviewedBy"": ""Proud Tek RF / Production Engineering"""
src/content/editorial/blog/hotel-key-card-suppliers-guide.json,"""authorSlug"": ""peter-zhang"",","""authorSlug"": ""editorial-board"","
src/content/editorial/blog/hotel-key-card-suppliers-guide.json,"""reviewedBySlug"": ""nancy-wu"",","""reviewedBySlug"": ""proudtek-engineering"","
src/content/editorial/blog/hotel-key-card-suppliers-guide.json,"""modifiedAt"": ""2026-07-07""","""modifiedAt"": ""2026-07-07"","
src/content/editorial/blog/hotel-key-card-suppliers-guide.json,,"""author"": ""Proud Tek Editorial Team"","
src/content/editorial/blog/hotel-key-card-suppliers-guide.json,,"""reviewedBy"": ""Proud Tek RF / Production Engineering"""
src/content/editorial/blog/hotel-keycard-deactivated-phone-magnet.json,"""authorSlug"": ""peter-zhang"",","""authorSlug"": ""editorial-board"","
src/content/editorial/blog/hotel-keycard-deactivated-phone-magnet.json,"""reviewedBySlug"": ""nancy-wu"",","""reviewedBySlug"": ""proudtek-engineering"","
src/content/editorial/blog/hotel-keycard-deactivated-phone-magnet.json,],"],"
src/content/editorial/blog/hotel-keycard-deactivated-phone-magnet.json,,"""author"": ""Proud Tek Editorial Team"","
src/content/editorial/blog/hotel-keycard-deactivated-phone-magnet.json,,"""reviewedBy"": ""Proud Tek RF / Production Engineering"""
src/content/editorial/blog/how-far-uhf-rfid-tag-read.json,"""authorSlug"": ""peter-zhang"",","""authorSlug"": ""editorial-board"","
src/content/editorial/blog/how-far-uhf-rfid-tag-read.json,"""reviewedBySlug"": ""nancy-wu"",","""reviewedBySlug"": ""proudtek-engineering"","
src/content/editorial/blog/how-far-uhf-rfid-tag-read.json,"""modifiedAt"": ""2026-07-07""","""modifiedAt"": ""2026-07-07"","
src/content/editorial/blog/how-far-uhf-rfid-tag-read.json,,"""author"": ""Proud Tek Editorial Team"","
src/content/editorial/blog/how-far-uhf-rfid-tag-read.json,,"""reviewedBy"": ""Proud Tek RF / Production Engineering"""
src/content/editorial/blog/how-hotel-rfid-key-cards-work.json,"""authorSlug"": ""peter-zhang"",","""authorSlug"": ""editorial-board"","
src/content/editorial/blog/how-hotel-rfid-key-cards-work.json,"""reviewedBySlug"": ""nancy-wu"",","""reviewedBySlug"": ""proudtek-engineering"","
src/content/editorial/blog/how-hotel-rfid-key-cards-work.json,],"],"
src/content/editorial/blog/how-hotel-rfid-key-cards-work.json,,"""author"": ""Proud Tek Editorial Team"","
src/content/editorial/blog/how-hotel-rfid-key-cards-work.json,,"""reviewedBy"": ""Proud Tek RF / Production Engineering"""
src/content/editorial/blog/how-nfc-tags-work-smartphones.json,"""authorSlug"": ""peter-zhang"",","""authorSlug"": ""editorial-board"","
src/content/editorial/blog/how-nfc-tags-work-smartphones.json,"""reviewedBySlug"": ""nancy-wu"",","""reviewedBySlug"": ""proudtek-engineering"","
src/content/editorial/blog/how-nfc-tags-work-smartphones.json,"""modifiedAt"": ""2026-07-07""","""modifiedAt"": ""2026-07-07"","
src/content/editorial/blog/how-nfc-tags-work-smartphones.json,,"""author"": ""Proud Tek Editorial Team"","
src/content/editorial/blog/how-nfc-tags-work-smartphones.json,,"""reviewedBy"": ""Proud Tek RF / Production Engineering"""
src/content/editorial/blog/how-rfid-readers-work.json,"""authorSlug"": ""peter-zhang"",","""authorSlug"": ""editorial-board"","
src/content/editorial/blog/how-rfid-readers-work.json,"""reviewedBySlug"": ""nancy-wu"",","""reviewedBySlug"": ""proudtek-engineering"","
src/content/editorial/blog/how-rfid-readers-work.json,"""modifiedAt"": ""2026-07-08""","""modifiedAt"": ""2026-07-08"","
src/content/editorial/blog/how-rfid-readers-work.json,,"""author"": ""Proud Tek Editorial Team"","
src/content/editorial/blog/how-rfid-readers-work.json,,"""reviewedBy"": ""Proud Tek RF / Production Engineering"""
src/content/editorial/blog/how-to-program-nfc-tags.json,"""authorSlug"": ""peter-zhang"",","""authorSlug"": ""editorial-board"","
src/content/editorial/blog/how-to-program-nfc-tags.json,"""reviewedBySlug"": ""nancy-wu"",","""reviewedBySlug"": ""proudtek-engineering"","
src/content/editorial/blog/how-to-program-nfc-tags.json,"""modifiedAt"": ""2026-07-08""","""modifiedAt"": ""2026-07-08"","
src/content/editorial/blog/how-to-program-nfc-tags.json,,"""author"": ""Proud Tek Editorial Team"","
src/content/editorial/blog/how-to-program-nfc-tags.json,,"""reviewedBy"": ""Proud Tek RF / Production Engineering"""
src/content/editorial/blog/item-level-rfid-cosmetics-authentication.json,"""authorSlug"": ""peter-zhang"",","""authorSlug"": ""editorial-board"","
src/content/editorial/blog/item-level-rfid-cosmetics-authentication.json,"""reviewedBySlug"": ""nancy-wu"",","""reviewedBySlug"": ""proudtek-engineering"","
src/content/editorial/blog/item-level-rfid-cosmetics-authentication.json,"""modifiedAt"": ""2026-07-07""","""modifiedAt"": ""2026-07-07"","
src/content/editorial/blog/item-level-rfid-cosmetics-authentication.json,,"""author"": ""Proud Tek Editorial Team"","
src/content/editorial/blog/item-level-rfid-cosmetics-authentication.json,,"""reviewedBy"": ""Proud Tek RF / Production Engineering"""
src/content/editorial/blog/java-cards-smart-card-os-explained.json,"""authorSlug"": ""peter-zhang"",","""authorSlug"": ""editorial-board"","
src/content/editorial/blog/java-cards-smart-card-os-explained.json,"""reviewedBySlug"": ""nancy-wu"",","""reviewedBySlug"": ""proudtek-engineering"","
src/content/editorial/blog/java-cards-smart-card-os-explained.json,"""modifiedAt"": ""2026-07-08""","""modifiedAt"": ""2026-07-08"","
src/content/editorial/blog/java-cards-smart-card-os-explained.json,,"""author"": ""Proud Tek Editorial Team"","
src/content/editorial/blog/java-cards-smart-card-os-explained.json,,"""reviewedBy"": ""Proud Tek RF / Production Engineering"""
src/content/editorial/blog/luxury-resale-nfc-authentication.json,"""authorSlug"": ""peter-zhang"",","""authorSlug"": ""editorial-board"","
src/content/editorial/blog/luxury-resale-nfc-authentication.json,"""reviewedBySlug"": ""nancy-wu"",","""reviewedBySlug"": ""proudtek-engineering"","
src/content/editorial/blog/luxury-resale-nfc-authentication.json,"""modifiedAt"": ""2026-07-08""","""modifiedAt"": ""2026-07-08"","
src/content/editorial/blog/luxury-resale-nfc-authentication.json,,"""author"": ""Proud Tek Editorial Team"","
src/content/editorial/blog/luxury-resale-nfc-authentication.json,,"""reviewedBy"": ""Proud Tek RF / Production Engineering"""
src/content/editorial/blog/macys-rfid-vendor-compliance-guide.json,"""Tag origin rule: Nordstrom historically prohibited in-house factory tag printing — every RFID tag had to come from a third-party Auburn-approved label converter. From 2022 Nordstrom began accepting in-house factory printing on a per-manufacturer review basis. Macy's accepts in-house printing without prior approval as long as the inlay is on the approved list. Shipping to both? Default to a third-party converter and you satisfy Nordstrom and Macy's in one move."",","""Tag origin rule: Nordstrom historically prohibited in-house factory tag printing — every RFID tag had to come from a third-party Auburn-approved label converter. From 2022 Nordstrom began accepting in-house factory printing on a per-manufacturer review basis. Macy's accepts partner-line printing without prior approval as long as the inlay is on the approved list. Shipping to both? Default to a third-party converter and you satisfy Nordstrom and Macy's in one move."","
src/content/editorial/blog/macys-rfid-vendor-compliance-guide.json,"""authorSlug"": ""peter-zhang"",","""authorSlug"": ""editorial-board"","
src/content/editorial/blog/macys-rfid-vendor-compliance-guide.json,"""reviewedBySlug"": ""nancy-wu"",","""reviewedBySlug"": ""proudtek-engineering"","
src/content/editorial/blog/macys-rfid-vendor-compliance-guide.json,"""reviewedAt"": ""2026-05-10""","""reviewedAt"": ""2026-05-10"","
src/content/editorial/blog/macys-rfid-vendor-compliance-guide.json,,"""author"": ""Proud Tek Editorial Team"","
src/content/editorial/blog/macys-rfid-vendor-compliance-guide.json,,"""reviewedBy"": ""Proud Tek RF / Production Engineering"""
src/content/editorial/blog/manual-inventory-counting-errors-rfid.json,"""authorSlug"": ""peter-zhang"",","""authorSlug"": ""editorial-board"","
src/content/editorial/blog/manual-inventory-counting-errors-rfid.json,"""reviewedBySlug"": ""nancy-wu"",","""reviewedBySlug"": ""proudtek-engineering"","
src/content/editorial/blog/manual-inventory-counting-errors-rfid.json,],"],"
src/content/editorial/blog/manual-inventory-counting-errors-rfid.json,,"""author"": ""Proud Tek Editorial Team"","
src/content/editorial/blog/manual-inventory-counting-errors-rfid.json,,"""reviewedBy"": ""Proud Tek RF / Production Engineering"""
src/content/editorial/blog/medical-device-udi-rfid-combined-implementation.json,"""authorSlug"": ""peter-zhang"",","""authorSlug"": ""editorial-board"","
src/content/editorial/blog/medical-device-udi-rfid-combined-implementation.json,"""reviewedBySlug"": ""nancy-wu"",","""reviewedBySlug"": ""proudtek-engineering"","
src/content/editorial/blog/medical-device-udi-rfid-combined-implementation.json,"""reviewedAt"": ""2026-05-09""","""reviewedAt"": ""2026-05-09"","
src/content/editorial/blog/medical-device-udi-rfid-combined-implementation.json,,"""author"": ""Proud Tek Editorial Team"","
src/content/editorial/blog/medical-device-udi-rfid-combined-implementation.json,,"""reviewedBy"": ""Proud Tek RF / Production Engineering"""
src/content/editorial/blog/metal-nfc-cards-business-networking.json,"""authorSlug"": ""peter-zhang"",","""authorSlug"": ""editorial-board"","
src/content/editorial/blog/metal-nfc-cards-business-networking.json,"""reviewedBySlug"": ""nancy-wu"",","""reviewedBySlug"": ""proudtek-engineering"","
src/content/editorial/blog/metal-nfc-cards-business-networking.json,"""modifiedAt"": ""2026-07-09""","""modifiedAt"": ""2026-07-09"","
src/content/editorial/blog/metal-nfc-cards-business-networking.json,,"""author"": ""Proud Tek Editorial Team"","
src/content/editorial/blog/metal-nfc-cards-business-networking.json,,"""reviewedBy"": ""Proud Tek RF / Production Engineering"""
src/content/editorial/blog/mifare-classic-vs-desfire-hotel-chips.json,"""authorSlug"": ""peter-zhang"",","""authorSlug"": ""editorial-board"","
src/content/editorial/blog/mifare-classic-vs-desfire-hotel-chips.json,"""reviewedBySlug"": ""nancy-wu"",","""reviewedBySlug"": ""proudtek-engineering"","
src/content/editorial/blog/mifare-classic-vs-desfire-hotel-chips.json,],"],"
src/content/editorial/blog/mifare-classic-vs-desfire-hotel-chips.json,,"""author"": ""Proud Tek Editorial Team"","
src/content/editorial/blog/mifare-classic-vs-desfire-hotel-chips.json,,"""reviewedBy"": ""Proud Tek RF / Production Engineering"""
src/content/editorial/blog/nfc-business-cards-guide.json,"""authorSlug"": ""peter-zhang"",","""authorSlug"": ""editorial-board"","
src/content/editorial/blog/nfc-business-cards-guide.json,"""reviewedBySlug"": ""nancy-wu"",","""reviewedBySlug"": ""proudtek-engineering"","
src/content/editorial/blog/nfc-business-cards-guide.json,"""modifiedAt"": ""2026-07-08""","""modifiedAt"": ""2026-07-08"","
src/content/editorial/blog/nfc-business-cards-guide.json,,"""author"": ""Proud Tek Editorial Team"","
src/content/editorial/blog/nfc-business-cards-guide.json,,"""reviewedBy"": ""Proud Tek RF / Production Engineering"""
src/content/editorial/blog/nfc-card-clone-security-prevention.json,"""authorSlug"": ""peter-zhang"",","""authorSlug"": ""editorial-board"","
src/content/editorial/blog/nfc-card-clone-security-prevention.json,"""reviewedBySlug"": ""nancy-wu"",","""reviewedBySlug"": ""proudtek-engineering"","
src/content/editorial/blog/nfc-card-clone-security-prevention.json,"""reviewedAt"": ""2026-05-10""","""reviewedAt"": ""2026-05-10"","
src/content/editorial/blog/nfc-card-clone-security-prevention.json,,"""author"": ""Proud Tek Editorial Team"","
src/content/editorial/blog/nfc-card-clone-security-prevention.json,,"""reviewedBy"": ""Proud Tek RF / Production Engineering"""
src/content/editorial/blog/nfc-christmas-gift-tags.json,"""authorSlug"": ""peter-zhang"",","""authorSlug"": ""editorial-board"","
src/content/editorial/blog/nfc-christmas-gift-tags.json,"""reviewedBySlug"": ""nancy-wu"",","""reviewedBySlug"": ""proudtek-engineering"","
src/content/editorial/blog/nfc-christmas-gift-tags.json,"""modifiedAt"": ""2026-07-09""","""modifiedAt"": ""2026-07-09"","
src/content/editorial/blog/nfc-christmas-gift-tags.json,,"""author"": ""Proud Tek Editorial Team"","
src/content/editorial/blog/nfc-christmas-gift-tags.json,,"""reviewedBy"": ""Proud Tek RF / Production Engineering"""
src/content/editorial/blog/nfc-door-locks-rfid-cards.json,"""authorSlug"": ""peter-zhang"",","""authorSlug"": ""editorial-board"","
src/content/editorial/blog/nfc-door-locks-rfid-cards.json,"""reviewedBySlug"": ""nancy-wu"",","""reviewedBySlug"": ""proudtek-engineering"","
src/content/editorial/blog/nfc-door-locks-rfid-cards.json,],"],"
src/content/editorial/blog/nfc-door-locks-rfid-cards.json,,"""author"": ""Proud Tek Editorial Team"","
src/content/editorial/blog/nfc-door-locks-rfid-cards.json,,"""reviewedBy"": ""Proud Tek RF / Production Engineering"""
src/content/editorial/blog/nfc-product-authentication.json,"""authorSlug"": ""peter-zhang"",","""authorSlug"": ""editorial-board"","
src/content/editorial/blog/nfc-product-authentication.json,"""reviewedBySlug"": ""nancy-wu"",","""reviewedBySlug"": ""proudtek-engineering"","
src/content/editorial/blog/nfc-product-authentication.json,"""reviewedAt"": ""2026-05-09""","""reviewedAt"": ""2026-05-09"","
src/content/editorial/blog/nfc-product-authentication.json,,"""author"": ""Proud Tek Editorial Team"","
src/content/editorial/blog/nfc-product-authentication.json,,"""reviewedBy"": ""Proud Tek RF / Production Engineering"""
src/content/editorial/blog/nfc-smart-rings-guide.json,"""authorSlug"": ""peter-zhang"",","""authorSlug"": ""editorial-board"","
src/content/editorial/blog/nfc-smart-rings-guide.json,"""reviewedBySlug"": ""nancy-wu"",","""reviewedBySlug"": ""proudtek-engineering"","
src/content/editorial/blog/nfc-smart-rings-guide.json,"""modifiedAt"": ""2026-07-08""","""modifiedAt"": ""2026-07-08"","
src/content/editorial/blog/nfc-smart-rings-guide.json,,"""author"": ""Proud Tek Editorial Team"","
src/content/editorial/blog/nfc-smart-rings-guide.json,,"""reviewedBy"": ""Proud Tek RF / Production Engineering"""
src/content/editorial/blog/nfc-stickers-marketing-campaigns.json,"""authorSlug"": ""peter-zhang"",","""authorSlug"": ""editorial-board"","
src/content/editorial/blog/nfc-stickers-marketing-campaigns.json,"""reviewedBySlug"": ""nancy-wu"",","""reviewedBySlug"": ""proudtek-engineering"","
src/content/editorial/blog/nfc-stickers-marketing-campaigns.json,"""modifiedAt"": ""2026-07-09""","""modifiedAt"": ""2026-07-09"","
src/content/editorial/blog/nfc-stickers-marketing-campaigns.json,,"""author"": ""Proud Tek Editorial Team"","
src/content/editorial/blog/nfc-stickers-marketing-campaigns.json,,"""reviewedBy"": ""Proud Tek RF / Production Engineering"""
src/content/editorial/blog/nfc-tag-not-scanning-iphone-fix.json,"""authorSlug"": ""peter-zhang"",","""authorSlug"": ""editorial-board"","
src/content/editorial/blog/nfc-tag-not-scanning-iphone-fix.json,"""reviewedBySlug"": ""nancy-wu"",","""reviewedBySlug"": ""proudtek-engineering"","
src/content/editorial/blog/nfc-tag-not-scanning-iphone-fix.json,],"],"
src/content/editorial/blog/nfc-tag-not-scanning-iphone-fix.json,,"""author"": ""Proud Tek Editorial Team"","
src/content/editorial/blog/nfc-tag-not-scanning-iphone-fix.json,,"""reviewedBy"": ""Proud Tek RF / Production Engineering"""
src/content/editorial/blog/nfc-tap-google-review.json,"""authorSlug"": ""peter-zhang"",","""authorSlug"": ""editorial-board"","
src/content/editorial/blog/nfc-tap-google-review.json,"""reviewedBySlug"": ""nancy-wu"",","""reviewedBySlug"": ""proudtek-engineering"","
src/content/editorial/blog/nfc-tap-google-review.json,"""reviewedAt"": ""2026-05-09""","""reviewedAt"": ""2026-05-09"","
src/content/editorial/blog/nfc-tap-google-review.json,,"""author"": ""Proud Tek Editorial Team"","
src/content/editorial/blog/nfc-tap-google-review.json,,"""reviewedBy"": ""Proud Tek RF / Production Engineering"""
src/content/editorial/blog/nfc-wedding-favor-tags.json,"""authorSlug"": ""peter-zhang"",","""authorSlug"": ""editorial-board"","
src/content/editorial/blog/nfc-wedding-favor-tags.json,"""reviewedBySlug"": ""nancy-wu"",","""reviewedBySlug"": ""proudtek-engineering"","
src/content/editorial/blog/nfc-wedding-favor-tags.json,"""reviewedAt"": ""2026-05-09""","""reviewedAt"": ""2026-05-09"","
src/content/editorial/blog/nfc-wedding-favor-tags.json,,"""author"": ""Proud Tek Editorial Team"","
src/content/editorial/blog/nfc-wedding-favor-tags.json,,"""reviewedBy"": ""Proud Tek RF / Production Engineering"""
src/content/editorial/blog/nfc-wine-spirits-eu-epr-compliance.json,"""Encoding workflow: factory pre-encoding by the inlay supplier is most common (provides batch + bottle-serial data). In-house encoding only earns its keep on high-mix limited-edition production."",","""Encoding workflow: factory pre-encoding by the inlay supplier is most common (provides batch + bottle-serial data). Partner-line encoding only earns its keep on high-mix limited-edition production."","
src/content/editorial/blog/nfc-wine-spirits-eu-epr-compliance.json,"""authorSlug"": ""peter-zhang"",","""authorSlug"": ""editorial-board"","
src/content/editorial/blog/nfc-wine-spirits-eu-epr-compliance.json,"""reviewedBySlug"": ""nancy-wu"",","""reviewedBySlug"": ""proudtek-engineering"","
src/content/editorial/blog/nfc-wine-spirits-eu-epr-compliance.json,"""modifiedAt"": ""2026-07-08""","""modifiedAt"": ""2026-07-08"","
src/content/editorial/blog/nfc-wine-spirits-eu-epr-compliance.json,,"""author"": ""Proud Tek Editorial Team"","
src/content/editorial/blog/nfc-wine-spirits-eu-epr-compliance.json,,"""reviewedBy"": ""Proud Tek RF / Production Engineering"""
src/content/editorial/blog/pharmaceutical-cold-chain-rfid-temperature-logging.json,"""authorSlug"": ""peter-zhang"",","""authorSlug"": ""editorial-board"","
src/content/editorial/blog/pharmaceutical-cold-chain-rfid-temperature-logging.json,"""reviewedBySlug"": ""nancy-wu"",","""reviewedBySlug"": ""proudtek-engineering"","
src/content/editorial/blog/pharmaceutical-cold-chain-rfid-temperature-logging.json,"""reviewedAt"": ""2026-05-09""","""reviewedAt"": ""2026-05-09"","
src/content/editorial/blog/pharmaceutical-cold-chain-rfid-temperature-logging.json,,"""author"": ""Proud Tek Editorial Team"","
src/content/editorial/blog/pharmaceutical-cold-chain-rfid-temperature-logging.json,,"""reviewedBy"": ""Proud Tek RF / Production Engineering"""
src/content/editorial/blog/rain-rfid-2026-trends.json,"""authorSlug"": ""peter-zhang"",","""authorSlug"": ""editorial-board"","
src/content/editorial/blog/rain-rfid-2026-trends.json,"""reviewedBySlug"": ""nancy-wu"",","""reviewedBySlug"": ""proudtek-engineering"","
src/content/editorial/blog/rain-rfid-2026-trends.json,"""modifiedAt"": ""2026-07-08""","""modifiedAt"": ""2026-07-08"","
src/content/editorial/blog/rain-rfid-2026-trends.json,,"""author"": ""Proud Tek Editorial Team"","
src/content/editorial/blog/rain-rfid-2026-trends.json,,"""reviewedBy"": ""Proud Tek RF / Production Engineering"""
src/content/editorial/blog/rfid-asset-tracking-cost-benefit.json,"""authorSlug"": ""peter-zhang"",","""authorSlug"": ""editorial-board"","
src/content/editorial/blog/rfid-asset-tracking-cost-benefit.json,"""reviewedBySlug"": ""nancy-wu"",","""reviewedBySlug"": ""proudtek-engineering"","
src/content/editorial/blog/rfid-asset-tracking-cost-benefit.json,],"],"
src/content/editorial/blog/rfid-asset-tracking-cost-benefit.json,,"""author"": ""Proud Tek Editorial Team"","
src/content/editorial/blog/rfid-asset-tracking-cost-benefit.json,,"""reviewedBy"": ""Proud Tek RF / Production Engineering"""
src/content/editorial/blog/rfid-asset-tracking-warehouses.json,"""authorSlug"": ""peter-zhang"",","""authorSlug"": ""editorial-board"","
src/content/editorial/blog/rfid-asset-tracking-warehouses.json,"""reviewedBySlug"": ""nancy-wu"",","""reviewedBySlug"": ""proudtek-engineering"","
src/content/editorial/blog/rfid-asset-tracking-warehouses.json,"""modifiedAt"": ""2026-07-09T10:00:00Z""","""modifiedAt"": ""2026-07-09T10:00:00Z"","
src/content/editorial/blog/rfid-asset-tracking-warehouses.json,,"""author"": ""Proud Tek Editorial Team"","
src/content/editorial/blog/rfid-asset-tracking-warehouses.json,,"""reviewedBy"": ""Proud Tek RF / Production Engineering"""
src/content/editorial/blog/rfid-blood-bank-tracking-fda-21-cfr-part-11.json,"""authorSlug"": ""peter-zhang"",","""authorSlug"": ""editorial-board"","
src/content/editorial/blog/rfid-blood-bank-tracking-fda-21-cfr-part-11.json,"""reviewedBySlug"": ""nancy-wu"",","""reviewedBySlug"": ""proudtek-engineering"","
src/content/editorial/blog/rfid-blood-bank-tracking-fda-21-cfr-part-11.json,"""reviewedAt"": ""2026-05-09""","""reviewedAt"": ""2026-05-09"","
src/content/editorial/blog/rfid-blood-bank-tracking-fda-21-cfr-part-11.json,,"""author"": ""Proud Tek Editorial Team"","
src/content/editorial/blog/rfid-blood-bank-tracking-fda-21-cfr-part-11.json,,"""reviewedBy"": ""Proud Tek RF / Production Engineering"""
src/content/editorial/blog/rfid-card-demagnetized-myth-explained.json,"""authorSlug"": ""peter-zhang"",","""authorSlug"": ""editorial-board"","
src/content/editorial/blog/rfid-card-demagnetized-myth-explained.json,"""reviewedBySlug"": ""nancy-wu"",","""reviewedBySlug"": ""proudtek-engineering"","
src/content/editorial/blog/rfid-card-demagnetized-myth-explained.json,"""reviewedAt"": ""2026-05-10""","""reviewedAt"": ""2026-05-10"","
src/content/editorial/blog/rfid-card-demagnetized-myth-explained.json,,"""author"": ""Proud Tek Editorial Team"","
src/content/editorial/blog/rfid-card-demagnetized-myth-explained.json,,"""reviewedBy"": ""Proud Tek RF / Production Engineering"""
src/content/editorial/blog/rfid-card-how-it-works.json,"""authorSlug"": ""peter-zhang"",","""authorSlug"": ""editorial-board"","
src/content/editorial/blog/rfid-card-how-it-works.json,"""reviewedBySlug"": ""nancy-wu"",","""reviewedBySlug"": ""proudtek-engineering"","
src/content/editorial/blog/rfid-card-how-it-works.json,"""modifiedAt"": ""2026-07-08""","""modifiedAt"": ""2026-07-08"","
src/content/editorial/blog/rfid-card-how-it-works.json,,"""author"": ""Proud Tek Editorial Team"","
src/content/editorial/blog/rfid-card-how-it-works.json,,"""reviewedBy"": ""Proud Tek RF / Production Engineering"""
src/content/editorial/blog/rfid-card-materials-pvc-pet-abs-wood.json,"""authorSlug"": ""peter-zhang"",","""authorSlug"": ""editorial-board"","
src/content/editorial/blog/rfid-card-materials-pvc-pet-abs-wood.json,"""reviewedBySlug"": ""nancy-wu"",","""reviewedBySlug"": ""proudtek-engineering"","
src/content/editorial/blog/rfid-card-materials-pvc-pet-abs-wood.json,"""modifiedAt"": ""2026-07-08""","""modifiedAt"": ""2026-07-08"","
src/content/editorial/blog/rfid-card-materials-pvc-pet-abs-wood.json,,"""author"": ""Proud Tek Editorial Team"","
src/content/editorial/blog/rfid-card-materials-pvc-pet-abs-wood.json,,"""reviewedBy"": ""Proud Tek RF / Production Engineering"""
src/content/editorial/blog/rfid-conference-badges-guide.json,"""authorSlug"": ""peter-zhang"",","""authorSlug"": ""editorial-board"","
src/content/editorial/blog/rfid-conference-badges-guide.json,"""reviewedBySlug"": ""nancy-wu"",","""reviewedBySlug"": ""proudtek-engineering"","
src/content/editorial/blog/rfid-conference-badges-guide.json,],"],"
src/content/editorial/blog/rfid-conference-badges-guide.json,,"""author"": ""Proud Tek Editorial Team"","
src/content/editorial/blog/rfid-conference-badges-guide.json,,"""reviewedBy"": ""Proud Tek RF / Production Engineering"""
src/content/editorial/blog/rfid-data-encoding-memory.json,"""authorSlug"": ""peter-zhang"",","""authorSlug"": ""editorial-board"","
src/content/editorial/blog/rfid-data-encoding-memory.json,"""reviewedBySlug"": ""nancy-wu"",","""reviewedBySlug"": ""proudtek-engineering"","
src/content/editorial/blog/rfid-data-encoding-memory.json,"""modifiedAt"": ""2026-07-08""","""modifiedAt"": ""2026-07-08"","
src/content/editorial/blog/rfid-data-encoding-memory.json,,"""author"": ""Proud Tek Editorial Team"","
src/content/editorial/blog/rfid-data-encoding-memory.json,,"""reviewedBy"": ""Proud Tek RF / Production Engineering"""
src/content/editorial/blog/rfid-elevator-floor-access.json,"""authorSlug"": ""peter-zhang"",","""authorSlug"": ""editorial-board"","
src/content/editorial/blog/rfid-elevator-floor-access.json,"""reviewedBySlug"": ""nancy-wu"",","""reviewedBySlug"": ""proudtek-engineering"","
src/content/editorial/blog/rfid-elevator-floor-access.json,"""modifiedAt"": ""2026-07-09""","""modifiedAt"": ""2026-07-09"","
src/content/editorial/blog/rfid-elevator-floor-access.json,,"""author"": ""Proud Tek Editorial Team"","
src/content/editorial/blog/rfid-elevator-floor-access.json,,"""reviewedBy"": ""Proud Tek RF / Production Engineering"""
src/content/editorial/blog/rfid-event-access-control-setup.json,"""authorSlug"": ""peter-zhang"",","""authorSlug"": ""editorial-board"","
src/content/editorial/blog/rfid-event-access-control-setup.json,"""reviewedBySlug"": ""nancy-wu"",","""reviewedBySlug"": ""proudtek-engineering"","
src/content/editorial/blog/rfid-event-access-control-setup.json,],"],"
src/content/editorial/blog/rfid-event-access-control-setup.json,,"""author"": ""Proud Tek Editorial Team"","
src/content/editorial/blog/rfid-event-access-control-setup.json,,"""reviewedBy"": ""Proud Tek RF / Production Engineering"""
src/content/editorial/blog/rfid-event-wristband-revenue-impact.json,"""authorSlug"": ""peter-zhang"",","""authorSlug"": ""editorial-board"","
src/content/editorial/blog/rfid-event-wristband-revenue-impact.json,"""reviewedBySlug"": ""nancy-wu"",","""reviewedBySlug"": ""proudtek-engineering"","
src/content/editorial/blog/rfid-event-wristband-revenue-impact.json,"""modifiedAt"": ""2026-08-25""","""modifiedAt"": ""2026-08-25"","
src/content/editorial/blog/rfid-event-wristband-revenue-impact.json,,"""author"": ""Proud Tek Editorial Team"","
src/content/editorial/blog/rfid-event-wristband-revenue-impact.json,,"""reviewedBy"": ""Proud Tek RF / Production Engineering"""
src/content/editorial/blog/rfid-frequencies-lf-hf-uhf-explained.json,"""authorSlug"": ""peter-zhang"",","""authorSlug"": ""editorial-board"","
src/content/editorial/blog/rfid-frequencies-lf-hf-uhf-explained.json,"""reviewedBySlug"": ""nancy-wu"",","""reviewedBySlug"": ""proudtek-engineering"","
src/content/editorial/blog/rfid-frequencies-lf-hf-uhf-explained.json,"""modifiedAt"": ""2026-07-08""","""modifiedAt"": ""2026-07-08"","
src/content/editorial/blog/rfid-frequencies-lf-hf-uhf-explained.json,,"""author"": ""Proud Tek Editorial Team"","
src/content/editorial/blog/rfid-frequencies-lf-hf-uhf-explained.json,,"""reviewedBy"": ""Proud Tek RF / Production Engineering"""
src/content/editorial/blog/rfid-healthcare-patient-tracking.json,"""authorSlug"": ""peter-zhang"",","""authorSlug"": ""editorial-board"","
src/content/editorial/blog/rfid-healthcare-patient-tracking.json,"""reviewedBySlug"": ""nancy-wu"",","""reviewedBySlug"": ""proudtek-engineering"","
src/content/editorial/blog/rfid-healthcare-patient-tracking.json,"""reviewedAt"": ""2026-05-09""","""reviewedAt"": ""2026-05-09"","
src/content/editorial/blog/rfid-healthcare-patient-tracking.json,,"""author"": ""Proud Tek Editorial Team"","
src/content/editorial/blog/rfid-healthcare-patient-tracking.json,,"""reviewedBy"": ""Proud Tek RF / Production Engineering"""
src/content/editorial/blog/rfid-hotel-keycard-cost-comparison.json,"""authorSlug"": ""peter-zhang"",","""authorSlug"": ""editorial-board"","
src/content/editorial/blog/rfid-hotel-keycard-cost-comparison.json,"""reviewedBySlug"": ""nancy-wu"",","""reviewedBySlug"": ""proudtek-engineering"","
src/content/editorial/blog/rfid-hotel-keycard-cost-comparison.json,],"],"
src/content/editorial/blog/rfid-hotel-keycard-cost-comparison.json,,"""author"": ""Proud Tek Editorial Team"","
src/content/editorial/blog/rfid-hotel-keycard-cost-comparison.json,,"""reviewedBy"": ""Proud Tek RF / Production Engineering"""
src/content/editorial/blog/rfid-interference-metal-environment-solutions.json,"""authorSlug"": ""peter-zhang"",","""authorSlug"": ""editorial-board"","
src/content/editorial/blog/rfid-interference-metal-environment-solutions.json,"""reviewedBySlug"": ""nancy-wu"",","""reviewedBySlug"": ""proudtek-engineering"","
src/content/editorial/blog/rfid-interference-metal-environment-solutions.json,"""modifiedAt"": ""2026-07-08""","""modifiedAt"": ""2026-07-08"","
src/content/editorial/blog/rfid-interference-metal-environment-solutions.json,,"""author"": ""Proud Tek Editorial Team"","
src/content/editorial/blog/rfid-interference-metal-environment-solutions.json,,"""reviewedBy"": ""Proud Tek RF / Production Engineering"""
src/content/editorial/blog/rfid-inventory-roi-calculator.json,"""authorSlug"": ""peter-zhang"",","""authorSlug"": ""editorial-board"","
src/content/editorial/blog/rfid-inventory-roi-calculator.json,"""reviewedBySlug"": ""nancy-wu"",","""reviewedBySlug"": ""proudtek-engineering"","
src/content/editorial/blog/rfid-inventory-roi-calculator.json,"""reviewedAt"": ""2026-05-09""","""reviewedAt"": ""2026-05-09"","
src/content/editorial/blog/rfid-inventory-roi-calculator.json,,"""author"": ""Proud Tek Editorial Team"","
src/content/editorial/blog/rfid-inventory-roi-calculator.json,,"""reviewedBy"": ""Proud Tek RF / Production Engineering"""
src/content/editorial/blog/rfid-item-level-tagging-cost-model-apparel.json,"""authorSlug"": ""peter-zhang"",","""authorSlug"": ""editorial-board"","
src/content/editorial/blog/rfid-item-level-tagging-cost-model-apparel.json,"""reviewedBySlug"": ""nancy-wu"",","""reviewedBySlug"": ""proudtek-engineering"","
src/content/editorial/blog/rfid-item-level-tagging-cost-model-apparel.json,"""modifiedAt"": ""2026-07-08""","""modifiedAt"": ""2026-07-08"","
src/content/editorial/blog/rfid-item-level-tagging-cost-model-apparel.json,,"""author"": ""Proud Tek Editorial Team"","
src/content/editorial/blog/rfid-item-level-tagging-cost-model-apparel.json,,"""reviewedBy"": ""Proud Tek RF / Production Engineering"""
src/content/editorial/blog/rfid-key-fob-access-control.json,"""authorSlug"": ""peter-zhang"",","""authorSlug"": ""editorial-board"","
src/content/editorial/blog/rfid-key-fob-access-control.json,"""reviewedBySlug"": ""nancy-wu"",","""reviewedBySlug"": ""proudtek-engineering"","
src/content/editorial/blog/rfid-key-fob-access-control.json,"""modifiedAt"": ""2026-07-08""","""modifiedAt"": ""2026-07-08"","
src/content/editorial/blog/rfid-key-fob-access-control.json,,"""author"": ""Proud Tek Editorial Team"","
src/content/editorial/blog/rfid-key-fob-access-control.json,,"""reviewedBy"": ""Proud Tek RF / Production Engineering"""
src/content/editorial/blog/rfid-laundry-system-roi.json,"""authorSlug"": ""peter-zhang"",","""authorSlug"": ""editorial-board"","
src/content/editorial/blog/rfid-laundry-system-roi.json,"""reviewedBySlug"": ""nancy-wu"",","""reviewedBySlug"": ""proudtek-engineering"","
src/content/editorial/blog/rfid-laundry-system-roi.json,"""modifiedAt"": ""2026-07-08""","""modifiedAt"": ""2026-07-08"","
src/content/editorial/blog/rfid-laundry-system-roi.json,,"""author"": ""Proud Tek Editorial Team"","
src/content/editorial/blog/rfid-laundry-system-roi.json,,"""reviewedBy"": ""Proud Tek RF / Production Engineering"""
src/content/editorial/blog/rfid-laundry-tags-buyers-guide.json,"""authorSlug"": ""peter-zhang"",","""authorSlug"": ""editorial-board"","
src/content/editorial/blog/rfid-laundry-tags-buyers-guide.json,"""reviewedBySlug"": ""nancy-wu"",","""reviewedBySlug"": ""proudtek-engineering"","
src/content/editorial/blog/rfid-laundry-tags-buyers-guide.json,"""modifiedAt"": ""2026-07-08""","""modifiedAt"": ""2026-07-08"","
src/content/editorial/blog/rfid-laundry-tags-buyers-guide.json,,"""author"": ""Proud Tek Editorial Team"","
src/content/editorial/blog/rfid-laundry-tags-buyers-guide.json,,"""reviewedBy"": ""Proud Tek RF / Production Engineering"""
src/content/editorial/blog/rfid-led-tags-warehouse-location.json,"""authorSlug"": ""peter-zhang"",","""authorSlug"": ""editorial-board"","
src/content/editorial/blog/rfid-led-tags-warehouse-location.json,"""reviewedBySlug"": ""nancy-wu"",","""reviewedBySlug"": ""proudtek-engineering"","
src/content/editorial/blog/rfid-led-tags-warehouse-location.json,"""modifiedAt"": ""2026-07-09""","""modifiedAt"": ""2026-07-09"","
src/content/editorial/blog/rfid-led-tags-warehouse-location.json,,"""author"": ""Proud Tek Editorial Team"","
src/content/editorial/blog/rfid-led-tags-warehouse-location.json,,"""reviewedBy"": ""Proud Tek RF / Production Engineering"""
src/content/editorial/blog/rfid-logistics-supply-chain.json,"""authorSlug"": ""peter-zhang"",","""authorSlug"": ""editorial-board"","
src/content/editorial/blog/rfid-logistics-supply-chain.json,"""reviewedBySlug"": ""nancy-wu"",","""reviewedBySlug"": ""proudtek-engineering"","
src/content/editorial/blog/rfid-logistics-supply-chain.json,],"],"
src/content/editorial/blog/rfid-logistics-supply-chain.json,,"""author"": ""Proud Tek Editorial Team"","
src/content/editorial/blog/rfid-logistics-supply-chain.json,,"""reviewedBy"": ""Proud Tek RF / Production Engineering"""
src/content/editorial/blog/rfid-manufacturer-iso-9001-14001-certification-verification.json,"""authorSlug"": ""peter-zhang"",","""authorSlug"": ""editorial-board"","
src/content/editorial/blog/rfid-manufacturer-iso-9001-14001-certification-verification.json,"""reviewedBySlug"": ""nancy-wu"",","""reviewedBySlug"": ""proudtek-engineering"","
src/content/editorial/blog/rfid-manufacturer-iso-9001-14001-certification-verification.json,"""modifiedAt"": ""2026-07-08""","""modifiedAt"": ""2026-07-08"","
src/content/editorial/blog/rfid-manufacturer-iso-9001-14001-certification-verification.json,,"""author"": ""Proud Tek Editorial Team"","
src/content/editorial/blog/rfid-manufacturer-iso-9001-14001-certification-verification.json,,"""reviewedBy"": ""Proud Tek RF / Production Engineering"""
src/content/editorial/blog/rfid-marathon-race-timing-setup.json,"""authorSlug"": ""peter-zhang"",","""authorSlug"": ""editorial-board"","
src/content/editorial/blog/rfid-marathon-race-timing-setup.json,"""reviewedBySlug"": ""nancy-wu"",","""reviewedBySlug"": ""proudtek-engineering"","
src/content/editorial/blog/rfid-marathon-race-timing-setup.json,"""modifiedAt"": ""2026-07-09T16:00:00Z""","""modifiedAt"": ""2026-07-09T16:00:00Z"","
src/content/editorial/blog/rfid-marathon-race-timing-setup.json,,"""author"": ""Proud Tek Editorial Team"","
src/content/editorial/blog/rfid-marathon-race-timing-setup.json,,"""reviewedBy"": ""Proud Tek RF / Production Engineering"""
src/content/editorial/blog/rfid-market-trends-forecast.json,"""authorSlug"": ""peter-zhang"",","""authorSlug"": ""editorial-board"","
src/content/editorial/blog/rfid-market-trends-forecast.json,"""reviewedBySlug"": ""nancy-wu"",","""reviewedBySlug"": ""proudtek-engineering"","
src/content/editorial/blog/rfid-market-trends-forecast.json,"""modifiedAt"": ""2026-07-10T12:00:00Z""","""modifiedAt"": ""2026-07-10T12:00:00Z"","
src/content/editorial/blog/rfid-market-trends-forecast.json,,"""author"": ""Proud Tek Editorial Team"","
src/content/editorial/blog/rfid-market-trends-forecast.json,,"""reviewedBy"": ""Proud Tek RF / Production Engineering"""
src/content/editorial/blog/rfid-oem-white-label-program-guide.json,"""authorSlug"": ""peter-zhang"",","""authorSlug"": ""editorial-board"","
src/content/editorial/blog/rfid-oem-white-label-program-guide.json,"""reviewedBySlug"": ""nancy-wu"",","""reviewedBySlug"": ""proudtek-engineering"","
src/content/editorial/blog/rfid-oem-white-label-program-guide.json,],"],"
src/content/editorial/blog/rfid-oem-white-label-program-guide.json,,"""author"": ""Proud Tek Editorial Team"","
src/content/editorial/blog/rfid-oem-white-label-program-guide.json,,"""reviewedBy"": ""Proud Tek RF / Production Engineering"""
src/content/editorial/blog/rfid-reader-not-detecting-tags-troubleshooting.json,"""authorSlug"": ""peter-zhang"",","""authorSlug"": ""editorial-board"","
src/content/editorial/blog/rfid-reader-not-detecting-tags-troubleshooting.json,"""reviewedBySlug"": ""nancy-wu"",","""reviewedBySlug"": ""proudtek-engineering"","
src/content/editorial/blog/rfid-reader-not-detecting-tags-troubleshooting.json,],"],"
src/content/editorial/blog/rfid-reader-not-detecting-tags-troubleshooting.json,,"""author"": ""Proud Tek Editorial Team"","
src/content/editorial/blog/rfid-reader-not-detecting-tags-troubleshooting.json,,"""reviewedBy"": ""Proud Tek RF / Production Engineering"""
src/content/editorial/blog/rfid-reseller-program-distributor-margin-math.json,"""Stock and immediate ship: factory-direct lead time is 6-12 weeks. Local stock turning in 2-5 days commands 15-25% premium for urgent need."",","""Stock and immediate ship: manufacturer-direct lead time is 6-12 weeks. Local stock turning in 2-5 days commands 15-25% premium for urgent need."","
src/content/editorial/blog/rfid-reseller-program-distributor-margin-math.json,"""Retail apparel UHF inlay (Walmart / Target / Macy's mandate compliance) — landed cost $0.05-$0.10, distributor sells at $0.08-$0.15, gross margin 25-40%. Highly competitive; Avery Dennison, SML Group, Checkpoint Systems and Walmart-direct programmes compress margin. Differentiator: in-house encoding, GS1 SGTIN management, ARC-certified tag support letter."",","""Retail apparel UHF inlay (Walmart / Target / Macy's mandate compliance) — landed cost $0.05-$0.10, distributor sells at $0.08-$0.15, gross margin 25-40%. Highly competitive; Avery Dennison, SML Group, Checkpoint Systems and Walmart-direct programmes compress margin. Differentiator: partner-line encoding, GS1 SGTIN management, ARC-certified tag support letter."","
src/content/editorial/blog/rfid-reseller-program-distributor-margin-math.json,"""authorSlug"": ""peter-zhang"",","""authorSlug"": ""editorial-board"","
src/content/editorial/blog/rfid-reseller-program-distributor-margin-math.json,"""reviewedBySlug"": ""nancy-wu"",","""reviewedBySlug"": ""proudtek-engineering"","
src/content/editorial/blog/rfid-reseller-program-distributor-margin-math.json,],"],"
src/content/editorial/blog/rfid-reseller-program-distributor-margin-math.json,,"""author"": ""Proud Tek Editorial Team"","
src/content/editorial/blog/rfid-reseller-program-distributor-margin-math.json,,"""reviewedBy"": ""Proud Tek RF / Production Engineering"""
src/content/editorial/blog/rfid-retail-inventory-management.json,"""authorSlug"": ""peter-zhang"",","""authorSlug"": ""editorial-board"","
src/content/editorial/blog/rfid-retail-inventory-management.json,"""reviewedBySlug"": ""nancy-wu"",","""reviewedBySlug"": ""proudtek-engineering"","
src/content/editorial/blog/rfid-retail-inventory-management.json,],"],"
src/content/editorial/blog/rfid-retail-inventory-management.json,,"""author"": ""Proud Tek Editorial Team"","
src/content/editorial/blog/rfid-retail-inventory-management.json,,"""reviewedBy"": ""Proud Tek RF / Production Engineering"""
src/content/editorial/blog/rfid-retail-shrinkage-reduction-data.json,"""authorSlug"": ""peter-zhang"",","""authorSlug"": ""editorial-board"","
src/content/editorial/blog/rfid-retail-shrinkage-reduction-data.json,"""reviewedBySlug"": ""nancy-wu"",","""reviewedBySlug"": ""proudtek-engineering"","
src/content/editorial/blog/rfid-retail-shrinkage-reduction-data.json,"""reviewedAt"": ""2026-05-10""","""reviewedAt"": ""2026-05-10"","
src/content/editorial/blog/rfid-retail-shrinkage-reduction-data.json,,"""author"": ""Proud Tek Editorial Team"","
src/content/editorial/blog/rfid-retail-shrinkage-reduction-data.json,,"""reviewedBy"": ""Proud Tek RF / Production Engineering"""
src/content/editorial/blog/rfid-rfp-template-questions-suppliers.json,"""authorSlug"": ""peter-zhang"",","""authorSlug"": ""editorial-board"","
src/content/editorial/blog/rfid-rfp-template-questions-suppliers.json,"""reviewedBySlug"": ""nancy-wu"",","""reviewedBySlug"": ""proudtek-engineering"","
src/content/editorial/blog/rfid-rfp-template-questions-suppliers.json,"""modifiedAt"": ""2026-07-09T14:30:00Z""","""modifiedAt"": ""2026-07-09T14:30:00Z"","
src/content/editorial/blog/rfid-rfp-template-questions-suppliers.json,,"""author"": ""Proud Tek Editorial Team"","
src/content/editorial/blog/rfid-rfp-template-questions-suppliers.json,,"""reviewedBy"": ""Proud Tek RF / Production Engineering"""
src/content/editorial/blog/rfid-shipping-air-vs-sea-freight-cost-tradeoff.json,"""authorSlug"": ""peter-zhang"",","""authorSlug"": ""editorial-board"","
src/content/editorial/blog/rfid-shipping-air-vs-sea-freight-cost-tradeoff.json,"""reviewedBySlug"": ""nancy-wu"",","""reviewedBySlug"": ""proudtek-engineering"","
src/content/editorial/blog/rfid-shipping-air-vs-sea-freight-cost-tradeoff.json,"""modifiedAt"": ""2026-07-09""","""modifiedAt"": ""2026-07-09"","
src/content/editorial/blog/rfid-shipping-air-vs-sea-freight-cost-tradeoff.json,,"""author"": ""Proud Tek Editorial Team"","
src/content/editorial/blog/rfid-shipping-air-vs-sea-freight-cost-tradeoff.json,,"""reviewedBy"": ""Proud Tek RF / Production Engineering"""
src/content/editorial/blog/rfid-ski-pass-card-season.json,"""authorSlug"": ""peter-zhang"",","""authorSlug"": ""editorial-board"","
src/content/editorial/blog/rfid-ski-pass-card-season.json,"""reviewedBySlug"": ""nancy-wu"",","""reviewedBySlug"": ""proudtek-engineering"","
src/content/editorial/blog/rfid-ski-pass-card-season.json,"""modifiedAt"": ""2026-07-09T16:00:00Z""","""modifiedAt"": ""2026-07-09T16:00:00Z"","
src/content/editorial/blog/rfid-ski-pass-card-season.json,,"""author"": ""Proud Tek Editorial Team"","
src/content/editorial/blog/rfid-ski-pass-card-season.json,,"""reviewedBy"": ""Proud Tek RF / Production Engineering"""
src/content/editorial/blog/rfid-surgical-sponge-counting-fda-aorn.json,"""authorSlug"": ""peter-zhang"",","""authorSlug"": ""editorial-board"","
src/content/editorial/blog/rfid-surgical-sponge-counting-fda-aorn.json,"""reviewedBySlug"": ""nancy-wu"",","""reviewedBySlug"": ""proudtek-engineering"","
src/content/editorial/blog/rfid-surgical-sponge-counting-fda-aorn.json,"""reviewedAt"": ""2026-05-09""","""reviewedAt"": ""2026-05-09"","
src/content/editorial/blog/rfid-surgical-sponge-counting-fda-aorn.json,,"""author"": ""Proud Tek Editorial Team"","
src/content/editorial/blog/rfid-surgical-sponge-counting-fda-aorn.json,,"""reviewedBy"": ""Proud Tek RF / Production Engineering"""
src/content/editorial/blog/rfid-sustainability-circular-economy.json,"""authorSlug"": ""peter-zhang"",","""authorSlug"": ""editorial-board"","
src/content/editorial/blog/rfid-sustainability-circular-economy.json,"""reviewedBySlug"": ""nancy-wu"",","""reviewedBySlug"": ""proudtek-engineering"","
src/content/editorial/blog/rfid-sustainability-circular-economy.json,],"],"
src/content/editorial/blog/rfid-sustainability-circular-economy.json,,"""author"": ""Proud Tek Editorial Team"","
src/content/editorial/blog/rfid-sustainability-circular-economy.json,,"""reviewedBy"": ""Proud Tek RF / Production Engineering"""
src/content/editorial/blog/rfid-system-cost-small-business.json,"""authorSlug"": ""peter-zhang"",","""authorSlug"": ""editorial-board"","
src/content/editorial/blog/rfid-system-cost-small-business.json,"""reviewedBySlug"": ""nancy-wu"",","""reviewedBySlug"": ""proudtek-engineering"","
src/content/editorial/blog/rfid-system-cost-small-business.json,"""modifiedAt"": ""2026-07-08""","""modifiedAt"": ""2026-07-08"","
src/content/editorial/blog/rfid-system-cost-small-business.json,,"""author"": ""Proud Tek Editorial Team"","
src/content/editorial/blog/rfid-system-cost-small-business.json,,"""reviewedBy"": ""Proud Tek RF / Production Engineering"""
src/content/editorial/blog/rfid-tag-lifespan-duration.json,"""authorSlug"": ""nancy-wu"",","""authorSlug"": ""editorial-board"","
src/content/editorial/blog/rfid-tag-lifespan-duration.json,"""reviewedBySlug"": ""peter-zhang"",","""reviewedBySlug"": ""proudtek-engineering"","
src/content/editorial/blog/rfid-tag-lifespan-duration.json,"""modifiedAt"": ""2026-07-11T12:00:00Z""","""modifiedAt"": ""2026-07-11T12:00:00Z"","
src/content/editorial/blog/rfid-tag-lifespan-duration.json,,"""author"": ""Proud Tek Editorial Team"","
src/content/editorial/blog/rfid-tag-lifespan-duration.json,,"""reviewedBy"": ""Proud Tek RF / Production Engineering"""
src/content/editorial/blog/rfid-tag-moq-negotiation-strategy.json,"""intro"": ""Posted MOQ varies enormously by product class because each carries different chip-lot, tooling and run-economics constraints. The five benchmarks below come from current factory-direct quotations across Avery Dennison Smartrac, Identiv, HID, Confidex, Xerafy, Invengo, and 30+ [Chinese converters](/blog/china-rfid-factory-audit-checklist/) tracked through the past year of distributor RFPs. The chart below plots first-order MOQ for each class."",","""intro"": ""Posted MOQ varies enormously by product class because each carries different chip-lot, tooling and run-economics constraints. The five benchmarks below come from current manufacturer-direct quotations across Avery Dennison Smartrac, Identiv, HID, Confidex, Xerafy, Invengo, and 30+ [Chinese converters](/blog/china-rfid-factory-audit-checklist/) tracked through the past year of distributor RFPs. The chart below plots first-order MOQ for each class."","
src/content/editorial/blog/rfid-tag-moq-negotiation-strategy.json,"""answer"": ""For pilot orders below 5K and for stocked-SKU restocks, yes — converters / aggregators add 15-30% margin but provide $50-$500 sample programmes, 1-3 day shipping from US / EU / UK warehouses, technical support in your timezone, and free returns on standard SKUs. For volume above 25K-50K, factory-direct (Shenzhen Xinyetong, Toptag, Jiarfid, ASK / Paragon, etc.) typically wins by 20-40% on landed cost but requires you to own freight, customs, QC and risk. Most distributor programmes split: aggregators for pilot and small-batch, factory-direct for sustained volume. Hybrid approach captures benefits of both.""","""answer"": ""For pilot orders below 5K and for stocked-SKU restocks, yes — converters / aggregators add 15-30% margin but provide $50-$500 sample programmes, 1-3 day shipping from US / EU / UK warehouses, technical support in your timezone, and free returns on standard SKUs. For volume above 25K-50K, manufacturer-direct (Shenzhen Xinyetong, Toptag, Jiarfid, ASK / Paragon, etc.) typically wins by 20-40% on landed cost but requires you to own freight, customs, QC and risk. Most distributor programmes split: aggregators for pilot and small-batch, manufacturer-direct for sustained volume. Hybrid approach captures benefits of both."""
src/content/editorial/blog/rfid-tag-moq-negotiation-strategy.json,"""authorSlug"": ""peter-zhang"",","""authorSlug"": ""editorial-board"","
src/content/editorial/blog/rfid-tag-moq-negotiation-strategy.json,"""reviewedBySlug"": ""nancy-wu"",","""reviewedBySlug"": ""proudtek-engineering"","
src/content/editorial/blog/rfid-tag-moq-negotiation-strategy.json,"""reviewedAt"": ""2026-05-10""","""reviewedAt"": ""2026-05-10"","
src/content/editorial/blog/rfid-tag-moq-negotiation-strategy.json,,"""author"": ""Proud Tek Editorial Team"","
src/content/editorial/blog/rfid-tag-moq-negotiation-strategy.json,,"""reviewedBy"": ""Proud Tek RF / Production Engineering"""
src/content/editorial/blog/rfid-tag-read-range-optimization.json,"""authorSlug"": ""peter-zhang"",","""authorSlug"": ""editorial-board"","
src/content/editorial/blog/rfid-tag-read-range-optimization.json,"""reviewedBySlug"": ""nancy-wu"",","""reviewedBySlug"": ""proudtek-engineering"","
src/content/editorial/blog/rfid-tag-read-range-optimization.json,"""modifiedAt"": ""2026-07-09T12:00:00Z""","""modifiedAt"": ""2026-07-09T12:00:00Z"","
src/content/editorial/blog/rfid-tag-read-range-optimization.json,,"""author"": ""Proud Tek Editorial Team"","
src/content/editorial/blog/rfid-tag-read-range-optimization.json,,"""reviewedBy"": ""Proud Tek RF / Production Engineering"""
src/content/editorial/blog/rfid-tag-wholesale-quote-reading-guide.json,"""Encoding (if pre-encoded): $0.02-0.05 per tag. Optional but most retail-mandate suppliers pre-encode to avoid in-house encoding hardware investment."",","""Encoding (if pre-encoded): $0.02-0.05 per tag. Optional but most retail-mandate suppliers pre-encode to avoid partner-line encoding hardware investment."","
src/content/editorial/blog/rfid-tag-wholesale-quote-reading-guide.json,"""authorSlug"": ""peter-zhang"",","""authorSlug"": ""editorial-board"","
src/content/editorial/blog/rfid-tag-wholesale-quote-reading-guide.json,"""reviewedBySlug"": ""nancy-wu"",","""reviewedBySlug"": ""proudtek-engineering"","
src/content/editorial/blog/rfid-tag-wholesale-quote-reading-guide.json,"""modifiedAt"": ""2026-07-09""","""modifiedAt"": ""2026-07-09"","
src/content/editorial/blog/rfid-tag-wholesale-quote-reading-guide.json,,"""author"": ""Proud Tek Editorial Team"","
src/content/editorial/blog/rfid-tag-wholesale-quote-reading-guide.json,,"""reviewedBy"": ""Proud Tek RF / Production Engineering"""
src/content/editorial/blog/rfid-vs-manual-counting-savings.json,"""authorSlug"": ""peter-zhang"",","""authorSlug"": ""editorial-board"","
src/content/editorial/blog/rfid-vs-manual-counting-savings.json,"""reviewedBySlug"": ""nancy-wu"",","""reviewedBySlug"": ""proudtek-engineering"","
src/content/editorial/blog/rfid-vs-manual-counting-savings.json,"""modifiedAt"": ""2026-07-09T18:00:00Z""","""modifiedAt"": ""2026-07-09T18:00:00Z"","
src/content/editorial/blog/rfid-vs-manual-counting-savings.json,,"""author"": ""Proud Tek Editorial Team"","
src/content/editorial/blog/rfid-vs-manual-counting-savings.json,,"""reviewedBy"": ""Proud Tek RF / Production Engineering"""
src/content/editorial/blog/rfid-vs-qr-codes-events.json,"""authorSlug"": ""peter-zhang"",","""authorSlug"": ""editorial-board"","
src/content/editorial/blog/rfid-vs-qr-codes-events.json,"""reviewedBySlug"": ""nancy-wu"",","""reviewedBySlug"": ""proudtek-engineering"","
src/content/editorial/blog/rfid-vs-qr-codes-events.json,],"],"
src/content/editorial/blog/rfid-vs-qr-codes-events.json,,"""author"": ""Proud Tek Editorial Team"","
src/content/editorial/blog/rfid-vs-qr-codes-events.json,,"""reviewedBy"": ""Proud Tek RF / Production Engineering"""
src/content/editorial/blog/rfid-warehouse-labor-savings.json,"""authorSlug"": ""peter-zhang"",","""authorSlug"": ""editorial-board"","
src/content/editorial/blog/rfid-warehouse-labor-savings.json,"""reviewedBySlug"": ""nancy-wu"",","""reviewedBySlug"": ""proudtek-engineering"","
src/content/editorial/blog/rfid-warehouse-labor-savings.json,"""modifiedAt"": ""2026-07-09""","""modifiedAt"": ""2026-07-09"","
src/content/editorial/blog/rfid-warehouse-labor-savings.json,,"""author"": ""Proud Tek Editorial Team"","
src/content/editorial/blog/rfid-warehouse-labor-savings.json,,"""reviewedBy"": ""Proud Tek RF / Production Engineering"""
src/content/editorial/blog/rfid-windshield-tags-vehicle-id.json,"""authorSlug"": ""peter-zhang"",","""authorSlug"": ""editorial-board"","
src/content/editorial/blog/rfid-windshield-tags-vehicle-id.json,"""reviewedBySlug"": ""nancy-wu"",","""reviewedBySlug"": ""proudtek-engineering"","
src/content/editorial/blog/rfid-windshield-tags-vehicle-id.json,],"],"
src/content/editorial/blog/rfid-windshield-tags-vehicle-id.json,,"""author"": ""Proud Tek Editorial Team"","
src/content/editorial/blog/rfid-windshield-tags-vehicle-id.json,,"""reviewedBy"": ""Proud Tek RF / Production Engineering"""
src/content/editorial/blog/rfid-wristbands-festivals-events.json,"""authorSlug"": ""peter-zhang"",","""authorSlug"": ""editorial-board"","
src/content/editorial/blog/rfid-wristbands-festivals-events.json,"""reviewedBySlug"": ""nancy-wu"",","""reviewedBySlug"": ""proudtek-engineering"","
src/content/editorial/blog/rfid-wristbands-festivals-events.json,],"],"
src/content/editorial/blog/rfid-wristbands-festivals-events.json,,"""author"": ""Proud Tek Editorial Team"","
src/content/editorial/blog/rfid-wristbands-festivals-events.json,,"""reviewedBy"": ""Proud Tek RF / Production Engineering"""
src/content/editorial/blog/rfid-wristbands-hotels-resorts.json,"""authorSlug"": ""peter-zhang"",","""authorSlug"": ""editorial-board"","
src/content/editorial/blog/rfid-wristbands-hotels-resorts.json,"""reviewedBySlug"": ""nancy-wu"",","""reviewedBySlug"": ""proudtek-engineering"","
src/content/editorial/blog/rfid-wristbands-hotels-resorts.json,"""modifiedAt"": ""2026-07-09T12:00:00Z""","""modifiedAt"": ""2026-07-09T12:00:00Z"","
src/content/editorial/blog/rfid-wristbands-hotels-resorts.json,,"""author"": ""Proud Tek Editorial Team"","
src/content/editorial/blog/rfid-wristbands-hotels-resorts.json,,"""reviewedBy"": ""Proud Tek RF / Production Engineering"""
src/content/editorial/blog/target-rfid-t2-t3-supplier-requirements.json,"""authorSlug"": ""peter-zhang"",","""authorSlug"": ""editorial-board"","
src/content/editorial/blog/target-rfid-t2-t3-supplier-requirements.json,"""reviewedBySlug"": ""nancy-wu"",","""reviewedBySlug"": ""proudtek-engineering"","
src/content/editorial/blog/target-rfid-t2-t3-supplier-requirements.json,"""modifiedAt"": ""2026-07-09T12:00:00Z""","""modifiedAt"": ""2026-07-09T12:00:00Z"","
src/content/editorial/blog/target-rfid-t2-t3-supplier-requirements.json,,"""author"": ""Proud Tek Editorial Team"","
src/content/editorial/blog/target-rfid-t2-t3-supplier-requirements.json,,"""reviewedBy"": ""Proud Tek RF / Production Engineering"""
src/content/editorial/blog/total-cost-rfid-system-breakdown.json,"""Factory-direct tag sourcing reduces the largest recurring cost. Proud Tek's factory-direct pricing on RFID tags saves 20-35% on the component that scales linearly with your deployment size.""","""Manufacturer-direct tag sourcing reduces the largest recurring cost. Proud Tek's partner lines-direct pricing on RFID tags saves 20-35% on the component that scales linearly with your deployment size."""
src/content/editorial/blog/total-cost-rfid-system-breakdown.json,"""description"": ""Factory-direct tags and complete system guidance."",","""description"": ""Manufacturer-direct tags and complete system guidance."","
src/content/editorial/blog/total-cost-rfid-system-breakdown.json,"""answer"": ""The most effective cost reduction strategies are these five. (1) Source tags factory-direct from Proud Tek to save 20-35% on the largest recurring cost, (2) use pre-encoded tags to eliminate the need for in-house RFID printers, (3) start with handheld readers before investing in fixed infrastructure, (4) choose commercial software over custom development, and (5) phase the rollout starting with the highest-ROI category to fund expansion.""","""answer"": ""The most effective cost reduction strategies are these five. (1) Source tags manufacturer-direct from Proud Tek to save 20-35% on the largest recurring cost, (2) use pre-encoded tags to eliminate the need for in-house RFID printers, (3) start with handheld readers before investing in fixed portals."""
src/content/editorial/blog/total-cost-rfid-system-breakdown.json,"""answer"": ""In the first year, tags typically represent 30-50% of total cost, with hardware (readers, antennas) at 20-30% and software/integration at 20-30%. By year 2-3, as the initial hardware and software investment is amortized, tags become 60-80% of ongoing annual cost. This is why factory-direct tag pricing from Proud Tek has a compounding cost advantage over the life of the RFID program.""","""answer"": ""In the first year, tags typically represent 30-50% of total cost, with hardware (readers, antennas) at 20-30% and software/integration at 20-30%. By year 2-3, as the initial hardware and software investment is amortized, tags become 60-80% of ongoing annual cost. This is why manufacturer-direct tag pricing from Proud Tek has a compounding cost advantage over the life of the RFID program."""
src/content/editorial/blog/total-cost-rfid-system-breakdown.json,"""authorSlug"": ""peter-zhang"",","""authorSlug"": ""editorial-board"","
src/content/editorial/blog/total-cost-rfid-system-breakdown.json,"""reviewedBySlug"": ""nancy-wu"",","""reviewedBySlug"": ""proudtek-engineering"","
src/content/editorial/blog/total-cost-rfid-system-breakdown.json,"""modifiedAt"": ""2026-07-09""","""modifiedAt"": ""2026-07-09"","
src/content/editorial/blog/total-cost-rfid-system-breakdown.json,,"""author"": ""Proud Tek Editorial Team"","
src/content/editorial/blog/total-cost-rfid-system-breakdown.json,,"""reviewedBy"": ""Proud Tek RF / Production Engineering"""
src/content/editorial/blog/uhf-rfid-wristbands-long-range.json,"""authorSlug"": ""peter-zhang"",","""authorSlug"": ""editorial-board"","
src/content/editorial/blog/uhf-rfid-wristbands-long-range.json,"""reviewedBySlug"": ""nancy-wu"",","""reviewedBySlug"": ""proudtek-engineering"","
src/content/editorial/blog/uhf-rfid-wristbands-long-range.json,],"],"
src/content/editorial/blog/uhf-rfid-wristbands-long-range.json,,"""author"": ""Proud Tek Editorial Team"","
src/content/editorial/blog/uhf-rfid-wristbands-long-range.json,,"""reviewedBy"": ""Proud Tek RF / Production Engineering"""
src/content/editorial/blog/uhf-vs-hf-rfid-frequency-choice.json,"""authorSlug"": ""peter-zhang"",","""authorSlug"": ""editorial-board"","
src/content/editorial/blog/uhf-vs-hf-rfid-frequency-choice.json,"""reviewedBySlug"": ""nancy-wu"",","""reviewedBySlug"": ""proudtek-engineering"","
src/content/editorial/blog/uhf-vs-hf-rfid-frequency-choice.json,],"],"
src/content/editorial/blog/uhf-vs-hf-rfid-frequency-choice.json,,"""author"": ""Proud Tek Editorial Team"","
src/content/editorial/blog/uhf-vs-hf-rfid-frequency-choice.json,,"""reviewedBy"": ""Proud Tek RF / Production Engineering"""
src/content/editorial/blog/warehouse-inventory-shrinkage-rfid-solution.json,"""authorSlug"": ""peter-zhang"",","""authorSlug"": ""editorial-board"","
src/content/editorial/blog/warehouse-inventory-shrinkage-rfid-solution.json,"""reviewedBySlug"": ""nancy-wu"",","""reviewedBySlug"": ""proudtek-engineering"","
src/content/editorial/blog/warehouse-inventory-shrinkage-rfid-solution.json,],"],"
src/content/editorial/blog/warehouse-inventory-shrinkage-rfid-solution.json,,"""author"": ""Proud Tek Editorial Team"","
src/content/editorial/blog/warehouse-inventory-shrinkage-rfid-solution.json,,"""reviewedBy"": ""Proud Tek RF / Production Engineering"""
src/content/editorial/blog/waterproof-rfid-tags-outdoor.json,"""authorSlug"": ""nancy-wu"",","""authorSlug"": ""editorial-board"","
src/content/editorial/blog/waterproof-rfid-tags-outdoor.json,"""reviewedBySlug"": ""peter-zhang"",","""reviewedBySlug"": ""proudtek-engineering"","
src/content/editorial/blog/waterproof-rfid-tags-outdoor.json,],"],"
src/content/editorial/blog/waterproof-rfid-tags-outdoor.json,,"""author"": ""Proud Tek Editorial Team"","
src/content/editorial/blog/waterproof-rfid-tags-outdoor.json,,"""reviewedBy"": ""Proud Tek RF / Production Engineering"""
src/content/editorial/blog/what-is-mifare-complete-guide.json,"""Personalisation bureau or in-house — For >50K credentials, use a personalisation bureau (G+D, Idemia, Thales-Gemalto, NagraID, IDEMIA Smart Identity) — bureau-grade HSM-backed key injection, per-card audit logs, and BSI/CC-compliant facility security. For <10K credentials, in-house personalisation with ACR1252U/Identive uTrust/HID OMNIKEY readers and OpenSSL/PyCryptodome scripts is feasible."",","""Personalisation bureau or in-house — For >50K credentials, use a personalisation bureau (G+D, Idemia, Thales-Gemalto, NagraID, IDEMIA Smart Identity) — bureau-grade HSM-backed key injection, per-card audit logs, and BSI/CC-compliant facility security. For <10K credentials, partner-line personalisation with ACR1252U/Identive uTrust/HID OMNIKEY readers and OpenSSL/PyCryptodome scripts is feasible."","
src/content/editorial/blog/what-is-mifare-complete-guide.json,"""authorSlug"": ""peter-zhang"",","""authorSlug"": ""editorial-board"","
src/content/editorial/blog/what-is-mifare-complete-guide.json,"""reviewedBySlug"": ""nancy-wu"",","""reviewedBySlug"": ""proudtek-engineering"","
src/content/editorial/blog/what-is-mifare-complete-guide.json,"""modifiedAt"": ""2026-07-09T12:00:00Z""","""modifiedAt"": ""2026-07-09T12:00:00Z"","
src/content/editorial/blog/what-is-mifare-complete-guide.json,,"""author"": ""Proud Tek Editorial Team"","
src/content/editorial/blog/what-is-mifare-complete-guide.json,,"""reviewedBy"": ""Proud Tek RF / Production Engineering"""
src/content/editorial/blog/which-nfc-chip-most-memory.json,"""authorSlug"": ""peter-zhang"",","""authorSlug"": ""editorial-board"","
src/content/editorial/blog/which-nfc-chip-most-memory.json,"""reviewedBySlug"": ""nancy-wu"",","""reviewedBySlug"": ""proudtek-engineering"","
src/content/editorial/blog/which-nfc-chip-most-memory.json,],"],"
src/content/editorial/blog/which-nfc-chip-most-memory.json,,"""author"": ""Proud Tek Editorial Team"","
src/content/editorial/blog/which-nfc-chip-most-memory.json,,"""reviewedBy"": ""Proud Tek RF / Production Engineering"""
src/content/editorial/blog/wooden-nfc-cards-eco-branding.json,"""authorSlug"": ""peter-zhang"",","""authorSlug"": ""editorial-board"","
src/content/editorial/blog/wooden-nfc-cards-eco-branding.json,"""reviewedBySlug"": ""nancy-wu"",","""reviewedBySlug"": ""proudtek-engineering"","
src/content/editorial/blog/wooden-nfc-cards-eco-branding.json,"""modifiedAt"": ""2026-07-09""","""modifiedAt"": ""2026-07-09"","
src/content/editorial/blog/wooden-nfc-cards-eco-branding.json,,"""author"": ""Proud Tek Editorial Team"","
src/content/editorial/blog/wooden-nfc-cards-eco-branding.json,,"""reviewedBy"": ""Proud Tek RF / Production Engineering"""
src/content/editorial/case-studies/_pillar.json,"""authorSlug"": ""nancy-wu"",","""authorSlug"": ""editorial-board"","
src/content/editorial/case-studies/_pillar.json,"""reviewedBySlug"": ""peter-zhang"",","""reviewedBySlug"": ""proudtek-engineering"","
src/content/editorial/case-studies/_pillar.json,],"],"
src/content/editorial/case-studies/_pillar.json,,"""author"": ""Proud Tek Editorial Team"","
src/content/editorial/case-studies/_pillar.json,,"""reviewedBy"": ""Proud Tek RF / Production Engineering"""
src/content/editorial/case-studies/hospitality-hotel-key-card-rollout.json,"""authorSlug"": ""peter-zhang"",","""authorSlug"": ""editorial-board"","
src/content/editorial/case-studies/hospitality-hotel-key-card-rollout.json,"""reviewedBySlug"": ""nancy-wu"",","""reviewedBySlug"": ""proudtek-engineering"","
src/content/editorial/case-studies/hospitality-hotel-key-card-rollout.json,"""Pre-encoded SKU (sectors 1–15 written at the Proud Tek factory under NDA, mailed direct to property) used only for new-property launches and brand events."",","""Pre-encoded SKU (sectors 1–15 written at Proud Tek under NDA, mailed direct to property) used only for new-property launches and brand events."","
src/content/editorial/case-studies/hospitality-hotel-key-card-rollout.json,],"],"
src/content/editorial/case-studies/hospitality-hotel-key-card-rollout.json,,"""author"": ""Proud Tek Editorial Team"","
src/content/editorial/case-studies/hospitality-hotel-key-card-rollout.json,,"""reviewedBy"": ""Proud Tek RF / Production Engineering"""
src/content/editorial/case-studies/industrial-laundry-pps-rfid-tag.json,"""authorSlug"": ""nancy-wu"",","""authorSlug"": ""editorial-board"","
src/content/editorial/case-studies/industrial-laundry-pps-rfid-tag.json,"""reviewedBySlug"": ""peter-zhang"",","""reviewedBySlug"": ""proudtek-engineering"","
src/content/editorial/case-studies/industrial-laundry-pps-rfid-tag.json,],"],"
src/content/editorial/case-studies/industrial-laundry-pps-rfid-tag.json,,"""author"": ""Proud Tek Editorial Team"","
src/content/editorial/case-studies/industrial-laundry-pps-rfid-tag.json,,"""reviewedBy"": ""Proud Tek RF / Production Engineering"""
src/content/editorial/case-studies/library-icode-slix2-self-service.json,"""authorSlug"": ""peter-zhang"",","""authorSlug"": ""editorial-board"","
src/content/editorial/case-studies/library-icode-slix2-self-service.json,"""reviewedBySlug"": ""nancy-wu"",","""reviewedBySlug"": ""proudtek-engineering"","
src/content/editorial/case-studies/library-icode-slix2-self-service.json,],"],"
src/content/editorial/case-studies/library-icode-slix2-self-service.json,,"""author"": ""Proud Tek Editorial Team"","
src/content/editorial/case-studies/library-icode-slix2-self-service.json,,"""reviewedBy"": ""Proud Tek RF / Production Engineering"""
src/content/editorial/case-studies/music-festival-uhf-wristband.json,"""authorSlug"": ""peter-zhang"",","""authorSlug"": ""editorial-board"","
src/content/editorial/case-studies/music-festival-uhf-wristband.json,"""reviewedBySlug"": ""nancy-wu"",","""reviewedBySlug"": ""proudtek-engineering"","
src/content/editorial/case-studies/music-festival-uhf-wristband.json,],"],"
src/content/editorial/case-studies/music-festival-uhf-wristband.json,,"""author"": ""Proud Tek Editorial Team"","
src/content/editorial/case-studies/music-festival-uhf-wristband.json,,"""reviewedBy"": ""Proud Tek RF / Production Engineering"""
src/content/editorial/case-studies/pharmaceutical-dscsa-uhf-rfid.json,"""authorSlug"": ""peter-zhang"",","""authorSlug"": ""editorial-board"","
src/content/editorial/case-studies/pharmaceutical-dscsa-uhf-rfid.json,"""reviewedBySlug"": ""nancy-wu"",","""reviewedBySlug"": ""proudtek-engineering"","
src/content/editorial/case-studies/pharmaceutical-dscsa-uhf-rfid.json,],"],"
src/content/editorial/case-studies/pharmaceutical-dscsa-uhf-rfid.json,,"""author"": ""Proud Tek Editorial Team"","
src/content/editorial/case-studies/pharmaceutical-dscsa-uhf-rfid.json,,"""reviewedBy"": ""Proud Tek RF / Production Engineering"""
src/content/editorial/case-studies/restaurant-google-review-nfc-card.json,"""authorSlug"": ""peter-zhang"",","""authorSlug"": ""editorial-board"","
src/content/editorial/case-studies/restaurant-google-review-nfc-card.json,"""reviewedBySlug"": ""nancy-wu"",","""reviewedBySlug"": ""proudtek-engineering"","
src/content/editorial/case-studies/restaurant-google-review-nfc-card.json,"""Per-store encoding at Proud Tek factory using a Mühlbauer encoding line — 8,000 cards / hour throughput."",","""Per-store encoding at Proud Tek using a Mühlbauer encoding line — 8,000 cards / hour throughput."","
src/content/editorial/case-studies/restaurant-google-review-nfc-card.json,],"],"
src/content/editorial/case-studies/restaurant-google-review-nfc-card.json,,"""author"": ""Proud Tek Editorial Team"","
src/content/editorial/case-studies/restaurant-google-review-nfc-card.json,,"""reviewedBy"": ""Proud Tek RF / Production Engineering"""
src/content/editorial/case-studies/retail-apparel-uhf-rfid-source-tagging.json,"""authorSlug"": ""peter-zhang"",","""authorSlug"": ""editorial-board"","
src/content/editorial/case-studies/retail-apparel-uhf-rfid-source-tagging.json,"""reviewedBySlug"": ""nancy-wu"",","""reviewedBySlug"": ""proudtek-engineering"","
src/content/editorial/case-studies/retail-apparel-uhf-rfid-source-tagging.json,],"],"
src/content/editorial/case-studies/retail-apparel-uhf-rfid-source-tagging.json,,"""author"": ""Proud Tek Editorial Team"","
src/content/editorial/case-studies/retail-apparel-uhf-rfid-source-tagging.json,,"""reviewedBy"": ""Proud Tek RF / Production Engineering"""
src/content/editorial/compare/125khz-vs-13.56mhz-rfid.json,"""authorSlug"": ""peter-zhang"",","""authorSlug"": ""editorial-board"","
src/content/editorial/compare/125khz-vs-13.56mhz-rfid.json,"""reviewedBySlug"": ""nancy-wu"",","""reviewedBySlug"": ""proudtek-engineering"","
src/content/editorial/compare/125khz-vs-13.56mhz-rfid.json,],"],"
src/content/editorial/compare/125khz-vs-13.56mhz-rfid.json,,"""author"": ""Proud Tek Editorial Team"","
src/content/editorial/compare/125khz-vs-13.56mhz-rfid.json,,"""reviewedBy"": ""Proud Tek RF / Production Engineering"""
src/content/editorial/compare/acr1252u-vs-omnikey-5022.json,"""authorSlug"": ""peter-zhang"",","""authorSlug"": ""editorial-board"","
src/content/editorial/compare/acr1252u-vs-omnikey-5022.json,"""reviewedBySlug"": ""nancy-wu"",","""reviewedBySlug"": ""proudtek-engineering"","
src/content/editorial/compare/acr1252u-vs-omnikey-5022.json,],"],"
src/content/editorial/compare/acr1252u-vs-omnikey-5022.json,,"""author"": ""Proud Tek Editorial Team"","
src/content/editorial/compare/acr1252u-vs-omnikey-5022.json,,"""reviewedBy"": ""Proud Tek RF / Production Engineering"""
src/content/editorial/compare/active-vs-passive-rfid.json,"""authorSlug"": ""peter-zhang"",","""authorSlug"": ""editorial-board"","
src/content/editorial/compare/active-vs-passive-rfid.json,"""reviewedBySlug"": ""nancy-wu"",","""reviewedBySlug"": ""proudtek-engineering"","
src/content/editorial/compare/active-vs-passive-rfid.json,],"],"
src/content/editorial/compare/active-vs-passive-rfid.json,,"""author"": ""Proud Tek Editorial Team"","
src/content/editorial/compare/active-vs-passive-rfid.json,,"""reviewedBy"": ""Proud Tek RF / Production Engineering"""
src/content/editorial/compare/em4100-vs-t5577.json,"""authorSlug"": ""peter-zhang"",","""authorSlug"": ""editorial-board"","
src/content/editorial/compare/em4100-vs-t5577.json,"""reviewedBySlug"": ""nancy-wu"",","""reviewedBySlug"": ""proudtek-engineering"","
src/content/editorial/compare/em4100-vs-t5577.json,],"],"
src/content/editorial/compare/em4100-vs-t5577.json,,"""author"": ""Proud Tek Editorial Team"","
src/content/editorial/compare/em4100-vs-t5577.json,,"""reviewedBy"": ""Proud Tek RF / Production Engineering"""
src/content/editorial/compare/google-review-nfc-card-vs-nfc-sticker.json,"""authorSlug"": ""peter-zhang"",","""authorSlug"": ""editorial-board"","
src/content/editorial/compare/google-review-nfc-card-vs-nfc-sticker.json,"""reviewedBySlug"": ""nancy-wu"",","""reviewedBySlug"": ""proudtek-engineering"","
src/content/editorial/compare/google-review-nfc-card-vs-nfc-sticker.json,],"],"
src/content/editorial/compare/google-review-nfc-card-vs-nfc-sticker.json,,"""author"": ""Proud Tek Editorial Team"","
src/content/editorial/compare/google-review-nfc-card-vs-nfc-sticker.json,,"""reviewedBy"": ""Proud Tek RF / Production Engineering"""
src/content/editorial/compare/hf-vs-uhf-rfid-for-asset-tracking.json,"""authorSlug"": ""peter-zhang"",","""authorSlug"": ""editorial-board"","
src/content/editorial/compare/hf-vs-uhf-rfid-for-asset-tracking.json,"""reviewedBySlug"": ""nancy-wu"",","""reviewedBySlug"": ""proudtek-engineering"","
src/content/editorial/compare/hf-vs-uhf-rfid-for-asset-tracking.json,],"],"
src/content/editorial/compare/hf-vs-uhf-rfid-for-asset-tracking.json,,"""author"": ""Proud Tek Editorial Team"","
src/content/editorial/compare/hf-vs-uhf-rfid-for-asset-tracking.json,,"""reviewedBy"": ""Proud Tek RF / Production Engineering"""
src/content/editorial/compare/hotel-key-cards-vs-hotel-wristbands.json,"""authorSlug"": ""peter-zhang"",","""authorSlug"": ""editorial-board"","
src/content/editorial/compare/hotel-key-cards-vs-hotel-wristbands.json,"""reviewedBySlug"": ""nancy-wu"",","""reviewedBySlug"": ""proudtek-engineering"","
src/content/editorial/compare/hotel-key-cards-vs-hotel-wristbands.json,],"],"
src/content/editorial/compare/hotel-key-cards-vs-hotel-wristbands.json,,"""author"": ""Proud Tek Editorial Team"","
src/content/editorial/compare/hotel-key-cards-vs-hotel-wristbands.json,,"""reviewedBy"": ""Proud Tek RF / Production Engineering"""
src/content/editorial/compare/impinj-r700-vs-zebra-fx9600.json,"""authorSlug"": ""peter-zhang"",","""authorSlug"": ""editorial-board"","
src/content/editorial/compare/impinj-r700-vs-zebra-fx9600.json,"""reviewedBySlug"": ""nancy-wu"",","""reviewedBySlug"": ""proudtek-engineering"","
src/content/editorial/compare/impinj-r700-vs-zebra-fx9600.json,],"],"
src/content/editorial/compare/impinj-r700-vs-zebra-fx9600.json,,"""author"": ""Proud Tek Editorial Team"","
src/content/editorial/compare/impinj-r700-vs-zebra-fx9600.json,,"""reviewedBy"": ""Proud Tek RF / Production Engineering"""
src/content/editorial/compare/keyfob-vs-card-vs-wristband-access-control.json,"""authorSlug"": ""peter-zhang"",","""authorSlug"": ""editorial-board"","
src/content/editorial/compare/keyfob-vs-card-vs-wristband-access-control.json,"""reviewedBySlug"": ""nancy-wu"",","""reviewedBySlug"": ""proudtek-engineering"","
src/content/editorial/compare/keyfob-vs-card-vs-wristband-access-control.json,],"],"
src/content/editorial/compare/keyfob-vs-card-vs-wristband-access-control.json,,"""author"": ""Proud Tek Editorial Team"","
src/content/editorial/compare/keyfob-vs-card-vs-wristband-access-control.json,,"""reviewedBy"": ""Proud Tek RF / Production Engineering"""
src/content/editorial/compare/metal-vs-wood-vs-pvc-nfc-business-cards.json,"""authorSlug"": ""peter-zhang"",","""authorSlug"": ""editorial-board"","
src/content/editorial/compare/metal-vs-wood-vs-pvc-nfc-business-cards.json,"""reviewedBySlug"": ""nancy-wu"",","""reviewedBySlug"": ""proudtek-engineering"","
src/content/editorial/compare/metal-vs-wood-vs-pvc-nfc-business-cards.json,],"],"
src/content/editorial/compare/metal-vs-wood-vs-pvc-nfc-business-cards.json,,"""author"": ""Proud Tek Editorial Team"","
src/content/editorial/compare/metal-vs-wood-vs-pvc-nfc-business-cards.json,,"""reviewedBy"": ""Proud Tek RF / Production Engineering"""
src/content/editorial/compare/mifare-classic-vs-plus-vs-desfire-hotel-locks.json,"""authorSlug"": ""peter-zhang"",","""authorSlug"": ""editorial-board"","
src/content/editorial/compare/mifare-classic-vs-plus-vs-desfire-hotel-locks.json,"""reviewedBySlug"": ""nancy-wu"",","""reviewedBySlug"": ""proudtek-engineering"","
src/content/editorial/compare/mifare-classic-vs-plus-vs-desfire-hotel-locks.json,],"],"
src/content/editorial/compare/mifare-classic-vs-plus-vs-desfire-hotel-locks.json,,"""author"": ""Proud Tek Editorial Team"","
src/content/editorial/compare/mifare-classic-vs-plus-vs-desfire-hotel-locks.json,,"""reviewedBy"": ""Proud Tek RF / Production Engineering"""
src/content/editorial/compare/mifare-plus-vs-desfire.json,"""authorSlug"": ""peter-zhang"",","""authorSlug"": ""editorial-board"","
src/content/editorial/compare/mifare-plus-vs-desfire.json,"""reviewedBySlug"": ""nancy-wu"",","""reviewedBySlug"": ""proudtek-engineering"","
src/content/editorial/compare/mifare-plus-vs-desfire.json,],"],"
src/content/editorial/compare/mifare-plus-vs-desfire.json,,"""author"": ""Proud Tek Editorial Team"","
src/content/editorial/compare/mifare-plus-vs-desfire.json,,"""reviewedBy"": ""Proud Tek RF / Production Engineering"""
src/content/editorial/compare/nfc-review-card-vs-qr-review-stand.json,"""authorSlug"": ""peter-zhang"",","""authorSlug"": ""editorial-board"","
src/content/editorial/compare/nfc-review-card-vs-qr-review-stand.json,"""reviewedBySlug"": ""nancy-wu"",","""reviewedBySlug"": ""proudtek-engineering"","
src/content/editorial/compare/nfc-review-card-vs-qr-review-stand.json,"""Chip and programming: most NFC review cards use {chip:nxp-ntag-213:short_name} chips ($0.05-$0.15) programmed with the Google review URL. Programming can be done in-house with a $30 USB NFC writer or outsourced to the card vendor."",","""Chip and programming: most NFC review cards use {chip:nxp-ntag-213:short_name} chips ($0.05-$0.15) programmed with the Google review URL. Programming can be run on our partner lines to our specification and read-verified by our QC with a $30 USB NFC writer or outsourced to the card vendor."","
src/content/editorial/compare/nfc-review-card-vs-qr-review-stand.json,],"],"
src/content/editorial/compare/nfc-review-card-vs-qr-review-stand.json,,"""author"": ""Proud Tek Editorial Team"","
src/content/editorial/compare/nfc-review-card-vs-qr-review-stand.json,,"""reviewedBy"": ""Proud Tek RF / Production Engineering"""
src/content/editorial/compare/nfc-vs-bluetooth.json,"""authorSlug"": ""peter-zhang"",","""authorSlug"": ""editorial-board"","
src/content/editorial/compare/nfc-vs-bluetooth.json,"""reviewedBySlug"": ""nancy-wu"",","""reviewedBySlug"": ""proudtek-engineering"","
src/content/editorial/compare/nfc-vs-bluetooth.json,],"],"
src/content/editorial/compare/nfc-vs-bluetooth.json,,"""author"": ""Proud Tek Editorial Team"","
src/content/editorial/compare/nfc-vs-bluetooth.json,,"""reviewedBy"": ""Proud Tek RF / Production Engineering"""
src/content/editorial/compare/ntag213-vs-ntag215-vs-ntag216.json,"""authorSlug"": ""peter-zhang"",","""authorSlug"": ""editorial-board"","
src/content/editorial/compare/ntag213-vs-ntag215-vs-ntag216.json,"""reviewedBySlug"": ""nancy-wu"",","""reviewedBySlug"": ""proudtek-engineering"","
src/content/editorial/compare/ntag213-vs-ntag215-vs-ntag216.json,],"],"
src/content/editorial/compare/ntag213-vs-ntag215-vs-ntag216.json,,"""author"": ""Proud Tek Editorial Team"","
src/content/editorial/compare/ntag213-vs-ntag215-vs-ntag216.json,,"""reviewedBy"": ""Proud Tek RF / Production Engineering"""
src/content/editorial/compare/on-metal-nfc-labels-vs-standard-nfc-stickers.json,"""authorSlug"": ""peter-zhang"",","""authorSlug"": ""editorial-board"","
src/content/editorial/compare/on-metal-nfc-labels-vs-standard-nfc-stickers.json,"""reviewedBySlug"": ""nancy-wu"",","""reviewedBySlug"": ""proudtek-engineering"","
src/content/editorial/compare/on-metal-nfc-labels-vs-standard-nfc-stickers.json,],"],"
src/content/editorial/compare/on-metal-nfc-labels-vs-standard-nfc-stickers.json,,"""author"": ""Proud Tek Editorial Team"","
src/content/editorial/compare/on-metal-nfc-labels-vs-standard-nfc-stickers.json,,"""reviewedBy"": ""Proud Tek RF / Production Engineering"""
src/content/editorial/compare/pps-vs-silicone-vs-textile-rfid-laundry-tags.json,"""authorSlug"": ""peter-zhang"",","""authorSlug"": ""editorial-board"","
src/content/editorial/compare/pps-vs-silicone-vs-textile-rfid-laundry-tags.json,"""reviewedBySlug"": ""nancy-wu"",","""reviewedBySlug"": ""proudtek-engineering"","
src/content/editorial/compare/pps-vs-silicone-vs-textile-rfid-laundry-tags.json,],"],"
src/content/editorial/compare/pps-vs-silicone-vs-textile-rfid-laundry-tags.json,,"""author"": ""Proud Tek Editorial Team"","
src/content/editorial/compare/pps-vs-silicone-vs-textile-rfid-laundry-tags.json,,"""reviewedBy"": ""Proud Tek RF / Production Engineering"""
src/content/editorial/compare/pvc-vs-wood-vs-pla-hotel-key-cards.json,"""authorSlug"": ""peter-zhang"",","""authorSlug"": ""editorial-board"","
src/content/editorial/compare/pvc-vs-wood-vs-pla-hotel-key-cards.json,"""reviewedBySlug"": ""nancy-wu"",","""reviewedBySlug"": ""proudtek-engineering"","
src/content/editorial/compare/pvc-vs-wood-vs-pla-hotel-key-cards.json,],"],"
src/content/editorial/compare/pvc-vs-wood-vs-pla-hotel-key-cards.json,,"""author"": ""Proud Tek Editorial Team"","
src/content/editorial/compare/pvc-vs-wood-vs-pla-hotel-key-cards.json,,"""reviewedBy"": ""Proud Tek RF / Production Engineering"""
src/content/editorial/compare/rfid-vs-barcode.json,"""authorSlug"": ""peter-zhang"",","""authorSlug"": ""editorial-board"","
src/content/editorial/compare/rfid-vs-barcode.json,"""reviewedBySlug"": ""nancy-wu"",","""reviewedBySlug"": ""proudtek-engineering"","
src/content/editorial/compare/rfid-vs-barcode.json,],"],"
src/content/editorial/compare/rfid-vs-barcode.json,,"""author"": ""Proud Tek Editorial Team"","
src/content/editorial/compare/rfid-vs-barcode.json,,"""reviewedBy"": ""Proud Tek RF / Production Engineering"""
src/content/editorial/compare/rfid-vs-ble-asset-tracking.json,"""authorSlug"": ""peter-zhang"",","""authorSlug"": ""editorial-board"","
src/content/editorial/compare/rfid-vs-ble-asset-tracking.json,"""reviewedBySlug"": ""nancy-wu"",","""reviewedBySlug"": ""proudtek-engineering"","
src/content/editorial/compare/rfid-vs-ble-asset-tracking.json,],"],"
src/content/editorial/compare/rfid-vs-ble-asset-tracking.json,,"""author"": ""Proud Tek Editorial Team"","
src/content/editorial/compare/rfid-vs-ble-asset-tracking.json,,"""reviewedBy"": ""Proud Tek RF / Production Engineering"""
src/content/editorial/compare/rfid-vs-magnetic-hotel-key-cards.json,"""authorSlug"": ""peter-zhang"",","""authorSlug"": ""editorial-board"","
src/content/editorial/compare/rfid-vs-magnetic-hotel-key-cards.json,"""reviewedBySlug"": ""nancy-wu"",","""reviewedBySlug"": ""proudtek-engineering"","
src/content/editorial/compare/rfid-vs-magnetic-hotel-key-cards.json,],"],"
src/content/editorial/compare/rfid-vs-magnetic-hotel-key-cards.json,,"""author"": ""Proud Tek Editorial Team"","
src/content/editorial/compare/rfid-vs-magnetic-hotel-key-cards.json,,"""reviewedBy"": ""Proud Tek RF / Production Engineering"""
src/content/editorial/compare/rfid-vs-qr-code.json,"""authorSlug"": ""peter-zhang"",","""authorSlug"": ""editorial-board"","
src/content/editorial/compare/rfid-vs-qr-code.json,"""reviewedBySlug"": ""nancy-wu"",","""reviewedBySlug"": ""proudtek-engineering"","
src/content/editorial/compare/rfid-vs-qr-code.json,],"],"
src/content/editorial/compare/rfid-vs-qr-code.json,,"""author"": ""Proud Tek Editorial Team"","
src/content/editorial/compare/rfid-vs-qr-code.json,,"""reviewedBy"": ""Proud Tek RF / Production Engineering"""
src/content/editorial/compare/rfid-wristband-vs-rfid-card.json,"""authorSlug"": ""peter-zhang"",","""authorSlug"": ""editorial-board"","
src/content/editorial/compare/rfid-wristband-vs-rfid-card.json,"""reviewedBySlug"": ""nancy-wu"",","""reviewedBySlug"": ""proudtek-engineering"","
src/content/editorial/compare/rfid-wristband-vs-rfid-card.json,],"],"
src/content/editorial/compare/rfid-wristband-vs-rfid-card.json,,"""author"": ""Proud Tek Editorial Team"","
src/content/editorial/compare/rfid-wristband-vs-rfid-card.json,,"""reviewedBy"": ""Proud Tek RF / Production Engineering"""
src/content/editorial/compare/rfid-wristbands-hotels-vs-events-vs-resorts.json,"""authorSlug"": ""peter-zhang"",","""authorSlug"": ""editorial-board"","
src/content/editorial/compare/rfid-wristbands-hotels-vs-events-vs-resorts.json,"""reviewedBySlug"": ""nancy-wu"",","""reviewedBySlug"": ""proudtek-engineering"","
src/content/editorial/compare/rfid-wristbands-hotels-vs-events-vs-resorts.json,],"],"
src/content/editorial/compare/rfid-wristbands-hotels-vs-events-vs-resorts.json,,"""author"": ""Proud Tek Editorial Team"","
src/content/editorial/compare/rfid-wristbands-hotels-vs-events-vs-resorts.json,,"""reviewedBy"": ""Proud Tek RF / Production Engineering"""
src/content/editorial/compare/silicone-vs-fabric-vs-woven-rfid-wristbands.json,"""authorSlug"": ""peter-zhang"",","""authorSlug"": ""editorial-board"","
src/content/editorial/compare/silicone-vs-fabric-vs-woven-rfid-wristbands.json,"""reviewedBySlug"": ""nancy-wu"",","""reviewedBySlug"": ""proudtek-engineering"","
src/content/editorial/compare/silicone-vs-fabric-vs-woven-rfid-wristbands.json,],"],"
src/content/editorial/compare/silicone-vs-fabric-vs-woven-rfid-wristbands.json,,"""author"": ""Proud Tek Editorial Team"","
src/content/editorial/compare/silicone-vs-fabric-vs-woven-rfid-wristbands.json,,"""reviewedBy"": ""Proud Tek RF / Production Engineering"""
src/content/editorial/compare/ucode8-vs-ucode9-vs-monza-r6-vs-higgs9.json,"""authorSlug"": ""peter-zhang"",","""authorSlug"": ""editorial-board"","
src/content/editorial/compare/ucode8-vs-ucode9-vs-monza-r6-vs-higgs9.json,"""reviewedBySlug"": ""nancy-wu"",","""reviewedBySlug"": ""proudtek-engineering"","
src/content/editorial/compare/ucode8-vs-ucode9-vs-monza-r6-vs-higgs9.json,],"],"
src/content/editorial/compare/ucode8-vs-ucode9-vs-monza-r6-vs-higgs9.json,,"""author"": ""Proud Tek Editorial Team"","
src/content/editorial/compare/ucode8-vs-ucode9-vs-monza-r6-vs-higgs9.json,,"""reviewedBy"": ""Proud Tek RF / Production Engineering"""
src/content/editorial/compare/uhf-vs-hf-rfid-laundry-tags.json,"""authorSlug"": ""peter-zhang"",","""authorSlug"": ""editorial-board"","
src/content/editorial/compare/uhf-vs-hf-rfid-laundry-tags.json,"""reviewedBySlug"": ""nancy-wu"",","""reviewedBySlug"": ""proudtek-engineering"","
src/content/editorial/compare/uhf-vs-hf-rfid-laundry-tags.json,],"],"
src/content/editorial/compare/uhf-vs-hf-rfid-laundry-tags.json,,"""author"": ""Proud Tek Editorial Team"","
src/content/editorial/compare/uhf-vs-hf-rfid-laundry-tags.json,,"""reviewedBy"": ""Proud Tek RF / Production Engineering"""
src/content/editorial/compare/uhf-vs-hf-rfid.json,"""authorSlug"": ""peter-zhang"",","""authorSlug"": ""editorial-board"","
src/content/editorial/compare/uhf-vs-hf-rfid.json,"""reviewedBySlug"": ""nancy-wu"",","""reviewedBySlug"": ""proudtek-engineering"","
src/content/editorial/compare/uhf-vs-hf-rfid.json,],"],"
src/content/editorial/compare/uhf-vs-hf-rfid.json,,"""author"": ""Proud Tek Editorial Team"","
src/content/editorial/compare/uhf-vs-hf-rfid.json,,"""reviewedBy"": ""Proud Tek RF / Production Engineering"""
src/content/editorial/compatibility.json,"""authorSlug"": ""peter-zhang"",","""authorSlug"": ""editorial-board"","
src/content/editorial/compatibility.json,"""reviewedBySlug"": ""nancy-wu""","""reviewedBySlug"": ""proudtek-engineering"","
src/content/editorial/compatibility.json,,"""author"": ""Proud Tek Editorial Team"","
src/content/editorial/compatibility.json,,"""reviewedBy"": ""Proud Tek RF / Production Engineering"""
src/content/editorial/compatibility/be-tech-hotel-key-cards.json,"""authorSlug"": ""peter-zhang"",","""authorSlug"": ""editorial-board"","
src/content/editorial/compatibility/be-tech-hotel-key-cards.json,"""reviewedBySlug"": ""nancy-wu"",","""reviewedBySlug"": ""proudtek-engineering"","
src/content/editorial/compatibility/be-tech-hotel-key-cards.json,"""reviewedAt"": ""2026-05-11""","""reviewedAt"": ""2026-05-11"","
src/content/editorial/compatibility/be-tech-hotel-key-cards.json,,"""author"": ""Proud Tek Editorial Team"","
src/content/editorial/compatibility/be-tech-hotel-key-cards.json,,"""reviewedBy"": ""Proud Tek RF / Production Engineering"""
src/content/editorial/compatibility/hafele-dialock-hotel-key-cards.json,"""authorSlug"": ""peter-zhang"",","""authorSlug"": ""editorial-board"","
src/content/editorial/compatibility/hafele-dialock-hotel-key-cards.json,"""reviewedBySlug"": ""nancy-wu"",","""reviewedBySlug"": ""proudtek-engineering"","
src/content/editorial/compatibility/hafele-dialock-hotel-key-cards.json,"""reviewedAt"": ""2026-05-11""","""reviewedAt"": ""2026-05-11"","
src/content/editorial/compatibility/hafele-dialock-hotel-key-cards.json,,"""author"": ""Proud Tek Editorial Team"","
src/content/editorial/compatibility/hafele-dialock-hotel-key-cards.json,,"""reviewedBy"": ""Proud Tek RF / Production Engineering"""
src/content/editorial/compatibility/miwa-hotel-key-cards.json,"""authorSlug"": ""peter-zhang"",","""authorSlug"": ""editorial-board"","
src/content/editorial/compatibility/miwa-hotel-key-cards.json,"""reviewedBySlug"": ""nancy-wu"",","""reviewedBySlug"": ""proudtek-engineering"","
src/content/editorial/compatibility/miwa-hotel-key-cards.json,"""reviewedAt"": ""2026-05-11""","""reviewedAt"": ""2026-05-11"","
src/content/editorial/compatibility/miwa-hotel-key-cards.json,,"""author"": ""Proud Tek Editorial Team"","
src/content/editorial/compatibility/miwa-hotel-key-cards.json,,"""reviewedBy"": ""Proud Tek RF / Production Engineering"""
src/content/editorial/compatibility/onity-hotel-key-cards.json,"""authorSlug"": ""peter-zhang"",","""authorSlug"": ""editorial-board"","
src/content/editorial/compatibility/onity-hotel-key-cards.json,"""reviewedBySlug"": ""nancy-wu"",","""reviewedBySlug"": ""proudtek-engineering"","
src/content/editorial/compatibility/onity-hotel-key-cards.json,"""reviewedAt"": ""2026-05-11""","""reviewedAt"": ""2026-05-11"","
src/content/editorial/compatibility/onity-hotel-key-cards.json,,"""author"": ""Proud Tek Editorial Team"","
src/content/editorial/compatibility/onity-hotel-key-cards.json,,"""reviewedBy"": ""Proud Tek RF / Production Engineering"""
src/content/editorial/compatibility/saflok-hotel-key-cards.json,"""authorSlug"": ""peter-zhang"",","""authorSlug"": ""editorial-board"","
src/content/editorial/compatibility/saflok-hotel-key-cards.json,"""reviewedBySlug"": ""nancy-wu"",","""reviewedBySlug"": ""proudtek-engineering"","
src/content/editorial/compatibility/saflok-hotel-key-cards.json,"""reviewedAt"": ""2026-05-11""","""reviewedAt"": ""2026-05-11"","
src/content/editorial/compatibility/saflok-hotel-key-cards.json,,"""author"": ""Proud Tek Editorial Team"","
src/content/editorial/compatibility/saflok-hotel-key-cards.json,,"""reviewedBy"": ""Proud Tek RF / Production Engineering"""
src/content/editorial/compatibility/salto-hotel-key-cards.json,"""authorSlug"": ""peter-zhang"",","""authorSlug"": ""editorial-board"","
src/content/editorial/compatibility/salto-hotel-key-cards.json,"""reviewedBySlug"": ""nancy-wu"",","""reviewedBySlug"": ""proudtek-engineering"","
src/content/editorial/compatibility/salto-hotel-key-cards.json,"""reviewedAt"": ""2026-05-11""","""reviewedAt"": ""2026-05-11"","
src/content/editorial/compatibility/salto-hotel-key-cards.json,,"""author"": ""Proud Tek Editorial Team"","
src/content/editorial/compatibility/salto-hotel-key-cards.json,,"""reviewedBy"": ""Proud Tek RF / Production Engineering"""
src/content/editorial/compatibility/vingcard-hotel-key-cards.json,"""authorSlug"": ""peter-zhang"",","""authorSlug"": ""editorial-board"","
src/content/editorial/compatibility/vingcard-hotel-key-cards.json,"""reviewedBySlug"": ""nancy-wu"",","""reviewedBySlug"": ""proudtek-engineering"","
src/content/editorial/compatibility/vingcard-hotel-key-cards.json,"""reviewedAt"": ""2026-05-11""","""reviewedAt"": ""2026-05-11"","
src/content/editorial/compatibility/vingcard-hotel-key-cards.json,,"""author"": ""Proud Tek Editorial Team"","
src/content/editorial/compatibility/vingcard-hotel-key-cards.json,,"""reviewedBy"": ""Proud Tek RF / Production Engineering"""
src/content/editorial/contact.json,"""imageAlt"": ""Proud Tek Shenzhen factory floor"",","""imageAlt"": ""RFID production line producing Proud Tek orders in Shenzhen"","
src/content/editorial/contact.json,"""In-house chip programming, encoding and laser numbering."",","""Partner-line chip programming, encoding and laser numbering."","
src/content/editorial/contact.json,"""answer"": ""Most first emails are answered the next working day in Shenzhen time. WhatsApp messages sent during business hours usually receive a same-day reply. Sample requests with a clear chip and housing brief move faster than open-ended catalog questions.""","""answer"": ""First replies go out within 2–4 hours during Shenzhen business hours (Mon–Fri, GMT+8), and a written quote follows within 24–48 hours. Sample requests with a clear chip and housing brief move faster than open-ended catalog questions."""
src/content/editorial/contact.json,"""authorSlug"": ""peter-zhang"",","""authorSlug"": ""editorial-board"","
src/content/editorial/contact.json,"""reviewedBySlug"": ""nancy-wu""","""reviewedBySlug"": ""proudtek-engineering"","
src/content/editorial/contact.json,,"""author"": ""Proud Tek Editorial Team"","
src/content/editorial/contact.json,,"""reviewedBy"": ""Proud Tek RF / Production Engineering"""
src/content/editorial/contact/access-control-keyfobs.json,"""authorSlug"": ""peter-zhang"",","""authorSlug"": ""editorial-board"","
src/content/editorial/contact/access-control-keyfobs.json,"""reviewedBySlug"": ""nancy-wu""","""reviewedBySlug"": ""proudtek-engineering"","
src/content/editorial/contact/access-control-keyfobs.json,,"""author"": ""Proud Tek Editorial Team"","
src/content/editorial/contact/access-control-keyfobs.json,,"""reviewedBy"": ""Proud Tek RF / Production Engineering"""
src/content/editorial/contact/custom-rfid-cards.json,"""authorSlug"": ""peter-zhang"",","""authorSlug"": ""editorial-board"","
src/content/editorial/contact/custom-rfid-cards.json,"""reviewedBySlug"": ""nancy-wu""","""reviewedBySlug"": ""proudtek-engineering"","
src/content/editorial/contact/custom-rfid-cards.json,,"""author"": ""Proud Tek Editorial Team"","
src/content/editorial/contact/custom-rfid-cards.json,,"""reviewedBy"": ""Proud Tek RF / Production Engineering"""
src/content/editorial/contact/event-rfid.json,"""authorSlug"": ""peter-zhang"",","""authorSlug"": ""editorial-board"","
src/content/editorial/contact/event-rfid.json,"""reviewedBySlug"": ""nancy-wu""","""reviewedBySlug"": ""proudtek-engineering"","
src/content/editorial/contact/event-rfid.json,,"""author"": ""Proud Tek Editorial Team"","
src/content/editorial/contact/event-rfid.json,,"""reviewedBy"": ""Proud Tek RF / Production Engineering"""
src/content/editorial/contact/hotel-rfid.json,"""authorSlug"": ""peter-zhang"",","""authorSlug"": ""editorial-board"","
src/content/editorial/contact/hotel-rfid.json,"""reviewedBySlug"": ""nancy-wu""","""reviewedBySlug"": ""proudtek-engineering"","
src/content/editorial/contact/hotel-rfid.json,,"""author"": ""Proud Tek Editorial Team"","
src/content/editorial/contact/hotel-rfid.json,,"""reviewedBy"": ""Proud Tek RF / Production Engineering"""
src/content/editorial/contact/laundry-rfid.json,"""authorSlug"": ""nancy-wu"",","""authorSlug"": ""editorial-board"","
src/content/editorial/contact/laundry-rfid.json,"""reviewedBySlug"": ""peter-zhang""","""reviewedBySlug"": ""proudtek-engineering"","
src/content/editorial/contact/laundry-rfid.json,,"""author"": ""Proud Tek Editorial Team"","
src/content/editorial/contact/laundry-rfid.json,,"""reviewedBy"": ""Proud Tek RF / Production Engineering"""
src/content/editorial/contact/nfc-branding-cards.json,"""authorSlug"": ""peter-zhang"",","""authorSlug"": ""editorial-board"","
src/content/editorial/contact/nfc-branding-cards.json,"""reviewedBySlug"": ""nancy-wu""","""reviewedBySlug"": ""proudtek-engineering"","
src/content/editorial/contact/nfc-branding-cards.json,,"""author"": ""Proud Tek Editorial Team"","
src/content/editorial/contact/nfc-branding-cards.json,,"""reviewedBy"": ""Proud Tek RF / Production Engineering"""
src/content/editorial/contact/rfid-labels-tags.json,"""authorSlug"": ""peter-zhang"",","""authorSlug"": ""editorial-board"","
src/content/editorial/contact/rfid-labels-tags.json,"""reviewedBySlug"": ""nancy-wu""","""reviewedBySlug"": ""proudtek-engineering"","
src/content/editorial/contact/rfid-labels-tags.json,,"""author"": ""Proud Tek Editorial Team"","
src/content/editorial/contact/rfid-labels-tags.json,,"""reviewedBy"": ""Proud Tek RF / Production Engineering"""
src/content/editorial/contact/rfid-readers.json,"""authorSlug"": ""peter-zhang"",","""authorSlug"": ""editorial-board"","
src/content/editorial/contact/rfid-readers.json,"""reviewedBySlug"": ""nancy-wu""","""reviewedBySlug"": ""proudtek-engineering"","
src/content/editorial/contact/rfid-readers.json,,"""author"": ""Proud Tek Editorial Team"","
src/content/editorial/contact/rfid-readers.json,,"""reviewedBy"": ""Proud Tek RF / Production Engineering"""
src/content/editorial/contact/vehicle-rfid.json,"""authorSlug"": ""peter-zhang"",","""authorSlug"": ""editorial-board"","
src/content/editorial/contact/vehicle-rfid.json,"""reviewedBySlug"": ""nancy-wu""","""reviewedBySlug"": ""proudtek-engineering"","
src/content/editorial/contact/vehicle-rfid.json,,"""author"": ""Proud Tek Editorial Team"","
src/content/editorial/contact/vehicle-rfid.json,,"""reviewedBy"": ""Proud Tek RF / Production Engineering"""
src/content/editorial/faq.json,"""Standard MOQ: 500 pieces for cards, 1,000 pieces for tags or labels, 100 pieces for keyfobs and wristbands."",","""Standard MOQ: 500 pieces for cards, keyfobs and wristbands (stock SKUs from 100), 1,000 pieces for tags or labels; formats that need custom tooling 2,000–5,000."","
src/content/editorial/faq.json,"""First-PO lead time: 12–18 working days from artwork approval; rush options available on request."",","""First-PO lead time: 7–15 business days from order confirmation for stock chip types; custom tooling or new antennas are quoted per job."","
src/content/editorial/faq.json,"""Reorder lead time: 10–14 working days once spec is locked.""","""Reorder lead time: 10–12 business days on a framework agreement once the spec is locked."""
src/content/editorial/faq.json,"""intro"": ""Most B2B programs require chip-level customization. We do encoding and marking in-house."",","""intro"": ""Most B2B programs require chip-level customization. Encoding and marking are run on our partner lines to our specification and read-verified by our QC before shipment."","
src/content/editorial/faq.json,"""Materials: RoHS, REACH SVHC, California Prop 65 declarations on file per chip family."",","""Materials: sample-based RoHS and REACH SVHC test reports published with their numbers on the certifications page; testing on your exact specification on request."","
src/content/editorial/faq.json,"""answer"": ""Yes. UID lock, NDEF programming and GS1 SGTIN-96 EPC encoding are all done in-house. We include a CSV file mapping UID to your serial reference with every encoded order.""","""answer"": ""Yes. UID lock, NDEF programming and GS1 SGTIN-96 EPC encoding are all run on our partner lines to our specification and read-verified by our QC. We include a CSV file mapping UID to your serial reference with every encoded order."""
src/content/editorial/faq.json,"""authorSlug"": ""peter-zhang"",","""authorSlug"": ""editorial-board"","
src/content/editorial/faq.json,"""reviewedBySlug"": ""nancy-wu"",","""reviewedBySlug"": ""proudtek-engineering"","
src/content/editorial/faq.json,"""reviewedAt"": ""2026-04-28""","""reviewedAt"": ""2026-04-28"","
src/content/editorial/faq.json,,"""author"": ""Proud Tek Editorial Team"","
src/content/editorial/faq.json,,"""reviewedBy"": ""Proud Tek RF / Production Engineering"""
src/content/editorial/guides/california-rfid-privacy-law.json,"""authorSlug"": ""peter-zhang"",","""authorSlug"": ""editorial-board"","
src/content/editorial/guides/california-rfid-privacy-law.json,"""reviewedBySlug"": ""nancy-wu"",","""reviewedBySlug"": ""proudtek-engineering"","
src/content/editorial/guides/california-rfid-privacy-law.json,],"],"
src/content/editorial/guides/california-rfid-privacy-law.json,,"""author"": ""Proud Tek Editorial Team"","
src/content/editorial/guides/california-rfid-privacy-law.json,,"""reviewedBy"": ""Proud Tek RF / Production Engineering"""
src/content/editorial/guides/em4100-em4305-t5577-lf-chip-encyclopedia.json,"""authorSlug"": ""peter-zhang"",","""authorSlug"": ""editorial-board"","
src/content/editorial/guides/em4100-em4305-t5577-lf-chip-encyclopedia.json,"""reviewedBySlug"": ""nancy-wu"",","""reviewedBySlug"": ""proudtek-engineering"","
src/content/editorial/guides/em4100-em4305-t5577-lf-chip-encyclopedia.json,],"],"
src/content/editorial/guides/em4100-em4305-t5577-lf-chip-encyclopedia.json,,"""author"": ""Proud Tek Editorial Team"","
src/content/editorial/guides/em4100-em4305-t5577-lf-chip-encyclopedia.json,,"""reviewedBy"": ""Proud Tek RF / Production Engineering"""
src/content/editorial/guides/epc-gen2-uhf-rfid.json,"""authorSlug"": ""peter-zhang"",","""authorSlug"": ""editorial-board"","
src/content/editorial/guides/epc-gen2-uhf-rfid.json,"""reviewedBySlug"": ""nancy-wu"",","""reviewedBySlug"": ""proudtek-engineering"","
src/content/editorial/guides/epc-gen2-uhf-rfid.json,],"],"
src/content/editorial/guides/epc-gen2-uhf-rfid.json,,"""author"": ""Proud Tek Editorial Team"","
src/content/editorial/guides/epc-gen2-uhf-rfid.json,,"""reviewedBy"": ""Proud Tek RF / Production Engineering"""
src/content/editorial/guides/eu-digital-product-passport-2027.json,"""authorSlug"": ""peter-zhang"",","""authorSlug"": ""editorial-board"","
src/content/editorial/guides/eu-digital-product-passport-2027.json,"""reviewedBySlug"": ""nancy-wu"",","""reviewedBySlug"": ""proudtek-engineering"","
src/content/editorial/guides/eu-digital-product-passport-2027.json,],"],"
src/content/editorial/guides/eu-digital-product-passport-2027.json,,"""author"": ""Proud Tek Editorial Team"","
src/content/editorial/guides/eu-digital-product-passport-2027.json,,"""reviewedBy"": ""Proud Tek RF / Production Engineering"""
src/content/editorial/guides/fda-rfid-pharmaceutical-tracking.json,"""authorSlug"": ""peter-zhang"",","""authorSlug"": ""editorial-board"","
src/content/editorial/guides/fda-rfid-pharmaceutical-tracking.json,"""reviewedBySlug"": ""nancy-wu"",","""reviewedBySlug"": ""proudtek-engineering"","
src/content/editorial/guides/fda-rfid-pharmaceutical-tracking.json,],"],"
src/content/editorial/guides/fda-rfid-pharmaceutical-tracking.json,,"""author"": ""Proud Tek Editorial Team"","
src/content/editorial/guides/fda-rfid-pharmaceutical-tracking.json,,"""reviewedBy"": ""Proud Tek RF / Production Engineering"""
src/content/editorial/guides/google-review-card-design-and-copy.json,"""authorSlug"": ""peter-zhang"",","""authorSlug"": ""editorial-board"","
src/content/editorial/guides/google-review-card-design-and-copy.json,"""reviewedBySlug"": ""nancy-wu"",","""reviewedBySlug"": ""proudtek-engineering"","
src/content/editorial/guides/google-review-card-design-and-copy.json,],"],"
src/content/editorial/guides/google-review-card-design-and-copy.json,,"""author"": ""Proud Tek Editorial Team"","
src/content/editorial/guides/google-review-card-design-and-copy.json,,"""reviewedBy"": ""Proud Tek RF / Production Engineering"""
src/content/editorial/guides/google-review-card-placement-guide.json,"""authorSlug"": ""peter-zhang"",","""authorSlug"": ""editorial-board"","
src/content/editorial/guides/google-review-card-placement-guide.json,"""reviewedBySlug"": ""nancy-wu"",","""reviewedBySlug"": ""proudtek-engineering"","
src/content/editorial/guides/google-review-card-placement-guide.json,],"],"
src/content/editorial/guides/google-review-card-placement-guide.json,,"""author"": ""Proud Tek Editorial Team"","
src/content/editorial/guides/google-review-card-placement-guide.json,,"""reviewedBy"": ""Proud Tek RF / Production Engineering"""
src/content/editorial/guides/google-review-card-staff-prompt-playbook.json,"""authorSlug"": ""peter-zhang"",","""authorSlug"": ""editorial-board"","
src/content/editorial/guides/google-review-card-staff-prompt-playbook.json,"""reviewedBySlug"": ""nancy-wu"",","""reviewedBySlug"": ""proudtek-engineering"","
src/content/editorial/guides/google-review-card-staff-prompt-playbook.json,],"],"
src/content/editorial/guides/google-review-card-staff-prompt-playbook.json,,"""author"": ""Proud Tek Editorial Team"","
src/content/editorial/guides/google-review-card-staff-prompt-playbook.json,,"""reviewedBy"": ""Proud Tek RF / Production Engineering"""
src/content/editorial/guides/google-review-cards-for-auto-dealerships.json,"""authorSlug"": ""peter-zhang"",","""authorSlug"": ""editorial-board"","
src/content/editorial/guides/google-review-cards-for-auto-dealerships.json,"""reviewedBySlug"": ""nancy-wu"",","""reviewedBySlug"": ""proudtek-engineering"","
src/content/editorial/guides/google-review-cards-for-auto-dealerships.json,],"],"
src/content/editorial/guides/google-review-cards-for-auto-dealerships.json,,"""author"": ""Proud Tek Editorial Team"","
src/content/editorial/guides/google-review-cards-for-auto-dealerships.json,,"""reviewedBy"": ""Proud Tek RF / Production Engineering"""
src/content/editorial/guides/google-review-cards-for-dental-groups.json,"""authorSlug"": ""peter-zhang"",","""authorSlug"": ""editorial-board"","
src/content/editorial/guides/google-review-cards-for-dental-groups.json,"""reviewedBySlug"": ""nancy-wu"",","""reviewedBySlug"": ""proudtek-engineering"","
src/content/editorial/guides/google-review-cards-for-dental-groups.json,],"],"
src/content/editorial/guides/google-review-cards-for-dental-groups.json,,"""author"": ""Proud Tek Editorial Team"","
src/content/editorial/guides/google-review-cards-for-dental-groups.json,,"""reviewedBy"": ""Proud Tek RF / Production Engineering"""
src/content/editorial/guides/google-review-cards-for-fitness-franchises.json,"""authorSlug"": ""peter-zhang"",","""authorSlug"": ""editorial-board"","
src/content/editorial/guides/google-review-cards-for-fitness-franchises.json,"""reviewedBySlug"": ""nancy-wu"",","""reviewedBySlug"": ""proudtek-engineering"","
src/content/editorial/guides/google-review-cards-for-fitness-franchises.json,],"],"
src/content/editorial/guides/google-review-cards-for-fitness-franchises.json,,"""author"": ""Proud Tek Editorial Team"","
src/content/editorial/guides/google-review-cards-for-fitness-franchises.json,,"""reviewedBy"": ""Proud Tek RF / Production Engineering"""
src/content/editorial/guides/google-review-cards-for-hotel-groups.json,"""authorSlug"": ""peter-zhang"",","""authorSlug"": ""editorial-board"","
src/content/editorial/guides/google-review-cards-for-hotel-groups.json,"""reviewedBySlug"": ""nancy-wu"",","""reviewedBySlug"": ""proudtek-engineering"","
src/content/editorial/guides/google-review-cards-for-hotel-groups.json,],"],"
src/content/editorial/guides/google-review-cards-for-hotel-groups.json,,"""author"": ""Proud Tek Editorial Team"","
src/content/editorial/guides/google-review-cards-for-hotel-groups.json,,"""reviewedBy"": ""Proud Tek RF / Production Engineering"""
src/content/editorial/guides/google-review-cards-for-multi-location-brands.json,"""authorSlug"": ""peter-zhang"",","""authorSlug"": ""editorial-board"","
src/content/editorial/guides/google-review-cards-for-multi-location-brands.json,"""reviewedBySlug"": ""nancy-wu"",","""reviewedBySlug"": ""proudtek-engineering"","
src/content/editorial/guides/google-review-cards-for-multi-location-brands.json,],"],"
src/content/editorial/guides/google-review-cards-for-multi-location-brands.json,,"""author"": ""Proud Tek Editorial Team"","
src/content/editorial/guides/google-review-cards-for-multi-location-brands.json,,"""reviewedBy"": ""Proud Tek RF / Production Engineering"""
src/content/editorial/guides/google-review-cards-for-restaurant-franchises.json,"""authorSlug"": ""peter-zhang"",","""authorSlug"": ""editorial-board"","
src/content/editorial/guides/google-review-cards-for-restaurant-franchises.json,"""reviewedBySlug"": ""nancy-wu"",","""reviewedBySlug"": ""proudtek-engineering"","
src/content/editorial/guides/google-review-cards-for-restaurant-franchises.json,],"],"
src/content/editorial/guides/google-review-cards-for-restaurant-franchises.json,,"""author"": ""Proud Tek Editorial Team"","
src/content/editorial/guides/google-review-cards-for-restaurant-franchises.json,,"""reviewedBy"": ""Proud Tek RF / Production Engineering"""
src/content/editorial/guides/google-review-cards-for-salon-chains.json,"""authorSlug"": ""peter-zhang"",","""authorSlug"": ""editorial-board"","
src/content/editorial/guides/google-review-cards-for-salon-chains.json,"""reviewedBySlug"": ""nancy-wu"",","""reviewedBySlug"": ""proudtek-engineering"","
src/content/editorial/guides/google-review-cards-for-salon-chains.json,],"],"
src/content/editorial/guides/google-review-cards-for-salon-chains.json,,"""author"": ""Proud Tek Editorial Team"","
src/content/editorial/guides/google-review-cards-for-salon-chains.json,,"""reviewedBy"": ""Proud Tek RF / Production Engineering"""
src/content/editorial/guides/google-review-nfc-card-setup.json,"""authorSlug"": ""peter-zhang"",","""authorSlug"": ""editorial-board"","
src/content/editorial/guides/google-review-nfc-card-setup.json,"""reviewedBySlug"": ""nancy-wu"",","""reviewedBySlug"": ""proudtek-engineering"","
src/content/editorial/guides/google-review-nfc-card-setup.json,],"],"
src/content/editorial/guides/google-review-nfc-card-setup.json,,"""author"": ""Proud Tek Editorial Team"","
src/content/editorial/guides/google-review-nfc-card-setup.json,,"""reviewedBy"": ""Proud Tek RF / Production Engineering"""
src/content/editorial/guides/gs1-epc-encoding-guide.json,"""authorSlug"": ""peter-zhang"",","""authorSlug"": ""editorial-board"","
src/content/editorial/guides/gs1-epc-encoding-guide.json,"""reviewedBySlug"": ""nancy-wu"",","""reviewedBySlug"": ""proudtek-engineering"","
src/content/editorial/guides/gs1-epc-encoding-guide.json,"""title"": ""Proud Tek factory pre-encoding workflow and buyer engagement"",","""title"": ""Proud Tek pre-encoding workflow and buyer engagement"","
src/content/editorial/guides/gs1-epc-encoding-guide.json,],"],"
src/content/editorial/guides/gs1-epc-encoding-guide.json,,"""author"": ""Proud Tek Editorial Team"","
src/content/editorial/guides/gs1-epc-encoding-guide.json,,"""reviewedBy"": ""Proud Tek RF / Production Engineering"""
src/content/editorial/guides/hotel-key-card-artwork-and-printing-checklist.json,"""authorSlug"": ""peter-zhang"",","""authorSlug"": ""editorial-board"","
src/content/editorial/guides/hotel-key-card-artwork-and-printing-checklist.json,"""reviewedBySlug"": ""nancy-wu"",","""reviewedBySlug"": ""proudtek-engineering"","
src/content/editorial/guides/hotel-key-card-artwork-and-printing-checklist.json,],"],"
src/content/editorial/guides/hotel-key-card-artwork-and-printing-checklist.json,,"""author"": ""Proud Tek Editorial Team"","
src/content/editorial/guides/hotel-key-card-artwork-and-printing-checklist.json,,"""reviewedBy"": ""Proud Tek RF / Production Engineering"""
src/content/editorial/guides/hotel-key-card-encoding.json,"""authorSlug"": ""peter-zhang"",","""authorSlug"": ""editorial-board"","
src/content/editorial/guides/hotel-key-card-encoding.json,"""reviewedBySlug"": ""nancy-wu"",","""reviewedBySlug"": ""proudtek-engineering"","
src/content/editorial/guides/hotel-key-card-encoding.json,],"],"
src/content/editorial/guides/hotel-key-card-encoding.json,,"""author"": ""Proud Tek Editorial Team"","
src/content/editorial/guides/hotel-key-card-encoding.json,,"""reviewedBy"": ""Proud Tek RF / Production Engineering"""
src/content/editorial/guides/hotel-key-card-material-selection.json,"""authorSlug"": ""peter-zhang"",","""authorSlug"": ""editorial-board"","
src/content/editorial/guides/hotel-key-card-material-selection.json,"""reviewedBySlug"": ""nancy-wu"",","""reviewedBySlug"": ""proudtek-engineering"","
src/content/editorial/guides/hotel-key-card-material-selection.json,"""PLA (polylactic acid): plant-based (typically corn-starch-derived), industrially compostable under TÜV OK Compost INDUSTRIAL or ASTM D6400, lower cradle-to-gate carbon footprint than virgin PVC (typically 1.2 kg CO2e/kg vs 2.0 kg CO2e/kg). Prints well with dye-sub and UV-LED. Sensitive to heat above 60°C — the car-dashboard test matters for airport hotels where cards sit in hot rental cars. Also softens in laminator profiles above 120°C, which rules out some in-house lamination workflows."",","""PLA (polylactic acid): plant-based (typically corn-starch-derived), industrially compostable under TÜV OK Compost INDUSTRIAL or ASTM D6400, lower cradle-to-gate carbon footprint than virgin PVC (typically 1.2 kg CO2e/kg vs 2.0 kg CO2e/kg). Prints well with dye-sub and UV-LED. Sensitive to heat above 60°C — the car-dashboard test matters for airport hotels where cards sit in hot rental cars. Also softens in laminator profiles above 120°C, which rules out some partner-line lamination workflows."","
src/content/editorial/guides/hotel-key-card-material-selection.json,],"],"
src/content/editorial/guides/hotel-key-card-material-selection.json,,"""author"": ""Proud Tek Editorial Team"","
src/content/editorial/guides/hotel-key-card-material-selection.json,,"""reviewedBy"": ""Proud Tek RF / Production Engineering"""
src/content/editorial/guides/hotel-key-card-sample-planning.json,"""authorSlug"": ""peter-zhang"",","""authorSlug"": ""editorial-board"","
src/content/editorial/guides/hotel-key-card-sample-planning.json,"""reviewedBySlug"": ""nancy-wu"",","""reviewedBySlug"": ""proudtek-engineering"","
src/content/editorial/guides/hotel-key-card-sample-planning.json,],"],"
src/content/editorial/guides/hotel-key-card-sample-planning.json,,"""author"": ""Proud Tek Editorial Team"","
src/content/editorial/guides/hotel-key-card-sample-planning.json,,"""reviewedBy"": ""Proud Tek RF / Production Engineering"""
src/content/editorial/guides/icode-slix-chip-encyclopedia.json,"""authorSlug"": ""nancy-wu"",","""authorSlug"": ""editorial-board"","
src/content/editorial/guides/icode-slix-chip-encyclopedia.json,"""reviewedBySlug"": ""peter-zhang"",","""reviewedBySlug"": ""proudtek-engineering"","
src/content/editorial/guides/icode-slix-chip-encyclopedia.json,],"],"
src/content/editorial/guides/icode-slix-chip-encyclopedia.json,,"""author"": ""Proud Tek Editorial Team"","
src/content/editorial/guides/icode-slix-chip-encyclopedia.json,,"""reviewedBy"": ""Proud Tek RF / Production Engineering"""
src/content/editorial/guides/iso-14443-explained.json,"""authorSlug"": ""peter-zhang"",","""authorSlug"": ""editorial-board"","
src/content/editorial/guides/iso-14443-explained.json,"""reviewedBySlug"": ""nancy-wu"",","""reviewedBySlug"": ""proudtek-engineering"","
src/content/editorial/guides/iso-14443-explained.json,],"],"
src/content/editorial/guides/iso-14443-explained.json,,"""author"": ""Proud Tek Editorial Team"","
src/content/editorial/guides/iso-14443-explained.json,,"""reviewedBy"": ""Proud Tek RF / Production Engineering"""
src/content/editorial/guides/iso-18000-6c-uhf-rfid-standard.json,"""authorSlug"": ""peter-zhang"",","""authorSlug"": ""editorial-board"","
src/content/editorial/guides/iso-18000-6c-uhf-rfid-standard.json,"""reviewedBySlug"": ""nancy-wu"",","""reviewedBySlug"": ""proudtek-engineering"","
src/content/editorial/guides/iso-18000-6c-uhf-rfid-standard.json,],"],"
src/content/editorial/guides/iso-18000-6c-uhf-rfid-standard.json,,"""author"": ""Proud Tek Editorial Team"","
src/content/editorial/guides/iso-18000-6c-uhf-rfid-standard.json,,"""reviewedBy"": ""Proud Tek RF / Production Engineering"""
src/content/editorial/guides/item-level-rfid-tagging-mandate.json,"""authorSlug"": ""peter-zhang"",","""authorSlug"": ""editorial-board"","
src/content/editorial/guides/item-level-rfid-tagging-mandate.json,"""reviewedBySlug"": ""nancy-wu"",","""reviewedBySlug"": ""proudtek-engineering"","
src/content/editorial/guides/item-level-rfid-tagging-mandate.json,],"],"
src/content/editorial/guides/item-level-rfid-tagging-mandate.json,,"""author"": ""Proud Tek Editorial Team"","
src/content/editorial/guides/item-level-rfid-tagging-mandate.json,,"""reviewedBy"": ""Proud Tek RF / Production Engineering"""
src/content/editorial/guides/mifare-classic-1k-4k-chip-encyclopedia.json,"""authorSlug"": ""peter-zhang"",","""authorSlug"": ""editorial-board"","
src/content/editorial/guides/mifare-classic-1k-4k-chip-encyclopedia.json,"""reviewedBySlug"": ""nancy-wu"",","""reviewedBySlug"": ""proudtek-engineering"","
src/content/editorial/guides/mifare-classic-1k-4k-chip-encyclopedia.json,],"],"
src/content/editorial/guides/mifare-classic-1k-4k-chip-encyclopedia.json,,"""author"": ""Proud Tek Editorial Team"","
src/content/editorial/guides/mifare-classic-1k-4k-chip-encyclopedia.json,,"""reviewedBy"": ""Proud Tek RF / Production Engineering"""
src/content/editorial/guides/mifare-desfire-ev3-commands-reference.json,"""authorSlug"": ""peter-zhang"",","""authorSlug"": ""editorial-board"","
src/content/editorial/guides/mifare-desfire-ev3-commands-reference.json,"""reviewedBySlug"": ""nancy-wu"",","""reviewedBySlug"": ""proudtek-engineering"","
src/content/editorial/guides/mifare-desfire-ev3-commands-reference.json,],"],"
src/content/editorial/guides/mifare-desfire-ev3-commands-reference.json,,"""author"": ""Proud Tek Editorial Team"","
src/content/editorial/guides/mifare-desfire-ev3-commands-reference.json,,"""reviewedBy"": ""Proud Tek RF / Production Engineering"""
src/content/editorial/guides/mifare-ultralight-c-chip-encyclopedia.json,"""authorSlug"": ""peter-zhang"",","""authorSlug"": ""editorial-board"","
src/content/editorial/guides/mifare-ultralight-c-chip-encyclopedia.json,"""reviewedBySlug"": ""nancy-wu"",","""reviewedBySlug"": ""proudtek-engineering"","
src/content/editorial/guides/mifare-ultralight-c-chip-encyclopedia.json,],"],"
src/content/editorial/guides/mifare-ultralight-c-chip-encyclopedia.json,,"""author"": ""Proud Tek Editorial Team"","
src/content/editorial/guides/mifare-ultralight-c-chip-encyclopedia.json,,"""reviewedBy"": ""Proud Tek RF / Production Engineering"""
src/content/editorial/guides/monza-r6-family-chip-encyclopedia.json,"""authorSlug"": ""peter-zhang"",","""authorSlug"": ""editorial-board"","
src/content/editorial/guides/monza-r6-family-chip-encyclopedia.json,"""reviewedBySlug"": ""nancy-wu"",","""reviewedBySlug"": ""proudtek-engineering"","
src/content/editorial/guides/monza-r6-family-chip-encyclopedia.json,],"],"
src/content/editorial/guides/monza-r6-family-chip-encyclopedia.json,,"""author"": ""Proud Tek Editorial Team"","
src/content/editorial/guides/monza-r6-family-chip-encyclopedia.json,,"""reviewedBy"": ""Proud Tek RF / Production Engineering"""
src/content/editorial/guides/nfc-business-card-iphone-android-compatibility.json,"""authorSlug"": ""peter-zhang"",","""authorSlug"": ""editorial-board"","
src/content/editorial/guides/nfc-business-card-iphone-android-compatibility.json,"""reviewedBySlug"": ""nancy-wu"",","""reviewedBySlug"": ""proudtek-engineering"","
src/content/editorial/guides/nfc-business-card-iphone-android-compatibility.json,],"],"
src/content/editorial/guides/nfc-business-card-iphone-android-compatibility.json,,"""author"": ""Proud Tek Editorial Team"","
src/content/editorial/guides/nfc-business-card-iphone-android-compatibility.json,,"""reviewedBy"": ""Proud Tek RF / Production Engineering"""
src/content/editorial/guides/nfc-ndef-format-explained.json,"""authorSlug"": ""peter-zhang"",","""authorSlug"": ""editorial-board"","
src/content/editorial/guides/nfc-ndef-format-explained.json,"""reviewedBySlug"": ""nancy-wu"",","""reviewedBySlug"": ""proudtek-engineering"","
src/content/editorial/guides/nfc-ndef-format-explained.json,"""answer"": ""Yes. Every NFC product on our catalogue ({chip:nxp-ntag-213:short_name}/215/216 stickers, {chip:nxp-ntag-424-dna:short_name} tags, NFC business cards, wristbands, keychains and embedded tags) can be pre-encoded on our production lines with your NDEF content. Common encoding patterns include: a unique URL per tag with a sequential or randomized ID; a common URL across the batch; vCard records with customer-supplied contact fields; Wi-Fi configuration records with SSID and passphrase; and multi-record messages combining URI + Text + application identifiers. Each tag is read-verified after encoding, optionally locked or password-protected per your specification, and shipped with a QC","""answer"": ""Yes. Every NFC product on our catalogue ({chip:nxp-ntag-213:short_name}/215/216 stickers, {chip:nxp-ntag-424-dna:short_name} tags, NFC business cards, wristbands, keychains and embedded tags) can be pre-encoded on our partner lines with your NDEF content. Common encoding patterns include: a unique URL per tag with a sequential or randomized ID; a common URL across the batch; vCard records with customer-supplied contact fields; Wi-Fi configuration records with SSID and passphrase; and multi-record messages combining URI + Text + application identifiers. Each tag is read-verified after encoding, optionally locked or password-protected per your specification, and shipped with a QC CS"
src/content/editorial/guides/nfc-ndef-format-explained.json,],"],"
src/content/editorial/guides/nfc-ndef-format-explained.json,,"""author"": ""Proud Tek Editorial Team"","
src/content/editorial/guides/nfc-ndef-format-explained.json,,"""reviewedBy"": ""Proud Tek RF / Production Engineering"""
src/content/editorial/guides/nfc-rohs-reach-compliance.json,"""authorSlug"": ""peter-zhang"",","""authorSlug"": ""editorial-board"","
src/content/editorial/guides/nfc-rohs-reach-compliance.json,"""reviewedBySlug"": ""nancy-wu"",","""reviewedBySlug"": ""proudtek-engineering"","
src/content/editorial/guides/nfc-rohs-reach-compliance.json,],"],"
src/content/editorial/guides/nfc-rohs-reach-compliance.json,,"""author"": ""Proud Tek Editorial Team"","
src/content/editorial/guides/nfc-rohs-reach-compliance.json,,"""reviewedBy"": ""Proud Tek RF / Production Engineering"""
src/content/editorial/guides/nfc-tag-programming-android-guide.json,"""authorSlug"": ""peter-zhang"",","""authorSlug"": ""editorial-board"","
src/content/editorial/guides/nfc-tag-programming-android-guide.json,"""reviewedBySlug"": ""nancy-wu"",","""reviewedBySlug"": ""proudtek-engineering"","
src/content/editorial/guides/nfc-tag-programming-android-guide.json,],"],"
src/content/editorial/guides/nfc-tag-programming-android-guide.json,,"""author"": ""Proud Tek Editorial Team"","
src/content/editorial/guides/nfc-tag-programming-android-guide.json,,"""reviewedBy"": ""Proud Tek RF / Production Engineering"""
src/content/editorial/guides/nfc-tag-programming-iphone.json,"""authorSlug"": ""peter-zhang"",","""authorSlug"": ""editorial-board"","
src/content/editorial/guides/nfc-tag-programming-iphone.json,"""reviewedBySlug"": ""nancy-wu"",","""reviewedBySlug"": ""proudtek-engineering"","
src/content/editorial/guides/nfc-tag-programming-iphone.json,],"],"
src/content/editorial/guides/nfc-tag-programming-iphone.json,,"""author"": ""Proud Tek Editorial Team"","
src/content/editorial/guides/nfc-tag-programming-iphone.json,,"""reviewedBy"": ""Proud Tek RF / Production Engineering"""
src/content/editorial/guides/ntag21x-family-memory-map-commands.json,"""authorSlug"": ""peter-zhang"",","""authorSlug"": ""editorial-board"","
src/content/editorial/guides/ntag21x-family-memory-map-commands.json,"""reviewedBySlug"": ""nancy-wu"",","""reviewedBySlug"": ""proudtek-engineering"","
src/content/editorial/guides/ntag21x-family-memory-map-commands.json,"""NXP TagWriter and TagXplorer. NXP's reference desktop/mobile encoding utilities. Both speak the NTAG21x command set natively and are useful sanity tools during early development before in-house encoding software is ready.""","""NXP TagWriter and TagXplorer. NXP's reference desktop/mobile encoding utilities. Both speak the NTAG21x command set natively and are useful sanity tools during early development before partner-line encoding software is ready."""
src/content/editorial/guides/ntag21x-family-memory-map-commands.json,],"],"
src/content/editorial/guides/ntag21x-family-memory-map-commands.json,,"""author"": ""Proud Tek Editorial Team"","
src/content/editorial/guides/ntag21x-family-memory-map-commands.json,,"""reviewedBy"": ""Proud Tek RF / Production Engineering"""
src/content/editorial/guides/ntag424-dna-sun-cmac-authentication.json,"""authorSlug"": ""peter-zhang"",","""authorSlug"": ""editorial-board"","
src/content/editorial/guides/ntag424-dna-sun-cmac-authentication.json,"""reviewedBySlug"": ""nancy-wu"",","""reviewedBySlug"": ""proudtek-engineering"","
src/content/editorial/guides/ntag424-dna-sun-cmac-authentication.json,"""Personalization workstation: a desktop NFC reader with a secure element (SAM, Secure Access Module) holds the MK and writes per-tag keys during manufacturing, typically on a PC/SC-compliant encoder running PC/SC 2.0 drivers. Proud Tek factory personalization runs on HID Omnikey 5427CK SAM-equipped encoders for low-volume orders (<50 K tags), and on Muhlbauer TAL 15000 fully-automated personalization lines for larger runs; the TAL line encodes, tests and rejects at 15,000-18,000 tags/hour with inline RF-test and DC-probe verification."",","""Personalization workstation: a desktop NFC reader with a secure element (SAM, Secure Access Module) holds the MK and writes per-tag keys during manufacturing, typically on a PC/SC-compliant encoder running PC/SC 2.0 drivers. Proud Tek personalization runs on HID Omnikey 5427CK SAM-equipped encoders for low-volume orders (<50 K tags), and on Muhlbauer TAL 15000 fully-automated personalization lines for larger runs; the TAL line encodes, tests and rejects at 15,000-18,000 tags/hour with inline RF-test and DC-probe verification."","
src/content/editorial/guides/ntag424-dna-sun-cmac-authentication.json,],"],"
src/content/editorial/guides/ntag424-dna-sun-cmac-authentication.json,,"""author"": ""Proud Tek Editorial Team"","
src/content/editorial/guides/ntag424-dna-sun-cmac-authentication.json,,"""reviewedBy"": ""Proud Tek RF / Production Engineering"""
src/content/editorial/guides/python-rfid-reader-library.json,"""authorSlug"": ""peter-zhang"",","""authorSlug"": ""editorial-board"","
src/content/editorial/guides/python-rfid-reader-library.json,"""reviewedBySlug"": ""nancy-wu"",","""reviewedBySlug"": ""proudtek-engineering"","
src/content/editorial/guides/python-rfid-reader-library.json,],"],"
src/content/editorial/guides/python-rfid-reader-library.json,,"""author"": ""Proud Tek Editorial Team"","
src/content/editorial/guides/python-rfid-reader-library.json,,"""reviewedBy"": ""Proud Tek RF / Production Engineering"""
src/content/editorial/guides/rain-rfid-explained.json,"""authorSlug"": ""peter-zhang"",","""authorSlug"": ""editorial-board"","
src/content/editorial/guides/rain-rfid-explained.json,"""reviewedBySlug"": ""nancy-wu"",","""reviewedBySlug"": ""proudtek-engineering"","
src/content/editorial/guides/rain-rfid-explained.json,],"],"
src/content/editorial/guides/rain-rfid-explained.json,,"""author"": ""Proud Tek Editorial Team"","
src/content/editorial/guides/rain-rfid-explained.json,,"""reviewedBy"": ""Proud Tek RF / Production Engineering"""
src/content/editorial/guides/rfid-card-cost.json,"""authorSlug"": ""peter-zhang"",","""authorSlug"": ""editorial-board"","
src/content/editorial/guides/rfid-card-cost.json,"""reviewedBySlug"": ""nancy-wu"",","""reviewedBySlug"": ""proudtek-engineering"","
src/content/editorial/guides/rfid-card-cost.json,],"],"
src/content/editorial/guides/rfid-card-cost.json,,"""author"": ""Proud Tek Editorial Team"","
src/content/editorial/guides/rfid-card-cost.json,,"""reviewedBy"": ""Proud Tek RF / Production Engineering"""
src/content/editorial/guides/rfid-ce-marking-europe.json,"""authorSlug"": ""peter-zhang"",","""authorSlug"": ""editorial-board"","
src/content/editorial/guides/rfid-ce-marking-europe.json,"""reviewedBySlug"": ""nancy-wu"",","""reviewedBySlug"": ""proudtek-engineering"","
src/content/editorial/guides/rfid-ce-marking-europe.json,],"],"
src/content/editorial/guides/rfid-ce-marking-europe.json,,"""author"": ""Proud Tek Editorial Team"","
src/content/editorial/guides/rfid-ce-marking-europe.json,,"""reviewedBy"": ""Proud Tek RF / Production Engineering"""
src/content/editorial/guides/rfid-food-safety-traceability.json,"""authorSlug"": ""peter-zhang"",","""authorSlug"": ""editorial-board"","
src/content/editorial/guides/rfid-food-safety-traceability.json,"""reviewedBySlug"": ""nancy-wu"",","""reviewedBySlug"": ""proudtek-engineering"","
src/content/editorial/guides/rfid-food-safety-traceability.json,],"],"
src/content/editorial/guides/rfid-food-safety-traceability.json,,"""author"": ""Proud Tek Editorial Team"","
src/content/editorial/guides/rfid-food-safety-traceability.json,,"""reviewedBy"": ""Proud Tek RF / Production Engineering"""
src/content/editorial/guides/rfid-oracle-netsuite-integration.json,"""authorSlug"": ""peter-zhang"",","""authorSlug"": ""editorial-board"","
src/content/editorial/guides/rfid-oracle-netsuite-integration.json,"""reviewedBySlug"": ""nancy-wu"",","""reviewedBySlug"": ""proudtek-engineering"","
src/content/editorial/guides/rfid-oracle-netsuite-integration.json,],"],"
src/content/editorial/guides/rfid-oracle-netsuite-integration.json,,"""author"": ""Proud Tek Editorial Team"","
src/content/editorial/guides/rfid-oracle-netsuite-integration.json,,"""reviewedBy"": ""Proud Tek RF / Production Engineering"""
src/content/editorial/guides/rfid-reader-writer-selection.json,"""authorSlug"": ""peter-zhang"",","""authorSlug"": ""editorial-board"","
src/content/editorial/guides/rfid-reader-writer-selection.json,"""reviewedBySlug"": ""nancy-wu"",","""reviewedBySlug"": ""proudtek-engineering"","
src/content/editorial/guides/rfid-reader-writer-selection.json,],"],"
src/content/editorial/guides/rfid-reader-writer-selection.json,,"""author"": ""Proud Tek Editorial Team"","
src/content/editorial/guides/rfid-reader-writer-selection.json,,"""reviewedBy"": ""Proud Tek RF / Production Engineering"""
src/content/editorial/guides/rfid-sap-wms-integration.json,"""authorSlug"": ""peter-zhang"",","""authorSlug"": ""editorial-board"","
src/content/editorial/guides/rfid-sap-wms-integration.json,"""reviewedBySlug"": ""nancy-wu"",","""reviewedBySlug"": ""proudtek-engineering"","
src/content/editorial/guides/rfid-sap-wms-integration.json,],"],"
src/content/editorial/guides/rfid-sap-wms-integration.json,,"""author"": ""Proud Tek Editorial Team"","
src/content/editorial/guides/rfid-sap-wms-integration.json,,"""reviewedBy"": ""Proud Tek RF / Production Engineering"""
src/content/editorial/guides/rfid-shopify-inventory-integration.json,"""authorSlug"": ""peter-zhang"",","""authorSlug"": ""editorial-board"","
src/content/editorial/guides/rfid-shopify-inventory-integration.json,"""reviewedBySlug"": ""nancy-wu"",","""reviewedBySlug"": ""proudtek-engineering"","
src/content/editorial/guides/rfid-shopify-inventory-integration.json,],"],"
src/content/editorial/guides/rfid-shopify-inventory-integration.json,,"""author"": ""Proud Tek Editorial Team"","
src/content/editorial/guides/rfid-shopify-inventory-integration.json,,"""reviewedBy"": ""Proud Tek RF / Production Engineering"""
src/content/editorial/guides/rfid-tag-card-wristband-lifespan.json,"""authorSlug"": ""nancy-wu"",","""authorSlug"": ""editorial-board"","
src/content/editorial/guides/rfid-tag-card-wristband-lifespan.json,"""reviewedBySlug"": ""peter-zhang"",","""reviewedBySlug"": ""proudtek-engineering"","
src/content/editorial/guides/rfid-tag-card-wristband-lifespan.json,],"],"
src/content/editorial/guides/rfid-tag-card-wristband-lifespan.json,,"""author"": ""Proud Tek Editorial Team"","
src/content/editorial/guides/rfid-tag-card-wristband-lifespan.json,,"""reviewedBy"": ""Proud Tek RF / Production Engineering"""
src/content/editorial/guides/rfid-wristband-cost.json,"""authorSlug"": ""peter-zhang"",","""authorSlug"": ""editorial-board"","
src/content/editorial/guides/rfid-wristband-cost.json,"""reviewedBySlug"": ""nancy-wu"",","""reviewedBySlug"": ""proudtek-engineering"","
src/content/editorial/guides/rfid-wristband-cost.json,],"],"
src/content/editorial/guides/rfid-wristband-cost.json,,"""author"": ""Proud Tek Editorial Team"","
src/content/editorial/guides/rfid-wristband-cost.json,,"""reviewedBy"": ""Proud Tek RF / Production Engineering"""
src/content/editorial/guides/ucode-8-uhf-chip-encyclopedia.json,"""authorSlug"": ""peter-zhang"",","""authorSlug"": ""editorial-board"","
src/content/editorial/guides/ucode-8-uhf-chip-encyclopedia.json,"""reviewedBySlug"": ""nancy-wu"",","""reviewedBySlug"": ""proudtek-engineering"","
src/content/editorial/guides/ucode-8-uhf-chip-encyclopedia.json,],"],"
src/content/editorial/guides/ucode-8-uhf-chip-encyclopedia.json,,"""author"": ""Proud Tek Editorial Team"","
src/content/editorial/guides/ucode-8-uhf-chip-encyclopedia.json,,"""reviewedBy"": ""Proud Tek RF / Production Engineering"""
src/content/editorial/guides/ucode-9-uhf-chip-encyclopedia.json,"""authorSlug"": ""peter-zhang"",","""authorSlug"": ""editorial-board"","
src/content/editorial/guides/ucode-9-uhf-chip-encyclopedia.json,"""reviewedBySlug"": ""nancy-wu"",","""reviewedBySlug"": ""proudtek-engineering"","
src/content/editorial/guides/ucode-9-uhf-chip-encyclopedia.json,],"],"
src/content/editorial/guides/ucode-9-uhf-chip-encyclopedia.json,,"""author"": ""Proud Tek Editorial Team"","
src/content/editorial/guides/ucode-9-uhf-chip-encyclopedia.json,,"""reviewedBy"": ""Proud Tek RF / Production Engineering"""
src/content/editorial/guides/uhf-rfid-reader-api-guide.json,"""authorSlug"": ""peter-zhang"",","""authorSlug"": ""editorial-board"","
src/content/editorial/guides/uhf-rfid-reader-api-guide.json,"""reviewedBySlug"": ""nancy-wu"",","""reviewedBySlug"": ""proudtek-engineering"","
src/content/editorial/guides/uhf-rfid-reader-api-guide.json,],"],"
src/content/editorial/guides/uhf-rfid-reader-api-guide.json,,"""author"": ""Proud Tek Editorial Team"","
src/content/editorial/guides/uhf-rfid-reader-api-guide.json,,"""reviewedBy"": ""Proud Tek RF / Production Engineering"""
src/content/editorial/guides/walmart-rfid-tagging-mandate.json,"""authorSlug"": ""peter-zhang"",","""authorSlug"": ""editorial-board"","
src/content/editorial/guides/walmart-rfid-tagging-mandate.json,"""reviewedBySlug"": ""nancy-wu"",","""reviewedBySlug"": ""proudtek-engineering"","
src/content/editorial/guides/walmart-rfid-tagging-mandate.json,"""Verification gate: 100% read-back verification at the encoding step. Every tag is read immediately after write with a CRC-16 checksum validation and EPC comparison. Rejected tags are quarantined (typically perforated with 'VOID' marking and collected in a reject bin); rejection rate tracked against supplier SLA with a target of <0.5% on dry-inlay and <1% on specialty formats. Proud Tek's factory-QC log is exportable as a CSV/Excel report for supplier audit trails."",","""Verification gate: 100% read-back verification at the encoding step. Every tag is read immediately after write with a CRC-16 checksum validation and EPC comparison. Rejected tags are quarantined (typically perforated with 'VOID' marking and collected in a reject bin); rejection rate tracked against supplier SLA with a target of <0.5% on dry-inlay and <1% on specialty formats. Proud Tek's partner lines-QC log is exportable as a CSV/Excel report for supplier audit trails."","
src/content/editorial/guides/walmart-rfid-tagging-mandate.json,"""answer"": ""Proud Tek ships pre-encoded Walmart-compliant UHF RFID labels from 10,000 pieces per order. For larger supplier programs tagging millions of items per year, contract pricing and scheduled deliveries with serialization management apply. Factory-direct lead times for standard labels are typically 7-10 business days; specialty inlays or on-metal labels add 1-2 weeks.""","""answer"": ""Proud Tek ships pre-encoded Walmart-compliant UHF RFID labels from 10,000 pieces per order. For larger supplier programs tagging millions of items per year, contract pricing and scheduled deliveries with serialization management apply. Manufacturer-direct lead times for standard labels are typically 7-10 business days; specialty inlays or on-metal labels add 1-2 weeks."""
src/content/editorial/guides/walmart-rfid-tagging-mandate.json,],"],"
src/content/editorial/guides/walmart-rfid-tagging-mandate.json,,"""author"": ""Proud Tek Editorial Team"","
src/content/editorial/guides/walmart-rfid-tagging-mandate.json,,"""reviewedBy"": ""Proud Tek RF / Production Engineering"""
src/content/editorial/index.json,"""summary"": ""Proud Tek manufactures custom RFID tags, NFC stickers, smart cards, keyfobs, wristbands and readers from our Shenzhen operation. The catalog spans 191 SKU variants across 6 product families and ships globally with chip-level customization, in-house encoding and ISO/IEC 14443 / 18000-6C compliance documentation included on every PO."",","""summary"": ""Proud Tek manufactures custom RFID tags, NFC stickers, smart cards, keyfobs, wristbands and readers from our Shenzhen operation. The catalog spans 191 SKU variants across 6 product families and ships globally with chip-level customization, partner-line encoding and ISO/IEC 14443 / 18000-6C compliance documentation included on every PO."","
src/content/editorial/index.json,"""In-house encoding, laser numbering and bespoke printing in Shenzhen."",","""Partner-line encoding, laser numbering and bespoke printing in Shenzhen."","
src/content/editorial/index.json,"""In-house encoding (UID, NDEF, GS1 SGTIN-96), laser engraving, anti-metal lamination, IP68 housings."",","""Partner-line encoding (UID, NDEF, GS1 SGTIN-96), laser engraving, anti-metal lamination, IP68 housings."","
src/content/editorial/index.json,"""authorSlug"": ""peter-zhang"",","""authorSlug"": ""editorial-board"","
src/content/editorial/index.json,"""reviewedBySlug"": ""nancy-wu"",","""reviewedBySlug"": ""proudtek-engineering"","
src/content/editorial/index.json,"""reviewedAt"": ""2026-04-28""","""reviewedAt"": ""2026-04-28"","
src/content/editorial/index.json,,"""author"": ""Proud Tek Editorial Team"","
src/content/editorial/index.json,,"""reviewedBy"": ""Proud Tek RF / Production Engineering"""
src/content/editorial/industries/_pillar.json,"""authorSlug"": ""peter-zhang"",","""authorSlug"": ""editorial-board"","
src/content/editorial/industries/_pillar.json,"""author"": ""Peter Zhang"",","""author"": ""Proud Tek Editorial Team"","
src/content/editorial/industries/_pillar.json,"""reviewedBySlug"": ""nancy-wu"",","""reviewedBySlug"": ""proudtek-engineering"","
src/content/editorial/industries/_pillar.json,"""reviewedBy"": ""Peter Zhang"",","""reviewedBy"": ""Proud Tek RF / Production Engineering"","
src/content/editorial/industries/aerospace-aviation-mro.json,"""authorSlug"": ""peter-zhang"",","""authorSlug"": ""editorial-board"","
src/content/editorial/industries/aerospace-aviation-mro.json,"""reviewedBySlug"": ""nancy-wu"",","""reviewedBySlug"": ""proudtek-engineering"","
src/content/editorial/industries/aerospace-aviation-mro.json,],"],"
src/content/editorial/industries/aerospace-aviation-mro.json,,"""author"": ""Proud Tek Editorial Team"","
src/content/editorial/industries/aerospace-aviation-mro.json,,"""reviewedBy"": ""Proud Tek RF / Production Engineering"""
src/content/editorial/industries/agriculture.json,"""authorSlug"": ""peter-zhang"",","""authorSlug"": ""editorial-board"","
src/content/editorial/industries/agriculture.json,"""reviewedBySlug"": ""nancy-wu"",","""reviewedBySlug"": ""proudtek-engineering"","
src/content/editorial/industries/agriculture.json,],"],"
src/content/editorial/industries/agriculture.json,,"""author"": ""Proud Tek Editorial Team"","
src/content/editorial/industries/agriculture.json,,"""reviewedBy"": ""Proud Tek RF / Production Engineering"""
src/content/editorial/industries/automotive-tire-oem.json,"""authorSlug"": ""peter-zhang"",","""authorSlug"": ""editorial-board"","
src/content/editorial/industries/automotive-tire-oem.json,"""reviewedBySlug"": ""nancy-wu"",","""reviewedBySlug"": ""proudtek-engineering"","
src/content/editorial/industries/automotive-tire-oem.json,],"],"
src/content/editorial/industries/automotive-tire-oem.json,,"""author"": ""Proud Tek Editorial Team"","
src/content/editorial/industries/automotive-tire-oem.json,,"""reviewedBy"": ""Proud Tek RF / Production Engineering"""
src/content/editorial/industries/brand-protection.json,"""authorSlug"": ""peter-zhang"",","""authorSlug"": ""editorial-board"","
src/content/editorial/industries/brand-protection.json,"""author"": ""Peter Zhang"",","""author"": ""Proud Tek Editorial Team"","
src/content/editorial/industries/brand-protection.json,"""reviewedBySlug"": ""nancy-wu"",","""reviewedBySlug"": ""proudtek-engineering"","
src/content/editorial/industries/brand-protection.json,"""reviewedBy"": ""Peter Zhang"",","""reviewedBy"": ""Proud Tek RF / Production Engineering"","
src/content/editorial/industries/cold-chain-food-traceability.json,"""authorSlug"": ""peter-zhang"",","""authorSlug"": ""editorial-board"","
src/content/editorial/industries/cold-chain-food-traceability.json,"""reviewedBySlug"": ""nancy-wu"",","""reviewedBySlug"": ""proudtek-engineering"","
src/content/editorial/industries/cold-chain-food-traceability.json,],"],"
src/content/editorial/industries/cold-chain-food-traceability.json,,"""author"": ""Proud Tek Editorial Team"","
src/content/editorial/industries/cold-chain-food-traceability.json,,"""reviewedBy"": ""Proud Tek RF / Production Engineering"""
src/content/editorial/industries/data-center-it-asset-tracking.json,"""authorSlug"": ""peter-zhang"",","""authorSlug"": ""editorial-board"","
src/content/editorial/industries/data-center-it-asset-tracking.json,"""reviewedBySlug"": ""nancy-wu"",","""reviewedBySlug"": ""proudtek-engineering"","
src/content/editorial/industries/data-center-it-asset-tracking.json,],"],"
src/content/editorial/industries/data-center-it-asset-tracking.json,,"""author"": ""Proud Tek Editorial Team"","
src/content/editorial/industries/data-center-it-asset-tracking.json,,"""reviewedBy"": ""Proud Tek RF / Production Engineering"""
src/content/editorial/industries/education.json,"""authorSlug"": ""peter-zhang"",","""authorSlug"": ""editorial-board"","
src/content/editorial/industries/education.json,"""author"": ""Peter Zhang"",","""author"": ""Proud Tek Editorial Team"","
src/content/editorial/industries/education.json,"""reviewedBySlug"": ""nancy-wu"",","""reviewedBySlug"": ""proudtek-engineering"","
src/content/editorial/industries/education.json,"""reviewedBy"": ""Peter Zhang"",","""reviewedBy"": ""Proud Tek RF / Production Engineering"","
src/content/editorial/industries/eu-compliance.json,"""authorSlug"": ""peter-zhang"",","""authorSlug"": ""editorial-board"","
src/content/editorial/industries/eu-compliance.json,"""reviewedBySlug"": ""nancy-wu"",","""reviewedBySlug"": ""proudtek-engineering"","
src/content/editorial/industries/eu-compliance.json,],"],"
src/content/editorial/industries/eu-compliance.json,,"""author"": ""Proud Tek Editorial Team"","
src/content/editorial/industries/eu-compliance.json,,"""reviewedBy"": ""Proud Tek RF / Production Engineering"""
src/content/editorial/industries/events-venues.json,"""authorSlug"": ""peter-zhang"",","""authorSlug"": ""editorial-board"","
src/content/editorial/industries/events-venues.json,"""reviewedBySlug"": ""nancy-wu"",","""reviewedBySlug"": ""proudtek-engineering"","
src/content/editorial/industries/events-venues.json,],"],"
src/content/editorial/industries/events-venues.json,,"""author"": ""Proud Tek Editorial Team"","
src/content/editorial/industries/events-venues.json,,"""reviewedBy"": ""Proud Tek RF / Production Engineering"""
src/content/editorial/industries/fitness.json,"""authorSlug"": ""peter-zhang"",","""authorSlug"": ""editorial-board"","
src/content/editorial/industries/fitness.json,"""reviewedBySlug"": ""nancy-wu"",","""reviewedBySlug"": ""proudtek-engineering"","
src/content/editorial/industries/fitness.json,],"],"
src/content/editorial/industries/fitness.json,,"""author"": ""Proud Tek Editorial Team"","
src/content/editorial/industries/fitness.json,,"""reviewedBy"": ""Proud Tek RF / Production Engineering"""
src/content/editorial/industries/government-defense-supply-chain.json,"""authorSlug"": ""peter-zhang"",","""authorSlug"": ""editorial-board"","
src/content/editorial/industries/government-defense-supply-chain.json,"""reviewedBySlug"": ""nancy-wu"",","""reviewedBySlug"": ""proudtek-engineering"","
src/content/editorial/industries/government-defense-supply-chain.json,],"],"
src/content/editorial/industries/government-defense-supply-chain.json,,"""author"": ""Proud Tek Editorial Team"","
src/content/editorial/industries/government-defense-supply-chain.json,,"""reviewedBy"": ""Proud Tek RF / Production Engineering"""
src/content/editorial/industries/healthcare.json,"""authorSlug"": ""peter-zhang"",","""authorSlug"": ""editorial-board"","
src/content/editorial/industries/healthcare.json,"""author"": ""Peter Zhang"",","""author"": ""Proud Tek Editorial Team"","
src/content/editorial/industries/healthcare.json,"""reviewedBySlug"": ""nancy-wu"",","""reviewedBySlug"": ""proudtek-engineering"","
src/content/editorial/industries/healthcare.json,"""reviewedBy"": ""Peter Zhang"",","""reviewedBy"": ""Proud Tek RF / Production Engineering"","
src/content/editorial/industries/hospitality.json,"""authorSlug"": ""nancy-wu"",","""authorSlug"": ""editorial-board"","
src/content/editorial/industries/hospitality.json,"""author"": ""Nancy Wu"",","""author"": ""Proud Tek Editorial Team"","
src/content/editorial/industries/hospitality.json,"""reviewedBySlug"": ""peter-zhang"",","""reviewedBySlug"": ""proudtek-engineering"","
src/content/editorial/industries/hospitality.json,"""reviewedBy"": ""Peter Zhang"",","""reviewedBy"": ""Proud Tek RF / Production Engineering"","
src/content/editorial/industries/hospitality.json,"""intro"": ""Three small pieces of RFID quietly run a hotel: the card that opens the door, the band on the guest's wrist at the pool, and the tag sewn into the towel. Proud Tek is a factory-direct manufacturer of exactly those three product lines — guest key cards, guest wristbands (pool, spa, all-inclusive) and linen / laundry tags. We do not sell locks, PMS software or reader infrastructure; we supply the credential and the tag, verified against the lock, reader or laundry system the property already operates."",","""intro"": ""Three small pieces of RFID quietly run a hotel: the card that opens the door, the band on the guest's wrist at the pool, and the tag sewn into the towel. Proud Tek is a manufacturer-direct manufacturer of exactly those three product lines — guest key cards, guest wristbands (pool, spa, all-inclusive) and linen / laundry tags. We do not sell locks, PMS software or reader infrastructure; we supply the credential and the tag, verified against the lock, reader or laundry system the property already operates."","
src/content/editorial/industries/industrial.json,"""authorSlug"": ""peter-zhang"",","""authorSlug"": ""editorial-board"","
src/content/editorial/industries/industrial.json,"""reviewedBySlug"": ""nancy-wu"",","""reviewedBySlug"": ""proudtek-engineering"","
src/content/editorial/industries/industrial.json,],"],"
src/content/editorial/industries/industrial.json,,"""author"": ""Proud Tek Editorial Team"","
src/content/editorial/industries/industrial.json,,"""reviewedBy"": ""Proud Tek RF / Production Engineering"""
src/content/editorial/industries/laundry-services.json,"""authorSlug"": ""nancy-wu"",","""authorSlug"": ""editorial-board"","
src/content/editorial/industries/laundry-services.json,"""reviewedBySlug"": ""peter-zhang"",","""reviewedBySlug"": ""proudtek-engineering"","
src/content/editorial/industries/laundry-services.json,],"],"
src/content/editorial/industries/laundry-services.json,,"""author"": ""Proud Tek Editorial Team"","
src/content/editorial/industries/laundry-services.json,,"""reviewedBy"": ""Proud Tek RF / Production Engineering"""
src/content/editorial/industries/libraries.json,"""authorSlug"": ""peter-zhang"",","""authorSlug"": ""editorial-board"","
src/content/editorial/industries/libraries.json,"""reviewedBySlug"": ""nancy-wu"",","""reviewedBySlug"": ""proudtek-engineering"","
src/content/editorial/industries/libraries.json,],"],"
src/content/editorial/industries/libraries.json,,"""author"": ""Proud Tek Editorial Team"","
src/content/editorial/industries/libraries.json,,"""reviewedBy"": ""Proud Tek RF / Production Engineering"""
src/content/editorial/industries/logistics.json,"""authorSlug"": ""peter-zhang"",","""authorSlug"": ""editorial-board"","
src/content/editorial/industries/logistics.json,"""reviewedBySlug"": ""nancy-wu"",","""reviewedBySlug"": ""proudtek-engineering"","
src/content/editorial/industries/logistics.json,"""reviewedAt"": ""2026-05-11""","""reviewedAt"": ""2026-05-11"","
src/content/editorial/industries/logistics.json,,"""author"": ""Proud Tek Editorial Team"","
src/content/editorial/industries/logistics.json,,"""reviewedBy"": ""Proud Tek RF / Production Engineering"""
src/content/editorial/industries/luxury-brands.json,"""authorSlug"": ""peter-zhang"",","""authorSlug"": ""editorial-board"","
src/content/editorial/industries/luxury-brands.json,"""author"": ""Peter Zhang"",","""author"": ""Proud Tek Editorial Team"","
src/content/editorial/industries/luxury-brands.json,"""reviewedBySlug"": ""nancy-wu"",","""reviewedBySlug"": ""proudtek-engineering"","
src/content/editorial/industries/luxury-brands.json,"""reviewedBy"": ""Peter Zhang"",","""reviewedBy"": ""Proud Tek RF / Production Engineering"","
src/content/editorial/industries/pharmaceutical.json,"""authorSlug"": ""peter-zhang"",","""authorSlug"": ""editorial-board"","
src/content/editorial/industries/pharmaceutical.json,"""reviewedBySlug"": ""nancy-wu"",","""reviewedBySlug"": ""proudtek-engineering"","
src/content/editorial/industries/pharmaceutical.json,],"],"
src/content/editorial/industries/pharmaceutical.json,,"""author"": ""Proud Tek Editorial Team"","
src/content/editorial/industries/pharmaceutical.json,,"""reviewedBy"": ""Proud Tek RF / Production Engineering"""
src/content/editorial/industries/retail-apparel.json,"""answer"": ""Yes. Provide your GS1 Company Prefix + GTIN list + serial number assignment range, and we encode every tag at our factory before shipping using GS1 SGTIN-96 with partition value derived from your prefix length, filter value 1 for retail item-level. Per-shipment CSV mapping file (EPC ↔ GTIN ↔ serial ↔ unit ID) is included with each shipment, ready for Nordstrom / Target supplier-portal pre-ship audit upload and ASN EDI 856 EPC URI transmission. Lock bit + access password armed per programme spec. Encoding adds 1-3 days lead time and is included for orders ≥10,000 units.""","""answer"": ""Yes. Provide your GS1 Company Prefix + GTIN list + serial number assignment range, and we encode every tag on our partner lines before shipping using GS1 SGTIN-96 with partition value derived from your prefix length, filter value 1 for retail item-level. Per-shipment CSV mapping file (EPC ↔ GTIN ↔ serial ↔ unit ID) is included with each shipment, ready for Nordstrom / Target supplier-portal pre-ship audit upload and ASN EDI 856 EPC URI transmission. Lock bit + access password armed per programme spec. Encoding adds 1-3 days lead time and is included for orders ≥10,000 units."""
src/content/editorial/industries/retail-apparel.json,"""authorSlug"": ""peter-zhang"",","""authorSlug"": ""editorial-board"","
src/content/editorial/industries/retail-apparel.json,"""reviewedBySlug"": ""nancy-wu"",","""reviewedBySlug"": ""proudtek-engineering"","
src/content/editorial/industries/retail-apparel.json,],"],"
src/content/editorial/industries/retail-apparel.json,,"""author"": ""Proud Tek Editorial Team"","
src/content/editorial/industries/retail-apparel.json,,"""reviewedBy"": ""Proud Tek RF / Production Engineering"""
src/content/editorial/industries/water-parks.json,"""summary"": ""Water parks run on one credential: a sealed RFID wristband that opens the turnstile, holds the guest's locker and carries their cashless wallet through a full day of chlorine and sun. Proud Tek supplies the bands, the chip options and the closed-loop wallet design - factory-direct from MOQ 500."",","""summary"": ""Water parks run on one credential: a sealed RFID wristband that opens the turnstile, holds the guest's locker and carries their cashless wallet through a full day of chlorine and sun. Proud Tek supplies the bands, the chip options and the closed-loop wallet design - manufacturer-direct from MOQ 500."","
src/content/editorial/industries/water-parks.json,"""Factory-direct from Proud Tek: band, print and chip personalization in-house, MOQ 500 per chip type, written quotes and lead times held before tooling.""","""Manufacturer-direct from Proud Tek: band, print and chip personalization specified and quality-controlled by us and produced on our partner lines, MOQ 500 per chip type, written quotes and lead times held before tooling."""
src/content/editorial/industries/water-parks.json,"""authorSlug"": ""peter-zhang"",","""authorSlug"": ""editorial-board"","
src/content/editorial/industries/water-parks.json,"""author"": ""Peter Zhang"",","""author"": ""Proud Tek Editorial Team"","
src/content/editorial/industries/water-parks.json,"""reviewedBySlug"": ""nancy-wu"",","""reviewedBySlug"": ""proudtek-engineering"","
src/content/editorial/industries/water-parks.json,"""reviewedBy"": ""Nancy Wu"",","""reviewedBy"": ""Proud Tek RF / Production Engineering"","
src/content/editorial/lp.json,"""summary"": ""These campaign pages are the entry point for buyers who arrive from search ads or referrals with a specific manufacturing or sourcing intent. Each page is focused on one buyer question (factory direct, OEM, encoding service, bulk pricing, white-label) and routes the inquiry to the right contact path with the relevant context already loaded."",","""summary"": ""These campaign pages are the entry point for buyers who arrive from search ads or referrals with a specific manufacturing or sourcing intent. Each page is focused on one buyer question (manufacturer direct, OEM, encoding service, bulk pricing, white-label) and routes the inquiry to the right contact path with the relevant context already loaded."","
src/content/editorial/lp.json,"""answer"": ""Buyers search for the same idea using different language. RFID factory direct China, RFID manufacturer Shenzhen, and RFID card manufacturer China overlap conceptually but represent different search queries. Each page is tuned to its specific query while routing to the same engineering contact.""","""answer"": ""Buyers search for the same idea using different language. RFID manufacturer direct China, RFID manufacturer Shenzhen, and RFID card manufacturer China overlap conceptually but represent different search queries. Each page is tuned to its specific query while routing to the same engineering contact."""
src/content/editorial/lp.json,"""authorSlug"": ""peter-zhang"",","""authorSlug"": ""editorial-board"","
src/content/editorial/lp.json,"""reviewedBySlug"": ""nancy-wu"",","""reviewedBySlug"": ""proudtek-engineering"","
src/content/editorial/lp.json,"""reviewedAt"": ""2026-04-28""","""reviewedAt"": ""2026-04-28"","
src/content/editorial/lp.json,,"""author"": ""Proud Tek Editorial Team"","
src/content/editorial/lp.json,,"""reviewedBy"": ""Proud Tek RF / Production Engineering"""
src/content/editorial/lp/bulk-rfid-cards.json,"""summary"": ""Proud Tek is a direct RFID card factory in Shenzhen — running since 2008 and shipping to B2B buyers worldwide — built for volume: order blank or fully printed, encoded RFID cards in bulk and the per-card price drops 25-40% below small-order rates as the run deepens. This page is written for the volume buyer, not the RFID beginner: where the quantity breaks sit (1K, 5K, 10K, 50K, 100K and 500K+), what actually moves the per-card cost, how batch QC and 100% functional testing hold at six-figure quantities, the air-versus-sea freight math on a pallet of cards, and the blanket-order and scheduled call-off programs that keep a multi-year card supply predictable. For chip selection and","""summary"": ""Proud Tek is a Shenzhen RFID card manufacturing partner — supplying since 2008 and shipping to B2B buyers worldwide — built for volume: order blank or fully printed, encoded RFID cards in bulk and the per-card price steps down at every tier. This page is written for the volume buyer, not the RFID beginner: where the quantity breaks sit (1K, 5K, 10K, 50K, 100K and 500K+), what actually moves the per-card cost, how batch QC and 100% functional testing hold at six-figure quantities, the air-versus-sea freight math on a pallet of cards, and the blanket-order and scheduled call-off programs that keep a multi-year card supply predictable. For chip selection and per-SKU detail, follow t"
src/content/editorial/lp/bulk-rfid-cards.json,"""text"": ""Quotes are itemised, not list-priced, because per-card cost turns on chip family, card material, finishing, encoding scope and order volume. As a public anchor: a card near $0.35 at 500 pieces runs about $0.12-$0.18 at 50,000 pieces factory-direct — indicative only, since every program is quoted on its own spec.""","""text"": ""Quotes are itemised, not list-priced, because per-card cost turns on chip family, card material, finishing, encoding scope and order volume. As a public anchor: a card near $0.35 at 500 pieces runs about $0.12-$0.18 at 50,000 pieces manufacturer-direct — indicative only, since every program is quoted on its own spec."""
src/content/editorial/lp/bulk-rfid-cards.json,"""title"": ""Why buy RFID cards in bulk direct from the factory"",","""title"": ""Why buy RFID cards in bulk direct from the manufacturing partner"","
src/content/editorial/lp/bulk-rfid-cards.json,"""label"": ""Direct card factory since""","""label"": ""Card manufacturing partner since"""
src/content/editorial/lp/bulk-rfid-cards.json,"""text"": ""A card near $0.35 at 500 pieces drops to about $0.12-$0.18 at 50,000 pieces factory-direct — thousands saved on a large deployment. Figures are indicative and quoted per program, never taken from a fixed list."",","""text"": ""A card near $0.35 at 500 pieces drops to about $0.12-$0.18 at 50,000 pieces manufacturer-direct — thousands saved on a large deployment. Figures are indicative and quoted per program, never taken from a fixed list."","
src/content/editorial/lp/bulk-rfid-cards.json,"""Per-unit cost drops hard at volume: a card near $0.35 at 500 pieces can run $0.12-$0.18 at 50,000 pieces factory-direct — a swing that funds the whole deployment, though the exact number is always quoted per program."",","""Per-unit cost drops hard at volume: a card near $0.35 at 500 pieces can run $0.12-$0.18 at 50,000 pieces manufacturer-direct — a swing that funds the whole deployment, though the exact number is always quoted per program."","
src/content/editorial/lp/bulk-rfid-cards.json,"""title"": ""What moves the per-card price — factory run vs stitched-together stock"",","""title"": ""What moves the per-card price — a dedicated production run vs stitched-together stock"","
src/content/editorial/lp/bulk-rfid-cards.json,"""Factory-direct pricing that keeps stepping down through 10K, 50K, 100K and 500K+ tiers, quoted per program."",","""Manufacturer-direct pricing that keeps stepping down through 10K, 50K, 100K and 500K+ tiers, quoted per program."","
src/content/editorial/lp/bulk-rfid-cards.json,"""Open factory audits at our Shenzhen operation by appointment, plus virtual walk-throughs and third-party (SGS, TUV, Intertek) inspection when a program requires it.""","""Open factory audits on our partner lines by appointment, plus virtual walk-throughs and third-party (SGS, TUV, Intertek) inspection when a program requires it."""
src/content/editorial/lp/bulk-rfid-cards.json,"""answer"": ""Per-card cost keeps stepping down as the run deepens, but the size of each step depends on the chip, material and finish, so we quote it per program instead of publishing a ladder we would have to caveat. As a public anchor, a card near $0.35 at 500 pieces runs about $0.12-$0.18 at 50,000 pieces factory-direct — indicative only. Send the chip and the tiers you want priced (say 10K versus 100K) and you get an itemised quote within one business day.""","""answer"": ""Per-card cost keeps stepping down as the run deepens, but the size of each step depends on the chip, material and finish, so we quote it per program instead of publishing a ladder we would have to caveat. As a public anchor, a card near $0.35 at 500 pieces runs about $0.12-$0.18 at 50,000 pieces manufacturer-direct — indicative only. Send the chip and the tiers you want priced (say 10K versus 100K) and you get an itemised quote within 24-48 hours."""
src/content/editorial/lp/bulk-rfid-cards.json,"""label"": ""China RFID card factory""","""label"": ""China RFID card manufacturing partner"""
src/content/editorial/lp/bulk-rfid-cards.json,"""authorSlug"": ""peter-zhang"",","""authorSlug"": ""editorial-board"","
src/content/editorial/lp/bulk-rfid-cards.json,"""reviewedBySlug"": ""nancy-wu"",","""reviewedBySlug"": ""proudtek-engineering"","
src/content/editorial/lp/bulk-rfid-cards.json,"""reviewedAt"": ""2025-12-13""","""reviewedAt"": ""2025-12-13"","
src/content/editorial/lp/bulk-rfid-cards.json,,"""author"": ""Proud Tek Editorial Team"","
src/content/editorial/lp/bulk-rfid-cards.json,,"""reviewedBy"": ""Proud Tek RF / Production Engineering"""
src/content/editorial/lp/custom-rfid-card-printing.json,"""summary"": ""Proud Tek prints custom RFID and NFC cards in-house on the same Shenzhen lines that laminate and encode them — CMYK offset for volume runs, UV digital for short runs and white ink, screen printing for metallic and opaque effects, thermal transfer for variable data, and laser engraving for metal and premium cards. Every card is built to the ISO/IEC 7810 ID-1 format (85.6 × 54 mm, 0.76 mm), printed at 300 DPI with CMYK-plus-Pantone colour matching, then finished, personalised and chip-encoded to your data. This page is the print-and-finish reference: the process menu, the artwork-file specs prepress checks on every job, the proofing and colour-matching loop, and the QC records a pr","""summary"": ""Proud Tek prints custom RFID and NFC cards on the same partner lines that laminate and encode them, to our specification and under our QC — CMYK offset for volume runs, UV digital for short runs and white ink, screen printing for metallic and opaque effects, thermal transfer for variable data and laser engraving for premium bodies. Every card is built to the ISO/IEC 7810 ID-1 format (85.6 × 54 mm, 0.76 mm), printed at 300 DPI with CMYK-plus-Pantone colour matching, then finished, personalised and chip-encoded to your data. This page is the print-and-finish reference: the process menu, the artwork-file specs prepress checks on every job, the proofing and colour-matching loop, and "
src/content/editorial/lp/custom-rfid-card-printing.json,"""Five print processes in-house: CMYK offset for high-volume runs, UV digital for short runs and prototypes, screen printing for white-ink and metallic overlays, thermal transfer for variable data, and laser engraving for premium cards."",","""Five print processes on our partner lines: CMYK offset for high-volume runs, UV digital for short runs and prototypes, screen printing for white-ink and metallic overlays, thermal transfer for variable data, and laser engraving for premium cards."","
src/content/editorial/lp/custom-rfid-card-printing.json,"""text"": ""Custom RFID and NFC cards printed and finished in-house — PVC, frosted and transparent PET, composite, metal and wood bodies — using CMYK offset, UV digital, screen, thermal-transfer and laser processes, all to the ISO/IEC 7810 ID-1 card format.""","""text"": ""Custom RFID and NFC cards printed and finished on our partner lines to our specification — PVC, frosted and transparent PET, composite, metal and wood bodies — using CMYK offset, UV digital, screen, thermal-transfer and laser processes, all to the ISO/IEC 7810 ID-1 card format."""
src/content/editorial/lp/custom-rfid-card-printing.json,"""intro"": ""'Custom card printing' can mean a logo dropped onto a stock white card, or a credential engineered from the artwork in. Proud Tek means the second: five print processes run in-house on the same lines that laminate and [encode](/lp/rfid-card-encoding-service/) the card, so the print, the finish and the chip data are one job with one owner — not three vendors pointing at each other. Match the process to your run size and the effect you need; the [card material guide](/blog/rfid-card-materials-pvc-pet-abs-wood/) covers the bodies those processes print on. The numbers below are the ones a print buyer checks first."",","""intro"": ""'Custom card printing' can mean a logo dropped onto a stock white card, or a credential engineered from the artwork in. Proud Tek means the second: five print processes run on our partner lines to our specification on the same lines that laminate and [encode](/lp/rfid-card-encoding-service/) the card, so the print, the finish and the chip data are one job with one owner — not three vendors pointing at each other. Match the process to your run size and the effect you need; the [card material guide](/blog/rfid-card-materials-pvc-pet-abs-wood/) covers the bodies those processes print on. The numbers below are the ones a print buyer checks first."","
src/content/editorial/lp/custom-rfid-card-printing.json,"""label"": ""Print processes in-house""","""label"": ""Print processes we specify"""
src/content/editorial/lp/custom-rfid-card-printing.json,"""Finishing is a separate production pass, so effects add cost individually — pick the one or two that carry the design rather than stacking all of them. Spot UV, hot foil (gold, silver, rose gold or holographic), embossed numbering, signature panels and custom die-cut shapes are applied in-house after lamination and before final QC."",","""Finishing is a separate production pass, so effects add cost individually — pick the one or two that carry the design rather than stacking all of them. Spot UV, hot foil (gold, silver, rose gold or holographic), embossed numbering, signature panels and custom die-cut shapes are applied on the partner line after lamination and before our final QC."","
src/content/editorial/lp/custom-rfid-card-printing.json,"""label"": ""Inside the Shenzhen factory""","""label"": ""Inside the production lines"""
src/content/editorial/lp/custom-rfid-card-printing.json,"""authorSlug"": ""peter-zhang"",","""authorSlug"": ""editorial-board"","
src/content/editorial/lp/custom-rfid-card-printing.json,"""reviewedBySlug"": ""nancy-wu"",","""reviewedBySlug"": ""proudtek-engineering"","
src/content/editorial/lp/custom-rfid-card-printing.json,"""reviewedAt"": ""2026-01-01""","""reviewedAt"": ""2026-01-01"","
src/content/editorial/lp/custom-rfid-card-printing.json,,"""author"": ""Proud Tek Editorial Team"","
src/content/editorial/lp/custom-rfid-card-printing.json,,"""reviewedBy"": ""Proud Tek RF / Production Engineering"""
src/content/editorial/lp/nfc-tag-manufacturer-china.json,"""kicker"": ""China NFC Tag Factory"",","""kicker"": ""China NFC Tag Manufacturing Partner"","
src/content/editorial/lp/nfc-tag-manufacturer-china.json,"""summary"": ""Proud Tek is a Shenzhen NFC tag manufacturer — building 13.56 MHz tags since 2008 and exporting to B2B buyers worldwide — that owns every step from antenna and chip bonding through converting, printing and encoding, so an NFC program is made on one line rather than assembled from five subcontractors. We manufacture the full form-factor range — paper and PET stickers, wet and dry inlays on converter rolls, epoxy hard tags, anti-metal tags and NTAG 424 DNA tamper-evident labels — on NTAG 213/215/216, NTAG 424 DNA, MIFARE Ultralight and ICODE SLIX2 silicon allocated directly from NXP. Because the line is ours, so is the customization: antenna geometry, chip choice, substrate, artwor","""summary"": ""Proud Tek is a Shenzhen NFC tag manufacturing partner — supplying 13.56 MHz tags since 2008 and exporting to B2B buyers worldwide — that specifies and controls every step from antenna and chip bonding through converting, printing and encoding on contracted partner lines, so an NFC programme has one accountable owner. We manufacture the full form-factor range — paper and PET stickers, wet and dry inlays on converter rolls, epoxy hard tags, anti-metal tags and NTAG 424 DNA tamper-evident labels — on NTAG 213/215/216, NTAG 424 DNA, MIFARE Ultralight and ICODE SLIX2 silicon allocated directly from NXP. Because the line is ours, so is the customization: antenna geometry, chip choice, "
src/content/editorial/lp/nfc-tag-manufacturer-china.json,"""Own-the-line manufacturing — antenna etching, flip-chip bonding, roll converting, printing and inline encoding all run in our Shenzhen factory, so nothing critical is farmed out to a job shop."",","""Specification-owned manufacturing — antenna etching, flip-chip bonding, roll converting, printing and inline encoding all run on our partner lines to our process specification, with Proud Tek approving the first article and signing off every batch."","
src/content/editorial/lp/nfc-tag-manufacturer-china.json,"""Built for OEM/ODM export — your artwork, antenna and encoding to spec, free sample kits, factory-direct pricing, and ISO 9001 / 14001 / 45001 certificates plus the paperwork customs asks for.""","""Built for OEM/ODM export — your artwork, antenna and encoding to spec, free sample kits, manufacturer-direct pricing, and ISO 9001 / 14001 / 45001 certificates plus the paperwork customs asks for."""
src/content/editorial/lp/nfc-tag-manufacturer-china.json,"""title"": ""Every NFC tag we ship is built on our own Shenzhen line"",","""title"": ""Every NFC tag we ship is built on our partner lines to our specification"","
src/content/editorial/lp/nfc-tag-manufacturer-china.json,"""intro"": ""'Made in China' hides a wide range — from a factory that bonds its own chips to a trading desk that photographs someone else's. Proud Tek is the first kind: we etch or print the antenna, flip-chip bond the [NXP silicon](/about/certifications/), convert the inlay, print your artwork and encode the data, then read-verify each unit before it leaves our [Shenzhen factory](/about/factory/). Start with a [free NFC sample pack](/sample-pack/), or jump to the parts most buyers order — [NTAG 213 NFC stickers](/products/rfid-labels/ntag213-nfc-sticker/). The numbers below are the ones a procurement team checks first."",","""intro"": ""'Made in China' hides a wide range — from a factory that bonds its own chips to a trading desk that photographs someone else's. Proud Tek is the first kind: we specify the antenna (etched or printed), source the [NXP silicon](/about/certifications/) through authorised distribution, have the inlay converted, your artwork printed and the data encoded on our partner lines, then read-verify each unit before it ships. Start with a [free NFC sample pack](/sample-pack/), or jump to the parts most buyers order — [NTAG 213 NFC stickers](/products/rfid-labels/ntag213-nfc-sticker/). The numbers below are the ones a procurement team checks first."","
src/content/editorial/lp/nfc-tag-manufacturer-china.json,"""Own-the-line process — antenna etching and printing, flip-chip bonding, reel-to-reel converting, offset and screen printing and inline encoding all happen in-house, so lead time and quality are ours to control, not a subcontractor's."",","""Specification-owned process — antenna etching and printing, flip-chip bonding, reel-to-reel converting, offset and screen printing and inline encoding all run on partner lines to our specification, so lead time and quality are ours to answer for, not a broker's."","
src/content/editorial/lp/nfc-tag-manufacturer-china.json,"""alt"": ""A menu of the four NFC families Proud Tek manufactures, fanning one spec into one in-house line. Left: YOUR NFC SPEC (surface, data, volume, MOQ). Centre lanes: NFC stickers and inlays (NTAG 213, NTAG 215, NTAG 216 to ISO/IEC 14443); secure and tamper-evident (NTAG 424 DNA with AES-128 SUN); ticketing and transit (MIFARE Ultralight EV1); and HF long-range labels (ICODE SLIX2 to ISO/IEC 15693). Right: MADE IN-HOUSE — bonded and converted, encoded to spec, 100% read-tested, with documents and certificates.""","""alt"": ""A menu of the four NFC families Proud Tek supplies, fanning one spec into one production flow on partner lines. Left: YOUR NFC SPEC (surface, data, volume, MOQ). Centre lanes: NFC stickers and inlays (NTAG 213, NTAG 215, NTAG 216 to ISO/IEC 14443); secure and tamper-evident (NTAG 424 DNA with AES-128 SUN); ticketing and transit (MIFARE Ultralight EV1); and HF long-range labels (ICODE SLIX2 to ISO/IEC 15693). Right: MADE TO OUR SPECIFICATION — bonded and converted on partner lines, encoded to spec, 100% read-tested by our QC, with documents and certificates."""
src/content/editorial/lp/nfc-tag-manufacturer-china.json,"""intro"": ""A datasheet makes an NFC tag look like one part; the factory floor knows it is five. Here is how a bare NXP wafer becomes an encoded, read-tested tag on our line — antenna first, silicon second, and the QC read-test that decides whether a unit ships at all. Nothing in this sequence is subcontracted to a job shop, which is why a program that mixes form factors can still ship on one [production traveler](/about/factory/)."",","""intro"": ""A datasheet makes an NFC tag look like one part; the production line knows it is five. Here is how a bare NXP wafer becomes an encoded, read-tested tag on our line — antenna first, silicon second, and the QC read-test that decides whether a unit ships at all. Every stage in this sequence runs to one Proud Tek specification with one QC sign-off, which is why a program that mixes form factors can still ship on one [production traveler](/about/factory/)."","
src/content/editorial/lp/nfc-tag-manufacturer-china.json,"""alt"": ""Five in-house manufacturing stages left to right. Stage 1, antenna: aluminium or copper antenna etched or printed on a PET or paper web. Stage 2, chip bonding: NXP silicon flip-chip bonded to the antenna to form the inlay. Stage 3, converting: wet and dry inlays laminated and die-cut on rolls, reel-to-reel. Stage 4, printing and finishing: offset and screen artwork, lamination, epoxy and molding. Stage 5, encoding and QC: NDEF or SUN records written, then every unit 100% read-tested. A base arrow runs from a bare wafer, in-house, to a shipped SKU under one QC sign-off.""","""alt"": ""Five partner-line manufacturing stages left to right. Stage 1, antenna: aluminium or copper antenna etched or printed on a PET or paper web. Stage 2, chip bonding: NXP silicon flip-chip bonded to the antenna to form the inlay. Stage 3, converting: wet and dry inlays laminated and die-cut on rolls, reel-to-reel. Stage 4, printing and finishing: offset and screen artwork, lamination, epoxy and molding. Stage 5, encoding and QC: NDEF or SUN records written, then every unit 100% read-tested. A base arrow runs from a bare wafer, across the partner lines, to a shipped SKU under one QC sign-off."""
src/content/editorial/lp/nfc-tag-manufacturer-china.json,"""title"": ""OEM/ODM and factory-direct: what owning the line unlocks"",","""title"": ""OEM/ODM and manufacturer-direct: what owning the specification unlocks"","
src/content/editorial/lp/nfc-tag-manufacturer-china.json,"""intro"": ""Most NFC brands in Europe and North America already buy from Shenzhen and add a margin on the way to you; buying factory-direct simply removes the middle. Owning the line is also what makes real OEM/ODM possible — your brand on the tag, your antenna tuned to your surface, your encoding scheme locked on the traveler — instead of a logo printed on someone's stock part. For a worked example, see [NFC brand authentication](/solutions/nfc-brand-authentication/)."",","""intro"": ""Most NFC brands in Europe and North America already buy from Shenzhen and add a margin on the way to you; buying manufacturer-direct simply removes the middle. Owning the line is also what makes real OEM/ODM possible — your brand on the tag, your antenna tuned to your surface, your encoding scheme locked on the traveler — instead of a logo printed on someone's stock part. For a worked example, see [NFC brand authentication](/solutions/nfc-brand-authentication/)."","
src/content/editorial/lp/nfc-tag-manufacturer-china.json,"""Factory-direct pricing, 30-50% below Western manufacturing, with NXP, STMicroelectronics and Fudan silicon allocated directly."",","""Manufacturer-direct pricing, 30-50% below Western manufacturing, with NXP, STMicroelectronics and Fudan silicon allocated directly."","
src/content/editorial/lp/nfc-tag-manufacturer-china.json,"""title"": ""Verify the factory before you commit"",","""title"": ""Verify the production model before you commit"","
src/content/editorial/lp/nfc-tag-manufacturer-china.json,"""Open factory audits at our Shenzhen operation by appointment, with virtual walk-throughs and third-party (SGS, TUV, Intertek) inspection accommodated when a program requires it."",","""Open factory audits on our partner lines by appointment, with virtual walk-throughs and third-party (SGS, TUV, Intertek) inspection accommodated when a program requires it."","
src/content/editorial/lp/nfc-tag-manufacturer-china.json,"""label"": ""Inside the Shenzhen factory""","""label"": ""Inside the production lines"""
src/content/editorial/lp/nfc-tag-manufacturer-china.json,"""question"": ""How do I verify an NFC tag factory in China before ordering?"",","""question"": ""How do I verify an NFC tag supplier's production model in China before ordering?"","
src/content/editorial/lp/nfc-tag-manufacturer-china.json,"""answer"": ""Three independent checks. Request our ISO 9001, ISO 14001 and ISO 45001 certificate numbers and confirm them with the issuing registrar; book a factory audit — in person or virtual — at our Shenzhen operation; and order a free sample kit to read the tags on your own phones and readers. Every batch also ships with a test report showing chip response, resonance frequency and read range, and we accommodate SGS, TUV or Intertek inspection when a program requires it.""","""answer"": ""Three independent checks. Request our ISO 9001, ISO 14001 and ISO 45001 certificate numbers and confirm them with the issuing registrar; book a factory audit — in person or virtual — on our partner lines; and order a free sample kit to read the tags on your own phones and readers. Every batch also ships with a test report showing chip response, resonance frequency and read range, and we accommodate SGS, TUV or Intertek inspection when a program requires it."""
src/content/editorial/lp/nfc-tag-manufacturer-china.json,"""authorSlug"": ""peter-zhang"",","""authorSlug"": ""editorial-board"","
src/content/editorial/lp/nfc-tag-manufacturer-china.json,"""reviewedBySlug"": ""nancy-wu"",","""reviewedBySlug"": ""proudtek-engineering"","
src/content/editorial/lp/nfc-tag-manufacturer-china.json,"""reviewedAt"": ""2026-02-15""","""reviewedAt"": ""2026-02-15"","
src/content/editorial/lp/nfc-tag-manufacturer-china.json,,"""author"": ""Proud Tek Editorial Team"","
src/content/editorial/lp/nfc-tag-manufacturer-china.json,,"""reviewedBy"": ""Proud Tek RF / Production Engineering"""
src/content/editorial/lp/nfc-tag-supplier.json,"""intro"": ""'NFC tag supplier' covers everyone from a factory to a reseller forwarding your PO to a factory — so the useful question is what actually lands on your dock. Proud Tek makes and encodes the tags in-house: we select the 13.56 MHz chip, build the sticker, inlay or hard tag, write your data, and read-verify each unit before it ships with its [certifications](/about/certifications/) and test records attached. Start with a [free NFC sample pack](/sample-pack/), or jump to the parts most buyers order — [NTAG 213 NFC stickers](/products/rfid-labels/ntag213-nfc-sticker/). The numbers below are the ones a procurement team checks first."",","""intro"": ""'NFC tag supplier' covers everyone from a factory to a reseller forwarding your PO to a factory — so the useful question is what actually lands on your dock. Proud Tek specifies and quality-controls the tags: we select the 13.56 MHz chip, define the sticker, inlay or hard tag, have it built and your data written on our partner lines, and read-verify each unit before it ships with its [certifications](/about/certifications/). Start with a [free NFC sample pack](/sample-pack/), or jump to the parts most buyers order — [NTAG 213 NFC stickers](/products/rfid-labels/ntag213-nfc-sticker/). The numbers below are the ones a procurement team checks first."","
src/content/editorial/lp/nfc-tag-supplier.json,"""title"": ""Where a catalogue NFC reseller stops — and where a factory starts"",","""title"": ""Where a catalogue NFC reseller stops — and where a manufacturing partner starts"","
src/content/editorial/lp/nfc-tag-supplier.json,"""Open factory audits at our Shenzhen operation by appointment, with virtual walk-throughs and third-party (SGS, TUV, Intertek) inspection accommodated when a program requires it."",","""Open factory audits on our partner lines by appointment, with virtual walk-throughs and third-party (SGS, TUV, Intertek) inspection accommodated when a program requires it."","
src/content/editorial/lp/nfc-tag-supplier.json,"""label"": ""Inside the Shenzhen factory""","""label"": ""Inside the production lines"""
src/content/editorial/lp/nfc-tag-supplier.json,"""question"": ""How do I verify your factory and quality before ordering?"",","""question"": ""How do I verify your production model and quality before ordering?"","
src/content/editorial/lp/nfc-tag-supplier.json,"""answer"": ""Three independent checks. Request our ISO 9001, ISO 14001 and ISO 45001 certificate numbers and confirm them with the issuing registrar; book a factory audit (in person or virtual) at our Shenzhen operation; and order a sample pack to read the tags on your own phones and equipment. Every claim on this page is meant to be checked, not taken on faith.""","""answer"": ""Three independent checks. Request our ISO 9001, ISO 14001 and ISO 45001 certificate numbers and confirm them with the issuing registrar; book a factory audit (in person or virtual) on our partner lines; and order a sample pack to read the tags on your own phones and equipment. Every claim on this page is meant to be checked, not taken on faith."""
src/content/editorial/lp/nfc-tag-supplier.json,"""authorSlug"": ""peter-zhang"",","""authorSlug"": ""editorial-board"","
src/content/editorial/lp/nfc-tag-supplier.json,"""reviewedBySlug"": ""nancy-wu"",","""reviewedBySlug"": ""proudtek-engineering"","
src/content/editorial/lp/nfc-tag-supplier.json,"""reviewedAt"": ""2025-12-06""","""reviewedAt"": ""2025-12-06"","
src/content/editorial/lp/nfc-tag-supplier.json,,"""author"": ""Proud Tek Editorial Team"","
src/content/editorial/lp/nfc-tag-supplier.json,,"""reviewedBy"": ""Proud Tek RF / Production Engineering"""
src/content/editorial/lp/rfid-card-encoding-service.json,"""kicker"": ""Factory Card Encoding"",","""kicker"": ""Card Encoding Service"","
src/content/editorial/lp/rfid-card-encoding-service.json,"""summary"": ""Proud Tek runs card encoding as a dedicated, read-verified production service, not an afterthought at packing: a Shenzhen RFID factory direct since 2008 and shipping worldwide, we pre-encode MIFARE sector keys, MIFARE DESFire AES application keys, NTAG NDEF records with password/AUTH protection, and GS1 SGTIN-96 EPC data — serialized from your CSV or ERP export — then read-verify 100% of the cards and ship the encoding database alongside them. What this page is not is a blank-card or minimum-order page: the deliverable is the DATA on the card, written to a published standard and locked to your spec. Below is the encoding capability menu, the encode-lock-verify workflow, the key-h","""summary"": ""Proud Tek runs card encoding as a dedicated, read-verified production service, not an afterthought at packing: a Shenzhen RFID manufacturing partner since 2008 shipping worldwide, we pre-encode MIFARE sector keys, MIFARE DESFire AES applications, NTAG NDEF payloads and UHF EPCs to your specification on our partner lines and read-verify every card before it ships. What this page is not is a blank-card or minimum-order page: the deliverable is the DATA on the card, written to a published standard and locked to your spec. Below is the encoding capability menu, the encode-lock-verify workflow, the key-handling and QC controls a security team checks, and the objection FAQ procurement "
src/content/editorial/lp/rfid-card-encoding-service.json,"""title"": ""What a factory card encoding service actually writes"",","""title"": ""What a card encoding service actually writes"","
src/content/editorial/lp/rfid-card-encoding-service.json,"""afterHeading"": ""Proud Tek's factory encoding line"",","""afterHeading"": ""Proud Tek's partner-line encoding line"","
src/content/editorial/lp/rfid-card-encoding-service.json,"""label"": ""Inside the Shenzhen factory""","""label"": ""Inside the production lines"""
src/content/editorial/lp/rfid-card-encoding-service.json,"""authorSlug"": ""peter-zhang"",","""authorSlug"": ""editorial-board"","
src/content/editorial/lp/rfid-card-encoding-service.json,"""reviewedBySlug"": ""nancy-wu"",","""reviewedBySlug"": ""proudtek-engineering"","
src/content/editorial/lp/rfid-card-encoding-service.json,"""reviewedAt"": ""2026-02-27""","""reviewedAt"": ""2026-02-27"","
src/content/editorial/lp/rfid-card-encoding-service.json,,"""author"": ""Proud Tek Editorial Team"","
src/content/editorial/lp/rfid-card-encoding-service.json,,"""reviewedBy"": ""Proud Tek RF / Production Engineering"""
src/content/editorial/lp/rfid-card-manufacturer-china.json,"""title"": ""RFID Card Manufacturer in China — Factory-Direct"",","""title"": ""RFID Card Manufacturer in China — Manufacturer-Direct"","
src/content/editorial/lp/rfid-card-manufacturer-china.json,"""kicker"": ""China RFID Card Factory"",","""kicker"": ""China RFID Card Manufacturing Partner"","
src/content/editorial/lp/rfid-card-manufacturer-china.json,"""summary"": ""Proud Tek is a factory-direct RFID card manufacturer in Shenzhen, China — building cards since 2008 and shipping to B2B buyers worldwide — that owns the whole card line end to end: inlay assembly, hot-roll lamination, die-cutting to the ISO/IEC 7810 ID-1 (CR80) format, printing, encoding and 100% electrical test, across PVC, PET, PETG, ABS, polycarbonate, PLA, bamboo-composite, wood and metal bodies. 'Manufacturer' here means the chip, the antenna, the card body and the data are all handled under one ISO 9001 quality system — not a logo printed on someone else's stock. This page walks the production line stage by stage, the card families and chips we laminate across LF, HF and UH","""summary"": ""Proud Tek is a manufacturer-direct RFID card manufacturer in Shenzhen, China — building cards since 2008 and shipping to B2B buyers worldwide — that owns the whole card line end to end: inlay assembly, hot-roll lamination, die-cutting to the ISO/IEC 7810 ID-1 (CR80) format, printing, encoding and 100% electrical test, across PVC, PET, PETG, ABS, polycarbonate, PLA, bamboo-composite, wood and metal bodies. 'Manufacturer' here means the chip, the antenna, the card body and the data are all handled under one ISO 9001 quality system — not a logo printed on someone else's stock. This page walks the production line stage by stage, the card families and chips we laminate across LF, HF a"
src/content/editorial/lp/rfid-card-manufacturer-china.json,"""One factory owns the entire card — inlay assembly, hot-roll lamination, die-cutting, offset and digital printing, encoding and 100% electrical test all run on Proud Tek's own Shenzhen lines, not subcontracted to a converter down the road."",","""One specification owns the entire card — inlay assembly, hot-roll lamination, die-cutting, offset and digital printing, encoding and 100% electrical test all run on Proud Tek's contracted partner lines in Shenzhen to our process spec, with our QC signing off every batch."","
src/content/editorial/lp/rfid-card-manufacturer-china.json,"""text"": ""A factory-direct RFID card manufacturer in Shenzhen: inlay, card body, print and encoding produced in-house across LF 125 kHz, HF 13.56 MHz and UHF chip families and PVC, PET, PETG, ABS, polycarbonate, PLA, bamboo-composite, wood and metal card bodies, all to ISO/IEC 7810 ID-1.""","""text"": ""A manufacturer-direct RFID card manufacturer in Shenzhen: inlay, card body, print and encoding produced on our partner lines to our specification across LF 125 kHz, HF 13.56 MHz and UHF chip families and PVC, PET, PETG, ABS, polycarbonate, PLA, bamboo-composite, wood and metal card bodies, all to ISO/IEC 7810 ID-1."""
src/content/editorial/lp/rfid-card-manufacturer-china.json,"""text"": ""Five in-house stages — inlay assembly, hot-roll lamination (around 150°C), die-cutting to the 85.60 × 53.98 × 0.76 mm CR80 format, printing and finishing, then encoding with a 100% electrical read test before packing.""","""text"": ""Five stages on our partner lines — inlay assembly, hot-roll lamination (around 150°C), die-cutting to the 85.60 × 53.98 × 0.76 mm CR80 format, printing and finishing, then encoding with a 100% electrical read test before packing."""
src/content/editorial/lp/rfid-card-manufacturer-china.json,"""title"": ""What a factory-direct card manufacturer controls"",","""title"": ""What a manufacturer-direct card supplier controls"","
src/content/editorial/lp/rfid-card-manufacturer-china.json,"""intro"": ""'Card manufacturer' gets claimed by trading desks that never touch a lamination roll, so the honest test is which steps a supplier actually owns. Proud Tek owns all of them: we assemble the inlay, laminate the [card body](/products/rfid-cards/), die-cut it to ISO/IEC 7810 dimensions, print it, encode it and read-test every piece — the whole chain on our own Shenzhen lines since 2008. For the security-grade end of the range there is a dedicated [smart-card manufacturing page](/lp/rfid-smart-card-manufacturer/), and for volume economics the [bulk-card page](/lp/bulk-rfid-cards/); this page is the factory itself. The numbers below are the ones a procurement team checks first."",","""intro"": ""'Card manufacturer' gets claimed by trading desks that never touch a lamination roll, so the honest test is which steps a supplier actually owns. Proud Tek owns all of them: we assemble the inlay, laminate the [card body](/products/rfid-cards/), die-cut it to ISO/IEC 7810 dimensions, print it, encode it and read-test every piece — the whole chain on our partner lines since 2008. For the security-grade end of the range there is a dedicated [smart-card manufacturing page](/lp/rfid-smart-card-manufacturer/), and for volume economics the [bulk-card page](/lp/bulk-rfid-cards/); this page is the factory itself. The numbers below are the ones a procurement team checks first."","
src/content/editorial/lp/rfid-card-manufacturer-china.json,"""label"": ""Card factory since""","""label"": ""Card manufacturing partner since"""
src/content/editorial/lp/rfid-card-manufacturer-china.json,"""Full in-house production — inlay assembly, hot-roll lamination, die-cutting, offset and digital printing, encoding and 100% electrical test under one roof, so one team is accountable from PO to dispatch rather than five subcontractors."",","""Full production on our partner lines — inlay assembly, hot-roll lamination, die-cutting, offset and digital printing, encoding and 100% electrical test under one specification and one QC sign-off, so one team is accountable from PO to dispatch rather than a chain of intermediaries."","
src/content/editorial/lp/rfid-card-manufacturer-china.json,"""Export-ready fulfilment — ISO/IEC 7810, 14443 and 15693 conformance, per-shipment RoHS / REACH / FCC / CE paperwork, FOB Shenzhen / Yantian or DDP terms, and English-speaking project managers who reply within one business day.""","""Export-ready fulfilment — ISO/IEC 7810, 14443 and 15693 conformance, per-shipment RoHS / REACH / FCC / CE paperwork, FOB Shenzhen / Yantian or DDP terms, and English-speaking project managers who reply within 2-4 hours in Shenzhen business hours (Mon-Fri, GMT+8)."""
src/content/editorial/lp/rfid-card-manufacturer-china.json,"""text"": ""The chip is bonded to an etched or wire antenna in-house (HF 13.56 MHz and UHF wet-inlay assembly), and any inlay that fails a readability check is scrapped before it ever reaches card production.""","""text"": ""The chip is bonded to an etched or wire antenna on our partner lines (HF 13.56 MHz and UHF wet-inlay assembly), and any inlay that fails a readability check is scrapped before it ever reaches card production."""
src/content/editorial/lp/rfid-card-manufacturer-china.json,"""title"": ""Where a trading desk stops — and where a card factory starts"",","""title"": ""Where a trading desk stops — and where a card manufacturing partner starts"","
src/content/editorial/lp/rfid-card-manufacturer-china.json,"""Open factory audits at our Shenzhen operation by appointment, in-house pre-shipment inspection by your QC agent at no charge, and quality records retained seven years under ISO 9001.""","""Open factory audits on our partner lines by appointment, in-house pre-shipment inspection by your QC agent at no charge, and quality records retained seven years under ISO 9001."""
src/content/editorial/lp/rfid-card-manufacturer-china.json,"""question"": ""How do I verify your card factory before I place an order?"",","""question"": ""How do I verify your production model before I place an order?"","
src/content/editorial/lp/rfid-card-manufacturer-china.json,"""answer"": ""Standard production is 5-7 business days after artwork approval, with express production for urgent orders. Shipping to North America and Europe is 3-5 days by express courier or 15-25 days by sea freight for large volumes on FOB Shenzhen / Yantian terms — roughly 10-14 days door-to-door for an express order.""","""answer"": ""Standard production ships in 7-15 business days from order confirmation, with rush options for urgent orders. Shipping to North America and Europe is 3-5 days by express courier or 15-25 days by sea freight for large volumes on FOB Shenzhen / Yantian terms — roughly 10-14 days door-to-door for an express order."""
src/content/editorial/lp/rfid-card-manufacturer-china.json,"""label"": ""Request factory-direct quote""","""label"": ""Request manufacturer-direct quote"""
src/content/editorial/lp/rfid-card-manufacturer-china.json,"""authorSlug"": ""peter-zhang"",","""authorSlug"": ""editorial-board"","
src/content/editorial/lp/rfid-card-manufacturer-china.json,"""reviewedBySlug"": ""nancy-wu"",","""reviewedBySlug"": ""proudtek-engineering"","
src/content/editorial/lp/rfid-card-manufacturer-china.json,"""reviewedAt"": ""2026-02-14""","""reviewedAt"": ""2026-02-14"","
src/content/editorial/lp/rfid-card-manufacturer-china.json,,"""author"": ""Proud Tek Editorial Team"","
src/content/editorial/lp/rfid-card-manufacturer-china.json,,"""reviewedBy"": ""Proud Tek RF / Production Engineering"""
src/content/editorial/lp/rfid-factory-direct-china.json,"""title"": ""RFID Card Factory Direct from China — Proud Tek Manufacturer Pricing"",","""title"": ""RFID Cards Manufacturer-Direct from China — Proud Tek Pricing"","
src/content/editorial/lp/rfid-factory-direct-china.json,"""kicker"": ""Factory-Direct RFID Cards from China"",","""kicker"": ""Manufacturer-Direct RFID Cards from China"","
src/content/editorial/lp/rfid-factory-direct-china.json,"""summary"": ""Proud Tek is a direct RFID factory in Shenzhen — building cards, tags, labels and wristbands since 2008 and shipping to B2B buyers worldwide — so a factory-direct order goes to the people who laminate, print and encode your product, at the factory-gate price with no trading-company markup in between. Chip sourcing, antenna bonding, printing, encoding, laser engraving, quality testing and export packing all run under one ISO 9001 management system, which is the difference between a factory and a reseller forwarding your purchase order. This page sets out the capability menu across product families, how buying direct compares with going through a trading company, and the certificat","""summary"": ""Proud Tek is a Shenzhen RFID manufacturing partner — specifying and quality-controlling cards, tags, labels and wristbands since 2008 and shipping to B2B buyers worldwide — so a manufacturer-direct order goes to the people who own the specification, the chip sourcing and the QC sign-off, not to a desk that resells someone else's product. Chip sourcing, antenna bonding, printing, encoding, laser engraving, quality testing and export packing run to one Proud Tek specification under one ISO 9001-certified management system, with our QC signing off every batch — the difference between a manufacturing partner that owns the spec and a reseller forwarding your purchase order. This page "
src/content/editorial/lp/rfid-factory-direct-china.json,"""A direct factory, not a trading desk: cards, NFC tags, UHF labels and wristbands built under one ISO 9001 system, so your order reaches the line that makes it."",","""A manufacturing partner, not a trading desk: cards, NFC tags, UHF labels and wristbands specified, chip-sourced and quality-controlled by Proud Tek, produced on contracted partner lines in Shenzhen to our spec."","
src/content/editorial/lp/rfid-factory-direct-china.json,"""Factory-gate pricing with no middleman — you pay the price a trading company would pay us, without the resale margin it adds for handling paperwork rather than manufacturing the product."",","""Manufacturer-direct pricing with no reseller layer — you pay the price a trading company would pay us, without the margin it adds for handling paperwork rather than owning the specification."","
src/content/editorial/lp/rfid-factory-direct-china.json,"""In-house from chip to carton: sourcing, antenna bonding, lamination, full-colour printing, encoding, laser engraving, 100% read-verification and export packing all happen under one roof, with the QC records to prove it.""","""From chip to carton under one specification: chip sourcing, antenna bonding, lamination, full-colour printing, encoding, laser engraving, 100% read-verification and export packing run on contracted partner lines to Proud Tek's process spec, with the QC records to prove it."""
src/content/editorial/lp/rfid-factory-direct-china.json,"""text"": ""A Shenzhen RFID factory, direct since 2008, that makes and encodes cards, tags, labels and wristbands in-house and sells them at the factory-gate price — one supplier, one ISO 9001 management system, one point of accountability.""","""text"": ""A Shenzhen RFID manufacturing partner since 2008 that specifies, quality-controls and ships cards, tags, labels and wristbands produced on its contracted partner lines — one supplier, one ISO 9001-certified sales-and-supplier-management system, one point of accountability."""
src/content/editorial/lp/rfid-factory-direct-china.json,"""label"": ""What factory-direct means"",","""label"": ""What manufacturer-direct means"","
src/content/editorial/lp/rfid-factory-direct-china.json,"""text"": ""Your purchase order reaches the factory floor, not a trading company that adds a resale margin without owning a machine. You deal with the engineering, quality and production teams directly, and see the cost broken down by component.""","""text"": ""Your purchase order reaches the team that owns the specification, the chip sourcing and the QC sign-off — not a trading company that adds a resale margin without owning any of them. You deal with the engineering, quality and production teams directly, and see the cost broken down by component."""
src/content/editorial/lp/rfid-factory-direct-china.json,"""title"": ""What ordering factory-direct actually changes"",","""title"": ""What ordering manufacturer-direct actually changes"","
src/content/editorial/lp/rfid-factory-direct-china.json,"""intro"": ""'Factory-direct' is the most-claimed and least-audited phrase in China RFID sourcing — plenty of storefronts using it are trading desks with a stock-photo factory. Proud Tek means it literally: we own the machines between your specification and your loading dock, which is why the [factory tour](/about/factory/) and audit are open invitations rather than awkward requests. Buying direct changes three things — who you talk to, what you pay, and who is accountable when a reader rejects a batch. The numbers below are the ones a procurement team checks first, and each is [independently verifiable](/about/certifications/)."",","""intro"": ""'Factory-direct' is the most-claimed and least-audited phrase in China RFID sourcing — plenty of storefronts using it are trading desks with a stock-photo factory. Proud Tek's version is specific: we own the specification, the chip sourcing and the QC sign-off between your brief and your loading dock, and production runs on contracted partner lines to that specification — which is why the [production visit](/about/factory/) and audit are open invitations rather than awkward requests. Buying direct changes three things — who you talk to, what you pay, and who is accountable when a reader rejects a batch. The numbers below are the ones a procurement team checks first, and each is [in"
src/content/editorial/lp/rfid-factory-direct-china.json,"""You talk to the makers, not a middleman — application engineering, the quality team and the production planner are in the building, so a spec question or a delivery-date commitment does not travel through a sales intermediary first."",","""You talk to the people who specify and sign off the product — application engineering, the QC team and the production planner sit in the same Shenzhen office, so a spec question or a delivery-date commitment does not travel through a sales intermediary first."","
src/content/editorial/lp/rfid-factory-direct-china.json,"""You pay the factory-gate price — the same price a trading company pays us before it adds a resale margin, so the layer that priced in someone else's overhead simply is not there."",","""You pay the manufacturer-direct price — the same price a trading company pays us before it adds a resale margin, so the layer that priced in someone else's overhead simply is not there."","
src/content/editorial/lp/rfid-factory-direct-china.json,"""One roof, one system — chip sourcing, antenna bonding, lamination, printing, encoding, laser engraving, testing and export packing run under a single ISO 9001 management system rather than being subcontracted across a broker's suppliers."",","""One specification, one system — chip sourcing, antenna bonding, lamination, printing, encoding, laser engraving, testing and export packing run under a single ISO 9001-certified management system with Proud Tek's QC sign-off at every hand-off, rather than being scattered across a broker's supplier list."","
src/content/editorial/lp/rfid-factory-direct-china.json,"""Accountability has a name — a factory owns its defects; when a batch fails your reader, the engineers who built it retune and re-run it, instead of a reseller relaying the problem back to a plant it does not control.""","""Accountability has a name — Proud Tek owns the specification and the QC sign-off; when a batch fails your reader, our engineers retune the spec and re-run it on the partner line, instead of a reseller relaying the problem to a plant it has no contract with."""
src/content/editorial/lp/rfid-factory-direct-china.json,"""alt"": ""A two-lane supply-chain comparison. Top lane, buying through a trading company: the buyer pays a trading company that resells the order and owns no factory, marked with a reseller-margin badge, which then forwards the job to a factory — so the buyer pays the factory price plus the desk's margin. Bottom lane, buying factory-direct from Proud Tek: the buyer deals straight with the Proud Tek factory, which sources the chip, bonds the antenna, prints, encodes and QC-tests in-house at the factory-gate price. A footer notes the factory has run since 2008 in Shenzhen, ships worldwide, and holds ISO 9001, 14001 and 45001 systems.""","""alt"": ""A two-lane supply-chain comparison. Top lane, buying through a trading company: the buyer pays a trading company that resells the order and owns no factory, marked with a reseller-margin badge, which then forwards the job to a factory — so the buyer pays the factory price plus the desk's margin. Bottom lane, buying manufacturer-direct from Proud Tek: the buyer deals straight with Proud Tek, which sources the chip and has the antenna bonded, the card printed and encoded on its partner lines to spec, then QC-tests every batch — at the manufacturer's price with no reseller layer. A footer notes the factory has run since 2008 in Shenzhen, ships worldwide, and holds ISO 9001, 14001 and 45"
src/content/editorial/lp/rfid-factory-direct-china.json,"""RFID cards and fobs run to ISO/IEC 14443 (13.56 MHz) and ISO/IEC 11784/11785 (125 kHz LF); PVC, PET, ABS, polycarbonate, wood, metal and recycled bodies are all in-house, with offset or digital print and inkjet personalisation."",","""RFID cards and fobs run to ISO/IEC 14443 (13.56 MHz) and ISO/IEC 11784/11785 (125 kHz LF); PVC, PET, ABS, polycarbonate, wood, metal and recycled bodies are all specified by us and produced on our partner lines, with offset or digital print and inkjet personalisation."","
src/content/editorial/lp/rfid-factory-direct-china.json,"""intro"": ""A page about factory-direct pricing owes you an honest account of what the middleman actually does, and the answer is 'handle the transaction,' not 'improve the tag.' A trading company forwards your purchase order to a factory like this one, adds a margin for the service, and passes along a product it cannot inspect, modify or expedite — it owns no line to do any of those things. The point below is not that trading companies are villains; it is that you may be paying for a manufacturing capability your supplier does not have. When a credential carries your access-control or payment system, that gap is the whole game."",","""intro"": ""A page about manufacturer-direct pricing owes you an honest account of what the middleman actually does, and the answer is 'handle the transaction,' not 'improve the tag.' A trading company forwards your purchase order to a manufacturer like us, adds a margin for the service, and passes along a product it cannot inspect, modify or expedite — it holds no specification, no chip allocation and no QC authority to do any of those things. The point below is not that trading companies are villains; it is that you may be paying for a capability your supplier does not have. When a credential carries your access-control or payment system, that gap is the whole game."","
src/content/editorial/lp/rfid-factory-direct-china.json,"""afterHeading"": ""Factory-direct from Proud Tek"",","""afterHeading"": ""Manufacturer-direct from Proud Tek"","
src/content/editorial/lp/rfid-factory-direct-china.json,"""Your order reaches our production planner directly; you pay the factory-gate price with no resale layer."",","""Your order reaches our production planner directly; you pay the manufacturer-direct price with no resale layer."","
src/content/editorial/lp/rfid-factory-direct-china.json,"""Every encoded unit is 100% read-verified in-house, with a photographic QC report and the encoding log shipped alongside."",","""Every encoded unit is 100% read-verified by our QC, with a photographic QC report and the encoding log shipped alongside."","
src/content/editorial/lp/rfid-factory-direct-china.json,"""Engineering, quality and planning answer directly — the people who built the tag, not a message relay."",","""Engineering, quality and planning answer directly — the people who specified and signed off the tag, not a message relay."","
src/content/editorial/lp/rfid-factory-direct-china.json,"""intro"": ""Nobody should wire a deposit for a tag they have not held. The path below front-loads the cheap, reversible steps — a [free sample pack](/sample-pack/) first, a digital proof and first article second, and a locked-price production run only once the parts have passed on your own readers. The quality gate that makes factory-direct worth it sits at step four: 100% read-verification with a QC report you can actually read."",","""intro"": ""Nobody should wire a deposit for a tag they have not held. The path below front-loads the cheap, reversible steps — a [free sample pack](/sample-pack/) first, a digital proof and first article second, and a locked-price production run only once the parts have passed on your own readers. The quality gate that makes manufacturer-direct worth it sits at step four: 100% read-verification with a QC report you can actually read."","
src/content/editorial/lp/rfid-factory-direct-china.json,"""alt"": ""A five-step factory-direct sourcing flow, left to right. Step 1, free sample pack: 8-12 production-grade SKUs across LF, HF and UHF shipped by DHL. Step 2, factory-direct quote: chip, material, finish, MOQ and price confirmed in writing and itemised by component. Step 3, artwork proof and first article: a digital proof is signed off and, where hardware is specified, the first article is tested on your own reader. Step 4, production and QC: standard-spec runs take about 5-7 business days with 100% read-verification and a photographic QC report before shipment. Step 5, export and delivery: DDP, FOB or CIF by DHL, FedEx, UPS or ocean freight, with 3-5 business day call-offs for repeat b","""alt"": ""A five-step manufacturer-direct sourcing flow, left to right. Step 1, free sample pack: 2–3 SKUs (5–20 pieces) across LF, HF and UHF shipped by DHL. Step 2, manufacturer-direct quote: chip, material, finish, MOQ and price confirmed in writing and itemised by component. Step 3, artwork proof and first article: a digital proof is signed off and, where hardware is specified, the first article is tested on your own reader. Step 4, production and QC: standard-spec runs ship in 7–15 business days from order confirmation with 100% read-verification and a photographic QC report before shipment. Step 5, export and delivery: DDP, FOB or CIF by DHL, FedEx, UPS or ocean freight, with 3-5 busines"
src/content/editorial/lp/rfid-factory-direct-china.json,"""value"": ""8-12"",","""value"": ""2–3"","
src/content/editorial/lp/rfid-factory-direct-china.json,"""label"": ""SKUs in the free sample pack""","""label"": ""SKUs (5–20 pieces) in the free sample set"""
src/content/editorial/lp/rfid-factory-direct-china.json,"""text"": ""Tell us the application in a few fields; we ship 8-12 production-grade samples across LF, HF and UHF by DHL so your engineers can test chip compatibility, print quality and read range before any money moves.""","""text"": ""Tell us the application in a few fields; we prepare a free sample set — typically 5–20 pieces across 2–3 SKUs from LF, HF and UHF — in 1 business day and ship it by DHL or FedEx (freight $25–60 at your cost, refunded against your first production order) so your engineers can test chip compatibility, print quality and read range before any money moves."""
src/content/editorial/lp/rfid-factory-direct-china.json,"""label"": ""2. Factory-direct quote"",","""label"": ""2. Manufacturer-direct quote"","
src/content/editorial/lp/rfid-factory-direct-china.json,"""text"": ""We confirm chip, material, finish, encoding scheme, MOQ and price in writing — itemised by component so the factory-gate cost is transparent, with no interpretation left implicit before tooling.""","""text"": ""We confirm chip, material, finish, encoding scheme, MOQ and price in writing — itemised by component so the manufacturer-direct cost is transparent, with no interpretation left implicit before tooling. Quotations are valid for 30 days."""
src/content/editorial/lp/rfid-factory-direct-china.json,"""text"": ""Standard-spec runs take about 5-7 business days after approval, with 100% electrical read-verification and a photographic QC report shared before the shipment leaves the floor.""","""text"": ""Standard-spec runs ship in 7–15 business days from order confirmation, with 100% electrical read-verification and a photographic QC report signed off by Proud Tek QC before the shipment leaves."""
src/content/editorial/lp/rfid-factory-direct-china.json,"""intro"": ""Trust on a first order is not a feeling; it is a set of documents your supplier-qualification team can check without us in the room. Everything below is verifiable before you commit — the [certifications page](/about/certifications/) lists each standard and how to confirm it with the registrar, the [factory page](/about/factory/) documents the plant behind the numbers, and a [free sample pack](/sample-pack/) puts the parts on your own bench."",","""intro"": ""Trust on a first order is not a feeling; it is a set of documents your supplier-qualification team can check without us in the room. Everything below is verifiable before you commit — the [certifications page](/about/certifications/) lists each certificate and how to confirm it with the issuer, the [production page](/about/factory/) documents who does what behind the numbers, and a [free sample pack](/sample-pack/) puts the parts on your own bench."","
src/content/editorial/lp/rfid-factory-direct-china.json,"""Open factory audits: engineering and quality-system audits by appointment at our Shenzhen operation, plus live video walk-throughs and third-party (SGS, TUV, Intertek) visits when a program requires them."",","""Open factory audits: engineering and quality-system audits by appointment on our partner lines, plus live video walk-throughs and third-party (SGS, TUV, Intertek) visits when a program requires them."","
src/content/editorial/lp/rfid-factory-direct-china.json,"""text"": ""For a qualified program we share the read-range results, QC report and AQL inspection data for your shortlisted SKUs as part of the sample pack — the same records our own QA signs off against."",","""text"": ""For a qualified programme we share the read-range results, QC report and AQL inspection data for your shortlisted SKUs together with the sample data — the same records our own QC signs off against."","
src/content/editorial/lp/rfid-factory-direct-china.json,"""label"": ""Inside the Shenzhen factory""","""label"": ""Inside the production lines"""
src/content/editorial/lp/rfid-factory-direct-china.json,"""description"": ""The strongest starting points for a factory-direct order."",","""description"": ""The strongest starting points for a manufacturer-direct order."","
src/content/editorial/lp/rfid-factory-direct-china.json,"""question"": ""How do I verify Proud Tek is a real factory and not a trading company?"",","""question"": ""How do I verify Proud Tek's production model and that you are not a trading company?"","
src/content/editorial/lp/rfid-factory-direct-china.json,"""answer"": ""Start by not treating an ISO certificate as proof of a factory — the scope line decides that, and it is the line most buyers skip. Ours are published rather than sent on request: ISO 9001 98026Q00274R000, ISO 14001 98026E00200R000, ISO 45001 98026S00203R000, registrar Anhui Certification and Inspection, valid to 09 June 2029, verifiable at zjcaic.com or cnca.gov.cn. Their certified scope is the sales service of smart cards and RFID tags, so they establish the legal entity and its management system — not the production floor. The check that settles the factory question is a site audit: book one across our Shenzhen sites in person or by live video walk-through, ask for the manufactu","""answer"": ""Start by not treating an ISO certificate as proof of a production floor — the scope line decides that, and it is the line most buyers skip. Ours are published rather than sent on request: ISO 9001 98026Q00274R000, ISO 14001 98026E00200R000, ISO 45001 98026S00203R000, issuer Anhui Certification and Inspection Co., Ltd, valid to 09 June 2029, verifiable at cnca.gov.cn. Their certified scope is the sales service of smart cards and RFID tags: they establish the legal entity and its sales and supplier-management system, and production runs on contracted partner lines. What settles the production question is the arrangement itself, which we put in writing: the order-specific process spl"
src/content/editorial/lp/rfid-factory-direct-china.json,"""answer"": ""You pay the factory-gate price instead of that price plus a reseller's margin, and you gain a manufacturing capability the middleman does not have. A trading company forwards your order to a factory it does not own, so it cannot inspect an inlay, retune an antenna or expedite a run — it relays messages. Buying direct puts the engineering, quality and production-planning teams on the other end of your email, and makes one party accountable when a batch has to be reworked.""","""answer"": ""You pay the manufacturer-direct price instead of that price plus a reseller's margin, and you gain a capability the middleman does not have. A trading company forwards your order to a factory it has no contract or specification with, so it cannot inspect an inlay, retune an antenna or expedite a run — it relays messages. Buying direct puts the engineering, QC and production-planning teams on the other end of your email, and makes one party accountable when a batch has to be reworked."""
src/content/editorial/lp/rfid-factory-direct-china.json,"""answer"": ""First orders typically run on a 30% deposit / 70% balance before shipment by T/T wire transfer, with PayPal and Alibaba Trade Assurance available for samples and small orders so a new buyer has payment protection. For larger commitments we open Letters of Credit; a common threshold is orders above $10,000. Exact terms are confirmed in writing per order — send your spec and target volume and you will have them alongside the quote.""","""answer"": ""Standard terms are 30% T/T deposit, 70% balance before shipment. L/C at sight or 50/50 terms are available for established accounts once an order history is in place, and PayPal is accepted for sample orders under $500. Exact terms are confirmed in writing per order — send your spec and target volume and you will have them alongside the quote."""
src/content/editorial/lp/rfid-factory-direct-china.json,"""question"": ""What is the minimum order quantity for factory-direct pricing?"",","""question"": ""What is the minimum order quantity for manufacturer-direct pricing?"","
src/content/editorial/lp/rfid-factory-direct-china.json,"""answer"": ""Typical minimums start around 500 pieces for RFID cards and wristbands and 1,000 pieces for NFC stickers, labels and inlays, kept low because we hold running stock of popular chips and materials. The firm MOQ depends on chip, size, finish and encoding, so we quote it in writing per program. Samples always come first, so you qualify the part before committing to a minimum.""","""answer"": ""Typical minimums start at 500 pieces for RFID cards, keyfobs and wristbands and 1,000 pieces for NFC stickers and labels; UHF inlays and labels on reel stock start at 5,000, stock SKUs at 100, and formats that need custom tooling at 2,000–5,000. The firm MOQ depends on chip, size, finish and encoding, so we quote it in writing per programme; for a locked SKU the MOQ halves after the first three orders. Samples always come first, so you qualify the part before committing to a minimum."""
src/content/editorial/lp/rfid-factory-direct-china.json,"""answer"": ""Yes — we export directly from Shenzhen to any country on DDP, FOB or CIF terms by DHL, FedEx or UPS express, or by ocean freight for volume. Because the goods leave our own factory, there is no extra handling hop through a trading company's warehouse; repeat buyers draw against safety stock with 3-5 business day call-offs.""","""answer"": ""Yes — we export directly from Shenzhen to any country on DDP, FOB or CIF terms by DHL, FedEx or UPS express, or by ocean freight for volume. Because the goods leave our partner lines, there is no extra handling hop through a trading company's warehouse; repeat buyers draw against safety stock with 3-5 business day call-offs."""
src/content/editorial/lp/rfid-factory-direct-china.json,"""label"": ""Get factory-direct RFID pricing""","""label"": ""Get manufacturer-direct RFID pricing"""
src/content/editorial/lp/rfid-factory-direct-china.json,"""note"": ""The quality-management standard our in-house production, 100% read-verification and seven-year record retention are certified against.""","""note"": ""The quality-management standard our partner-line production, 100% read-verification and seven-year record retention are certified against."""
src/content/editorial/lp/rfid-factory-direct-china.json,"""modifiedAt"": ""2026-07-13"",","""modifiedAt"": ""2026-09-02"","
src/content/editorial/lp/rfid-factory-direct-china.json,"""authorSlug"": ""peter-zhang"",","""authorSlug"": ""editorial-board"","
src/content/editorial/lp/rfid-factory-direct-china.json,"""reviewedBySlug"": ""nancy-wu"",","""reviewedBySlug"": ""proudtek-engineering"","
src/content/editorial/lp/rfid-factory-direct-china.json,"""reviewedAt"": ""2026-02-27""","""reviewedAt"": ""2026-02-27"","
src/content/editorial/lp/rfid-factory-direct-china.json,,"""author"": ""Proud Tek Editorial Team"","
src/content/editorial/lp/rfid-factory-direct-china.json,,"""reviewedBy"": ""Proud Tek RF / Production Engineering"""
src/content/editorial/lp/rfid-label-manufacturer.json,"""Open factory audits at our Shenzhen operation by appointment, with virtual walk-throughs and third-party (SGS, TUV, Intertek) inspection when a program requires it."",","""Open factory audits on our partner lines by appointment, with virtual walk-throughs and third-party (SGS, TUV, Intertek) inspection when a program requires it."","
src/content/editorial/lp/rfid-label-manufacturer.json,"""label"": ""Inside the Shenzhen factory""","""label"": ""Inside the production lines"""
src/content/editorial/lp/rfid-label-manufacturer.json,"""answer"": ""Yes, within the honest limits of a flexible label. For metal we supply on-metal UHF labels with a foam or ferrite spacer that lifts the antenna off the surface, and for containers of water, shampoo or other high-permittivity liquids we tune the antenna and, where the read budget demands it, move you to an on-metal construction. If the environment is genuinely brutal — autoclave cycles, deep cryogenics, decade-long outdoor exposure — a housed hard tag on our [RFID tag factory](/lp/rfid-tag-factory/) line is the right tool, and we will say so rather than sell you a label that fails at month six.""","""answer"": ""Yes, within the honest limits of a flexible label. For metal we supply on-metal UHF labels with a foam or ferrite spacer that lifts the antenna off the surface, and for containers of water, shampoo or other high-permittivity liquids we tune the antenna and, where the read budget demands it, move you to an on-metal construction. If the environment is genuinely brutal — autoclave cycles, deep cryogenics, decade-long outdoor exposure — a housed hard tag from our [RFID tag range](/lp/rfid-tag-factory/) is the right tool, and we will say so."""
src/content/editorial/lp/rfid-label-manufacturer.json,"""answer"": ""Yes — custom antenna design is in-house, not outsourced. Give us the label footprint, the surface it lives on and the read range you need, and our RF team designs and simulates the antenna, prototypes it as a wet or dry inlay, and returns samples with read-range data measured on Voyantic Tagformance equipment. Standard antennas cover most sizes from a 15 × 15 mm NFC die up; a custom antenna is the move when the footprint, the mounting surface or the range target falls outside the catalogue.""","""answer"": ""Yes — custom antenna design is done by our own engineering, not outsourced; the tuned design is then produced on our partner lines. Give us the label footprint, the surface it lives on and the read range you need, and our RF team designs and simulates the antenna, prototypes it as a wet or dry inlay, and returns samples with read-range data measured on Voyantic Tagformance equipment. Standard antennas cover most sizes from a 15 × 15 mm NFC die up; a custom antenna is the move when the footprint, the mounting surface or the range target falls outside the catalogue."""
src/content/editorial/lp/rfid-label-manufacturer.json,"""authorSlug"": ""nancy-wu"",","""authorSlug"": ""editorial-board"","
src/content/editorial/lp/rfid-label-manufacturer.json,"""reviewedBySlug"": ""peter-zhang"",","""reviewedBySlug"": ""proudtek-engineering"","
src/content/editorial/lp/rfid-label-manufacturer.json,"""reviewedAt"": ""2025-11-11""","""reviewedAt"": ""2025-11-11"","
src/content/editorial/lp/rfid-label-manufacturer.json,,"""author"": ""Proud Tek Editorial Team"","
src/content/editorial/lp/rfid-label-manufacturer.json,,"""reviewedBy"": ""Proud Tek RF / Production Engineering"""
src/content/editorial/lp/rfid-manufacturer-shenzhen.json,"""title"": ""RFID Manufacturer in Shenzhen — Factory-Direct"",","""title"": ""RFID Manufacturer in Shenzhen — Manufacturer-Direct"","
src/content/editorial/lp/rfid-manufacturer-shenzhen.json,"""summary"": ""Proud Tek is a Shenzhen RFID manufacturer — building since 2008 and shipping to B2B buyers worldwide — that makes the full RFID product range under two factory roofs: RFID cards and fobs, NFC tags and stickers, UHF inlays and labels, event wristbands, keyfobs and the readers to run them, each assembled, laminated, encoded and 100% read-tested on automated lines. Sourcing from Shenzhen puts the world's densest RFID supply chain on the factory's doorstep — chip makers, antenna etchers, substrate mills and converting-equipment builders within a short drive — so a six-family program consolidates with one supplier instead of five. This page maps the full product menu with chips, MOQ a","""summary"": ""Proud Tek is a Shenzhen RFID manufacturer — building since 2008 and shipping to B2B buyers worldwide — that makes the full RFID product range across contracted partner lines: RFID cards and fobs, NFC tags and stickers, UHF inlays and labels, event wristbands, keyfobs and the readers to run them, each assembled, laminated, encoded and 100% read-tested on automated lines. Sourcing from Shenzhen puts the world's densest RFID supply chain on the factory's doorstep — chip makers, antenna etchers, substrate mills and converting-equipment builders within a short drive — so a six-family program consolidates with one supplier instead of five. This page maps the full product menu with chip"
src/content/editorial/lp/rfid-manufacturer-shenzhen.json,"""The full RFID range from one Shenzhen manufacturer — cards and fobs, NFC tags and stickers, UHF inlays and labels, event wristbands, keyfobs and RFID readers — assembled, encoded and read-tested in-house rather than sourced across five separate vendors."",","""The full RFID range from one Shenzhen manufacturing partner — cards and fobs, NFC tags and stickers, UHF inlays and labels, event wristbands, keyfobs and RFID readers — assembled and encoded on contracted partner lines to our specification and read-tested by our QC rather than bought in from a reseller."","
src/content/editorial/lp/rfid-manufacturer-shenzhen.json,"""A direct factory, not a trading desk: your order reaches the line that builds it at the factory-gate price, qualified through a free sample pack and a small pilot before any volume commits, with verifiable ISO 9001 / 14001 / 45001 certificates.""","""A manufacturing partner, not a trading desk: your order runs to Proud Tek's specification on our partner lines at the manufacturer-direct price, qualified through a free sample pack and a small pilot before any volume commits, with verifiable ISO 9001 / 14001 / 45001 certificates."""
src/content/editorial/lp/rfid-manufacturer-shenzhen.json,"""imageAlt"": ""Rows of workers in white cleanroom suits at benches on an electronics factory floor"",","""imageAlt"": ""Rows of workers in white cleanroom suits at benches on an electronics production floor"","
src/content/editorial/lp/rfid-manufacturer-shenzhen.json,"""text"": ""A Shenzhen RFID manufacturer, direct since 2008, that makes the full product range — cards, NFC tags, UHF labels, wristbands, keyfobs and readers — in-house  in Shenzhen under one ISO 9001 management system.""","""text"": ""A Shenzhen RFID manufacturing partner since 2008 that specifies and quality-controls the full product range — cards, NFC tags, UHF labels, wristbands, keyfobs and readers — produced on contracted partner lines in Shenzhen under one ISO 9001-certified management system."""
src/content/editorial/lp/rfid-manufacturer-shenzhen.json,"""text"": ""ISO 9001, ISO 14001 and ISO 45001 certificates (number and registrar on request), open Shenzhen factory-audit access, and per-shipment RoHS / REACH SVHC / Certificate-of-Conformity declarations — all verifiable before you commit.""","""text"": ""ISO 9001, ISO 14001 and ISO 45001 certificates (numbers, registrar and scope published on /about/certifications/), production-line visits by appointment, and per-shipment RoHS / REACH SVHC / Certificate-of-Conformity documentation — all verifiable before you order."""
src/content/editorial/lp/rfid-manufacturer-shenzhen.json,"""label"": ""Product families in-house""","""label"": ""Product families we specify"""
src/content/editorial/lp/rfid-manufacturer-shenzhen.json,"""Six product families under one roof — cards and fobs, NFC tags and stickers, UHF inlays and labels, event wristbands, keyfobs and readers — so a mixed RFID program consolidates with one supplier instead of five."",","""Six product families under one specification and one QC sign-off — cards and fobs, NFC tags and stickers, UHF inlays and labels, event wristbands, keyfobs and readers — so a mixed RFID program consolidates with one supplier instead of five."","
src/content/editorial/lp/rfid-manufacturer-shenzhen.json,"""Chip-vendor agnostic — we bond NXP, Infineon, Impinj, Alien, EM Microelectronic and Quanray inlays in-house, so a program is specified around your read requirement, not around whatever one distributor is pushing."",","""Chip-vendor agnostic — NXP, Infineon, Impinj, Alien, EM Microelectronic and Quanray inlays are bonded on our partner lines to our specification, so a program is specified around your read requirement, not around whatever one distributor is pushing."","
src/content/editorial/lp/rfid-manufacturer-shenzhen.json,"""A direct factory, not a trading desk: your purchase order reaches the production planner and the engineers who build the part, at the factory-gate price, with compliance documents shipped as standard rather than billed as an extra."",","""A direct factory, not a trading desk: your purchase order reaches the production planner and the engineers who specify and sign off the part, at the manufacturer-direct price, with compliance documents shipped as standard rather than billed as an extra."","
src/content/editorial/lp/rfid-manufacturer-shenzhen.json,"""alt"": ""A product-range map fanning one Shenzhen factory into six RFID product families and one shipment. On the left, PROUD TEK SHENZHEN. In the centre, six lanes: RFID cards and fobs (MIFARE Classic, MIFARE Plus, DESFire, NTAG 215, T5577); NFC tags and stickers (NTAG 213, NTAG 216, NTAG 424 DNA, ICODE SLIX2); UHF inlays and labels (Impinj M730, NXP UCODE 9, Monza R6 at 860-960 MHz); event wristbands (MIFARE Ultralight, NTAG 213, UCODE 9); keyfobs and hard tags (EM4200, T5577, NTAG 216); and RFID readers (desktop, handheld and fixed UHF). All six converge on the right into ONE SHIPMENT: encoded to spec, 100% read-verified, full document pack. A footer notes the plant has run since 2008 and ","""alt"": ""A product-range map fanning one Shenzhen supplier into six RFID product families and one shipment. On the left, PROUD TEK SHENZHEN. In the centre, six lanes: RFID cards and fobs (MIFARE Classic, MIFARE Plus, DESFire, NTAG 215, T5577); NFC tags and stickers (NTAG 213, NTAG 216, NTAG 424 DNA, ICODE SLIX2); UHF inlays and labels (Impinj M730, NXP UCODE 9, Monza R6 at 860-960 MHz); event wristbands (MIFARE Ultralight, NTAG 213, UCODE 9); keyfobs and hard tags (EM4200, T5577, NTAG 216); and RFID readers (desktop, handheld and fixed UHF). All six converge on the right into ONE SHIPMENT: encoded to spec, 100% read-verified, full document pack. A footer notes the plant has run since 2008 and"
src/content/editorial/lp/rfid-manufacturer-shenzhen.json,"""Cards and fobs run to ISO/IEC 14443 (13.56 MHz) and ISO/IEC 11784/11785 (125 kHz LF); PVC, PET, ABS, polycarbonate, wood and recycled bodies are laminated in-house, with MIFARE Plus and DESFire key diversification written on the encoding line."",","""Cards and fobs run to ISO/IEC 14443 (13.56 MHz) and ISO/IEC 11784/11785 (125 kHz LF); PVC, PET, ABS, polycarbonate, wood and recycled bodies are laminated on our partner lines to our specification, with MIFARE Plus and DESFire key diversification written on the encoding line."","
src/content/editorial/lp/rfid-manufacturer-shenzhen.json,"""value"": ""8-12"",","""value"": ""2–3"","
src/content/editorial/lp/rfid-manufacturer-shenzhen.json,"""label"": ""SKUs in the free sample pack""","""label"": ""SKUs (5–20 pieces) in the free sample set"""
src/content/editorial/lp/rfid-manufacturer-shenzhen.json,"""text"": ""We confirm chip, material, finish, encoding scheme, MOQ and price in writing — itemised by component so the factory-gate cost is transparent, with nothing left implicit before tooling.""","""text"": ""We confirm chip, material, finish, encoding scheme, MOQ and price in writing — itemised by component so the manufacturer-direct cost is transparent, with nothing left implicit before tooling."""
src/content/editorial/lp/rfid-manufacturer-shenzhen.json,"""Open factory audits at our Shenzhen operation by appointment, plus live video walk-throughs and third-party (SGS, TUV, Intertek, Bureau Veritas) inspection when a program requires it."",","""Open factory audits on our partner lines by appointment, plus live video walk-throughs and third-party (SGS, TUV, Intertek, Bureau Veritas) inspection when a program requires it."","
src/content/editorial/lp/rfid-manufacturer-shenzhen.json,"""label"": ""Inside the Shenzhen factory""","""label"": ""Inside the production lines"""
src/content/editorial/lp/rfid-manufacturer-shenzhen.json,"""question"": ""How do I verify Proud Tek is a real Shenzhen factory and not a trading company?"",","""question"": ""How do I verify Proud Tek's production model and that you are not a trading company?"","
src/content/editorial/lp/rfid-manufacturer-shenzhen.json,"""question"": ""Which RFID products can one Shenzhen manufacturer actually make in-house?"",","""question"": ""Which RFID products can one Shenzhen manufacturing partner actually supply?"","
src/content/editorial/lp/rfid-manufacturer-shenzhen.json,"""answer"": ""All six families on this page: RFID cards and fobs, NFC tags and stickers, UHF inlays and labels, event wristbands, keyfobs, and desktop, handheld and fixed RFID readers. Inlay bonding, lamination, printing, encoding and QC all happen on our own lines, which is what lets a buyer consolidate a mixed program — cards plus labels plus wristbands — with a single supplier and one point of accountability.""","""answer"": ""All six families on this page: RFID cards and fobs, NFC tags and stickers, UHF inlays and labels, event wristbands, keyfobs, and desktop, handheld and fixed RFID readers. Inlay bonding, lamination, printing, encoding and QC all happen on our partner lines, which is what lets a buyer consolidate a mixed program — cards plus labels plus wristbands — with a single supplier and one point of accountability."""
src/content/editorial/lp/rfid-manufacturer-shenzhen.json,"""question"": ""How does buying direct from the Shenzhen factory compare with a trading company?"",","""question"": ""How does buying direct from the Shenzhen manufacturing partner compare with a trading company?"","
src/content/editorial/lp/rfid-manufacturer-shenzhen.json,"""answer"": ""You pay the factory-gate price instead of that price plus a reseller's margin — a trading company typically adds 15-30% for handling the transaction while owning no line to inspect an inlay, retune an antenna or expedite a run. Buying direct puts the engineering, quality and production-planning teams on the other end of your email, and makes one party accountable when a batch has to be reworked.""","""answer"": ""You pay the manufacturer-direct price instead of that price plus a reseller's margin — a trading company typically adds 15-30% for handling the transaction while owning no line to inspect an inlay, retune an antenna or expedite a run. Buying direct puts the engineering, quality and production-planning teams on the other end of your email, and makes one party accountable when a batch has to be reworked."""
src/content/editorial/lp/rfid-manufacturer-shenzhen.json,"""answer"": ""First orders typically run 50% deposit and 50% balance before shipment by T/T, with PayPal and Alibaba Trade Assurance available on samples and small orders so a new buyer has payment protection. Established distributors and brand-owner programs move onto open-account terms (Net 30 / Net 60) after the first one or two orders, with Letter-of-Credit support for higher volumes. Exact terms are confirmed in writing per order alongside the quote.""","""answer"": ""First orders typically run 30% T/T deposit and 70% balance before shipment, with PayPal accepted for sample orders under $500. Established accounts move to L/C at sight or 50/50 terms once an order history is in place. Exact terms are confirmed in writing per order alongside the quote."""
src/content/editorial/lp/rfid-manufacturer-shenzhen.json,"""label"": ""Contact Proud Tek Shenzhen factory""","""label"": ""Contact Proud Tek Shenzhen"""
src/content/editorial/lp/rfid-manufacturer-shenzhen.json,"""note"": ""The quality-management standard our in-house production, 100% read-verification and seven-year record retention are certified against.""","""note"": ""The quality-management standard our partner-line production, 100% read-verification and seven-year record retention are certified against."""
src/content/editorial/lp/rfid-manufacturer-shenzhen.json,"""authorSlug"": ""peter-zhang"",","""authorSlug"": ""editorial-board"","
src/content/editorial/lp/rfid-manufacturer-shenzhen.json,"""reviewedBySlug"": ""nancy-wu"",","""reviewedBySlug"": ""proudtek-engineering"","
src/content/editorial/lp/rfid-manufacturer-shenzhen.json,"""reviewedAt"": ""2026-02-06""","""reviewedAt"": ""2026-02-06"","
src/content/editorial/lp/rfid-manufacturer-shenzhen.json,,"""author"": ""Proud Tek Editorial Team"","
src/content/editorial/lp/rfid-manufacturer-shenzhen.json,,"""reviewedBy"": ""Proud Tek RF / Production Engineering"""
src/content/editorial/lp/rfid-smart-card-manufacturer.json,"""Chip-level Common Criteria certificates: MIFARE DESFire EV3 and MIFARE Plus EV2 are EAL5+ at the IC level, verifiable on the NXP datasheet and distinct from our own factory certification."",","""Chip-level Common Criteria certificates: MIFARE DESFire EV3 and MIFARE Plus EV2 are EAL5+ at the IC level, verifiable on the NXP datasheet and distinct from our partner lines certification."","
src/content/editorial/lp/rfid-smart-card-manufacturer.json,"""label"": ""Inside the Shenzhen factory""","""label"": ""Inside the production lines"""
src/content/editorial/lp/rfid-smart-card-manufacturer.json,"""answer"": ""Two layers. The chip IC carries its own Common Criteria certification — EAL5+ for MIFARE DESFire EV3 and MIFARE Plus EV2, published by NXP. Our factory runs an ISO 9001:2015 quality system with production travelers, encoding logs and QC results retained seven years and retrievable by encoding lot. Buyer and third-party audits (TÜV, SGS, Intertek, Bureau Veritas) are accommodated by appointment.""","""answer"": ""Two layers. The chip IC carries its own Common Criteria certification — EAL5+ for MIFARE DESFire EV3 and MIFARE Plus EV2, published by NXP. Our partner lines runs an ISO 9001:2015 quality system with production travelers, encoding logs and QC results retained seven years and retrievable by encoding lot. Buyer and third-party audits (TÜV, SGS, Intertek, Bureau Veritas) are accommodated by appointment."""
src/content/editorial/lp/rfid-smart-card-manufacturer.json,"""authorSlug"": ""peter-zhang"",","""authorSlug"": ""editorial-board"","
src/content/editorial/lp/rfid-smart-card-manufacturer.json,"""reviewedBySlug"": ""nancy-wu"",","""reviewedBySlug"": ""proudtek-engineering"","
src/content/editorial/lp/rfid-smart-card-manufacturer.json,"""reviewedAt"": ""2025-12-20""","""reviewedAt"": ""2025-12-20"","
src/content/editorial/lp/rfid-smart-card-manufacturer.json,,"""author"": ""Proud Tek Editorial Team"","
src/content/editorial/lp/rfid-smart-card-manufacturer.json,,"""reviewedBy"": ""Proud Tek RF / Production Engineering"""
src/content/editorial/lp/rfid-solution-provider.json,"""summary"": ""Proud Tek is a direct RFID factory in Shenzhen — operating since 2008 and shipping to B2B buyers worldwide — that works as a single-source RFID solution provider: we help you choose the chip, build the tag, card, label or wristband, pre-encode it with your data, and ship it read-verified with the compliance paperwork already attached. What we are not is a reader or middleware vendor; the deliverable is working, standards-based media plus the partner recommendations to run it, not a black box you can only refill through us. This page lays out the capability menu, the sample-to-PO path, and the certifications and QC records your procurement team can verify before the first order."",","""summary"": ""Proud Tek is a Shenzhen RFID manufacturing partner — operating since 2008 and shipping to B2B buyers worldwide — that works as a single-source RFID solution provider: we help you choose the chip, specify the tag, have it produced on our partner lines, carry the encoding and compliance paperwork, and read-verify the shipment. What we are not is a reader or middleware vendor; the deliverable is working, standards-based media plus the partner recommendations to run it, not a black box you can only refill through us. This page lays out the capability menu, the sample-to-PO path, and the certifications and QC records your procurement team can verify before the first order."","
src/content/editorial/lp/rfid-solution-provider.json,"""text"": ""A Shenzhen RFID factory, direct since 2008, that ships qualified tags, cards, labels and wristbands together with the encoding, sampling and compliance paperwork around them — one supplier, one management system, one point of accountability.""","""text"": ""A Shenzhen RFID manufacturing partner since 2008 that ships qualified tags, cards, labels and wristbands together with the encoding, sampling and compliance paperwork around them — one supplier, one management system, one point of accountability."""
src/content/editorial/lp/rfid-solution-provider.json,"""text"": ""Request a free sample pack (8-12 SKUs across LF, HF and UHF), validate a 100-piece pilot on your own readers, then place a locked-price production order. Every encoded unit is read-tested; quality records are held seven years.""","""text"": ""Request a free sample pack (2–3 SKUs (5–20 pieces) across LF, HF and UHF), validate a 100-piece pilot on your own readers, then place a locked-price production order. Every encoded unit is read-tested; quality records are held seven years."""
src/content/editorial/lp/rfid-solution-provider.json,"""alt"": ""A five-step sourcing flow from left to right: a free sample pack of 8-12 SKUs shipping in 5-10 business days, a written spec and quote, a 100-piece pilot tested on the buyer's own readers, a first-article lock, then a locked-price volume PO with 100% read-back verification and 3-5 business day bonded call-offs.""","""alt"": ""A five-step sourcing flow from left to right: a free sample pack of 2–3 SKUs (5–20 pieces) shipping in 5-10 business days, a written spec and quote, a 100-piece pilot tested on the buyer's own readers, a first-article lock, then a locked-price volume PO with 100% read-back verification and 3-5 business day bonded call-offs."""
src/content/editorial/lp/rfid-solution-provider.json,"""value"": ""8-12"",","""value"": ""2–3"","
src/content/editorial/lp/rfid-solution-provider.json,"""label"": ""SKUs in the free sample pack""","""label"": ""SKUs (5–20 pieces) in the free sample set"""
src/content/editorial/lp/rfid-solution-provider.json,"""text"": ""Tell us the application in five fields; we ship 8-12 production-grade SKUs across LF, HF and UHF (FOB Shenzhen, typically 5-10 business days door-to-door) so your engineers can test antenna geometry and read range.""","""text"": ""Tell us the application in five fields; we ship 2–3 SKUs (5–20 pieces) across LF, HF and UHF (FOB Shenzhen, typically 3–6 business days door-to-door) so your engineers can test antenna geometry and read range."""
src/content/editorial/lp/rfid-solution-provider.json,"""label"": ""Inside the Shenzhen factory""","""label"": ""Inside the production lines"""
src/content/editorial/lp/rfid-solution-provider.json,"""question"": ""How do I verify your factory before placing an order?"",","""question"": ""How do I verify your production model before placing an order?"","
src/content/editorial/lp/rfid-solution-provider.json,"""authorSlug"": ""peter-zhang"",","""authorSlug"": ""editorial-board"","
src/content/editorial/lp/rfid-solution-provider.json,"""reviewedBySlug"": ""nancy-wu"",","""reviewedBySlug"": ""proudtek-engineering"","
src/content/editorial/lp/rfid-solution-provider.json,"""reviewedAt"": ""2025-11-19""","""reviewedAt"": ""2025-11-19"","
src/content/editorial/lp/rfid-solution-provider.json,,"""author"": ""Proud Tek Editorial Team"","
src/content/editorial/lp/rfid-solution-provider.json,,"""reviewedBy"": ""Proud Tek RF / Production Engineering"""
src/content/editorial/lp/rfid-tag-wholesale.json,"""afterHeading"": ""Buying from Proud Tek factory"",","""afterHeading"": ""Buying from Proud Tek"","
src/content/editorial/lp/rfid-tag-wholesale.json,"""Factory-direct pricing with full wholesale margins"",","""Manufacturer-direct pricing with full wholesale margins"","
src/content/editorial/lp/rfid-tag-wholesale.json,"""Factory-direct wholesale eliminates one or two middlemen from the supply chain. Distributors and resellers get manufacturer pricing that leaves healthy margins for their own sales channels."",","""Manufacturer-direct wholesale eliminates one or two middlemen from the supply chain. Distributors and resellers get manufacturer pricing that leaves healthy margins for their own sales channels."","
src/content/editorial/lp/rfid-tag-wholesale.json,"""Made-to-order: pilot orders of 5,000-50,000 pieces ship in two to three weeks once artwork and encoding files are locked; recurring reorders move on a 3-4 week cycle."",","""Made-to-order: standard production ships in 7–15 business days from order confirmation; pilot batches of 200–2,000 pieces in 7–15 business days; repeat orders on a framework agreement in 10–12."","
src/content/editorial/lp/rfid-tag-wholesale.json,"""intro"": ""Onboarding is deliberately light: we qualify partners on application fit and reorder potential, not paperwork volume. Expect a quotation within one business day (Monday-Friday, GMT+8), samples in the first week, and a named account manager from the first order onward."",","""intro"": ""Onboarding is deliberately light: we qualify partners on application fit and reorder potential, not paperwork volume. Expect a quotation within 24-48 hours (Monday-Friday, GMT+8), samples in the first week, and a named account manager from the first order onward."","
src/content/editorial/lp/rfid-tag-wholesale.json,"""Payment terms: pilot orders run 50% deposit, 50% before shipment by T/T; established distributors move to open-account Net 30/60 terms, with LC support at higher volumes."",","""Payment terms: pilot orders run 30% T/T deposit, 70% before shipment; established accounts move to L/C at sight or 50/50 terms; PayPal is accepted for sample orders under $500."","
src/content/editorial/lp/rfid-tag-wholesale.json,"""question"": ""Should we hold local stock or drop-ship from your factory?"",","""question"": ""Should we hold local stock or drop-ship from your warehouse in Shenzhen?"","
src/content/editorial/lp/rfid-tag-wholesale.json,"""answer"": ""Standard pilot terms are 50% deposit, 50% before shipment, paid by T/T. Established distributors and brand-owner programs move onto open-account terms (Net 30 / Net 60) after the first one or two orders, with LC support for higher volumes. We do not require Western Union or personal-account payment routes.""","""answer"": ""Standard terms are 30% T/T deposit, 70% balance before shipment. L/C at sight or 50/50 terms are available for established accounts, and PayPal is accepted for sample orders under $500. We do not require Western Union or personal-account payment routes."""
src/content/editorial/lp/rfid-tag-wholesale.json,"""authorSlug"": ""peter-zhang"",","""authorSlug"": ""editorial-board"","
src/content/editorial/lp/rfid-tag-wholesale.json,"""reviewedBySlug"": ""nancy-wu"",","""reviewedBySlug"": ""proudtek-engineering"","
src/content/editorial/lp/rfid-tag-wholesale.json,"""reviewedAt"": ""2026-04-09""","""reviewedAt"": ""2026-04-09"","
src/content/editorial/lp/rfid-tag-wholesale.json,,"""author"": ""Proud Tek Editorial Team"","
src/content/editorial/lp/rfid-tag-wholesale.json,,"""reviewedBy"": ""Proud Tek RF / Production Engineering"""
src/content/editorial/lp/rfid-wristband-manufacturer.json,"""kicker"": ""RFID Wristband Factory"",","""kicker"": ""RFID Wristband Manufacturing Partner"","
src/content/editorial/lp/rfid-wristband-manufacturer.json,"""summary"": ""Proud Tek is a direct RFID wristband factory in Shenzhen — molding, weaving, printing and encoding bands since 2008 and shipping to B2B buyers worldwide. We make RFID and NFC wristbands in every construction a program actually needs: reusable silicone, woven fabric, single-use Tyvek and paper, PVC snap and nylon — on LF, HF (13.56 MHz NTAG and MIFARE) and UHF chips for events, cashless payment, access control, hotels, hospitals and waterparks. 'Manufacturer' here means the chip is embedded during molding or weaving, not glued on afterward: every band is pre-encoded to your platform and read-verified before it ships, with the certifications and QC records your procurement team can","""summary"": ""Proud Tek is a Shenzhen RFID wristband manufacturing partner — specifying, quality-controlling and shipping moulded, woven, printed and encoded bands since 2008 to B2B buyers worldwide. We make RFID and NFC wristbands in every construction a program actually needs: reusable silicone, woven fabric, single-use Tyvek and paper, PVC snap and nylon — on LF, HF (13.56 MHz NTAG and MIFARE) and UHF chips for events, cashless payment, access control, hotels, hospitals and waterparks. 'Manufacturer' here means the chip is embedded during molding or weaving, not glued on afterward: every band is pre-encoded to your platform and read-verified before it ships, with the certifications and QC r"
src/content/editorial/lp/rfid-wristband-manufacturer.json,"""Full customization and encoding in-house: Pantone color matching, dye-sublimation and screen printing, laser or debossed marking, custom closures, and per-band NDEF or UID encoding — 100% read-verified before packing.""","""Full customization and encoding to our specification: Pantone color matching, dye-sublimation and screen printing, laser or debossed marking, custom closures, and per-band NDEF or UID encoding — 100% read-verified by our QC before packing."""
src/content/editorial/lp/rfid-wristband-manufacturer.json,"""text"": ""A Shenzhen wristband factory, direct since 2008, molding and weaving RFID and NFC wristbands in silicone, woven fabric, Tyvek, paper, PVC and nylon — with the chip embedded, printed, encoded and read-verified in-house under one ISO 9001 quality system.""","""text"": ""A Shenzhen wristband manufacturing partner since 2008, specifying RFID and NFC wristbands in silicone, woven fabric, Tyvek, paper, PVC and nylon — moulded or woven on contracted partner lines with the chip embedded, printed, encoded and read-verified before shipment."""
src/content/editorial/lp/rfid-wristband-manufacturer.json,"""intro"": ""'Wristband manufacturer' gets claimed by plenty of trading desks that forward your order to an actual factory and add a margin — so the useful question is what lands on your dock. Proud Tek makes and encodes the bands in-house: we pick the LF, HF or UHF chip, mold or weave it into the band, write your data, and read-verify every unit before it ships with its [certifications](/about/certifications/) and test records attached. Start with a [free sample pack](/sample-pack/) of bands to wear-test, or browse the [full wristband range](/products/rfid-wristbands/). The numbers below are the ones a procurement team checks first."",","""intro"": ""'Wristband manufacturer' gets claimed by plenty of trading desks that forward your order to an actual factory and add a margin — so the useful question is what lands on your dock. Proud Tek specifies and quality-controls the bands and their encoding: we pick the LF, HF or UHF chip, have it moulded or woven into the band on our partner lines, write your data, and read-verify every unit before it ships with its [certifications](/about/certifications/). Start with a [free sample pack](/sample-pack/) of bands to wear-test, or browse the [full wristband range](/products/rfid-wristbands/). The numbers below are the ones a procurement team checks first."","
src/content/editorial/lp/rfid-wristband-manufacturer.json,"""label"": ""Direct wristband factory since""","""label"": ""Wristband manufacturing partner since"""
src/content/editorial/lp/rfid-wristband-manufacturer.json,"""In-house chip embedding — we laminate or injection-mold the NFC/UHF inlay into the band during manufacturing rather than retrofitting it, so antenna coupling and read range stay consistent across the whole run."",","""Partner-line chip embedding — we laminate or injection-mold the NFC/UHF inlay into the band during manufacturing rather than retrofitting it, so antenna coupling and read range stay consistent across the whole run."","
src/content/editorial/lp/rfid-wristband-manufacturer.json,"""Tyvek and paper: 1-3 day single-use bands with a tamper-evident adhesive closure; water-resistant but not waterproof. Stock Tyvek ships in 5-10 business days at MOQs as low as 100 pcs, while custom-printed disposables start at 200 pcs."",","""Tyvek and paper: 1-3 day single-use bands with a tamper-evident adhesive closure; water-resistant but not waterproof. Stock Tyvek ships in 5-10 business days at MOQs as low as 100 pcs, while custom-printed disposables start at 500 pcs."","
src/content/editorial/lp/rfid-wristband-manufacturer.json,"""title"": ""Where a wristband reseller stops — and where a factory starts"",","""title"": ""Where a wristband reseller stops — and where a manufacturing partner starts"","
src/content/editorial/lp/rfid-wristband-manufacturer.json,"""Open factory audits at our Shenzhen operation by appointment, with virtual walk-throughs and third-party (SGS, TUV, Intertek) inspection when a program requires it."",","""Open factory audits on our partner lines by appointment, with virtual walk-throughs and third-party (SGS, TUV, Intertek) inspection when a program requires it."","
src/content/editorial/lp/rfid-wristband-manufacturer.json,"""label"": ""Inside the Shenzhen factory""","""label"": ""Inside the production lines"""
src/content/editorial/lp/rfid-wristband-manufacturer.json,"""authorSlug"": ""peter-zhang"",","""authorSlug"": ""editorial-board"","
src/content/editorial/lp/rfid-wristband-manufacturer.json,"""reviewedBySlug"": ""nancy-wu"",","""reviewedBySlug"": ""proudtek-engineering"","
src/content/editorial/lp/rfid-wristband-manufacturer.json,"""reviewedAt"": ""2026-01-13""","""reviewedAt"": ""2026-01-13"","
src/content/editorial/lp/rfid-wristband-manufacturer.json,,"""author"": ""Proud Tek Editorial Team"","
src/content/editorial/lp/rfid-wristband-manufacturer.json,,"""reviewedBy"": ""Proud Tek RF / Production Engineering"""
src/content/editorial/lp/sample-pack.json,"""summary"": ""Hold the chip before you spec a programme. Proud Tek ships a free RFID & NFC sample pack to qualified B2B buyers — a typical 8–12 SKUs covering 125 kHz LF (EM4100, T5577), 13.56 MHz HF (MIFARE Classic 1K, MIFARE DESFire EV3, NTAG215, NTAG424 DNA, ICODE SLIX2) and UHF RAIN 860–960 MHz (Impinj Monza R6-P, NXP UCODE 9, Alien Higgs-9) — so your engineers can validate reader compatibility, read range and material feel on the bench, not from a datasheet. The pack content is free; buyers cover DHL or FedEx shipping and it lands in 5–10 business days door-to-door. Tell us the project in five fields and a Proud Tek specialist replies within one business day with shipping and pre-encoding ","""summary"": ""Hold the chip before you spec a programme. Proud Tek ships a free RFID & NFC sample pack to qualified B2B buyers — typically 2–3 SKUs (5–20 pieces) chosen from 125 kHz LF (EM4100, T5577), 13.56 MHz HF (MIFARE Classic 1K, MIFARE DESFire EV3, NTAG215, NTAG424 DNA, ICODE SLIX2) and UHF RAIN 860–960 MHz (Impinj Monza R6-P, NXP UCODE 9, Alien Higgs-9) — so your engineers can validate reader compatibility, read range and material feel on the bench, not from a datasheet. The pack content is free; buyers cover DHL or FedEx shipping and it lands in 3–6 business days door-to-door. Tell us the project in five fields and a Proud Tek specialist replies within 2-4 hours in Shenzhen business ho"
src/content/editorial/lp/sample-pack.json,"""Hold the chip — every Proud Tek sample pack contains 8–12 real production-grade SKUs across LF / HF / UHF families so your engineering team can validate antenna geometry, read range and form-factor fit on the bench."",","""Hold the chip — every Proud Tek sample pack contains 2–3 SKUs (5–20 pieces) across LF / HF / UHF families so your engineering team can validate antenna geometry, read range and form-factor fit on the bench."","
src/content/editorial/lp/sample-pack.json,"""Free FOB Shenzhen for qualified B2B buyers (a real company name + email and a one-paragraph project brief). Buyers cover the shipping; we use DHL or FedEx so the pack lands in 5–10 business days door-to-door."",","""Free for qualified B2B buyers (a real company name + email and a one-paragraph project brief). You cover DHL or FedEx freight ($25–60), refunded against your first production order; the pack is prepared in 1 business day and lands in 3–6 business days door-to-door."","
src/content/editorial/lp/sample-pack.json,"""5-field request form (Name · Email · Country · Quantity · Project notes). Policy in full: stock-sample packs are free for qualified B2B buyers (courier freight collected on your account); custom or newly produced samples run $30-$100 to cover development. No registration wall, no 10-field qualification quiz, no marketing follow-up cadence — one human reply from a Proud Tek specialist within one business day.""","""5-field request form (Name · Email · Country · Quantity · Project notes). Policy in full: stock-sample packs are free for qualified B2B buyers (DHL/FedEx freight of $25–60 at your cost, refunded against your first production order); custom or newly produced samples (encoding or printing) add 3–5 business days, with the sample fee and freight credited against your production PO. No registration wall, no 10-field qualification quiz, no marketing follow-up cadence — one human reply from a Proud Tek specialist within 2-4 hours in Shenzhen business hours (Mon-Fri, GMT+8)."""
src/content/editorial/lp/sample-pack.json,"""Pack assembly at Proud Tek Shenzhen: 1–2 business days."",","""Sample preparation at Proud Tek Shenzhen: 1 business day."","
src/content/editorial/lp/sample-pack.json,"""DHL / FedEx FOB Shenzhen to destination: 3–8 business days."",","""DHL / FedEx express to destination: 2–5 days."","
src/content/editorial/lp/sample-pack.json,"""Door-to-door typical: 5–10 business days from form submission."",","""Door-to-door typical: 3–6 business days from form submission."","
src/content/editorial/lp/sample-pack.json,"""intro"": ""A Proud Tek sample pack is a free box of 8–12 real, production-grade RFID and NFC SKUs — LF 125 kHz, HF 13.56 MHz and UHF RAIN 860–960 MHz — sent to qualified B2B buyers so your team can hold the chip, read it on your own hardware and feel the material before a single PO is written. The pack content is free; you cover DHL or FedEx shipping and it lands in 5–10 business days door-to-door. Tell us the project in the [five-field request form](/contact/?intent=sample), and the [full catalogue](/products/all/) is one click on. The numbers below are the ones a procurement team checks first."",","""intro"": ""A Proud Tek sample pack is a free set of real, production-grade RFID and NFC SKUs — typically 5–20 pieces across 2–3 SKUs from LF 125 kHz, HF 13.56 MHz and UHF RAIN 860–960 MHz, larger evaluation kits for qualified pilots — sent to qualified B2B buyers so your team can hold the chip, read it on your own hardware and feel the material before a single PO is written. The samples are free; you cover DHL or FedEx freight ($25–60), refunded against your first production order, and the pack is prepared in 1 business day and lands in 3–6 business days door-to-door. Tell us the project in the [five-field request form](/contact/?intent=sample), and the [full catalogue](/products/all/) is one"
src/content/editorial/lp/sample-pack.json,"""label"": ""Within one business day"",","""label"": ""Within 2-4 hours (business hours)"","
src/content/editorial/lp/sample-pack.json,"""Read range — measure the tuned range on your real substrate and mounting (LF, HF and UHF) against the datasheet number printed on the spec card."",","""Read range — measure the tuned range on your real substrate and mounting (LF, HF and UHF) against the datasheet number for each SKU."","
src/content/editorial/lp/sample-pack.json,"""alt"": ""A five-step path, left to right. Step 1, request: the free 5-field form. Step 2, sample on your bench: 8–12 SKUs in 5–10 days. Step 3, test on your own hardware: reader compatibility, read range and material feel — the pivotal step. Step 4, RFQ: the winning chip, form factor and encoding drop into the quote wizard. Step 5, locked-price PO: full run, 100% read-verified. A base arrow shows commitment rising only as risk falls; nothing commits volume until a sample reads on your own hardware.""","""alt"": ""A five-step path, left to right. Step 1, request: the free 5-field form. Step 2, sample on your bench: 2–3 SKUs (5–20 pieces) in 5–10 days. Step 3, test on your own hardware: reader compatibility, read range and material feel — the pivotal step. Step 4, RFQ: the winning chip, form factor and encoding drop into the quote wizard. Step 5, locked-price PO: full run, 100% read-verified. A base arrow shows commitment rising only as risk falls; nothing commits volume until a sample reads on your own hardware."""
src/content/editorial/lp/sample-pack.json,"""Mutual NDA at the project-brief stage — standard for healthcare, defence, luxury-brand authentication and pharmaceutical buyers; email info@proudtek.com after the form and a signature-ready template comes back within one business day."",","""Mutual NDA at the project-brief stage — standard for healthcare, defence, luxury-brand authentication and pharmaceutical buyers; email info@proudtek.com after the form and a signature-ready template comes back within 24-48 hours."","
src/content/editorial/lp/sample-pack.json,"""Quality records — spec cards, read-test data and production travelers — retained seven years under our ISO 9001:2015 quality system (certificate 98026Q00274R000), traceable by SKU.""","""Quality records — read-test data and production travelers — retained seven years under our ISO 9001:2015 quality system (certificate 98026Q00274R000), traceable by SKU."""
src/content/editorial/lp/sample-pack.json,"""answer"": ""A typical pack is 8–12 SKUs across LF, HF and UHF. Use the project-notes field to name chips we do not carry in the standard pack — HITAG 2, FeliCa, LEGIC advant, EM4305, NTAG216, NXP ICODE DNA, Impinj M730, EM4423 dual-frequency — and form factors (silicone wristband, ceramic anti-metal, PPS laundry tag, on-metal UHF sticker). We add up to three custom chip / form-factor combinations to a sample pack at no incremental cost.""","""answer"": ""A typical pack is 2–3 SKUs (5–20 pieces) across LF, HF and UHF. Use the project-notes field to name chips we do not carry in the standard pack — HITAG 2, FeliCa, LEGIC advant, EM4305, NTAG216, NXP ICODE DNA, Impinj M730, EM4423 dual-frequency — and form factors (silicone wristband, ceramic anti-metal, PPS laundry tag, on-metal UHF sticker). Larger evaluation kits are sized for qualified pilots — tell us the validation you need and we size the kit at quotation."""
src/content/editorial/lp/sample-pack.json,"""answer"": ""Pack assembly at Proud Tek Shenzhen runs 1–2 business days; DHL or FedEx FOB Shenzhen adds 3–8 business days, so 5–10 business days door-to-door from form submission is typical. You get a tracking number the moment it ships.""","""answer"": ""Pack assembly at Proud Tek Shenzhen runs 1–2 business days; DHL or FedEx FOB Shenzhen adds 3–8 business days, so 3–6 business days door-to-door from form submission is typical. You get a tracking number the moment it ships."""
src/content/editorial/lp/sample-pack.json,"""answer"": ""Yes to both. Every pack ships with a 2-page printed specification card — chip part number, antenna size, dimensions, temperature range, datasheet read range and SKU per sample — and the same sheet as a PDF on dispatch. We sign mutual NDAs at the project-brief stage for healthcare, defence, luxury-brand authentication and pharmaceutical buyers; email info@proudtek.com after submitting the form for a signature-ready template within one business day.""","""answer"": ""Yes to both. Every pack ships with a 2-page printed specification card — chip part number, antenna size, dimensions, temperature range, datasheet read range and SKU per sample — and the same sheet as a PDF on dispatch. We sign mutual NDAs at the project-brief stage for healthcare, defence, luxury-brand authentication and pharmaceutical buyers; email info@proudtek.com after submitting the form for a signature-ready template within 24-48 hours."""
src/content/editorial/lp/sample-pack.json,"""authorSlug"": ""peter-zhang"",","""authorSlug"": ""editorial-board"","
src/content/editorial/lp/sample-pack.json,"""reviewedBySlug"": ""nancy-wu"",","""reviewedBySlug"": ""proudtek-engineering"","
src/content/editorial/lp/sample-pack.json,"""reviewedAt"": ""2026-05-13""","""reviewedAt"": ""2026-05-13"","
src/content/editorial/lp/sample-pack.json,,"""author"": ""Proud Tek Editorial Team"","
src/content/editorial/lp/sample-pack.json,,"""reviewedBy"": ""Proud Tek RF / Production Engineering"""
src/content/editorial/lp/uhf-rfid-tag-manufacturer.json,"""authorSlug"": ""peter-zhang"",","""authorSlug"": ""editorial-board"","
src/content/editorial/lp/uhf-rfid-tag-manufacturer.json,"""reviewedBySlug"": ""nancy-wu"",","""reviewedBySlug"": ""proudtek-engineering"","
src/content/editorial/lp/uhf-rfid-tag-manufacturer.json,"""reviewedAt"": ""2025-12-09""","""reviewedAt"": ""2025-12-09"","
src/content/editorial/lp/uhf-rfid-tag-manufacturer.json,,"""author"": ""Proud Tek Editorial Team"","
src/content/editorial/lp/uhf-rfid-tag-manufacturer.json,,"""reviewedBy"": ""Proud Tek RF / Production Engineering"""
src/content/editorial/markets.json,"""authorSlug"": ""peter-zhang"",","""authorSlug"": ""editorial-board"","
src/content/editorial/markets.json,"""reviewedBySlug"": ""nancy-wu"",","""reviewedBySlug"": ""proudtek-engineering"","
src/content/editorial/markets.json,"""reviewedAt"": ""2026-04-28""","""reviewedAt"": ""2026-04-28"","
src/content/editorial/markets.json,,"""author"": ""Proud Tek Editorial Team"","
src/content/editorial/markets.json,,"""reviewedBy"": ""Proud Tek RF / Production Engineering"""
src/content/editorial/markets/africa.json,"""summary"": ""Proud Tek ships RFID across Africa factory-direct from Shenzhen. The one fact that decides a UHF order: Africa is a continent, not a single band. Most of North, East and West Africa mirrors the EU 865-868 MHz band — Egypt, Kenya and Morocco all sit there — while South Africa runs 915.4-919 MHz under ICASA, roughly 50 MHz higher. There is no one \""African band\"", so passive UHF inlays are tuned to the destination country you name on the RFQ; EU 865-868 MHz stock reads short on a South African portal, and the reverse is just as true. Access and ID cards at 13.56 MHz (HF) are globally harmonised and work continent-wide. Express air reaches African capital cities in 5-10 business day","""summary"": ""Proud Tek ships RFID across Africa manufacturer-direct from Shenzhen. The one fact that decides a UHF order: Africa is a continent, not a single band. Most of North, East and West Africa mirrors the EU 865-868 MHz band — Egypt, Kenya and Morocco all sit there — while South Africa runs 915.4-919 MHz under ICASA, roughly 50 MHz higher. There is no one \""African band\"", so passive UHF inlays are tuned to the destination country you name on the RFQ; EU 865-868 MHz stock reads short on a South African portal, and the reverse is just as true. Access and ID cards at 13.56 MHz (HF) are globally harmonised and work continent-wide. Express air reaches African capital cities in 5-10 busines"
src/content/editorial/markets/africa.json,"""Full range, factory-direct — MIFARE Classic and DESFire EV3 access and ID cards at 13.56 MHz (global), country-tuned UHF inlays and labels, NFC products and event wristbands, all from one Shenzhen production line at factory-direct pricing."",","""Full range, manufacturer-direct — MIFARE Classic and DESFire EV3 access and ID cards at 13.56 MHz (global), country-tuned UHF inlays and labels, NFC products and event wristbands, all from one Shenzhen production line at manufacturer-direct pricing."","
src/content/editorial/markets/africa.json,"""authorSlug"": ""peter-zhang"",","""authorSlug"": ""editorial-board"","
src/content/editorial/markets/africa.json,"""reviewedBySlug"": ""nancy-wu"",","""reviewedBySlug"": ""proudtek-engineering"","
src/content/editorial/markets/africa.json,],"],"
src/content/editorial/markets/africa.json,,"""author"": ""Proud Tek Editorial Team"","
src/content/editorial/markets/africa.json,,"""reviewedBy"": ""Proud Tek RF / Production Engineering"""
src/content/editorial/markets/australia.json,"""summary"": ""Proud Tek ships RFID to Australia factory-direct from Shenzhen with Australian-market spec sheets. The one fact that decides a UHF order: Australia runs 920-926 MHz under the ACMA LIPD class licence (up to 4 W EIRP), so inlays are tuned for 920-926 MHz — EU 865-868 MHz stock reads short. Access-control cards run at 13.56 MHz (HF), which is global. Express air reaches Sydney, Melbourne, Brisbane, Perth and Adelaide in 5-7 business days; RFID goods clear at 0% tariff under ChAFTA with 10% GST, and DDP is available."",","""summary"": ""Proud Tek ships RFID to Australia manufacturer-direct from Shenzhen with Australian-market spec sheets. The one fact that decides a UHF order: Australia runs 920-926 MHz under the ACMA LIPD class licence (up to 4 W EIRP), so inlays are tuned for 920-926 MHz — EU 865-868 MHz stock reads short. Access-control cards run at 13.56 MHz (HF), which is global. Express air reaches Sydney, Melbourne, Brisbane, Perth and Adelaide in 5-7 business days; RFID goods clear at 0% tariff under ChAFTA with 10% GST, and DDP is available."","
src/content/editorial/markets/australia.json,"""authorSlug"": ""peter-zhang"",","""authorSlug"": ""editorial-board"","
src/content/editorial/markets/australia.json,"""reviewedBySlug"": ""nancy-wu"",","""reviewedBySlug"": ""proudtek-engineering"","
src/content/editorial/markets/australia.json,],"],"
src/content/editorial/markets/australia.json,,"""author"": ""Proud Tek Editorial Team"","
src/content/editorial/markets/australia.json,,"""reviewedBy"": ""Proud Tek RF / Production Engineering"""
src/content/editorial/markets/brazil.json,"""title"": ""RFID Manufacturer for Brazil — Factory-Direct China"",","""title"": ""RFID Manufacturer for Brazil — Manufacturer-Direct from China"","
src/content/editorial/markets/brazil.json,"""summary"": ""Proud Tek ships RFID to Brazil factory-direct from Shenzhen with Brazil-market spec sheets. The one fact that decides a UHF order: Brazil runs two sub-bands — 902-907.5 MHz and 915-928 MHz, with a cellular guard gap at 907.5-915 MHz — under ANATEL restricted-radiation rules, so a reader set to the full 902-928 MHz band is non-compliant. Passive inlays are tuned for the Brazilian bands, and the reader — not the passive tag — carries ANATEL homologation. Access cards run at 13.56 MHz (HF), which is global. Express air reaches Guarulhos, Galeao and Viracopos in 7-10 business days; there is no China-Brazil free trade agreement, so import taxes (II, IPI, PIS/COFINS and state ICMS) are","""summary"": ""Proud Tek ships RFID to Brazil manufacturer-direct from Shenzhen with Brazil-market spec sheets. The one fact that decides a UHF order: Brazil runs two sub-bands — 902-907.5 MHz and 915-928 MHz, with a cellular guard gap at 907.5-915 MHz — under ANATEL restricted-radiation rules, so a reader set to the full 902-928 MHz band is non-compliant. Passive inlays are tuned for the Brazilian bands, and the reader — not the passive tag — carries ANATEL homologation. Access cards run at 13.56 MHz (HF), which is global. Express air reaches Guarulhos, Galeao and Viracopos in 7-10 business days; there is no China-Brazil free trade agreement, so import taxes (II, IPI, PIS/COFINS and state ICMS"
src/content/editorial/markets/brazil.json,"""authorSlug"": ""peter-zhang"",","""authorSlug"": ""editorial-board"","
src/content/editorial/markets/brazil.json,"""reviewedBySlug"": ""nancy-wu"",","""reviewedBySlug"": ""proudtek-engineering"","
src/content/editorial/markets/brazil.json,],"],"
src/content/editorial/markets/brazil.json,,"""author"": ""Proud Tek Editorial Team"","
src/content/editorial/markets/brazil.json,,"""reviewedBy"": ""Proud Tek RF / Production Engineering"""
src/content/editorial/markets/dubai-uae.json,"""title"": ""RFID Supplier for Dubai & the UAE — Factory-Direct China"",","""title"": ""RFID Supplier for Dubai & the UAE — Manufacturer-Direct from China"","
src/content/editorial/markets/dubai-uae.json,"""summary"": ""Proud Tek ships RFID to the UAE factory-direct from Shenzhen with Emirates-market spec sheets. The one fact that decides a UHF order: the UAE follows the European allocation, not the US or Australian one — UHF RFID runs at 865-868 MHz (2 W e.r.p.) with an optional 915-921 MHz upper band (4 W e.r.p.) under the TDRA per ETSI EN 302 208, so EU-standard 865-868 MHz inlays are band-correct here and US 902-928 MHz stock is not the default. Access and hotel cards run at 13.56 MHz (HF), which is global. Express air reaches Dubai, Abu Dhabi and Sharjah in 3-5 business days; RFID smart cards (HS 8523.52) clear at the 5% GCC customs duty plus 5% VAT, and DDP is available."",","""summary"": ""Proud Tek ships RFID to the UAE manufacturer-direct from Shenzhen with Emirates-market spec sheets. The one fact that decides a UHF order: the UAE follows the European allocation, not the US or Australian one — UHF RFID runs at 865-868 MHz (2 W e.r.p.) with an optional 915-921 MHz upper band (4 W e.r.p.) under the TDRA per ETSI EN 302 208, so EU-standard 865-868 MHz inlays are band-correct here and US 902-928 MHz stock is not the default. Access and hotel cards run at 13.56 MHz (HF), which is global. Express air reaches Dubai, Abu Dhabi and Sharjah in 3-5 business days; RFID smart cards (HS 8523.52) clear at the 5% GCC customs duty plus 5% VAT, and DDP is available."","
src/content/editorial/markets/dubai-uae.json,"""imageAlt"": ""RFID cards tags and wristbands shipping from Proud Tek factory to Dubai UAE"",","""imageAlt"": ""RFID cards tags and wristbands shipping from Proud Tek to Dubai UAE"","
src/content/editorial/markets/dubai-uae.json,"""Factory-direct from Shenzhen strips out the 20-40% markup that regional trading companies and distributors add — China-factory pricing with international-quality documentation."",","""Manufacturer-direct from Shenzhen strips out the 20-40% markup that regional trading companies and distributors add — China-factory pricing with international-quality documentation."","
src/content/editorial/markets/dubai-uae.json,"""authorSlug"": ""peter-zhang"",","""authorSlug"": ""editorial-board"","
src/content/editorial/markets/dubai-uae.json,"""reviewedBySlug"": ""nancy-wu"",","""reviewedBySlug"": ""proudtek-engineering"","
src/content/editorial/markets/dubai-uae.json,],"],"
src/content/editorial/markets/dubai-uae.json,,"""author"": ""Proud Tek Editorial Team"","
src/content/editorial/markets/dubai-uae.json,,"""reviewedBy"": ""Proud Tek RF / Production Engineering"""
src/content/editorial/markets/germany.json,"""title"": ""RFID & NFC Manufacturer for Germany — Factory-Direct"",","""title"": ""RFID & NFC Manufacturer for Germany — Manufacturer-Direct"","
src/content/editorial/markets/germany.json,"""summary"": ""Proud Tek ships EU-band (865-868 MHz) UHF tags, 13.56 MHz NFC products, and access credentials from Shenzhen to Germany in 4-6 days via DHL Express, with DDP shipping that settles EU customs clearance, duties, and 19% German import VAT inside the quoted price. German manufacturers, automotive suppliers, industrial companies, and technology integrators buy factory-direct at 30-40% below European-sourced alternatives on the same NXP silicon — with CE conformity documentation under RED 2014/53/EU, REACH and RoHS declarations, ISO 9001:2015 quality records, and Digital Product Passport-ready NTAG 424 DNA tags ahead of the EU's 2027 passport deadlines."",","""summary"": ""Proud Tek ships EU-band (865-868 MHz) UHF tags, 13.56 MHz NFC products, and access credentials from Shenzhen to Germany in 4-6 days via DHL Express, with DDP shipping that settles EU customs clearance, duties, and 19% German import VAT inside the quoted price. German manufacturers, automotive suppliers, industrial companies, and technology integrators buy manufacturer-direct at 30-40% below European-sourced alternatives on the same NXP silicon — with CE conformity documentation under RED 2014/53/EU, REACH and RoHS declarations, ISO 9001:2015 quality records, and Digital Product Passport-ready NTAG 424 DNA tags ahead of the EU's 2027 passport deadlines."","
src/content/editorial/markets/germany.json,"""Factory-direct pricing 30-40% below European-sourced alternatives on the same NXP chips, with 100% electrical testing, ISO 9001:2015 and ISO 14001:2015 certified production, and the quality documentation German auditors actually ask for."",","""Manufacturer-direct pricing 30-40% below European-sourced alternatives on the same NXP chips, with 100% electrical testing, ISO 9001:2015 and ISO 14001:2015 certified production, and the quality documentation German auditors actually ask for."","
src/content/editorial/markets/germany.json,"""text"": ""Production runs 5-7 business days after artwork approval; DHL Express delivery to any German address takes 4-6 days; sea freight to European ports runs 18-22 days for pallet volumes. Free sample kits ship before any production commitment.""","""text"": ""Standard production ships in 7-15 business days from order confirmation; DHL Express delivery to any German address takes 4-6 days; sea freight to European ports runs 18-22 days for pallet volumes. Free sample kits ship before any production commitment."""
src/content/editorial/markets/germany.json,"""intro"": ""Germany builds the machines that build everything else — and lately every one of them ships with a tag. From one Shenzhen production line, Proud Tek supplies [factory-direct NFC manufacturing](/lp/nfc-tag-manufacturer-china/) and EU-band UHF for automotive traceability, Industry 4.0 asset tracking, and credentials that drop into existing [access control systems](/solutions/rfid-access-control/) — each with a spec sheet a German engineering department can actually file."",","""intro"": ""Germany builds the machines that build everything else — and lately every one of them ships with a tag. From one Shenzhen production line, Proud Tek supplies [manufacturer-direct NFC manufacturing](/lp/nfc-tag-manufacturer-china/) and EU-band UHF for automotive traceability, Industry 4.0 asset tracking, and credentials that drop into existing [access control systems](/solutions/rfid-access-control/) — each with a spec sheet a German engineering department can actually file."","
src/content/editorial/markets/germany.json,"""alt"": ""Two shipping lanes from the Shenzhen factory to a German delivery address: DHL Express air in 4-6 days and sea freight to European ports in 18-22 days, with EU customs clearance, EORI entry, and 19% import VAT settled mid-route under DDP""","""alt"": ""Two shipping lanes from Shenzhen to a German delivery address: DHL Express air in 4-6 days and sea freight to European ports in 18-22 days, with EU customs clearance, EORI entry, and 19% import VAT handled under DDP or by your broker under FOB."""
src/content/editorial/markets/germany.json,"""text"": ""Standard production runs 5-7 business days with 100% electrical testing; every encoded card gets a functional read test before packing.""","""text"": ""Standard production ships in 7-15 business days from order confirmation with 100% electrical testing; every encoded card gets a functional read test before packing."""
src/content/editorial/markets/germany.json,"""answer"": ""MOQs for German orders match our standard factory minimums: custom-printed PVC cards start at 500 pieces (digital printing accepts runs as low as 100), NFC inlays and labels at 1,000 pieces (one roll), and silicone wristbands at 500 pieces. Free sample kits ship to any German address before any production commitment.""","""answer"": ""MOQs for German orders match our standard minimums: custom-printed PVC cards start at 500 pieces (digital printing accepts runs as low as 100), NFC inlays and labels at 1,000 pieces (one roll), and silicone wristbands at 500 pieces. Free sample kits ship to any German address before any production commitment."""
src/content/editorial/markets/germany.json,"""authorSlug"": ""peter-zhang"",","""authorSlug"": ""editorial-board"","
src/content/editorial/markets/germany.json,"""reviewedBySlug"": ""nancy-wu"",","""reviewedBySlug"": ""proudtek-engineering"","
src/content/editorial/markets/germany.json,"""reviewedAt"": ""2026-01-09""","""reviewedAt"": ""2026-01-09"","
src/content/editorial/markets/germany.json,,"""author"": ""Proud Tek Editorial Team"","
src/content/editorial/markets/germany.json,,"""reviewedBy"": ""Proud Tek RF / Production Engineering"""
src/content/editorial/markets/india.json,"""title"": ""RFID Manufacturer for India — Factory-Direct China"",","""title"": ""RFID Manufacturer for India — Manufacturer-Direct from China"","
src/content/editorial/markets/india.json,"""summary"": ""Proud Tek supplies UHF RFID, NFC, and MIFARE cards to Indian businesses, system integrators, and government programs factory-direct from Shenzhen with India-market spec sheets. The one fact that decides a UHF order: India's RAIN band is 865-867 MHz — de-licensed, up to 1 W transmitter / 4 W ERP with a 200 kHz carrier — under the WPC wing of the Department of Telecommunications (DoT). That band sits inside the EU 865-868 MHz band, so EU-tuned inlays fit India, but US 902-928 MHz stock reads short; HF NFC and MIFARE run at 13.56 MHz and are unaffected. Express air reaches Mumbai, Delhi, Bangalore, and Chennai in 5-7 business days; RFID readers need WPC ETA before customs clearance;","""summary"": ""Proud Tek supplies UHF RFID, NFC, and MIFARE cards to Indian businesses, system integrators, and government programs manufacturer-direct from Shenzhen with India-market spec sheets. The one fact that decides a UHF order: India's RAIN band is 865-867 MHz — de-licensed, up to 1 W transmitter / 4 W ERP with a 200 kHz carrier — under the WPC wing of the Department of Telecommunications (DoT). That band sits inside the EU 865-868 MHz band, so EU-tuned inlays fit India, but US 902-928 MHz stock reads short; HF NFC and MIFARE run at 13.56 MHz and are unaffected. Express air reaches Mumbai, Delhi, Bangalore, and Chennai in 5-7 business days; RFID readers need WPC ETA before customs clear"
src/content/editorial/markets/india.json,"""text"": ""Standard production runs 5-7 business days with 100% electrical testing; every encoded card gets a functional read test before packing.""","""text"": ""Standard production ships in 7-15 business days from order confirmation with 100% electrical testing; every encoded card gets a functional read test before packing."""
src/content/editorial/markets/india.json,"""answer"": ""MOQs match our standard factory minimums: custom-printed PVC cards start at 500 pieces (digital printing accepts runs as low as 100), NFC inlays and labels at 1,000 pieces (one roll), and silicone wristbands at 500 pieces. Recurring production programs typically run 1,000-5,000 pieces per SKU. Free samples for compatibility and quality testing ship before any commitment.""","""answer"": ""MOQs match our standard minimums: custom-printed PVC cards start at 500 pieces (digital printing accepts runs as low as 100), NFC inlays and labels at 1,000 pieces (one roll), and silicone wristbands at 500 pieces. Recurring production programs typically run 1,000-5,000 pieces per SKU. Free samples for compatibility and quality testing ship before any commitment."""
src/content/editorial/markets/india.json,"""authorSlug"": ""peter-zhang"",","""authorSlug"": ""editorial-board"","
src/content/editorial/markets/india.json,"""reviewedBySlug"": ""nancy-wu"",","""reviewedBySlug"": ""proudtek-engineering"","
src/content/editorial/markets/india.json,],"],"
src/content/editorial/markets/india.json,,"""author"": ""Proud Tek Editorial Team"","
src/content/editorial/markets/india.json,,"""reviewedBy"": ""Proud Tek RF / Production Engineering"""
src/content/editorial/markets/japan.json,"""summary"": ""Proud Tek supplies NFC and UHF RFID to Japan factory-direct from Shenzhen with Japanese-market spec sheets. Japan runs contactless on two tracks: HF at 13.56 MHz — where our NFC Forum NTAG and MIFARE products sit alongside the FeliCa infrastructure behind Suica and Osaifu-Keitai — and UHF in the 920 MHz band for retail and logistics. The one fact that decides a UHF order: Japan's RAIN band is 916.7-920.9 MHz (high-power, up to 1 W / 4 W EIRP) under MIC's Radio Act and ARIB STD-T106, so inlays are tuned for the 920 MHz band — EU 865-868 MHz stock reads short. Express air reaches Tokyo, Osaka and Nagoya in 3-5 business days; RFID proximity cards and tags enter at 0% import duty (HS","""summary"": ""Proud Tek supplies NFC and UHF RFID to Japan manufacturer-direct from Shenzhen with Japanese-market spec sheets. Japan runs contactless on two tracks: HF at 13.56 MHz — where our NFC Forum NTAG and MIFARE products sit alongside the FeliCa infrastructure behind Suica and Osaifu-Keitai — and UHF in the 920 MHz band for retail and logistics. The one fact that decides a UHF order: Japan's RAIN band is 916.7-920.9 MHz (high-power, up to 1 W / 4 W EIRP) under MIC's Radio Act and ARIB STD-T106, so inlays are tuned for the 920 MHz band — EU 865-868 MHz stock reads short. Express air reaches Tokyo, Osaka and Nagoya in 3-5 business days; RFID proximity cards and tags enter at 0% import dut"
src/content/editorial/markets/japan.json,"""text"": ""Standard production runs 5-7 business days with 100% electrical testing and AQL 1.0 inspection; every encoded card gets a functional read test before packing.""","""text"": ""Standard production ships in 7-15 business days from order confirmation with 100% electrical testing and AQL 1.0 inspection; every encoded card gets a functional read test before packing."""
src/content/editorial/markets/japan.json,"""authorSlug"": ""peter-zhang"",","""authorSlug"": ""editorial-board"","
src/content/editorial/markets/japan.json,"""reviewedBySlug"": ""nancy-wu"",","""reviewedBySlug"": ""proudtek-engineering"","
src/content/editorial/markets/japan.json,],"],"
src/content/editorial/markets/japan.json,,"""author"": ""Proud Tek Editorial Team"","
src/content/editorial/markets/japan.json,,"""reviewedBy"": ""Proud Tek RF / Production Engineering"""
src/content/editorial/markets/south-africa.json,"""summary"": ""Proud Tek is a factory-direct RFID supplier serving South African businesses, security integrators and access-control resellers from Shenzhen with market-correct spec sheets. The fact that decides a UHF order: South Africa is a dual-band RAIN market — ICASA permits both the EU-harmonised 865.6-867.6 MHz sub-band (2 W ERP) and the higher-power 915.4-919 MHz band (4 W EIRP, frequency-hopping), so inlays are tuned to match your reader estate, not guessed. Access-control cards run at 13.56 MHz (HF), which is global. Express air reaches Johannesburg, Cape Town, Durban and Pretoria in 5-8 business days; radio equipment needs ICASA type approval and an NRCS Letter of Authority, 15% VAT ","""summary"": ""Proud Tek is a manufacturer-direct RFID supplier serving South African businesses, security integrators and access-control resellers from Shenzhen with market-correct spec sheets. The fact that decides a UHF order: South Africa is a dual-band RAIN market — ICASA permits both the EU-harmonised 865.6-867.6 MHz sub-band (2 W ERP) and the higher-power 915.4-919 MHz band (4 W EIRP, frequency-hopping), so inlays are tuned to match your reader estate, not guessed. Access-control cards run at 13.56 MHz (HF), which is global. Express air reaches Johannesburg, Cape Town, Durban and Pretoria in 5-8 business days; radio equipment needs ICASA type approval and an NRCS Letter of Authority, 15%"
src/content/editorial/markets/south-africa.json,"""authorSlug"": ""peter-zhang"",","""authorSlug"": ""editorial-board"","
src/content/editorial/markets/south-africa.json,"""reviewedBySlug"": ""nancy-wu"",","""reviewedBySlug"": ""proudtek-engineering"","
src/content/editorial/markets/south-africa.json,],"],"
src/content/editorial/markets/south-africa.json,,"""author"": ""Proud Tek Editorial Team"","
src/content/editorial/markets/south-africa.json,,"""reviewedBy"": ""Proud Tek RF / Production Engineering"""
src/content/editorial/markets/uk.json,"""title"": ""RFID Manufacturer for the UK — Factory-Direct China"",","""title"": ""RFID Manufacturer for the UK — Manufacturer-Direct from China"","
src/content/editorial/markets/uk.json,"""summary"": ""Proud Tek ships UHF tags tuned for the UK's 865-868 MHz band, 13.56 MHz NFC products, and MIFARE-family access cards from Shenzhen to any UK address — DDP, 4-6 days by DHL express, with import VAT (20%) and customs clearance settled in the quote. CE marking remains accepted in Great Britain, so the compliance file that covers your EU orders covers GB too, and UKCA-aligned documentation is available on request. Smart cards enter the UK at a 0% Global Tariff rate, and UK buyers get factory-direct pricing — 40-50% below UK-based NFC card resellers on like-for-like cards — free samples before any production commitment, ISO 9001:2015 quality documentation with every shipment, and Engl","""summary"": ""Proud Tek ships UHF tags tuned for the UK's 865-868 MHz band, 13.56 MHz NFC products, and MIFARE-family access cards from Shenzhen to any UK address — DDP, 4-6 days by DHL express, with import VAT (20%) and customs clearance settled in the quote. CE marking remains accepted in Great Britain, so the compliance file that covers your EU orders covers GB too, and UKCA-aligned documentation is available on request. Smart cards enter the UK at a 0% Global Tariff rate, and UK buyers get manufacturer-direct pricing — 40-50% below UK-based NFC card resellers on like-for-like cards — free samples before any production commitment, ISO 9001:2015 quality documentation with every shipment, and"
src/content/editorial/markets/uk.json,"""Landed-cost clarity: DDP to any UK postcode in 4-6 days by DHL express, with the 0% smart-card tariff, 20% import VAT, and customs clearance settled before your door — and factory-direct pricing that saves UK NFC card resellers 40-50% against re-sourced alternatives.""","""Landed-cost clarity: DDP to any UK postcode in 4-6 days by DHL express, with the 0% smart-card tariff, 20% import VAT, and customs clearance settled before your door — and manufacturer-direct pricing that saves UK NFC card resellers 40-50% against re-sourced alternatives."""
src/content/editorial/markets/uk.json,"""text"": ""Production runs 5-7 business days after artwork approval; DHL express delivers to any UK address in 4-6 days; most orders arrive 9-13 days door-to-door. Quotations return within one business day, and free samples (typically 3-5 pieces) ship before any production commitment.""","""text"": ""Standard production runs 7-15 business days from order confirmation; DHL express delivers to any UK address in 4-6 days; most orders arrive 9-13 days door-to-door. Quotations return within one business day, and free samples (typically 3-5 pieces) ship before any production commitment."""
src/content/editorial/markets/uk.json,"""alt"": ""Shipping lane from the Shenzhen factory to a UK delivery address: production in 5-7 business days with 100% electrical testing, DHL express air in 4-6 days, and a DDP checkpoint where the 0% smart-card tariff, 20% import VAT and customs clearance are settled mid-route, arriving 9-13 days door-to-door with the compliance pack in the box""","""alt"": ""Shipping lane from Shenzhen to a UK delivery address: production in 7-15 business days with 100% electrical testing, DHL express air in 4-6 days, and a DDP checkpoint where the 0% smart-card tariff, UK VAT and brokerage are settled before delivery."""
src/content/editorial/markets/uk.json,"""text"": ""Send specs, artwork, or a competitor datasheet. Quotations come back within one business day, itemised by chip, material and print process.""","""text"": ""Send specs, artwork, or a competitor datasheet. Quotations come back within 24-48 hours, itemised by chip, material and print process."""
src/content/editorial/markets/uk.json,"""text"": ""Standard production runs 5-7 business days with 100% electrical testing; every encoded card gets a functional read test before packing.""","""text"": ""Standard production ships in 7-15 business days from order confirmation with 100% electrical testing; every encoded card gets a functional read test before packing."""
src/content/editorial/markets/uk.json,"""answer"": ""MOQs for UK orders match our standard factory minimums: custom-printed PVC cards start at 500 pieces (digital printing accepts runs as low as 100), NFC inlays and labels at 1,000 pieces (one roll), and silicone wristbands at 500 pieces. NFC business card programmes for resellers typically run in monthly batches of 500+ cards.""","""answer"": ""MOQs for UK orders match our standard minimums: custom-printed PVC cards start at 500 pieces (digital printing accepts runs as low as 100), NFC inlays and labels at 1,000 pieces (one roll), and silicone wristbands at 500 pieces. NFC business card programmes for resellers typically run in monthly batches of 500+ cards."""
src/content/editorial/markets/uk.json,"""authorSlug"": ""peter-zhang"",","""authorSlug"": ""editorial-board"","
src/content/editorial/markets/uk.json,"""reviewedBySlug"": ""nancy-wu"",","""reviewedBySlug"": ""proudtek-engineering"","
src/content/editorial/markets/uk.json,"""reviewedAt"": ""2026-01-27""","""reviewedAt"": ""2026-01-27"","
src/content/editorial/markets/uk.json,,"""author"": ""Proud Tek Editorial Team"","
src/content/editorial/markets/uk.json,,"""reviewedBy"": ""Proud Tek RF / Production Engineering"""
src/content/editorial/markets/usa.json,"""title"": ""RFID Manufacturer for USA — Factory-Direct China"",","""title"": ""RFID Manufacturer for USA — Manufacturer-Direct from China"","
src/content/editorial/markets/usa.json,"""summary"": ""Proud Tek ships FCC-band (902-928 MHz) UHF tags and labels, 13.56 MHz NFC products, and ISO/IEC 14443 access cards from Shenzhen to all 50 states — DDP, 10-14 days door-to-door. US import duty and Section 301 tariffs are settled in the quote, so the price you sign is the landed price. American businesses, system integrators, and resellers get factory-direct pricing 25-40% below domestic distributors on the same chip and material specifications, ISO 9001:2015 quality documentation with every shipment, free pre-production sample kits, and English-speaking project managers available on US business hours."",","""summary"": ""Proud Tek ships FCC-band (902-928 MHz) UHF tags and labels, 13.56 MHz NFC products, and ISO/IEC 14443 access cards from Shenzhen to all 50 states — DDP, 10-14 days door-to-door. US import duty and Section 301 tariffs are settled in the quote, so the price you sign is the landed price. American businesses, system integrators, and resellers get manufacturer-direct pricing 25-40% below domestic distributors on the same chip and material specifications, ISO 9001:2015 quality documentation with every shipment, free pre-production sample kits, and English-speaking project managers available on US business hours."","
src/content/editorial/markets/usa.json,"""Factory-direct pricing from Shenzhen saves US buyers 25-40% versus domestic distributors, with 100% electrical testing and the same ISO-certified production line behind every order."",","""Manufacturer-direct pricing from Shenzhen saves US buyers 25-40% versus domestic distributors, with 100% electrical testing and Proud Tek's ISO 9001-certified specification and QC process behind every order."","
src/content/editorial/markets/usa.json,"""text"": ""Production 5-7 business days after artwork approval; express air (DHL, FedEx, UPS) 5-7 business days to any US address; 10-14 days door-to-door for most orders; sea freight 18-22 days to West Coast ports for 50,000+ unit volumes.""","""text"": ""Standard production 7-15 business days from order confirmation; express air (DHL, FedEx, UPS) 5-7 business days to any US address; 10-14 days door-to-door for most orders; sea freight 18-22 days to West Coast ports for 50,000+ unit volumes."""
src/content/editorial/markets/usa.json,"""alt"": ""Two shipping lanes from the Shenzhen factory to a US delivery address: express air in 5-7 business days and sea freight to West Coast ports in 18-22 days, with DDP duties and brokerage settled mid-route""","""alt"": ""Two shipping lanes from Shenzhen to a US delivery address: express air in 5-7 business days and sea freight to West Coast ports in 18-22 days, with DDP duties and brokerage settled mid-route"""
src/content/editorial/markets/usa.json,"""text"": ""Standard production runs 5-7 business days with 100% electrical testing; every encoded card gets a functional read test before packing.""","""text"": ""Standard production ships in 7-15 business days from order confirmation with 100% electrical testing; every encoded card gets a functional read test before packing."""
src/content/editorial/markets/usa.json,"""answer"": ""MOQs for US orders match our standard factory minimums: custom-printed PVC cards start at 500 pieces (digital printing accepts runs as low as 100), NFC inlays and labels at 1,000 pieces (one roll), and silicone wristbands at 500 pieces. Recurring production programs typically run 1,000-5,000 pieces per SKU.""","""answer"": ""MOQs for US orders match our standard minimums: custom-printed PVC cards start at 500 pieces (digital printing accepts runs as low as 100), NFC inlays and labels at 1,000 pieces (one roll), and silicone wristbands at 500 pieces. Recurring production programs typically run 1,000-5,000 pieces per SKU."""
src/content/editorial/markets/usa.json,"""authorSlug"": ""peter-zhang"",","""authorSlug"": ""editorial-board"","
src/content/editorial/markets/usa.json,"""reviewedBySlug"": ""nancy-wu"",","""reviewedBySlug"": ""proudtek-engineering"","
src/content/editorial/markets/usa.json,"""reviewedAt"": ""2025-12-04""","""reviewedAt"": ""2025-12-04"","
src/content/editorial/markets/usa.json,,"""author"": ""Proud Tek Editorial Team"","
src/content/editorial/markets/usa.json,,"""reviewedBy"": ""Proud Tek RF / Production Engineering"""
src/content/editorial/products/all.json,"""authorSlug"": ""peter-zhang"",","""authorSlug"": ""editorial-board"","
src/content/editorial/products/all.json,"""reviewedBySlug"": ""nancy-wu"",","""reviewedBySlug"": ""proudtek-engineering"","
src/content/editorial/products/all.json,"""reviewedAt"": ""2026-04-28""","""reviewedAt"": ""2026-04-28"","
src/content/editorial/products/all.json,,"""author"": ""Proud Tek Editorial Team"","
src/content/editorial/products/all.json,,"""reviewedBy"": ""Proud Tek RF / Production Engineering"""
src/content/editorial/products/nfc-ring/nfc-ring.json,"""summary"": ""A passive NTAG213 ring: no battery, no charging, a tap gesture. Sealed in water-resistant epoxy, sized to fit, and ready for door access, gym check-in, smart business cards and tap-to-review programs. Factory-direct with logo engraving from MOQ 50."",","""summary"": ""A passive NTAG213 ring: no battery, no charging, a tap gesture. Sealed in water-resistant epoxy, sized to fit, and ready for door access, gym check-in, smart business cards and tap-to-review programs. Manufacturer-direct with logo engraving from MOQ 50."","
src/content/editorial/products/nfc-ring/nfc-ring.json,"""authorSlug"": ""peter-zhang"",","""authorSlug"": ""editorial-board"","
src/content/editorial/products/nfc-ring/nfc-ring.json,"""author"": ""Peter Zhang"",","""author"": ""Proud Tek Editorial Team"","
src/content/editorial/products/nfc-ring/nfc-ring.json,"""reviewedBySlug"": ""nancy-wu"",","""reviewedBySlug"": ""proudtek-engineering"","
src/content/editorial/products/nfc-ring/nfc-ring.json,"""reviewedBy"": ""Nancy Wu"",","""reviewedBy"": ""Proud Tek RF / Production Engineering"","
src/content/editorial/products/rfid-cards/_pillar.json,"""authorSlug"": ""peter-zhang"",","""authorSlug"": ""editorial-board"","
src/content/editorial/products/rfid-cards/_pillar.json,"""author"": ""Peter Zhang"",","""author"": ""Proud Tek Editorial Team"","
src/content/editorial/products/rfid-cards/_pillar.json,"""reviewedBySlug"": ""nancy-wu"",","""reviewedBySlug"": ""proudtek-engineering"","
src/content/editorial/products/rfid-cards/_pillar.json,"""reviewedBy"": ""Peter Zhang"",","""reviewedBy"": ""Proud Tek RF / Production Engineering"","
src/content/editorial/products/rfid-cards/_pillar.json,"""5. Pre-encoding: UID lock, sector-key programming, DESFire application layout, NDEF URL, AES-128 diversified keys per the NXP AN10922 key-diversification algorithm. Proud Tek pre-encodes in-factory under ISO/IEC 27001 controlled process.""","""5. Pre-encoding: UID lock, sector-key programming, DESFire application layout, NDEF URL, AES-128 diversified keys per the NXP AN10922 key-diversification algorithm. Proud Tek pre-encodes to your specification under a controlled, access-restricted process before shipment."""
src/content/editorial/products/rfid-cards/dual-frequency-rfid-card.json,"""text"": ""USD 0.80–2.00 /pc @ 5k–50k (indicative FOB Shenzhen range, as of Q3 2026) — firm quote in one business day.""","""text"": ""USD 0.80–2.00 /pc @ 5k–50k (indicative FOB Shenzhen range, as of Q3 2026) — written quote within 24-48 hours."""
src/content/editorial/products/rfid-cards/dual-frequency-rfid-card.json,"""authorSlug"": ""peter-zhang"",","""authorSlug"": ""editorial-board"","
src/content/editorial/products/rfid-cards/dual-frequency-rfid-card.json,"""reviewedBySlug"": ""nancy-wu"",","""reviewedBySlug"": ""proudtek-engineering"","
src/content/editorial/products/rfid-cards/dual-frequency-rfid-card.json,"""reviewedAt"": ""2025-11-06""","""reviewedAt"": ""2025-11-06"","
src/content/editorial/products/rfid-cards/dual-frequency-rfid-card.json,,"""author"": ""Proud Tek Editorial Team"","
src/content/editorial/products/rfid-cards/dual-frequency-rfid-card.json,,"""reviewedBy"": ""Proud Tek RF / Production Engineering"""
src/content/editorial/products/rfid-cards/em4100-rfid-card.json,"""text"": ""USD 0.30–0.50 /pc @ 5k–50k (indicative FOB Shenzhen range, as of Q3 2026) — firm quote in one business day.""","""text"": ""USD 0.30–0.50 /pc @ 5k–50k (indicative FOB Shenzhen range, as of Q3 2026) — written quote within 24-48 hours."""
src/content/editorial/products/rfid-cards/em4100-rfid-card.json,"""authorSlug"": ""peter-zhang"",","""authorSlug"": ""editorial-board"","
src/content/editorial/products/rfid-cards/em4100-rfid-card.json,"""author"": ""Peter Zhang"",","""author"": ""Proud Tek Editorial Team"","
src/content/editorial/products/rfid-cards/em4100-rfid-card.json,"""reviewedBySlug"": ""nancy-wu"",","""reviewedBySlug"": ""proudtek-engineering"","
src/content/editorial/products/rfid-cards/em4100-rfid-card.json,"""reviewedBy"": ""Peter Zhang"",","""reviewedBy"": ""Proud Tek RF / Production Engineering"","
src/content/editorial/products/rfid-cards/fido2-card.json,"""authorSlug"": ""peter-zhang"",","""authorSlug"": ""editorial-board"","
src/content/editorial/products/rfid-cards/fido2-card.json,"""author"": ""Peter Zhang"",","""author"": ""Proud Tek Editorial Team"","
src/content/editorial/products/rfid-cards/fido2-card.json,"""reviewedBySlug"": ""nancy-wu"",","""reviewedBySlug"": ""proudtek-engineering"","
src/content/editorial/products/rfid-cards/fido2-card.json,"""reviewedBy"": ""Nancy Wu"",","""reviewedBy"": ""Proud Tek RF / Production Engineering"","
src/content/editorial/products/rfid-cards/icode-slix-card.json,"""text"": ""USD 0.30–0.50 /pc @ 5k–50k (indicative FOB Shenzhen range, as of Q3 2026) — firm quote in one business day.""","""text"": ""USD 0.30–0.50 /pc @ 5k–50k (indicative FOB Shenzhen range, as of Q3 2026) — written quote within 24-48 hours."""
src/content/editorial/products/rfid-cards/icode-slix-card.json,"""authorSlug"": ""peter-zhang"",","""authorSlug"": ""editorial-board"","
src/content/editorial/products/rfid-cards/icode-slix-card.json,"""author"": ""Peter Zhang"",","""author"": ""Proud Tek Editorial Team"","
src/content/editorial/products/rfid-cards/icode-slix-card.json,"""reviewedBySlug"": ""nancy-wu"",","""reviewedBySlug"": ""proudtek-engineering"","
src/content/editorial/products/rfid-cards/icode-slix-card.json,"""reviewedBy"": ""Peter Zhang"",","""reviewedBy"": ""Proud Tek RF / Production Engineering"","
src/content/editorial/products/rfid-cards/java-card.json,"""summary"": ""Java Card smart cards run multiple certified applications on one chip behind an open-card-framework OS - banking-grade security silicon repurposed for corporate ID, transit and closed-loop programs. Factory-direct supply with custom print and personalization profiles."",","""summary"": ""Java Card smart cards run multiple certified applications on one chip behind an open-card-framework OS - banking-grade security silicon repurposed for corporate ID, transit and closed-loop programs. Manufacturer-direct supply with custom print and personalization profiles."","
src/content/editorial/products/rfid-cards/java-card.json,"""Factory-direct from Proud Tek: card body, printing and chip personalization profiles handled in-house - MOQ 500 per chip type with written quotes and lead times held before tooling.""","""Manufacturer-direct from Proud Tek: card body, printing and chip personalization profiles specified and quality-controlled by us and produced on our partner lines - MOQ 500 per chip type with written quotes and lead times held before tooling."""
src/content/editorial/products/rfid-cards/java-card.json,"""authorSlug"": ""peter-zhang"",","""authorSlug"": ""editorial-board"","
src/content/editorial/products/rfid-cards/java-card.json,"""author"": ""Peter Zhang"",","""author"": ""Proud Tek Editorial Team"","
src/content/editorial/products/rfid-cards/java-card.json,"""reviewedBySlug"": ""nancy-wu"",","""reviewedBySlug"": ""proudtek-engineering"","
src/content/editorial/products/rfid-cards/java-card.json,"""reviewedBy"": ""Nancy Wu"",","""reviewedBy"": ""Proud Tek RF / Production Engineering"","
src/content/editorial/products/rfid-cards/java-card.json,"""title"": ""Factory personalization - where Proud Tek fits"",","""title"": ""Pre-issuance personalization - where Proud Tek fits"","
src/content/editorial/products/rfid-cards/java-card.json,"""question"": ""Can Proud Tek load our applets at the factory?"",","""question"": ""Can Proud Tek load our applets before shipment?"","
src/content/editorial/products/rfid-cards/legic-card.json,"""Factory-direct from Proud Tek: card body, printing and serialization handled in-house - MOQ 500 per token type with written quotes and lead times held before tooling.""","""Manufacturer-direct from Proud Tek: card body, printing and serialization specified and quality-controlled by us and produced on our partner lines - MOQ 500 per token type with written quotes and lead times held before tooling."""
src/content/editorial/products/rfid-cards/legic-card.json,"""authorSlug"": ""peter-zhang"",","""authorSlug"": ""editorial-board"","
src/content/editorial/products/rfid-cards/legic-card.json,"""author"": ""Peter Zhang"",","""author"": ""Proud Tek Editorial Team"","
src/content/editorial/products/rfid-cards/legic-card.json,"""reviewedBySlug"": ""nancy-wu"",","""reviewedBySlug"": ""proudtek-engineering"","
src/content/editorial/products/rfid-cards/legic-card.json,"""reviewedBy"": ""Nancy Wu"",","""reviewedBy"": ""Proud Tek RF / Production Engineering"","
src/content/editorial/products/rfid-cards/mifare-classic-1k-card.json,"""text"": ""USD 0.30–0.50 /pc @ 5k–50k (indicative FOB Shenzhen range, as of Q3 2026) — firm quote in one business day.""","""text"": ""USD 0.30–0.50 /pc @ 5k–50k (indicative FOB Shenzhen range, as of Q3 2026) — written quote within 24-48 hours."""
src/content/editorial/products/rfid-cards/mifare-classic-1k-card.json,"""authorSlug"": ""peter-zhang"",","""authorSlug"": ""editorial-board"","
src/content/editorial/products/rfid-cards/mifare-classic-1k-card.json,"""author"": ""Peter Zhang"",","""author"": ""Proud Tek Editorial Team"","
src/content/editorial/products/rfid-cards/mifare-classic-1k-card.json,"""reviewedBySlug"": ""nancy-wu"",","""reviewedBySlug"": ""proudtek-engineering"","
src/content/editorial/products/rfid-cards/mifare-classic-1k-card.json,"""reviewedBy"": ""Peter Zhang"",","""reviewedBy"": ""Proud Tek RF / Production Engineering"","
src/content/editorial/products/rfid-cards/mifare-desfire-ev3-card.json,"""text"": ""USD 0.80–2.00 /pc @ 5k–50k (indicative FOB Shenzhen range, as of Q3 2026) — firm quote in one business day.""","""text"": ""USD 0.80–2.00 /pc @ 5k–50k (indicative FOB Shenzhen range, as of Q3 2026) — written quote within 24-48 hours."""
src/content/editorial/products/rfid-cards/mifare-desfire-ev3-card.json,"""authorSlug"": ""peter-zhang"",","""authorSlug"": ""editorial-board"","
src/content/editorial/products/rfid-cards/mifare-desfire-ev3-card.json,"""author"": ""Peter Zhang"",","""author"": ""Proud Tek Editorial Team"","
src/content/editorial/products/rfid-cards/mifare-desfire-ev3-card.json,"""reviewedBySlug"": ""nancy-wu"",","""reviewedBySlug"": ""proudtek-engineering"","
src/content/editorial/products/rfid-cards/mifare-desfire-ev3-card.json,"""reviewedBy"": ""Peter Zhang"",","""reviewedBy"": ""Proud Tek RF / Production Engineering"","
src/content/editorial/products/rfid-cards/mifare-plus-se-card.json,"""text"": ""USD 0.80–2.00 /pc @ 5k–50k (indicative FOB Shenzhen range, as of Q3 2026) — firm quote in one business day.""","""text"": ""USD 0.80–2.00 /pc @ 5k–50k (indicative FOB Shenzhen range, as of Q3 2026) — written quote within 24-48 hours."""
src/content/editorial/products/rfid-cards/mifare-plus-se-card.json,"""authorSlug"": ""peter-zhang"",","""authorSlug"": ""editorial-board"","
src/content/editorial/products/rfid-cards/mifare-plus-se-card.json,"""author"": ""Peter Zhang"",","""author"": ""Proud Tek Editorial Team"","
src/content/editorial/products/rfid-cards/mifare-plus-se-card.json,"""reviewedBySlug"": ""nancy-wu"",","""reviewedBySlug"": ""proudtek-engineering"","
src/content/editorial/products/rfid-cards/mifare-plus-se-card.json,"""reviewedBy"": ""Peter Zhang"",","""reviewedBy"": ""Proud Tek RF / Production Engineering"","
src/content/editorial/products/rfid-cards/mifare-ultralight-c-card.json,"""text"": ""USD 0.30–0.50 /pc @ 5k–50k (indicative FOB Shenzhen range, as of Q3 2026) — firm quote in one business day.""","""text"": ""USD 0.30–0.50 /pc @ 5k–50k (indicative FOB Shenzhen range, as of Q3 2026) — written quote within 24-48 hours."""
src/content/editorial/products/rfid-cards/mifare-ultralight-c-card.json,"""title"": ""Factory pre-encoding + manifests"",","""title"": ""Pre-encoding + manifests"","
src/content/editorial/products/rfid-cards/mifare-ultralight-c-card.json,"""answer"": ""MOQ 500 for blank white Ultralight C; 1,000 for custom-printed stock. Lead time is 10-15 business days for custom printed batches and 2-3 business days for blank stock from Proud Tek's factory inventory. Per-card key diversification, UID manifests, NDEF pre-encoding, thin 0.3 mm PET, and paper / Tyvek inlay variants are all available without MOQ uplift.""","""answer"": ""MOQ 500 for blank white Ultralight C; 1,000 for custom-printed stock. Lead time is 10-15 business days for custom printed batches and 2-3 business days for blank stock from Proud Tek's stock. Per-card key diversification, UID manifests, NDEF pre-encoding, thin 0.3 mm PET, and paper / Tyvek inlay variants are all available without MOQ uplift."""
src/content/editorial/products/rfid-cards/mifare-ultralight-c-card.json,"""authorSlug"": ""peter-zhang"",","""authorSlug"": ""editorial-board"","
src/content/editorial/products/rfid-cards/mifare-ultralight-c-card.json,"""reviewedBySlug"": ""nancy-wu"",","""reviewedBySlug"": ""proudtek-engineering"","
src/content/editorial/products/rfid-cards/mifare-ultralight-c-card.json,"""reviewedAt"": ""2026-03-15""","""reviewedAt"": ""2026-03-15"","
src/content/editorial/products/rfid-cards/mifare-ultralight-c-card.json,,"""author"": ""Proud Tek Editorial Team"","
src/content/editorial/products/rfid-cards/mifare-ultralight-c-card.json,,"""reviewedBy"": ""Proud Tek RF / Production Engineering"""
src/content/editorial/products/rfid-cards/nfc-card-custom-printing.json,"""summary"": ""Custom-printed 13.56 MHz NFC cards start at MOQ 100 (UV digital) or 500 (CMYK offset) and ship 10-15 working days after artwork sign-off, chip encoding included. Offset runs carry exact Pantone spot colors for volume brand programs; UV digital handles short runs and per-card variable data such as unique QR codes and serial numbers. Available with NTAG 213, NTAG 215, NTAG 216, MIFARE Classic, and MIFARE DESFire chips on PVC, PET, or eco-friendly substrates — ordered directly from Proud Tek's ISO 9001-certified Shenzhen factory."",","""summary"": ""Custom-printed 13.56 MHz NFC cards start at MOQ 100 (UV digital) or 500 (CMYK offset) and ship 10-15 working days after artwork sign-off, chip encoding included. Offset runs carry exact Pantone spot colors for volume brand programs; UV digital handles short runs and per-card variable data such as unique QR codes and serial numbers. Available with NTAG 213, NTAG 215, NTAG 216, MIFARE Classic, and MIFARE DESFire chips on PVC, PET, or eco-friendly substrates — ordered directly from Proud Tek, whose ISO 9001-certified sales and supplier-management operation in Shenzhen specifies and quality-controls every batch."","
src/content/editorial/products/rfid-cards/nfc-card-custom-printing.json,"""intro"": ""Choosing a print process is less a matter of taste than of run size — with a color-fidelity clause for brands that police their Pantone. The panel below settles most quotes in one read; the full in-house capability list, including screen printing and security inks, lives on the [card printing service page](/lp/custom-rfid-card-printing/)."",","""intro"": ""Choosing a print process is less a matter of taste than of run size — with a color-fidelity clause for brands that police their Pantone. The panel below settles most quotes in one read; the full list of print capabilities we specify, including screen printing and security inks, lives on the [card printing service page](/lp/custom-rfid-card-printing/)."","
src/content/editorial/products/rfid-cards/nfc-card-custom-printing.json,"""intro"": ""Six processes run in-house, and each earns its keep on a different job. Read the MOQ column as the honest gatekeeper: below it, setup costs own the invoice; above it, the process disappears into the per-card price. Wood and metal bodies bring their own marking physics — see the [standard RFID wood card](/products/rfid-cards/standard-rfid-wood-card/) for what a laser does to grain."",","""intro"": ""Six processes run on our partner lines to our specification, and each earns its keep on a different job. Read the MOQ column as the honest gatekeeper: below it, setup costs own the invoice; above it, the process disappears into the per-card price. Wood and metal bodies bring their own marking physics — see the [standard RFID wood card](/products/rfid-cards/standard-rfid-wood-card/) for what a laser does to grain."","
src/content/editorial/products/rfid-cards/nfc-card-custom-printing.json,"""intro"": ""Between “approved” and “on a pallet” sits a fixed sequence with three approval gates, and the gates are where changes cost nothing — after plate burn, they cost a run. Chip data rides the same line: encoding happens in-house before final QC, so the printed card and its payload never travel separately. The data side of that handshake is covered on the [card encoding service](/lp/rfid-card-encoding-service/) page."",","""intro"": ""Between “approved” and “on a pallet” sits a fixed sequence with three approval gates, and the gates are where changes cost nothing — after plate burn, they cost a run. Chip data rides the same line: encoding happens on our partner lines to our specification before final QC, so the printed card and its payload never travel separately. The data side of that handshake is covered on the [card encoding service](/lp/rfid-card-encoding-service/) page."","
src/content/editorial/products/rfid-cards/nfc-card-custom-printing.json,"""answer"": ""Offset runs of 500-10,000 custom-printed NFC cards ship 10-15 working days after artwork sign-off; UV digital short runs with variable data ship in 7-10 working days. Chip encoding and visual QC happen inside those windows, and DDP or FOB shipping from the Shenzhen factory is quoted per destination.""","""answer"": ""Offset runs of 500-10,000 custom-printed NFC cards ship 10-15 working days after artwork sign-off; UV digital short runs with variable data ship in 7-10 working days. Chip encoding and visual QC happen inside those windows, and DDP or FOB shipping from Shenzhen is quoted per destination."""
src/content/editorial/products/rfid-cards/nfc-card-custom-printing.json,"""label"": ""View our RFID card factory capabilities""","""label"": ""View our RFID card production capabilities"""
src/content/editorial/products/rfid-cards/nfc-card-custom-printing.json,"""authorSlug"": ""peter-zhang"",","""authorSlug"": ""editorial-board"","
src/content/editorial/products/rfid-cards/nfc-card-custom-printing.json,"""reviewedBySlug"": ""nancy-wu"",","""reviewedBySlug"": ""proudtek-engineering"","
src/content/editorial/products/rfid-cards/nfc-card-custom-printing.json,"""reviewedAt"": ""2026-04-07""","""reviewedAt"": ""2026-04-07"","
src/content/editorial/products/rfid-cards/nfc-card-custom-printing.json,,"""author"": ""Proud Tek Editorial Team"","
src/content/editorial/products/rfid-cards/nfc-card-custom-printing.json,,"""reviewedBy"": ""Proud Tek RF / Production Engineering"""
src/content/editorial/products/rfid-cards/nfc-warranty-card.json,"""authorSlug"": ""peter-zhang"",","""authorSlug"": ""editorial-board"","
src/content/editorial/products/rfid-cards/nfc-warranty-card.json,"""reviewedBySlug"": ""nancy-wu"",","""reviewedBySlug"": ""proudtek-engineering"","
src/content/editorial/products/rfid-cards/nfc-warranty-card.json,"""reviewedAt"": ""2025-12-13""","""reviewedAt"": ""2025-12-13"","
src/content/editorial/products/rfid-cards/nfc-warranty-card.json,,"""author"": ""Proud Tek Editorial Team"","
src/content/editorial/products/rfid-cards/nfc-warranty-card.json,,"""reviewedBy"": ""Proud Tek RF / Production Engineering"""
src/content/editorial/products/rfid-cards/ntag424-dna-tt-card.json,"""authorSlug"": ""peter-zhang"",","""authorSlug"": ""editorial-board"","
src/content/editorial/products/rfid-cards/ntag424-dna-tt-card.json,"""author"": ""Peter Zhang"",","""author"": ""Proud Tek Editorial Team"","
src/content/editorial/products/rfid-cards/ntag424-dna-tt-card.json,"""reviewedBySlug"": ""nancy-wu"",","""reviewedBySlug"": ""proudtek-engineering"","
src/content/editorial/products/rfid-cards/ntag424-dna-tt-card.json,"""reviewedBy"": ""Peter Zhang"",","""reviewedBy"": ""Proud Tek RF / Production Engineering"","
src/content/editorial/products/rfid-cards/rfid-bamboo-card.json,"""text"": ""USD 0.60–2.50 /pc by material (indicative FOB Shenzhen range, as of Q3 2026) — firm quote in one business day.""","""text"": ""USD 0.60–2.50 /pc by material (indicative FOB Shenzhen range, as of Q3 2026) — written quote within 24-48 hours."""
src/content/editorial/products/rfid-cards/rfid-bamboo-card.json,"""authorSlug"": ""peter-zhang"",","""authorSlug"": ""editorial-board"","
src/content/editorial/products/rfid-cards/rfid-bamboo-card.json,"""author"": ""Peter Zhang"",","""author"": ""Proud Tek Editorial Team"","
src/content/editorial/products/rfid-cards/rfid-bamboo-card.json,"""reviewedBySlug"": ""nancy-wu"",","""reviewedBySlug"": ""proudtek-engineering"","
src/content/editorial/products/rfid-cards/rfid-bamboo-card.json,"""reviewedBy"": ""Peter Zhang"",","""reviewedBy"": ""Proud Tek RF / Production Engineering"","
src/content/editorial/products/rfid-cards/rfid-blocking-card.json,"""authorSlug"": ""peter-zhang"",","""authorSlug"": ""editorial-board"","
src/content/editorial/products/rfid-cards/rfid-blocking-card.json,"""author"": ""Peter Zhang"",","""author"": ""Proud Tek Editorial Team"","
src/content/editorial/products/rfid-cards/rfid-blocking-card.json,"""reviewedBySlug"": ""nancy-wu"",","""reviewedBySlug"": ""proudtek-engineering"","
src/content/editorial/products/rfid-cards/rfid-blocking-card.json,"""reviewedBy"": ""Peter Zhang"",","""reviewedBy"": ""Proud Tek RF / Production Engineering"","
src/content/editorial/products/rfid-cards/rfid-card-assa-abloy-compatible.json,"""Unit economics shift sharply at MOQ — OEM-branded replacement cards typically retail at USD 0.35-0.55 per card at small volumes, and factory-direct MIFARE Classic lands in the USD 0.30-0.50 band at 5,000-50,000 units; DESFire is 2-3× Classic per-unit but still meaningfully below OEM DESFire pricing.""","""Unit economics shift sharply at MOQ — OEM-branded replacement cards typically retail at USD 0.35-0.55 per card at small volumes, and manufacturer-direct MIFARE Classic lands in the USD 0.30-0.50 band at 5,000-50,000 units; DESFire is 2-3× Classic per-unit but still meaningfully below OEM DESFire pricing."""
src/content/editorial/products/rfid-cards/rfid-card-assa-abloy-compatible.json,"""Dual-source sourcing (OEM for new-platform certified installs, factory-direct for steady-state replacement) is a common operator pattern and is explicitly compatible with Assa Abloy's standard hospitality warranty and support terms.""","""Dual-source sourcing (OEM for new-platform certified installs, manufacturer-direct for steady-state replacement) is a common operator pattern and is explicitly compatible with Assa Abloy's standard hospitality warranty and support terms."""
src/content/editorial/products/rfid-cards/rfid-card-assa-abloy-compatible.json,"""Encoding happens at the front desk with your existing Assa Abloy or Vostio encoder — factory-direct cards arrive blank or UID-pre-allocated, so site keys and guest-session logic never leave operator IT."",","""Encoding happens at the front desk with your existing Assa Abloy or Vostio encoder — manufacturer-direct cards arrive blank or UID-pre-allocated, so site keys and guest-session logic never leave operator IT."","
src/content/editorial/products/rfid-cards/rfid-card-assa-abloy-compatible.json,"""Per-card USD 0.30-0.50 at factory-direct MOQ"",","""Per-card USD 0.30-0.50 at manufacturer-direct MOQ"","
src/content/editorial/products/rfid-cards/rfid-card-assa-abloy-compatible.json,"""Per-card USD 0.80-2.00 at factory-direct MOQ (2-3× Classic)"",","""Per-card USD 0.80-2.00 at manufacturer-direct MOQ (2-3× Classic)"","
src/content/editorial/products/rfid-cards/rfid-card-assa-abloy-compatible.json,"""intro"": ""One sober paragraph before the grid: Proud Tek is an independent factory. Assa Abloy, VingCard and Vostio are trademarks of their respective owners, named here to identify which lock platforms these non-OEM aftermarket cards are manufactured to work with — nothing on this page implies endorsement by the lock vendor. Per-model depth (door thickness, lock-case variants, back-end lifecycle) lives in the [Vingcard compatibility guide](/compatibility/vingcard-hotel-key-cards/); whatever any matrix says, the deciding gate is sample stock validated on your own encoder."",","""intro"": ""One sober paragraph before the grid: Proud Tek is an independent supplier with no tie to any lock vendor. Assa Abloy, VingCard and Vostio are trademarks of their respective owners, named here to identify which lock platforms these non-OEM aftermarket cards are manufactured to work with — nothing on this page implies endorsement by the lock vendor. Per-model depth (door thickness, lock-case variants, back-end lifecycle) lives in the [Vingcard compatibility guide](/compatibility/vingcard-hotel-key-cards/); whatever any matrix says, the deciding gate is sample stock validated on your own encoder."","
src/content/editorial/products/rfid-cards/rfid-card-assa-abloy-compatible.json,"""title"": ""The factory-direct cost differential, decomposed"",","""title"": ""The manufacturer-direct cost differential, decomposed"","
src/content/editorial/products/rfid-cards/rfid-card-assa-abloy-compatible.json,"""heading"": ""Typical delta between OEM and factory-direct replacement cards"",","""heading"": ""Typical delta between OEM and manufacturer-direct replacement cards"","
src/content/editorial/products/rfid-cards/rfid-card-assa-abloy-compatible.json,"""text"": ""At MOQ 5,000-50,000 the same MIFARE Classic 1K silicon lands at USD 0.30-0.50 factory-direct versus USD 0.35-0.55 OEM-branded; DESFire EV3 runs 2-3× Classic in both channels, preserving the 30-50% differential. The delta is structural — it reflects channel mark-up on a commodity consumable rather than any difference in chip, air-interface conformance or encoding acceptance."",","""text"": ""At MOQ 5,000-50,000 the same MIFARE Classic 1K silicon lands at USD 0.30-0.50 manufacturer-direct versus USD 0.35-0.55 OEM-branded; DESFire EV3 runs 2-3× Classic in both channels, preserving the 30-50% differential. The delta is structural — it reflects channel mark-up on a commodity consumable rather than any difference in chip, air-interface conformance or encoding acceptance."","
src/content/editorial/products/rfid-cards/rfid-card-assa-abloy-compatible.json,"""MIFARE Classic 1K factory-direct at 5,000-50,000 units: USD 0.30-0.50 per card, printed one colour both sides."",","""MIFARE Classic 1K manufacturer-direct at 5,000-50,000 units: USD 0.30-0.50 per card, printed one colour both sides."","
src/content/editorial/products/rfid-cards/rfid-card-assa-abloy-compatible.json,"""MIFARE DESFire EV3 factory-direct at 5,000-50,000 units: USD 0.80-2.00 per card, printed one colour both sides."",","""MIFARE DESFire EV3 manufacturer-direct at 5,000-50,000 units: USD 0.80-2.00 per card, printed one colour both sides."","
src/content/editorial/products/rfid-cards/rfid-card-assa-abloy-compatible.json,"""text"": ""Reference operating practice across hotel-chain-flagship, boutique-resort, extended-stay, student-housing, and cruise-cabin programmes converge on a dual-sourced supply model: one OEM relationship for new-platform certification, one factory-direct supplier for steady-state replacement volume, with DESFire EV3 as the default chip for new issuance and Classic 1K kept only on the legacy installed base.""","""text"": ""Reference operating practice across hotel-chain-flagship, boutique-resort, extended-stay, student-housing, and cruise-cabin programmes converge on a dual-sourced supply model: one OEM relationship for new-platform certification, one manufacturer-direct supplier for steady-state replacement volume, with DESFire EV3 as the default chip for new issuance and Classic 1K kept only on the legacy installed base."""
src/content/editorial/products/rfid-cards/rfid-card-assa-abloy-compatible.json,"""answer"": ""No. Assa Abloy Hospitality lock warranties cover the lock mechanism and electronics, not the consumable credential. The card is an ISO/IEC 14443-A open-standard article, and Magnuson-Moss Warranty Act §2302(c) explicitly blocks tying a consumer warranty to the use of a named-brand consumable absent an FTC waiver — the same principle behind third-party printer cartridges. Thousands of properties run factory-direct MIFARE cards on VingCard and Vostio installations without warranty impact.""","""answer"": ""No. Assa Abloy Hospitality lock warranties cover the lock mechanism and electronics, not the consumable credential. The card is an ISO/IEC 14443-A open-standard article, and Magnuson-Moss Warranty Act §2302(c) explicitly blocks tying a consumer warranty to the use of a named-brand consumable absent an FTC waiver — the same principle behind third-party printer cartridges. Thousands of properties run manufacturer-direct MIFARE cards on VingCard and Vostio installations without warranty impact."""
src/content/editorial/products/rfid-cards/rfid-card-assa-abloy-compatible.json,"""authorSlug"": ""peter-zhang"",","""authorSlug"": ""editorial-board"","
src/content/editorial/products/rfid-cards/rfid-card-assa-abloy-compatible.json,"""reviewedBySlug"": ""nancy-wu"",","""reviewedBySlug"": ""proudtek-engineering"","
src/content/editorial/products/rfid-cards/rfid-card-assa-abloy-compatible.json,"""reviewedAt"": ""2025-12-02""","""reviewedAt"": ""2025-12-02"","
src/content/editorial/products/rfid-cards/rfid-card-assa-abloy-compatible.json,,"""author"": ""Proud Tek Editorial Team"","
src/content/editorial/products/rfid-cards/rfid-card-assa-abloy-compatible.json,,"""reviewedBy"": ""Proud Tek RF / Production Engineering"""
src/content/editorial/products/rfid-cards/rfid-card-magnetic-stripe-combo.json,"""Dual-source procurement (OEM for new-platform certification, factory-direct for steady-state replacement) applies to combo cards exactly as it does to RFID-only cards.""","""Dual-source procurement (OEM for new-platform certification, manufacturer-direct for steady-state replacement) applies to combo cards exactly as it does to RFID-only cards."""
src/content/editorial/products/rfid-cards/rfid-card-magnetic-stripe-combo.json,"""answer"": ""Yes. Standard desktop encoders from HID Fargo, Magicard, Evolis, Entrust, and Zebra support dual-rail encoding in one pass — magstripe tracks and RFID chip programmed simultaneously during print. Proud Tek also offers factory pre-encoding with per-card CSV manifest for bulk issuance scenarios where the operator wants cards arriving ready-to-issue.""","""answer"": ""Yes. Standard desktop encoders from HID Fargo, Magicard, Evolis, Entrust, and Zebra support dual-rail encoding in one pass — magstripe tracks and RFID chip programmed simultaneously during print. Proud Tek also offers pre-encoding with per-card CSV manifest for bulk issuance scenarios where the operator wants cards arriving ready-to-issue."""
src/content/editorial/products/rfid-cards/rfid-card-magnetic-stripe-combo.json,"""authorSlug"": ""peter-zhang"",","""authorSlug"": ""editorial-board"","
src/content/editorial/products/rfid-cards/rfid-card-magnetic-stripe-combo.json,"""reviewedBySlug"": ""nancy-wu"",","""reviewedBySlug"": ""proudtek-engineering"","
src/content/editorial/products/rfid-cards/rfid-card-magnetic-stripe-combo.json,"""reviewedAt"": ""2026-01-10""","""reviewedAt"": ""2026-01-10"","
src/content/editorial/products/rfid-cards/rfid-card-magnetic-stripe-combo.json,,"""author"": ""Proud Tek Editorial Team"","
src/content/editorial/products/rfid-cards/rfid-card-magnetic-stripe-combo.json,,"""reviewedBy"": ""Proud Tek RF / Production Engineering"""
src/content/editorial/products/rfid-cards/rfid-employee-badge.json,"""text"": ""USD 0.30–0.50 /pc @ 5k–50k (indicative FOB Shenzhen range, as of Q3 2026) — firm quote in one business day.""","""text"": ""USD 0.30–0.50 /pc @ 5k–50k (indicative FOB Shenzhen range, as of Q3 2026) — written quote within 24-48 hours."""
src/content/editorial/products/rfid-cards/rfid-employee-badge.json,"""authorSlug"": ""peter-zhang"",","""authorSlug"": ""editorial-board"","
src/content/editorial/products/rfid-cards/rfid-employee-badge.json,"""author"": ""Peter Zhang"",","""author"": ""Proud Tek Editorial Team"","
src/content/editorial/products/rfid-cards/rfid-employee-badge.json,"""reviewedBySlug"": ""nancy-wu"",","""reviewedBySlug"": ""proudtek-engineering"","
src/content/editorial/products/rfid-cards/rfid-employee-badge.json,"""reviewedBy"": ""Peter Zhang"",","""reviewedBy"": ""Proud Tek RF / Production Engineering"","
src/content/editorial/products/rfid-cards/rfid-gift-card.json,"""authorSlug"": ""peter-zhang"",","""authorSlug"": ""editorial-board"","
src/content/editorial/products/rfid-cards/rfid-gift-card.json,"""reviewedBySlug"": ""nancy-wu"",","""reviewedBySlug"": ""proudtek-engineering"","
src/content/editorial/products/rfid-cards/rfid-gift-card.json,"""reviewedAt"": ""2026-01-29""","""reviewedAt"": ""2026-01-29"","
src/content/editorial/products/rfid-cards/rfid-gift-card.json,,"""author"": ""Proud Tek Editorial Team"","
src/content/editorial/products/rfid-cards/rfid-gift-card.json,,"""reviewedBy"": ""Proud Tek RF / Production Engineering"""
src/content/editorial/products/rfid-cards/rfid-loyalty-card.json,"""answer"": ""Yes. Proud Tek factory pre-encodes the chip UID and an optional NDEF URL, and ships a per-card manifest for import into your loyalty engine — Yotpo, Annex Cloud, Smile.io, Voucherify, Loyalty Lion, or a custom back-end. The card itself is only a UID carrier: the member record, points and tier live in the back-end, which keeps personal data off the card and lets GDPR access, erasure and portability requests be served from one system. If the card later carries a stored-value or payment-linked balance, PCI-DSS v4.0 scope applies to the back-end and POS path, not to the card.""","""answer"": ""Yes. Proud Tek pre-encodes the chip UID and an optional NDEF URL, and ships a per-card manifest for import into your loyalty engine — Yotpo, Annex Cloud, Smile.io, Voucherify, Loyalty Lion, or a custom back-end. The card itself is only a UID carrier: the member record, points and tier live in the back-end, which keeps personal data off the card and lets GDPR access, erasure and portability requests be served from one system. If the card later carries a stored-value or payment-linked balance, PCI-DSS v4.0 scope applies to the back-end and POS path, not to the card."""
src/content/editorial/products/rfid-cards/rfid-loyalty-card.json,"""authorSlug"": ""peter-zhang"",","""authorSlug"": ""editorial-board"","
src/content/editorial/products/rfid-cards/rfid-loyalty-card.json,"""reviewedBySlug"": ""nancy-wu"",","""reviewedBySlug"": ""proudtek-engineering"","
src/content/editorial/products/rfid-cards/rfid-loyalty-card.json,"""reviewedAt"": ""2026-01-22""","""reviewedAt"": ""2026-01-22"","
src/content/editorial/products/rfid-cards/rfid-loyalty-card.json,,"""author"": ""Proud Tek Editorial Team"","
src/content/editorial/products/rfid-cards/rfid-loyalty-card.json,,"""reviewedBy"": ""Proud Tek RF / Production Engineering"""
src/content/editorial/products/rfid-cards/rfid-membership-card.json,"""Full premium finishing in-house: foil stamping (gold, silver, holographic), embossing, spot UV, matte or gloss lamination. One supplier handles the RFID chip and the premium card finishing required for club and association brand standards."",","""Full premium finishing to our specification: foil stamping (gold, silver, holographic), embossing, spot UV, matte or gloss lamination. One supplier handles the RFID chip and the premium card finishing required for club and association brand standards."","
src/content/editorial/products/rfid-cards/rfid-membership-card.json,"""authorSlug"": ""peter-zhang"",","""authorSlug"": ""editorial-board"","
src/content/editorial/products/rfid-cards/rfid-membership-card.json,"""reviewedBySlug"": ""nancy-wu"",","""reviewedBySlug"": ""proudtek-engineering"","
src/content/editorial/products/rfid-cards/rfid-membership-card.json,"""reviewedAt"": ""2026-02-04""","""reviewedAt"": ""2026-02-04"","
src/content/editorial/products/rfid-cards/rfid-membership-card.json,,"""author"": ""Proud Tek Editorial Team"","
src/content/editorial/products/rfid-cards/rfid-membership-card.json,,"""reviewedBy"": ""Proud Tek RF / Production Engineering"""
src/content/editorial/products/rfid-cards/rfid-metal-business-card.json,"""authorSlug"": ""peter-zhang"",","""authorSlug"": ""editorial-board"","
src/content/editorial/products/rfid-cards/rfid-metal-business-card.json,"""author"": ""Peter Zhang"",","""author"": ""Proud Tek Editorial Team"","
src/content/editorial/products/rfid-cards/rfid-metal-business-card.json,"""reviewedBySlug"": ""nancy-wu"",","""reviewedBySlug"": ""proudtek-engineering"","
src/content/editorial/products/rfid-cards/rfid-metal-business-card.json,"""reviewedBy"": ""Peter Zhang"",","""reviewedBy"": ""Proud Tek RF / Production Engineering"","
src/content/editorial/products/rfid-cards/rfid-parking-card.json,"""authorSlug"": ""peter-zhang"",","""authorSlug"": ""editorial-board"","
src/content/editorial/products/rfid-cards/rfid-parking-card.json,"""reviewedBySlug"": ""nancy-wu"",","""reviewedBySlug"": ""proudtek-engineering"","
src/content/editorial/products/rfid-cards/rfid-parking-card.json,"""reviewedAt"": ""2026-02-26""","""reviewedAt"": ""2026-02-26"","
src/content/editorial/products/rfid-cards/rfid-parking-card.json,,"""author"": ""Proud Tek Editorial Team"","
src/content/editorial/products/rfid-cards/rfid-parking-card.json,,"""reviewedBy"": ""Proud Tek RF / Production Engineering"""
src/content/editorial/products/rfid-cards/rfid-student-id-card.json,"""authorSlug"": ""peter-zhang"",","""authorSlug"": ""editorial-board"","
src/content/editorial/products/rfid-cards/rfid-student-id-card.json,"""author"": ""Peter Zhang"",","""author"": ""Proud Tek Editorial Team"","
src/content/editorial/products/rfid-cards/rfid-student-id-card.json,"""reviewedBySlug"": ""nancy-wu"",","""reviewedBySlug"": ""proudtek-engineering"","
src/content/editorial/products/rfid-cards/rfid-student-id-card.json,"""reviewedBy"": ""Peter Zhang"",","""reviewedBy"": ""Proud Tek RF / Production Engineering"","
src/content/editorial/products/rfid-cards/rfid-wooden-card.json,"""text"": ""USD 0.60–2.50 /pc by material (indicative FOB Shenzhen range, as of Q3 2026) — firm quote in one business day.""","""text"": ""USD 0.60–2.50 /pc by material (indicative FOB Shenzhen range, as of Q3 2026) — written quote within 24-48 hours."""
src/content/editorial/products/rfid-cards/rfid-wooden-card.json,"""authorSlug"": ""peter-zhang"",","""authorSlug"": ""editorial-board"","
src/content/editorial/products/rfid-cards/rfid-wooden-card.json,"""author"": ""Peter Zhang"",","""author"": ""Proud Tek Editorial Team"","
src/content/editorial/products/rfid-cards/rfid-wooden-card.json,"""reviewedBySlug"": ""nancy-wu"",","""reviewedBySlug"": ""proudtek-engineering"","
src/content/editorial/products/rfid-cards/rfid-wooden-card.json,"""reviewedBy"": ""Peter Zhang"",","""reviewedBy"": ""Proud Tek RF / Production Engineering"","
src/content/editorial/products/rfid-cards/standard-rfid-wood-card.json,"""text"": ""USD 0.60–2.50 /pc by material (indicative FOB Shenzhen range, as of Q3 2026) — firm quote in one business day.""","""text"": ""USD 0.60–2.50 /pc by material (indicative FOB Shenzhen range, as of Q3 2026) — written quote within 24-48 hours."""
src/content/editorial/products/rfid-cards/standard-rfid-wood-card.json,"""Thermal retransfer, full-color, printable in-house""","""Thermal retransfer, full-color, printable by the issuer"""
src/content/editorial/products/rfid-cards/standard-rfid-wood-card.json,"""authorSlug"": ""peter-zhang"",","""authorSlug"": ""editorial-board"","
src/content/editorial/products/rfid-cards/standard-rfid-wood-card.json,"""reviewedBySlug"": ""nancy-wu"",","""reviewedBySlug"": ""proudtek-engineering"","
src/content/editorial/products/rfid-cards/standard-rfid-wood-card.json,],"],"
src/content/editorial/products/rfid-cards/standard-rfid-wood-card.json,,"""author"": ""Proud Tek Editorial Team"","
src/content/editorial/products/rfid-cards/standard-rfid-wood-card.json,,"""reviewedBy"": ""Proud Tek RF / Production Engineering"""
src/content/editorial/products/rfid-cards/transparent-nfc-card.json,"""text"": ""USD 0.60–2.50 /pc by material (indicative FOB Shenzhen range, as of Q3 2026) — firm quote in one business day.""","""text"": ""USD 0.60–2.50 /pc by material (indicative FOB Shenzhen range, as of Q3 2026) — written quote within 24-48 hours."""
src/content/editorial/products/rfid-cards/transparent-nfc-card.json,"""authorSlug"": ""peter-zhang"",","""authorSlug"": ""editorial-board"","
src/content/editorial/products/rfid-cards/transparent-nfc-card.json,"""reviewedBySlug"": ""nancy-wu"",","""reviewedBySlug"": ""proudtek-engineering"","
src/content/editorial/products/rfid-cards/transparent-nfc-card.json,"""reviewedAt"": ""2026-01-22""","""reviewedAt"": ""2026-01-22"","
src/content/editorial/products/rfid-cards/transparent-nfc-card.json,,"""author"": ""Proud Tek Editorial Team"","
src/content/editorial/products/rfid-cards/transparent-nfc-card.json,,"""reviewedBy"": ""Proud Tek RF / Production Engineering"""
src/content/editorial/products/rfid-cards/uhf-rfid-card.json,"""text"": ""USD 0.30–0.50 /pc @ 5k–50k (indicative FOB Shenzhen range, as of Q3 2026) — firm quote in one business day.""","""text"": ""USD 0.30–0.50 /pc @ 5k–50k (indicative FOB Shenzhen range, as of Q3 2026) — written quote within 24-48 hours."""
src/content/editorial/products/rfid-cards/uhf-rfid-card.json,"""authorSlug"": ""peter-zhang"",","""authorSlug"": ""editorial-board"","
src/content/editorial/products/rfid-cards/uhf-rfid-card.json,"""author"": ""Peter Zhang"",","""author"": ""Proud Tek Editorial Team"","
src/content/editorial/products/rfid-cards/uhf-rfid-card.json,"""reviewedBySlug"": ""nancy-wu"",","""reviewedBySlug"": ""proudtek-engineering"","
src/content/editorial/products/rfid-cards/uhf-rfid-card.json,"""reviewedBy"": ""Peter Zhang"",","""reviewedBy"": ""Proud Tek RF / Production Engineering"","
src/content/editorial/products/rfid-cards/wooden-nfc-business-card-engraved.json,"""text"": ""USD 0.60–2.50 /pc by material (indicative FOB Shenzhen range, as of Q3 2026) — firm quote in one business day.""","""text"": ""USD 0.60–2.50 /pc by material (indicative FOB Shenzhen range, as of Q3 2026) — written quote within 24-48 hours."""
src/content/editorial/products/rfid-cards/wooden-nfc-business-card-engraved.json,"""authorSlug"": ""peter-zhang"",","""authorSlug"": ""editorial-board"","
src/content/editorial/products/rfid-cards/wooden-nfc-business-card-engraved.json,"""author"": ""Peter Zhang"",","""author"": ""Proud Tek Editorial Team"","
src/content/editorial/products/rfid-cards/wooden-nfc-business-card-engraved.json,"""reviewedBySlug"": ""nancy-wu"",","""reviewedBySlug"": ""proudtek-engineering"","
src/content/editorial/products/rfid-cards/wooden-nfc-business-card-engraved.json,"""reviewedBy"": ""Peter Zhang"",","""reviewedBy"": ""Proud Tek RF / Production Engineering"","
src/content/editorial/products/rfid-keyfobs/_pillar.json,"""authorSlug"": ""peter-zhang"",","""authorSlug"": ""editorial-board"","
src/content/editorial/products/rfid-keyfobs/_pillar.json,"""author"": ""Peter Zhang"",","""author"": ""Proud Tek Editorial Team"","
src/content/editorial/products/rfid-keyfobs/_pillar.json,"""reviewedBySlug"": ""nancy-wu"",","""reviewedBySlug"": ""proudtek-engineering"","
src/content/editorial/products/rfid-keyfobs/_pillar.json,"""reviewedBy"": ""Peter Zhang"",","""reviewedBy"": ""Proud Tek RF / Production Engineering"","
src/content/editorial/products/rfid-keyfobs/dual-frequency-key-fob.json,"""text"": ""USD 0.80–2.00 /pc @ 5k+ (indicative FOB Shenzhen range, as of Q3 2026) — firm quote in one business day.""","""text"": ""USD 0.80–2.00 /pc @ 5k+ (indicative FOB Shenzhen range, as of Q3 2026) — written quote within 24-48 hours."""
src/content/editorial/products/rfid-keyfobs/dual-frequency-key-fob.json,"""answer"": ""Each chip is programmed independently using its respective frequency reader/writer. We can pre-encode both chips at our factory. Provide your LF credentials (facility code, card number) and HF credentials (sector keys, access data) and we program everything before shipment. A UID mapping file is included with each order.""","""answer"": ""Each chip is programmed independently using its respective frequency reader/writer. We can pre-encode both chips on our partner lines. Provide your LF credentials (facility code, card number) and HF credentials (sector keys, access data) and we program everything before shipment. A UID mapping file is included with each order."""
src/content/editorial/products/rfid-keyfobs/dual-frequency-key-fob.json,"""authorSlug"": ""peter-zhang"",","""authorSlug"": ""editorial-board"","
src/content/editorial/products/rfid-keyfobs/dual-frequency-key-fob.json,"""reviewedBySlug"": ""nancy-wu"",","""reviewedBySlug"": ""proudtek-engineering"","
src/content/editorial/products/rfid-keyfobs/dual-frequency-key-fob.json,],"],"
src/content/editorial/products/rfid-keyfobs/dual-frequency-key-fob.json,,"""author"": ""Proud Tek Editorial Team"","
src/content/editorial/products/rfid-keyfobs/dual-frequency-key-fob.json,,"""reviewedBy"": ""Proud Tek RF / Production Engineering"""
src/content/editorial/products/rfid-keyfobs/em4305-keyfob.json,"""text"": ""USD 0.20–0.45 /pc @ 5k+ (indicative FOB Shenzhen range, as of Q3 2026) — firm quote in one business day.""","""text"": ""USD 0.20–0.45 /pc @ 5k+ (indicative FOB Shenzhen range, as of Q3 2026) — written quote within 24-48 hours."""
src/content/editorial/products/rfid-keyfobs/em4305-keyfob.json,"""answer"": ""{chip:em-microelectronic-em4305:short_name} keyfobs in standard ABS housing: MOQ 100, lead time 3-5 business days from stock. Custom-colored or silicone housing: MOQ 200, lead time 10-12 business days. Pre-programmed with your facility code or protocol emulation: add 1-2 business days to standard lead time. Volume pricing available at 500, 1,000 and 5,000+ quantities.""","""answer"": ""{chip:em-microelectronic-em4305:short_name} keyfobs in standard ABS housing: MOQ 100, lead time 3-5 business days from stock. Custom-colored or silicone housing: MOQ 500, lead time 10-12 business days. Pre-programmed with your facility code or protocol emulation: add 1-2 business days to standard lead time. Volume pricing available at 500, 1,000 and 5,000+ quantities."""
src/content/editorial/products/rfid-keyfobs/em4305-keyfob.json,"""answer"": ""Yes. EM4305 keyfobs ship in ABS with 10+ pantone colour options and can be pad-printed or laser-marked with a logo and a sequential human-readable serial. Pre-programming is available: EM4100 emulation with sequential IDs, or HID Prox with your facility code and card-number range, delivered in labelled bags sorted by tenant, floor or building. Standard ABS is MOQ 100 (lead time 3-5 business days); custom-colour or silicone housing is MOQ 200 (10-12 business days); pre-programming adds 1-2 business days.""","""answer"": ""Yes. EM4305 keyfobs ship in ABS with 10+ pantone colour options and can be pad-printed or laser-marked with a logo and a sequential human-readable serial. Pre-programming is available: EM4100 emulation with sequential IDs, or HID Prox with your facility code and card-number range, delivered in labelled bags sorted by tenant, floor or building. Standard ABS is MOQ 100 (lead time 3-5 business days); custom-colour or silicone housing is MOQ 500 (10-12 business days); pre-programming adds 1-2 business days."""
src/content/editorial/products/rfid-keyfobs/em4305-keyfob.json,"""authorSlug"": ""peter-zhang"",","""authorSlug"": ""editorial-board"","
src/content/editorial/products/rfid-keyfobs/em4305-keyfob.json,"""reviewedBySlug"": ""nancy-wu"",","""reviewedBySlug"": ""proudtek-engineering"","
src/content/editorial/products/rfid-keyfobs/em4305-keyfob.json,],"],"
src/content/editorial/products/rfid-keyfobs/em4305-keyfob.json,,"""author"": ""Proud Tek Editorial Team"","
src/content/editorial/products/rfid-keyfobs/em4305-keyfob.json,,"""reviewedBy"": ""Proud Tek RF / Production Engineering"""
src/content/editorial/products/rfid-keyfobs/mifare-desfire-keyfob.json,"""text"": ""USD 0.80–2.00 /pc @ 5k+ (indicative FOB Shenzhen range, as of Q3 2026) — firm quote in one business day.""","""text"": ""USD 0.80–2.00 /pc @ 5k+ (indicative FOB Shenzhen range, as of Q3 2026) — written quote within 24-48 hours."""
src/content/editorial/products/rfid-keyfobs/mifare-desfire-keyfob.json,"""answer"": ""DESFire keyfobs in ABS housing: MOQ 200, lead time 12-15 business days. With custom color, logo printing and pre-personalized application structures: MOQ 300, lead time 15-18 business days. Silicone waterproof housing: MOQ 200, lead time 15-18 business days. Encoding and UID lists included with every order.""","""answer"": ""DESFire keyfobs in ABS housing: MOQ 200, lead time 12-15 business days. With custom color, logo printing and pre-personalized application structures: MOQ 300, lead time 15-18 business days. Silicone waterproof housing: MOQ 500, lead time 15-18 business days. Encoding and UID lists included with every order."""
src/content/editorial/products/rfid-keyfobs/mifare-desfire-keyfob.json,"""authorSlug"": ""peter-zhang"",","""authorSlug"": ""editorial-board"","
src/content/editorial/products/rfid-keyfobs/mifare-desfire-keyfob.json,"""reviewedBySlug"": ""nancy-wu"",","""reviewedBySlug"": ""proudtek-engineering"","
src/content/editorial/products/rfid-keyfobs/mifare-desfire-keyfob.json,],"],"
src/content/editorial/products/rfid-keyfobs/mifare-desfire-keyfob.json,,"""author"": ""Proud Tek Editorial Team"","
src/content/editorial/products/rfid-keyfobs/mifare-desfire-keyfob.json,,"""reviewedBy"": ""Proud Tek RF / Production Engineering"""
src/content/editorial/products/rfid-keyfobs/nfc-epoxy-key-tag.json,"""text"": ""USD 0.35–0.80 /pc @ 5k+ (indicative FOB Shenzhen range, as of Q3 2026) — firm quote in one business day.""","""text"": ""USD 0.35–0.80 /pc @ 5k+ (indicative FOB Shenzhen range, as of Q3 2026) — written quote within 24-48 hours."""
src/content/editorial/products/rfid-keyfobs/nfc-epoxy-key-tag.json,"""authorSlug"": ""peter-zhang"",","""authorSlug"": ""editorial-board"","
src/content/editorial/products/rfid-keyfobs/nfc-epoxy-key-tag.json,"""reviewedBySlug"": ""nancy-wu"",","""reviewedBySlug"": ""proudtek-engineering"","
src/content/editorial/products/rfid-keyfobs/nfc-epoxy-key-tag.json,"""reviewedAt"": ""2026-04-11""","""reviewedAt"": ""2026-04-11"","
src/content/editorial/products/rfid-keyfobs/nfc-epoxy-key-tag.json,,"""author"": ""Proud Tek Editorial Team"","
src/content/editorial/products/rfid-keyfobs/nfc-epoxy-key-tag.json,,"""reviewedBy"": ""Proud Tek RF / Production Engineering"""
src/content/editorial/products/rfid-keyfobs/nfc-wood-keychain-tag.json,"""text"": ""USD 0.35–0.80 /pc @ 5k+ (indicative FOB Shenzhen range, as of Q3 2026) — firm quote in one business day.""","""text"": ""USD 0.35–0.80 /pc @ 5k+ (indicative FOB Shenzhen range, as of Q3 2026) — written quote within 24-48 hours."""
src/content/editorial/products/rfid-keyfobs/nfc-wood-keychain-tag.json,"""authorSlug"": ""peter-zhang"",","""authorSlug"": ""editorial-board"","
src/content/editorial/products/rfid-keyfobs/nfc-wood-keychain-tag.json,"""reviewedAt"": ""2026-01-10""","""reviewedAt"": ""2026-01-10"","
src/content/editorial/products/rfid-keyfobs/nfc-wood-keychain-tag.json,,"""author"": ""Proud Tek Editorial Team"","
src/content/editorial/products/rfid-keyfobs/nfc-wood-keychain-tag.json,,"""reviewedBy"": ""Proud Tek RF / Production Engineering"""
src/content/editorial/products/rfid-keyfobs/rfid-abs-keyfob.json,"""text"": ""USD 0.20–0.45 /pc @ 5k+ (indicative FOB Shenzhen range, as of Q3 2026) — firm quote in one business day.""","""text"": ""USD 0.20–0.45 /pc @ 5k+ (indicative FOB Shenzhen range, as of Q3 2026) — written quote within 24-48 hours."""
src/content/editorial/products/rfid-keyfobs/rfid-abs-keyfob.json,"""authorSlug"": ""peter-zhang"",","""authorSlug"": ""editorial-board"","
src/content/editorial/products/rfid-keyfobs/rfid-abs-keyfob.json,"""reviewedAt"": ""2026-01-30""","""reviewedAt"": ""2026-01-30"","
src/content/editorial/products/rfid-keyfobs/rfid-abs-keyfob.json,,"""author"": ""Proud Tek Editorial Team"","
src/content/editorial/products/rfid-keyfobs/rfid-abs-keyfob.json,,"""reviewedBy"": ""Proud Tek RF / Production Engineering"""
src/content/editorial/products/rfid-keyfobs/rfid-coin-keyfob.json,"""authorSlug"": ""nancy-wu"",","""authorSlug"": ""editorial-board"","
src/content/editorial/products/rfid-keyfobs/rfid-coin-keyfob.json,"""reviewedBySlug"": ""peter-zhang"",","""reviewedBySlug"": ""proudtek-engineering"","
src/content/editorial/products/rfid-keyfobs/rfid-coin-keyfob.json,],"],"
src/content/editorial/products/rfid-keyfobs/rfid-coin-keyfob.json,,"""author"": ""Proud Tek Editorial Team"","
src/content/editorial/products/rfid-keyfobs/rfid-coin-keyfob.json,,"""reviewedBy"": ""Proud Tek RF / Production Engineering"""
src/content/editorial/products/rfid-keyfobs/rfid-coin-tag.json,"""authorSlug"": ""nancy-wu"",","""authorSlug"": ""editorial-board"","
src/content/editorial/products/rfid-keyfobs/rfid-coin-tag.json,"""reviewedBySlug"": ""peter-zhang"",","""reviewedBySlug"": ""proudtek-engineering"","
src/content/editorial/products/rfid-keyfobs/rfid-coin-tag.json,"""reviewedAt"": ""2026-04-19""","""reviewedAt"": ""2026-04-19"","
src/content/editorial/products/rfid-keyfobs/rfid-coin-tag.json,,"""author"": ""Proud Tek Editorial Team"","
src/content/editorial/products/rfid-keyfobs/rfid-coin-tag.json,,"""reviewedBy"": ""Proud Tek RF / Production Engineering"""
src/content/editorial/products/rfid-keyfobs/rfid-epoxy-keyfob.json,"""text"": ""USD 0.35–0.80 /pc @ 5k+ (indicative FOB Shenzhen range, as of Q3 2026) — firm quote in one business day.""","""text"": ""USD 0.35–0.80 /pc @ 5k+ (indicative FOB Shenzhen range, as of Q3 2026) — written quote within 24-48 hours."""
src/content/editorial/products/rfid-keyfobs/rfid-epoxy-keyfob.json,"""authorSlug"": ""peter-zhang"",","""authorSlug"": ""editorial-board"","
src/content/editorial/products/rfid-keyfobs/rfid-epoxy-keyfob.json,"""reviewedAt"": ""2026-04-04""","""reviewedAt"": ""2026-04-04"","
src/content/editorial/products/rfid-keyfobs/rfid-epoxy-keyfob.json,,"""author"": ""Proud Tek Editorial Team"","
src/content/editorial/products/rfid-keyfobs/rfid-epoxy-keyfob.json,,"""reviewedBy"": ""Proud Tek RF / Production Engineering"""
src/content/editorial/products/rfid-keyfobs/rfid-leather-keyfob.json,"""authorSlug"": ""peter-zhang"",","""authorSlug"": ""editorial-board"","
src/content/editorial/products/rfid-keyfobs/rfid-leather-keyfob.json,"""reviewedAt"": ""2026-02-01""","""reviewedAt"": ""2026-02-01"","
src/content/editorial/products/rfid-keyfobs/rfid-leather-keyfob.json,,"""author"": ""Proud Tek Editorial Team"","
src/content/editorial/products/rfid-keyfobs/rfid-leather-keyfob.json,,"""reviewedBy"": ""Proud Tek RF / Production Engineering"""
src/content/editorial/products/rfid-keyfobs/rfid-metal-keyfob.json,"""text"": ""USD 0.80–2.00 /pc @ 5k+ (indicative FOB Shenzhen range, as of Q3 2026) — firm quote in one business day.""","""text"": ""USD 0.80–2.00 /pc @ 5k+ (indicative FOB Shenzhen range, as of Q3 2026) — written quote within 24-48 hours."""
src/content/editorial/products/rfid-keyfobs/rfid-metal-keyfob.json,"""authorSlug"": ""peter-zhang"",","""authorSlug"": ""editorial-board"","
src/content/editorial/products/rfid-keyfobs/rfid-metal-keyfob.json,"""reviewedAt"": ""2026-03-14""","""reviewedAt"": ""2026-03-14"","
src/content/editorial/products/rfid-keyfobs/rfid-metal-keyfob.json,,"""author"": ""Proud Tek Editorial Team"","
src/content/editorial/products/rfid-keyfobs/rfid-metal-keyfob.json,,"""reviewedBy"": ""Proud Tek RF / Production Engineering"""
src/content/editorial/products/rfid-keyfobs/rfid-silicone-keyfob.json,"""authorSlug"": ""peter-zhang"",","""authorSlug"": ""editorial-board"","
src/content/editorial/products/rfid-keyfobs/rfid-silicone-keyfob.json,"""reviewedAt"": ""2026-04-12""","""reviewedAt"": ""2026-04-12"","
src/content/editorial/products/rfid-keyfobs/rfid-silicone-keyfob.json,,"""author"": ""Proud Tek Editorial Team"","
src/content/editorial/products/rfid-keyfobs/rfid-silicone-keyfob.json,,"""reviewedBy"": ""Proud Tek RF / Production Engineering"""
src/content/editorial/products/rfid-keyfobs/rfid-wooden-keyfob.json,"""authorSlug"": ""peter-zhang"",","""authorSlug"": ""editorial-board"","
src/content/editorial/products/rfid-keyfobs/rfid-wooden-keyfob.json,"""reviewedBySlug"": ""nancy-wu"",","""reviewedBySlug"": ""proudtek-engineering"","
src/content/editorial/products/rfid-keyfobs/rfid-wooden-keyfob.json,"""reviewedAt"": ""2026-04-28""","""reviewedAt"": ""2026-04-28"","
src/content/editorial/products/rfid-keyfobs/rfid-wooden-keyfob.json,,"""author"": ""Proud Tek Editorial Team"","
src/content/editorial/products/rfid-keyfobs/rfid-wooden-keyfob.json,,"""reviewedBy"": ""Proud Tek RF / Production Engineering"""
src/content/editorial/products/rfid-keyfobs/rfid-wristwatch-tag.json,"""text"": ""USD 0.35–0.80 /pc @ 5k+ (indicative FOB Shenzhen range, as of Q3 2026) — firm quote in one business day.""","""text"": ""USD 0.35–0.80 /pc @ 5k+ (indicative FOB Shenzhen range, as of Q3 2026) — written quote within 24-48 hours."""
src/content/editorial/products/rfid-keyfobs/rfid-wristwatch-tag.json,"""authorSlug"": ""peter-zhang"",","""authorSlug"": ""editorial-board"","
src/content/editorial/products/rfid-keyfobs/rfid-wristwatch-tag.json,"""reviewedBySlug"": ""nancy-wu"",","""reviewedBySlug"": ""proudtek-engineering"","
src/content/editorial/products/rfid-keyfobs/rfid-wristwatch-tag.json,],"],"
src/content/editorial/products/rfid-keyfobs/rfid-wristwatch-tag.json,,"""author"": ""Proud Tek Editorial Team"","
src/content/editorial/products/rfid-keyfobs/rfid-wristwatch-tag.json,,"""reviewedBy"": ""Proud Tek RF / Production Engineering"""
src/content/editorial/products/rfid-keyfobs/t5577-keyfob.json,"""text"": ""USD 0.20–0.45 /pc @ 5k+ (indicative FOB Shenzhen range, as of Q3 2026) — firm quote in one business day.""","""text"": ""USD 0.20–0.45 /pc @ 5k+ (indicative FOB Shenzhen range, as of Q3 2026) — written quote within 24-48 hours."""
src/content/editorial/products/rfid-keyfobs/t5577-keyfob.json,"""answer"": ""{chip:atmel-t5577:name} keyfobs in standard ABS housing: MOQ 100, lead time 3-5 business days from stock. Pre-programmed with your protocol configuration and facility code: MOQ 100, lead time 5-7 business days. Custom housing (silicone, leather, custom shape): MOQ 200-500 depending on housing type, lead time 10-15 business days.""","""answer"": ""{chip:atmel-t5577:name} keyfobs in standard ABS housing: MOQ 100, lead time 3-5 business days from stock. Pre-programmed with your protocol configuration and facility code: MOQ 100, lead time 5-7 business days. Custom housing (silicone, leather, custom shape): MOQ 500-500 depending on housing type, lead time 10-15 business days."""
src/content/editorial/products/rfid-keyfobs/t5577-keyfob.json,"""authorSlug"": ""peter-zhang"",","""authorSlug"": ""editorial-board"","
src/content/editorial/products/rfid-keyfobs/t5577-keyfob.json,"""reviewedBySlug"": ""nancy-wu"",","""reviewedBySlug"": ""proudtek-engineering"","
src/content/editorial/products/rfid-keyfobs/t5577-keyfob.json,],"],"
src/content/editorial/products/rfid-keyfobs/t5577-keyfob.json,,"""author"": ""Proud Tek Editorial Team"","
src/content/editorial/products/rfid-keyfobs/t5577-keyfob.json,,"""reviewedBy"": ""Proud Tek RF / Production Engineering"""
src/content/editorial/products/rfid-labels/_pillar.json,"""authorSlug"": ""peter-zhang"",","""authorSlug"": ""editorial-board"","
src/content/editorial/products/rfid-labels/_pillar.json,"""author"": ""Peter Zhang"",","""author"": ""Proud Tek Editorial Team"","
src/content/editorial/products/rfid-labels/_pillar.json,"""reviewedBySlug"": ""nancy-wu"",","""reviewedBySlug"": ""proudtek-engineering"","
src/content/editorial/products/rfid-labels/_pillar.json,"""reviewedBy"": ""Peter Zhang"",","""reviewedBy"": ""Proud Tek RF / Production Engineering"","
src/content/editorial/products/rfid-labels/alien-higgs-9-uhf-inlay.json,"""text"": ""USD 0.15–0.25 @ 1k · 0.05–0.10 @ 100k+ (indicative FOB Shenzhen range, as of Q3 2026) — firm quote in one business day.""","""text"": ""USD 0.15–0.25 @ 1k · 0.05–0.10 @ 100k+ (indicative FOB Shenzhen range, as of Q3 2026) — written quote within 24-48 hours."""
src/content/editorial/products/rfid-labels/alien-higgs-9-uhf-inlay.json,"""authorSlug"": ""peter-zhang"",","""authorSlug"": ""editorial-board"","
src/content/editorial/products/rfid-labels/alien-higgs-9-uhf-inlay.json,"""reviewedBySlug"": ""nancy-wu"",","""reviewedBySlug"": ""proudtek-engineering"","
src/content/editorial/products/rfid-labels/alien-higgs-9-uhf-inlay.json,"""reviewedAt"": ""2025-11-25""","""reviewedAt"": ""2025-11-25"","
src/content/editorial/products/rfid-labels/alien-higgs-9-uhf-inlay.json,,"""author"": ""Proud Tek Editorial Team"","
src/content/editorial/products/rfid-labels/alien-higgs-9-uhf-inlay.json,,"""reviewedBy"": ""Proud Tek RF / Production Engineering"""
src/content/editorial/products/rfid-labels/impinj-m700-uhf-inlay.json,"""text"": ""USD 0.15–0.25 @ 1k · 0.05–0.10 @ 100k+ (indicative FOB Shenzhen range, as of Q3 2026) — firm quote in one business day.""","""text"": ""USD 0.15–0.25 @ 1k · 0.05–0.10 @ 100k+ (indicative FOB Shenzhen range, as of Q3 2026) — written quote within 24-48 hours."""
src/content/editorial/products/rfid-labels/impinj-m700-uhf-inlay.json,"""authorSlug"": ""peter-zhang"",","""authorSlug"": ""editorial-board"","
src/content/editorial/products/rfid-labels/impinj-m700-uhf-inlay.json,"""reviewedBySlug"": ""nancy-wu"",","""reviewedBySlug"": ""proudtek-engineering"","
src/content/editorial/products/rfid-labels/impinj-m700-uhf-inlay.json,"""reviewedAt"": ""2025-12-03""","""reviewedAt"": ""2025-12-03"","
src/content/editorial/products/rfid-labels/impinj-m700-uhf-inlay.json,,"""author"": ""Proud Tek Editorial Team"","
src/content/editorial/products/rfid-labels/impinj-m700-uhf-inlay.json,,"""reviewedBy"": ""Proud Tek RF / Production Engineering"""
src/content/editorial/products/rfid-labels/impinj-m730-uhf-inlay.json,"""text"": ""USD 0.15–0.25 @ 1k · 0.05–0.10 @ 100k+ (indicative FOB Shenzhen range, as of Q3 2026) — firm quote in one business day.""","""text"": ""USD 0.15–0.25 @ 1k · 0.05–0.10 @ 100k+ (indicative FOB Shenzhen range, as of Q3 2026) — written quote within 24-48 hours."""
src/content/editorial/products/rfid-labels/impinj-m730-uhf-inlay.json,"""authorSlug"": ""peter-zhang"",","""authorSlug"": ""editorial-board"","
src/content/editorial/products/rfid-labels/impinj-m730-uhf-inlay.json,"""reviewedBySlug"": ""nancy-wu"",","""reviewedBySlug"": ""proudtek-engineering"","
src/content/editorial/products/rfid-labels/impinj-m730-uhf-inlay.json,"""reviewedAt"": ""2026-04-09""","""reviewedAt"": ""2026-04-09"","
src/content/editorial/products/rfid-labels/impinj-m730-uhf-inlay.json,,"""author"": ""Proud Tek Editorial Team"","
src/content/editorial/products/rfid-labels/impinj-m730-uhf-inlay.json,,"""reviewedBy"": ""Proud Tek RF / Production Engineering"""
src/content/editorial/products/rfid-labels/impinj-m750-uhf-inlay.json,"""text"": ""USD 0.15–0.25 @ 1k · 0.05–0.10 @ 100k+ (indicative FOB Shenzhen range, as of Q3 2026) — firm quote in one business day.""","""text"": ""USD 0.15–0.25 @ 1k · 0.05–0.10 @ 100k+ (indicative FOB Shenzhen range, as of Q3 2026) — written quote within 24-48 hours."""
src/content/editorial/products/rfid-labels/impinj-m750-uhf-inlay.json,"""authorSlug"": ""peter-zhang"",","""authorSlug"": ""editorial-board"","
src/content/editorial/products/rfid-labels/impinj-m750-uhf-inlay.json,"""reviewedBySlug"": ""nancy-wu"",","""reviewedBySlug"": ""proudtek-engineering"","
src/content/editorial/products/rfid-labels/impinj-m750-uhf-inlay.json,"""reviewedAt"": ""2026-05-20""","""reviewedAt"": ""2026-05-20"","
src/content/editorial/products/rfid-labels/impinj-m750-uhf-inlay.json,,"""author"": ""Proud Tek Editorial Team"","
src/content/editorial/products/rfid-labels/impinj-m750-uhf-inlay.json,,"""reviewedBy"": ""Proud Tek RF / Production Engineering"""
src/content/editorial/products/rfid-labels/impinj-m800-uhf-inlay.json,"""text"": ""USD 0.15–0.25 @ 1k · 0.05–0.10 @ 100k+ (indicative FOB Shenzhen range, as of Q3 2026) — firm quote in one business day.""","""text"": ""USD 0.15–0.25 @ 1k · 0.05–0.10 @ 100k+ (indicative FOB Shenzhen range, as of Q3 2026) — written quote within 24-48 hours."""
src/content/editorial/products/rfid-labels/impinj-m800-uhf-inlay.json,"""authorSlug"": ""peter-zhang"",","""authorSlug"": ""editorial-board"","
src/content/editorial/products/rfid-labels/impinj-m800-uhf-inlay.json,"""reviewedBySlug"": ""nancy-wu"",","""reviewedBySlug"": ""proudtek-engineering"","
src/content/editorial/products/rfid-labels/impinj-m800-uhf-inlay.json,"""reviewedAt"": ""2026-05-20""","""reviewedAt"": ""2026-05-20"","
src/content/editorial/products/rfid-labels/impinj-m800-uhf-inlay.json,,"""author"": ""Proud Tek Editorial Team"","
src/content/editorial/products/rfid-labels/impinj-m800-uhf-inlay.json,,"""reviewedBy"": ""Proud Tek RF / Production Engineering"""
src/content/editorial/products/rfid-labels/long-range-uhf-windshield-sticker.json,"""authorSlug"": ""peter-zhang"",","""authorSlug"": ""editorial-board"","
src/content/editorial/products/rfid-labels/long-range-uhf-windshield-sticker.json,"""reviewedBySlug"": ""nancy-wu"",","""reviewedBySlug"": ""proudtek-engineering"","
src/content/editorial/products/rfid-labels/long-range-uhf-windshield-sticker.json,],"],"
src/content/editorial/products/rfid-labels/long-range-uhf-windshield-sticker.json,,"""author"": ""Proud Tek Editorial Team"","
src/content/editorial/products/rfid-labels/long-range-uhf-windshield-sticker.json,,"""reviewedBy"": ""Proud Tek RF / Production Engineering"""
src/content/editorial/products/rfid-labels/nfc-anti-metal-sticker.json,"""text"": ""USD 0.10–0.30 /pc @ 5k+ (indicative FOB Shenzhen range, as of Q3 2026) — firm quote in one business day.""","""text"": ""USD 0.10–0.30 /pc @ 5k+ (indicative FOB Shenzhen range, as of Q3 2026) — written quote within 24-48 hours."""
src/content/editorial/products/rfid-labels/nfc-anti-metal-sticker.json,"""authorSlug"": ""peter-zhang"",","""authorSlug"": ""editorial-board"","
src/content/editorial/products/rfid-labels/nfc-anti-metal-sticker.json,"""reviewedBySlug"": ""nancy-wu"",","""reviewedBySlug"": ""proudtek-engineering"","
src/content/editorial/products/rfid-labels/nfc-anti-metal-sticker.json,],"],"
src/content/editorial/products/rfid-labels/nfc-anti-metal-sticker.json,,"""author"": ""Proud Tek Editorial Team"","
src/content/editorial/products/rfid-labels/nfc-anti-metal-sticker.json,,"""reviewedBy"": ""Proud Tek RF / Production Engineering"""
src/content/editorial/products/rfid-labels/nfc-art-provenance-tag.json,"""authorSlug"": ""peter-zhang"",","""authorSlug"": ""editorial-board"","
src/content/editorial/products/rfid-labels/nfc-art-provenance-tag.json,"""reviewedBySlug"": ""nancy-wu"",","""reviewedBySlug"": ""proudtek-engineering"","
src/content/editorial/products/rfid-labels/nfc-art-provenance-tag.json,],"],"
src/content/editorial/products/rfid-labels/nfc-art-provenance-tag.json,,"""author"": ""Proud Tek Editorial Team"","
src/content/editorial/products/rfid-labels/nfc-art-provenance-tag.json,,"""reviewedBy"": ""Proud Tek RF / Production Engineering"""
src/content/editorial/products/rfid-labels/nfc-battery-passport-tag.json,"""text"": ""USD 0.30–1.20 /pc @ 5k+ (indicative FOB Shenzhen range, as of Q3 2026) — firm quote in one business day.""","""text"": ""USD 0.30–1.20 /pc @ 5k+ (indicative FOB Shenzhen range, as of Q3 2026) — written quote within 24-48 hours."""
src/content/editorial/products/rfid-labels/nfc-battery-passport-tag.json,"""authorSlug"": ""peter-zhang"",","""authorSlug"": ""editorial-board"","
src/content/editorial/products/rfid-labels/nfc-battery-passport-tag.json,"""reviewedBySlug"": ""nancy-wu"",","""reviewedBySlug"": ""proudtek-engineering"","
src/content/editorial/products/rfid-labels/nfc-battery-passport-tag.json,"""reviewedAt"": ""2026-03-22""","""reviewedAt"": ""2026-03-22"","
src/content/editorial/products/rfid-labels/nfc-battery-passport-tag.json,,"""author"": ""Proud Tek Editorial Team"","
src/content/editorial/products/rfid-labels/nfc-battery-passport-tag.json,,"""reviewedBy"": ""Proud Tek RF / Production Engineering"""
src/content/editorial/products/rfid-labels/nfc-cannabis-tracking-label.json,"""authorSlug"": ""peter-zhang"",","""authorSlug"": ""editorial-board"","
src/content/editorial/products/rfid-labels/nfc-cannabis-tracking-label.json,"""reviewedBySlug"": ""nancy-wu"",","""reviewedBySlug"": ""proudtek-engineering"","
src/content/editorial/products/rfid-labels/nfc-cannabis-tracking-label.json,],"],"
src/content/editorial/products/rfid-labels/nfc-cannabis-tracking-label.json,,"""author"": ""Proud Tek Editorial Team"","
src/content/editorial/products/rfid-labels/nfc-cannabis-tracking-label.json,,"""reviewedBy"": ""Proud Tek RF / Production Engineering"""
src/content/editorial/products/rfid-labels/nfc-cosmetics-authentication-label.json,"""authorSlug"": ""peter-zhang"",","""authorSlug"": ""editorial-board"","
src/content/editorial/products/rfid-labels/nfc-cosmetics-authentication-label.json,"""reviewedBySlug"": ""nancy-wu"",","""reviewedBySlug"": ""proudtek-engineering"","
src/content/editorial/products/rfid-labels/nfc-cosmetics-authentication-label.json,"""reviewedAt"": ""2026-04-15""","""reviewedAt"": ""2026-04-15"","
src/content/editorial/products/rfid-labels/nfc-cosmetics-authentication-label.json,,"""author"": ""Proud Tek Editorial Team"","
src/content/editorial/products/rfid-labels/nfc-cosmetics-authentication-label.json,,"""reviewedBy"": ""Proud Tek RF / Production Engineering"""
src/content/editorial/products/rfid-labels/nfc-digital-product-passport-tag.json,"""authorSlug"": ""peter-zhang"",","""authorSlug"": ""editorial-board"","
src/content/editorial/products/rfid-labels/nfc-digital-product-passport-tag.json,"""reviewedBySlug"": ""nancy-wu"",","""reviewedBySlug"": ""proudtek-engineering"","
src/content/editorial/products/rfid-labels/nfc-digital-product-passport-tag.json,"""reviewedAt"": ""2025-12-03""","""reviewedAt"": ""2025-12-03"","
src/content/editorial/products/rfid-labels/nfc-digital-product-passport-tag.json,,"""author"": ""Proud Tek Editorial Team"","
src/content/editorial/products/rfid-labels/nfc-digital-product-passport-tag.json,,"""reviewedBy"": ""Proud Tek RF / Production Engineering"""
src/content/editorial/products/rfid-labels/nfc-dry-inlay.json,"""text"": ""USD 0.15–0.25 @ 1k · 0.05–0.10 @ 100k+ (indicative FOB Shenzhen range, as of Q3 2026) — firm quote in one business day.""","""text"": ""USD 0.15–0.25 @ 1k · 0.05–0.10 @ 100k+ (indicative FOB Shenzhen range, as of Q3 2026) — written quote within 24-48 hours."""
src/content/editorial/products/rfid-labels/nfc-dry-inlay.json,"""authorSlug"": ""peter-zhang"",","""authorSlug"": ""editorial-board"","
src/content/editorial/products/rfid-labels/nfc-dry-inlay.json,"""reviewedBySlug"": ""nancy-wu"",","""reviewedBySlug"": ""proudtek-engineering"","
src/content/editorial/products/rfid-labels/nfc-dry-inlay.json,],"],"
src/content/editorial/products/rfid-labels/nfc-dry-inlay.json,,"""author"": ""Proud Tek Editorial Team"","
src/content/editorial/products/rfid-labels/nfc-dry-inlay.json,,"""reviewedBy"": ""Proud Tek RF / Production Engineering"""
src/content/editorial/products/rfid-labels/nfc-electronics-warranty-label.json,"""authorSlug"": ""peter-zhang"",","""authorSlug"": ""editorial-board"","
src/content/editorial/products/rfid-labels/nfc-electronics-warranty-label.json,"""reviewedBySlug"": ""nancy-wu"",","""reviewedBySlug"": ""proudtek-engineering"","
src/content/editorial/products/rfid-labels/nfc-electronics-warranty-label.json,],"],"
src/content/editorial/products/rfid-labels/nfc-electronics-warranty-label.json,,"""author"": ""Proud Tek Editorial Team"","
src/content/editorial/products/rfid-labels/nfc-electronics-warranty-label.json,,"""reviewedBy"": ""Proud Tek RF / Production Engineering"""
src/content/editorial/products/rfid-labels/nfc-event-ticket-sticker.json,"""authorSlug"": ""peter-zhang"",","""authorSlug"": ""editorial-board"","
src/content/editorial/products/rfid-labels/nfc-event-ticket-sticker.json,"""reviewedBySlug"": ""nancy-wu"",","""reviewedBySlug"": ""proudtek-engineering"","
src/content/editorial/products/rfid-labels/nfc-event-ticket-sticker.json,],"],"
src/content/editorial/products/rfid-labels/nfc-event-ticket-sticker.json,,"""author"": ""Proud Tek Editorial Team"","
src/content/editorial/products/rfid-labels/nfc-event-ticket-sticker.json,,"""reviewedBy"": ""Proud Tek RF / Production Engineering"""
src/content/editorial/products/rfid-labels/nfc-food-traceability-label.json,"""authorSlug"": ""peter-zhang"",","""authorSlug"": ""editorial-board"","
src/content/editorial/products/rfid-labels/nfc-food-traceability-label.json,"""reviewedBySlug"": ""nancy-wu"",","""reviewedBySlug"": ""proudtek-engineering"","
src/content/editorial/products/rfid-labels/nfc-food-traceability-label.json,],"],"
src/content/editorial/products/rfid-labels/nfc-food-traceability-label.json,,"""author"": ""Proud Tek Editorial Team"","
src/content/editorial/products/rfid-labels/nfc-food-traceability-label.json,,"""reviewedBy"": ""Proud Tek RF / Production Engineering"""
src/content/editorial/products/rfid-labels/nfc-gaming-collectible-tag.json,"""answer"": ""Yes. NTAG215 supports permanent one-way write-lock — once data is written and the tag is locked, it becomes read-only and cannot be modified or erased even with the password. This is the same mechanism official Amiibo use. Tags can be locked at our factory during the encoding process, or shipped unlocked for customer-side programming and locking via TagMo / Placiibo / NFC Tools. NTAG215 also supports password-protected (reversible) lock — 32-bit password + 16-bit pack — as an alternative for studios that want to update tag data over the product life. For IP-defended collectibles, {chip:nxp-ntag-424-dna:short_name} SUN authentication is the cryptographic alternative — server-side r","""answer"": ""Yes. NTAG215 supports permanent one-way write-lock — once data is written and the tag is locked, it becomes read-only and cannot be modified or erased even with the password. This is the same mechanism official Amiibo use. Tags can be locked on our partner lines during the encoding process, or shipped unlocked for customer-side programming and locking via TagMo / Placiibo / NFC Tools. NTAG215 also supports password-protected (reversible) lock — 32-bit password + 16-bit pack — as an alternative for studios that want to update tag data over the product life. For IP-defended collectibles, {chip:nxp-ntag-424-dna:short_name} SUN authentication is the cryptographic alternative — server-"
src/content/editorial/products/rfid-labels/nfc-gaming-collectible-tag.json,"""authorSlug"": ""peter-zhang"",","""authorSlug"": ""editorial-board"","
src/content/editorial/products/rfid-labels/nfc-gaming-collectible-tag.json,"""reviewedBySlug"": ""nancy-wu"",","""reviewedBySlug"": ""proudtek-engineering"","
src/content/editorial/products/rfid-labels/nfc-gaming-collectible-tag.json,"""reviewedAt"": ""2026-01-09""","""reviewedAt"": ""2026-01-09"","
src/content/editorial/products/rfid-labels/nfc-gaming-collectible-tag.json,,"""author"": ""Proud Tek Editorial Team"","
src/content/editorial/products/rfid-labels/nfc-gaming-collectible-tag.json,,"""reviewedBy"": ""Proud Tek RF / Production Engineering"""
src/content/editorial/products/rfid-labels/nfc-luxury-handbag-tag.json,"""authorSlug"": ""peter-zhang"",","""authorSlug"": ""editorial-board"","
src/content/editorial/products/rfid-labels/nfc-luxury-handbag-tag.json,"""reviewedBySlug"": ""nancy-wu"",","""reviewedBySlug"": ""proudtek-engineering"","
src/content/editorial/products/rfid-labels/nfc-luxury-handbag-tag.json,"""reviewedAt"": ""2026-01-02""","""reviewedAt"": ""2026-01-02"","
src/content/editorial/products/rfid-labels/nfc-luxury-handbag-tag.json,,"""author"": ""Proud Tek Editorial Team"","
src/content/editorial/products/rfid-labels/nfc-luxury-handbag-tag.json,,"""reviewedBy"": ""Proud Tek RF / Production Engineering"""
src/content/editorial/products/rfid-labels/nfc-olive-oil-authentication-label.json,"""authorSlug"": ""peter-zhang"",","""authorSlug"": ""editorial-board"","
src/content/editorial/products/rfid-labels/nfc-olive-oil-authentication-label.json,"""reviewedBySlug"": ""nancy-wu"",","""reviewedBySlug"": ""proudtek-engineering"","
src/content/editorial/products/rfid-labels/nfc-olive-oil-authentication-label.json,"""reviewedAt"": ""2025-12-13""","""reviewedAt"": ""2025-12-13"","
src/content/editorial/products/rfid-labels/nfc-olive-oil-authentication-label.json,,"""author"": ""Proud Tek Editorial Team"","
src/content/editorial/products/rfid-labels/nfc-olive-oil-authentication-label.json,,"""reviewedBy"": ""Proud Tek RF / Production Engineering"""
src/content/editorial/products/rfid-labels/nfc-pharmaceutical-label.json,"""authorSlug"": ""peter-zhang"",","""authorSlug"": ""editorial-board"","
src/content/editorial/products/rfid-labels/nfc-pharmaceutical-label.json,"""reviewedBySlug"": ""nancy-wu"",","""reviewedBySlug"": ""proudtek-engineering"","
src/content/editorial/products/rfid-labels/nfc-pharmaceutical-label.json,"""reviewedAt"": ""2025-12-10""","""reviewedAt"": ""2025-12-10"","
src/content/editorial/products/rfid-labels/nfc-pharmaceutical-label.json,,"""author"": ""Proud Tek Editorial Team"","
src/content/editorial/products/rfid-labels/nfc-pharmaceutical-label.json,,"""reviewedBy"": ""Proud Tek RF / Production Engineering"""
src/content/editorial/products/rfid-labels/nfc-shelf-label.json,"""authorSlug"": ""peter-zhang"",","""authorSlug"": ""editorial-board"","
src/content/editorial/products/rfid-labels/nfc-shelf-label.json,"""reviewedBySlug"": ""nancy-wu"",","""reviewedBySlug"": ""proudtek-engineering"","
src/content/editorial/products/rfid-labels/nfc-shelf-label.json,"""reviewedAt"": ""2025-12-12""","""reviewedAt"": ""2025-12-12"","
src/content/editorial/products/rfid-labels/nfc-shelf-label.json,,"""author"": ""Proud Tek Editorial Team"","
src/content/editorial/products/rfid-labels/nfc-shelf-label.json,,"""reviewedBy"": ""Proud Tek RF / Production Engineering"""
src/content/editorial/products/rfid-labels/nfc-smart-poster-tag.json,"""authorSlug"": ""peter-zhang"",","""authorSlug"": ""editorial-board"","
src/content/editorial/products/rfid-labels/nfc-smart-poster-tag.json,"""reviewedBySlug"": ""nancy-wu"",","""reviewedBySlug"": ""proudtek-engineering"","
src/content/editorial/products/rfid-labels/nfc-smart-poster-tag.json,"""reviewedAt"": ""2025-11-29""","""reviewedAt"": ""2025-11-29"","
src/content/editorial/products/rfid-labels/nfc-smart-poster-tag.json,,"""author"": ""Proud Tek Editorial Team"","
src/content/editorial/products/rfid-labels/nfc-smart-poster-tag.json,,"""reviewedBy"": ""Proud Tek RF / Production Engineering"""
src/content/editorial/products/rfid-labels/nfc-sneaker-authentication-tag.json,"""authorSlug"": ""peter-zhang"",","""authorSlug"": ""editorial-board"","
src/content/editorial/products/rfid-labels/nfc-sneaker-authentication-tag.json,"""reviewedBySlug"": ""nancy-wu"",","""reviewedBySlug"": ""proudtek-engineering"","
src/content/editorial/products/rfid-labels/nfc-sneaker-authentication-tag.json,"""reviewedAt"": ""2026-04-01""","""reviewedAt"": ""2026-04-01"","
src/content/editorial/products/rfid-labels/nfc-sneaker-authentication-tag.json,,"""author"": ""Proud Tek Editorial Team"","
src/content/editorial/products/rfid-labels/nfc-sneaker-authentication-tag.json,,"""reviewedBy"": ""Proud Tek RF / Production Engineering"""
src/content/editorial/products/rfid-labels/nfc-social-media-tag.json,"""authorSlug"": ""peter-zhang"",","""authorSlug"": ""editorial-board"","
src/content/editorial/products/rfid-labels/nfc-social-media-tag.json,"""reviewedBySlug"": ""nancy-wu"",","""reviewedBySlug"": ""proudtek-engineering"","
src/content/editorial/products/rfid-labels/nfc-social-media-tag.json,"""reviewedAt"": ""2025-11-06""","""reviewedAt"": ""2025-11-06"","
src/content/editorial/products/rfid-labels/nfc-social-media-tag.json,,"""author"": ""Proud Tek Editorial Team"","
src/content/editorial/products/rfid-labels/nfc-social-media-tag.json,,"""reviewedBy"": ""Proud Tek RF / Production Engineering"""
src/content/editorial/products/rfid-labels/nfc-spirits-authentication-label.json,"""authorSlug"": ""peter-zhang"",","""authorSlug"": ""editorial-board"","
src/content/editorial/products/rfid-labels/nfc-spirits-authentication-label.json,"""reviewedBySlug"": ""nancy-wu"",","""reviewedBySlug"": ""proudtek-engineering"","
src/content/editorial/products/rfid-labels/nfc-spirits-authentication-label.json,"""reviewedAt"": ""2026-04-13""","""reviewedAt"": ""2026-04-13"","
src/content/editorial/products/rfid-labels/nfc-spirits-authentication-label.json,,"""author"": ""Proud Tek Editorial Team"","
src/content/editorial/products/rfid-labels/nfc-spirits-authentication-label.json,,"""reviewedBy"": ""Proud Tek RF / Production Engineering"""
src/content/editorial/products/rfid-labels/nfc-table-stand.json,"""authorSlug"": ""peter-zhang"",","""authorSlug"": ""editorial-board"","
src/content/editorial/products/rfid-labels/nfc-table-stand.json,"""reviewedBySlug"": ""nancy-wu"",","""reviewedBySlug"": ""proudtek-engineering"","
src/content/editorial/products/rfid-labels/nfc-table-stand.json,],"],"
src/content/editorial/products/rfid-labels/nfc-table-stand.json,,"""author"": ""Proud Tek Editorial Team"","
src/content/editorial/products/rfid-labels/nfc-table-stand.json,,"""reviewedBy"": ""Proud Tek RF / Production Engineering"""
src/content/editorial/products/rfid-labels/nfc-tap-to-pay-sticker.json,"""authorSlug"": ""peter-zhang"",","""authorSlug"": ""editorial-board"","
src/content/editorial/products/rfid-labels/nfc-tap-to-pay-sticker.json,"""reviewedBySlug"": ""nancy-wu"",","""reviewedBySlug"": ""proudtek-engineering"","
src/content/editorial/products/rfid-labels/nfc-tap-to-pay-sticker.json,"""reviewedAt"": ""2026-03-05""","""reviewedAt"": ""2026-03-05"","
src/content/editorial/products/rfid-labels/nfc-tap-to-pay-sticker.json,,"""author"": ""Proud Tek Editorial Team"","
src/content/editorial/products/rfid-labels/nfc-tap-to-pay-sticker.json,,"""reviewedBy"": ""Proud Tek RF / Production Engineering"""
src/content/editorial/products/rfid-labels/nfc-warranty-seal-tag.json,"""authorSlug"": ""peter-zhang"",","""authorSlug"": ""editorial-board"","
src/content/editorial/products/rfid-labels/nfc-warranty-seal-tag.json,"""reviewedBySlug"": ""nancy-wu"",","""reviewedBySlug"": ""proudtek-engineering"","
src/content/editorial/products/rfid-labels/nfc-warranty-seal-tag.json,],"],"
src/content/editorial/products/rfid-labels/nfc-warranty-seal-tag.json,,"""author"": ""Proud Tek Editorial Team"","
src/content/editorial/products/rfid-labels/nfc-warranty-seal-tag.json,,"""reviewedBy"": ""Proud Tek RF / Production Engineering"""
src/content/editorial/products/rfid-labels/nfc-wet-inlay.json,"""text"": ""USD 0.15–0.25 @ 1k · 0.05–0.10 @ 100k+ (indicative FOB Shenzhen range, as of Q3 2026) — firm quote in one business day.""","""text"": ""USD 0.15–0.25 @ 1k · 0.05–0.10 @ 100k+ (indicative FOB Shenzhen range, as of Q3 2026) — written quote within 24-48 hours."""
src/content/editorial/products/rfid-labels/nfc-wet-inlay.json,"""authorSlug"": ""peter-zhang"",","""authorSlug"": ""editorial-board"","
src/content/editorial/products/rfid-labels/nfc-wet-inlay.json,"""reviewedBySlug"": ""nancy-wu"",","""reviewedBySlug"": ""proudtek-engineering"","
src/content/editorial/products/rfid-labels/nfc-wet-inlay.json,],"],"
src/content/editorial/products/rfid-labels/nfc-wet-inlay.json,,"""author"": ""Proud Tek Editorial Team"","
src/content/editorial/products/rfid-labels/nfc-wet-inlay.json,,"""reviewedBy"": ""Proud Tek RF / Production Engineering"""
src/content/editorial/products/rfid-labels/nfc-wine-bottle-tag.json,"""text"": ""USD 0.10–0.30 /pc @ 5k+ (indicative FOB Shenzhen range, as of Q3 2026) — firm quote in one business day.""","""text"": ""USD 0.10–0.30 /pc @ 5k+ (indicative FOB Shenzhen range, as of Q3 2026) — written quote within 24-48 hours."""
src/content/editorial/products/rfid-labels/nfc-wine-bottle-tag.json,"""authorSlug"": ""peter-zhang"",","""authorSlug"": ""editorial-board"","
src/content/editorial/products/rfid-labels/nfc-wine-bottle-tag.json,"""reviewedBySlug"": ""nancy-wu"",","""reviewedBySlug"": ""proudtek-engineering"","
src/content/editorial/products/rfid-labels/nfc-wine-bottle-tag.json,],"],"
src/content/editorial/products/rfid-labels/nfc-wine-bottle-tag.json,,"""author"": ""Proud Tek Editorial Team"","
src/content/editorial/products/rfid-labels/nfc-wine-bottle-tag.json,,"""reviewedBy"": ""Proud Tek RF / Production Engineering"""
src/content/editorial/products/rfid-labels/ntag213-nfc-sticker.json,"""text"": ""USD 0.10–0.30 /pc @ 5k+ (indicative FOB Shenzhen range, as of Q3 2026) — firm quote in one business day.""","""text"": ""USD 0.10–0.30 /pc @ 5k+ (indicative FOB Shenzhen range, as of Q3 2026) — written quote within 24-48 hours."""
src/content/editorial/products/rfid-labels/ntag213-nfc-sticker.json,"""authorSlug"": ""peter-zhang"",","""authorSlug"": ""editorial-board"","
src/content/editorial/products/rfid-labels/ntag213-nfc-sticker.json,"""reviewedBySlug"": ""nancy-wu"",","""reviewedBySlug"": ""proudtek-engineering"","
src/content/editorial/products/rfid-labels/ntag213-nfc-sticker.json,],"],"
src/content/editorial/products/rfid-labels/ntag213-nfc-sticker.json,,"""author"": ""Proud Tek Editorial Team"","
src/content/editorial/products/rfid-labels/ntag213-nfc-sticker.json,,"""reviewedBy"": ""Proud Tek RF / Production Engineering"""
src/content/editorial/products/rfid-labels/ntag215-nfc-sticker.json,"""text"": ""USD 0.10–0.30 /pc @ 5k+ (indicative FOB Shenzhen range, as of Q3 2026) — firm quote in one business day.""","""text"": ""USD 0.10–0.30 /pc @ 5k+ (indicative FOB Shenzhen range, as of Q3 2026) — written quote within 24-48 hours."""
src/content/editorial/products/rfid-labels/ntag215-nfc-sticker.json,"""authorSlug"": ""peter-zhang"",","""authorSlug"": ""editorial-board"","
src/content/editorial/products/rfid-labels/ntag215-nfc-sticker.json,"""reviewedBySlug"": ""nancy-wu"",","""reviewedBySlug"": ""proudtek-engineering"","
src/content/editorial/products/rfid-labels/ntag215-nfc-sticker.json,],"],"
src/content/editorial/products/rfid-labels/ntag215-nfc-sticker.json,,"""author"": ""Proud Tek Editorial Team"","
src/content/editorial/products/rfid-labels/ntag215-nfc-sticker.json,,"""reviewedBy"": ""Proud Tek RF / Production Engineering"""
src/content/editorial/products/rfid-labels/ntag216-nfc-sticker.json,"""text"": ""USD 0.10–0.30 /pc @ 5k+ (indicative FOB Shenzhen range, as of Q3 2026) — firm quote in one business day.""","""text"": ""USD 0.10–0.30 /pc @ 5k+ (indicative FOB Shenzhen range, as of Q3 2026) — written quote within 24-48 hours."""
src/content/editorial/products/rfid-labels/ntag216-nfc-sticker.json,"""authorSlug"": ""peter-zhang"",","""authorSlug"": ""editorial-board"","
src/content/editorial/products/rfid-labels/ntag216-nfc-sticker.json,"""reviewedBySlug"": ""nancy-wu"",","""reviewedBySlug"": ""proudtek-engineering"","
src/content/editorial/products/rfid-labels/ntag216-nfc-sticker.json,],"],"
src/content/editorial/products/rfid-labels/ntag216-nfc-sticker.json,,"""author"": ""Proud Tek Editorial Team"","
src/content/editorial/products/rfid-labels/ntag216-nfc-sticker.json,,"""reviewedBy"": ""Proud Tek RF / Production Engineering"""
src/content/editorial/products/rfid-labels/ntag424-dna-tamper-evident-tag.json,"""text"": ""USD 0.30–1.20 /pc @ 5k+ (indicative FOB Shenzhen range, as of Q3 2026) — firm quote in one business day.""","""text"": ""USD 0.30–1.20 /pc @ 5k+ (indicative FOB Shenzhen range, as of Q3 2026) — written quote within 24-48 hours."""
src/content/editorial/products/rfid-labels/ntag424-dna-tamper-evident-tag.json,"""authorSlug"": ""peter-zhang"",","""authorSlug"": ""editorial-board"","
src/content/editorial/products/rfid-labels/ntag424-dna-tamper-evident-tag.json,"""reviewedBySlug"": ""nancy-wu"",","""reviewedBySlug"": ""proudtek-engineering"","
src/content/editorial/products/rfid-labels/ntag424-dna-tamper-evident-tag.json,],"],"
src/content/editorial/products/rfid-labels/ntag424-dna-tamper-evident-tag.json,,"""author"": ""Proud Tek Editorial Team"","
src/content/editorial/products/rfid-labels/ntag424-dna-tamper-evident-tag.json,,"""reviewedBy"": ""Proud Tek RF / Production Engineering"""
src/content/editorial/products/rfid-labels/rfid-airline-baggage-tag.json,"""authorSlug"": ""peter-zhang"",","""authorSlug"": ""editorial-board"","
src/content/editorial/products/rfid-labels/rfid-airline-baggage-tag.json,"""reviewedBySlug"": ""nancy-wu"",","""reviewedBySlug"": ""proudtek-engineering"","
src/content/editorial/products/rfid-labels/rfid-airline-baggage-tag.json,],"],"
src/content/editorial/products/rfid-labels/rfid-airline-baggage-tag.json,,"""author"": ""Proud Tek Editorial Team"","
src/content/editorial/products/rfid-labels/rfid-airline-baggage-tag.json,,"""reviewedBy"": ""Proud Tek RF / Production Engineering"""
src/content/editorial/products/rfid-labels/rfid-asset-label.json,"""authorSlug"": ""peter-zhang"",","""authorSlug"": ""editorial-board"","
src/content/editorial/products/rfid-labels/rfid-asset-label.json,"""reviewedBySlug"": ""nancy-wu"",","""reviewedBySlug"": ""proudtek-engineering"","
src/content/editorial/products/rfid-labels/rfid-asset-label.json,],"],"
src/content/editorial/products/rfid-labels/rfid-asset-label.json,,"""author"": ""Proud Tek Editorial Team"","
src/content/editorial/products/rfid-labels/rfid-asset-label.json,,"""reviewedBy"": ""Proud Tek RF / Production Engineering"""
src/content/editorial/products/rfid-labels/rfid-book-spine-label.json,"""authorSlug"": ""peter-zhang"",","""authorSlug"": ""editorial-board"","
src/content/editorial/products/rfid-labels/rfid-book-spine-label.json,"""reviewedBySlug"": ""nancy-wu"",","""reviewedBySlug"": ""proudtek-engineering"","
src/content/editorial/products/rfid-labels/rfid-book-spine-label.json,],"],"
src/content/editorial/products/rfid-labels/rfid-book-spine-label.json,,"""author"": ""Proud Tek Editorial Team"","
src/content/editorial/products/rfid-labels/rfid-book-spine-label.json,,"""reviewedBy"": ""Proud Tek RF / Production Engineering"""
src/content/editorial/products/rfid-labels/rfid-cryogenic-specimen-label.json,"""text"": ""USD 0.10–0.30 /pc @ 5k+ (indicative FOB Shenzhen range, as of Q3 2026) — firm quote in one business day.""","""text"": ""USD 0.10–0.30 /pc @ 5k+ (indicative FOB Shenzhen range, as of Q3 2026) — written quote within 24-48 hours."""
src/content/editorial/products/rfid-labels/rfid-cryogenic-specimen-label.json,"""authorSlug"": ""peter-zhang"",","""authorSlug"": ""editorial-board"","
src/content/editorial/products/rfid-labels/rfid-cryogenic-specimen-label.json,"""reviewedBySlug"": ""nancy-wu"",","""reviewedBySlug"": ""proudtek-engineering"","
src/content/editorial/products/rfid-labels/rfid-cryogenic-specimen-label.json,],"],"
src/content/editorial/products/rfid-labels/rfid-cryogenic-specimen-label.json,,"""author"": ""Proud Tek Editorial Team"","
src/content/editorial/products/rfid-labels/rfid-cryogenic-specimen-label.json,,"""reviewedBy"": ""Proud Tek RF / Production Engineering"""
src/content/editorial/products/rfid-labels/rfid-document-tracking-label.json,"""authorSlug"": ""peter-zhang"",","""authorSlug"": ""editorial-board"","
src/content/editorial/products/rfid-labels/rfid-document-tracking-label.json,"""reviewedBySlug"": ""nancy-wu"",","""reviewedBySlug"": ""proudtek-engineering"","
src/content/editorial/products/rfid-labels/rfid-document-tracking-label.json,],"],"
src/content/editorial/products/rfid-labels/rfid-document-tracking-label.json,,"""author"": ""Proud Tek Editorial Team"","
src/content/editorial/products/rfid-labels/rfid-document-tracking-label.json,,"""reviewedBy"": ""Proud Tek RF / Production Engineering"""
src/content/editorial/products/rfid-labels/rfid-dry-inlay.json,"""text"": ""USD 0.15–0.25 @ 1k · 0.05–0.10 @ 100k+ (indicative FOB Shenzhen range, as of Q3 2026) — firm quote in one business day.""","""text"": ""USD 0.15–0.25 @ 1k · 0.05–0.10 @ 100k+ (indicative FOB Shenzhen range, as of Q3 2026) — written quote within 24-48 hours."""
src/content/editorial/products/rfid-labels/rfid-dry-inlay.json,"""authorSlug"": ""peter-zhang"",","""authorSlug"": ""editorial-board"","
src/content/editorial/products/rfid-labels/rfid-dry-inlay.json,"""reviewedBySlug"": ""nancy-wu"",","""reviewedBySlug"": ""proudtek-engineering"","
src/content/editorial/products/rfid-labels/rfid-dry-inlay.json,],"],"
src/content/editorial/products/rfid-labels/rfid-dry-inlay.json,,"""author"": ""Proud Tek Editorial Team"","
src/content/editorial/products/rfid-labels/rfid-dry-inlay.json,,"""reviewedBy"": ""Proud Tek RF / Production Engineering"""
src/content/editorial/products/rfid-labels/rfid-frozen-food-label.json,"""authorSlug"": ""peter-zhang"",","""authorSlug"": ""editorial-board"","
src/content/editorial/products/rfid-labels/rfid-frozen-food-label.json,"""reviewedBySlug"": ""nancy-wu"",","""reviewedBySlug"": ""proudtek-engineering"","
src/content/editorial/products/rfid-labels/rfid-frozen-food-label.json,],"],"
src/content/editorial/products/rfid-labels/rfid-frozen-food-label.json,,"""author"": ""Proud Tek Editorial Team"","
src/content/editorial/products/rfid-labels/rfid-frozen-food-label.json,,"""reviewedBy"": ""Proud Tek RF / Production Engineering"""
src/content/editorial/products/rfid-labels/rfid-garment-source-tag.json,"""Pre-encoded SGTIN-96 at Proud Tek factory: 3-4 weeks implementation timeline"",","""Pre-encoded SGTIN-96 at Proud Tek: 3-4 weeks implementation timeline"","
src/content/editorial/products/rfid-labels/rfid-garment-source-tag.json,"""authorSlug"": ""peter-zhang"",","""authorSlug"": ""editorial-board"","
src/content/editorial/products/rfid-labels/rfid-garment-source-tag.json,"""reviewedBySlug"": ""nancy-wu"",","""reviewedBySlug"": ""proudtek-engineering"","
src/content/editorial/products/rfid-labels/rfid-garment-source-tag.json,],"],"
src/content/editorial/products/rfid-labels/rfid-garment-source-tag.json,,"""author"": ""Proud Tek Editorial Team"","
src/content/editorial/products/rfid-labels/rfid-garment-source-tag.json,,"""reviewedBy"": ""Proud Tek RF / Production Engineering"""
src/content/editorial/products/rfid-labels/rfid-medication-vial-label.json,"""authorSlug"": ""peter-zhang"",","""authorSlug"": ""editorial-board"","
src/content/editorial/products/rfid-labels/rfid-medication-vial-label.json,"""reviewedBySlug"": ""nancy-wu"",","""reviewedBySlug"": ""proudtek-engineering"","
src/content/editorial/products/rfid-labels/rfid-medication-vial-label.json,],"],"
src/content/editorial/products/rfid-labels/rfid-medication-vial-label.json,,"""author"": ""Proud Tek Editorial Team"","
src/content/editorial/products/rfid-labels/rfid-medication-vial-label.json,,"""reviewedBy"": ""Proud Tek RF / Production Engineering"""
src/content/editorial/products/rfid-labels/rfid-plant-nursery-label.json,"""text"": ""USD 0.10–0.30 /pc @ 5k+ (indicative FOB Shenzhen range, as of Q3 2026) — firm quote in one business day.""","""text"": ""USD 0.10–0.30 /pc @ 5k+ (indicative FOB Shenzhen range, as of Q3 2026) — written quote within 24-48 hours."""
src/content/editorial/products/rfid-labels/rfid-plant-nursery-label.json,"""authorSlug"": ""peter-zhang"",","""authorSlug"": ""editorial-board"","
src/content/editorial/products/rfid-labels/rfid-plant-nursery-label.json,"""reviewedBySlug"": ""nancy-wu"",","""reviewedBySlug"": ""proudtek-engineering"","
src/content/editorial/products/rfid-labels/rfid-plant-nursery-label.json,],"],"
src/content/editorial/products/rfid-labels/rfid-plant-nursery-label.json,,"""author"": ""Proud Tek Editorial Team"","
src/content/editorial/products/rfid-labels/rfid-plant-nursery-label.json,,"""reviewedBy"": ""Proud Tek RF / Production Engineering"""
src/content/editorial/products/rfid-labels/rfid-shipping-label.json,"""authorSlug"": ""peter-zhang"",","""authorSlug"": ""editorial-board"","
src/content/editorial/products/rfid-labels/rfid-shipping-label.json,"""reviewedBySlug"": ""nancy-wu"",","""reviewedBySlug"": ""proudtek-engineering"","
src/content/editorial/products/rfid-labels/rfid-shipping-label.json,],"],"
src/content/editorial/products/rfid-labels/rfid-shipping-label.json,,"""author"": ""Proud Tek Editorial Team"","
src/content/editorial/products/rfid-labels/rfid-shipping-label.json,,"""reviewedBy"": ""Proud Tek RF / Production Engineering"""
src/content/editorial/products/rfid-labels/rfid-specimen-slide-label.json,"""text"": ""USD 0.10–0.30 /pc @ 5k+ (indicative FOB Shenzhen range, as of Q3 2026) — firm quote in one business day.""","""text"": ""USD 0.10–0.30 /pc @ 5k+ (indicative FOB Shenzhen range, as of Q3 2026) — written quote within 24-48 hours."""
src/content/editorial/products/rfid-labels/rfid-specimen-slide-label.json,"""authorSlug"": ""peter-zhang"",","""authorSlug"": ""editorial-board"","
src/content/editorial/products/rfid-labels/rfid-specimen-slide-label.json,"""reviewedBySlug"": ""nancy-wu"",","""reviewedBySlug"": ""proudtek-engineering"","
src/content/editorial/products/rfid-labels/rfid-specimen-slide-label.json,"""reviewedAt"": ""2025-12-08""","""reviewedAt"": ""2025-12-08"","
src/content/editorial/products/rfid-labels/rfid-specimen-slide-label.json,,"""author"": ""Proud Tek Editorial Team"","
src/content/editorial/products/rfid-labels/rfid-specimen-slide-label.json,,"""reviewedBy"": ""Proud Tek RF / Production Engineering"""
src/content/editorial/products/rfid-labels/rfid-tamper-evident-label.json,"""authorSlug"": ""peter-zhang"",","""authorSlug"": ""editorial-board"","
src/content/editorial/products/rfid-labels/rfid-tamper-evident-label.json,"""reviewedBySlug"": ""nancy-wu"",","""reviewedBySlug"": ""proudtek-engineering"","
src/content/editorial/products/rfid-labels/rfid-tamper-evident-label.json,],"],"
src/content/editorial/products/rfid-labels/rfid-tamper-evident-label.json,,"""author"": ""Proud Tek Editorial Team"","
src/content/editorial/products/rfid-labels/rfid-tamper-evident-label.json,,"""reviewedBy"": ""Proud Tek RF / Production Engineering"""
src/content/editorial/products/rfid-labels/rfid-wet-inlay.json,"""authorSlug"": ""peter-zhang"",","""authorSlug"": ""editorial-board"","
src/content/editorial/products/rfid-labels/rfid-wet-inlay.json,"""reviewedBySlug"": ""nancy-wu"",","""reviewedBySlug"": ""proudtek-engineering"","
src/content/editorial/products/rfid-labels/rfid-wet-inlay.json,],"],"
src/content/editorial/products/rfid-labels/rfid-wet-inlay.json,,"""author"": ""Proud Tek Editorial Team"","
src/content/editorial/products/rfid-labels/rfid-wet-inlay.json,,"""reviewedBy"": ""Proud Tek RF / Production Engineering"""
src/content/editorial/products/rfid-labels/uhf-rfid-apparel-hang-tag-retail.json,"""Pre-encoded at our factory — tags ship ready for garment attach"",","""Pre-encoded on our partner lines — tags ship ready for garment attach"","
src/content/editorial/products/rfid-labels/uhf-rfid-apparel-hang-tag-retail.json,"""text"": ""USD 0.08–0.25 /pc @ 10k+ (indicative FOB Shenzhen range, as of Q3 2026) — firm quote in one business day.""","""text"": ""USD 0.08–0.25 /pc @ 10k+ (indicative FOB Shenzhen range, as of Q3 2026) — written quote within 24-48 hours."""
src/content/editorial/products/rfid-labels/uhf-rfid-apparel-hang-tag-retail.json,"""EPC encoding — GS1 SGTIN-96 or SGTIN-198 encoding with serialised item-level identifiers, pre-encoded at our factory or delivered blank for encoding at your distribution centre."",","""EPC encoding — GS1 SGTIN-96 or SGTIN-198 encoding with serialised item-level identifiers, pre-encoded on our partner lines or delivered blank for encoding at your distribution centre."","
src/content/editorial/products/rfid-labels/uhf-rfid-apparel-hang-tag-retail.json,"""EPC encoding — GS1 SGTIN-96 or SGTIN-198 encoding with serialised item-level identifiers, pre-encoded at our factory or delivered blank for encoding at your distribution centre."",","""EPC encoding — GS1 SGTIN-96 or SGTIN-198 encoding with serialised item-level identifiers, pre-encoded on our partner lines or delivered blank for encoding at your distribution centre."","
src/content/editorial/products/rfid-labels/uhf-rfid-apparel-hang-tag-retail.json,"""answer"": ""Yes. Provide your GS1 company prefix, item reference numbers, and serial number allocation range, and our factory encodes every hang tag with the correct SGTIN-96 or SGTIN-198 EPC before shipment. Each tag is verified for encoding accuracy during our 100% read QC process.""","""answer"": ""Yes. Provide your GS1 company prefix, item reference numbers, and serial number allocation range, and our partner lines encode every hang tag with the correct SGTIN-96 or SGTIN-198 EPC before shipment. Each tag is verified for encoding accuracy during our 100% read QC process."""
src/content/editorial/products/rfid-labels/uhf-rfid-apparel-hang-tag-retail.json,"""authorSlug"": ""peter-zhang"",","""authorSlug"": ""editorial-board"","
src/content/editorial/products/rfid-labels/uhf-rfid-apparel-hang-tag-retail.json,"""reviewedBySlug"": ""nancy-wu"",","""reviewedBySlug"": ""proudtek-engineering"","
src/content/editorial/products/rfid-labels/uhf-rfid-apparel-hang-tag-retail.json,],"],"
src/content/editorial/products/rfid-labels/uhf-rfid-apparel-hang-tag-retail.json,,"""author"": ""Proud Tek Editorial Team"","
src/content/editorial/products/rfid-labels/uhf-rfid-apparel-hang-tag-retail.json,,"""reviewedBy"": ""Proud Tek RF / Production Engineering"""
src/content/editorial/products/rfid-labels/uhf-rfid-blank-label.json,"""authorSlug"": ""peter-zhang"",","""authorSlug"": ""editorial-board"","
src/content/editorial/products/rfid-labels/uhf-rfid-blank-label.json,"""reviewedBySlug"": ""nancy-wu"",","""reviewedBySlug"": ""proudtek-engineering"","
src/content/editorial/products/rfid-labels/uhf-rfid-blank-label.json,"""reviewedAt"": ""2026-02-13""","""reviewedAt"": ""2026-02-13"","
src/content/editorial/products/rfid-labels/uhf-rfid-blank-label.json,,"""author"": ""Proud Tek Editorial Team"","
src/content/editorial/products/rfid-labels/uhf-rfid-blank-label.json,,"""reviewedBy"": ""Proud Tek RF / Production Engineering"""
src/content/editorial/products/rfid-labels/uhf-rfid-blood-bag-label.json,"""authorSlug"": ""peter-zhang"",","""authorSlug"": ""editorial-board"","
src/content/editorial/products/rfid-labels/uhf-rfid-blood-bag-label.json,"""reviewedBySlug"": ""nancy-wu"",","""reviewedBySlug"": ""proudtek-engineering"","
src/content/editorial/products/rfid-labels/uhf-rfid-blood-bag-label.json,],"],"
src/content/editorial/products/rfid-labels/uhf-rfid-blood-bag-label.json,,"""author"": ""Proud Tek Editorial Team"","
src/content/editorial/products/rfid-labels/uhf-rfid-blood-bag-label.json,,"""reviewedBy"": ""Proud Tek RF / Production Engineering"""
src/content/editorial/products/rfid-labels/uhf-rfid-inlay.json,"""authorSlug"": ""peter-zhang"",","""authorSlug"": ""editorial-board"","
src/content/editorial/products/rfid-labels/uhf-rfid-inlay.json,"""reviewedBySlug"": ""nancy-wu"",","""reviewedBySlug"": ""proudtek-engineering"","
src/content/editorial/products/rfid-labels/uhf-rfid-inlay.json,],"],"
src/content/editorial/products/rfid-labels/uhf-rfid-inlay.json,,"""author"": ""Proud Tek Editorial Team"","
src/content/editorial/products/rfid-labels/uhf-rfid-inlay.json,,"""reviewedBy"": ""Proud Tek RF / Production Engineering"""
src/content/editorial/products/rfid-labels/uhf-rfid-jewelry-label.json,"""authorSlug"": ""peter-zhang"",","""authorSlug"": ""editorial-board"","
src/content/editorial/products/rfid-labels/uhf-rfid-jewelry-label.json,"""reviewedBySlug"": ""nancy-wu"",","""reviewedBySlug"": ""proudtek-engineering"","
src/content/editorial/products/rfid-labels/uhf-rfid-jewelry-label.json,],"],"
src/content/editorial/products/rfid-labels/uhf-rfid-jewelry-label.json,,"""author"": ""Proud Tek Editorial Team"","
src/content/editorial/products/rfid-labels/uhf-rfid-jewelry-label.json,,"""reviewedBy"": ""Proud Tek RF / Production Engineering"""
src/content/editorial/products/rfid-labels/uhf-rfid-pallet-label.json,"""The Walmart, Target, Home Depot, Kroger, Dick's Sporting Goods and Nordstrom supplier RFID mandates — most expanded beyond apparel into general merchandise and CPG through 2024-2025 — require SSCC-encoded pallet labels at the supplier level with minimum read-rate thresholds (typically ≥95%). Our factory-encoded and printed labels are pre-validated against the Auburn University RFID Lab GS1 US test protocol and the ARC (Auburn RFID Certification) Category 6 pallet-label specification."",","""The Walmart, Target, Home Depot, Kroger, Dick's Sporting Goods and Nordstrom supplier RFID mandates — most expanded beyond apparel into general merchandise and CPG through 2024-2025 — require SSCC-encoded pallet labels at the supplier level with minimum read-rate thresholds (typically ≥95%). our partner-line-encoded and printed labels are pre-validated against the Auburn University RFID Lab GS1 US test protocol and the ARC (Auburn RFID Certification) Category 6 pallet-label specification."","
src/content/editorial/products/rfid-labels/uhf-rfid-pallet-label.json,"""answer"": ""Yes — our pallet labels are engineered to meet the Auburn University RFID Lab ARC (Auburn RFID Certification) specification, which is the test protocol most North American retailers reference in their RFID supplier mandates. Specifically: ARC Category 6 (corrugated case / pallet label, general merchandise) and the Walmart 'T2' and 'T3' test criteria for read-rate and EPC encoding accuracy. Walmart began expanding RFID beyond apparel into home goods, electronics, toys and grocery through 2022-2024; Target added RFID mandates for food and consumables starting 2024; Kroger rolled out RFID for fresh departments in 2023-2024; Home Depot uses RFID for building materials. Compliance is S","""answer"": ""Yes — our pallet labels are engineered to meet the Auburn University RFID Lab ARC (Auburn RFID Certification) specification, which is the test protocol most North American retailers reference in their RFID supplier mandates. Specifically: ARC Category 6 (corrugated case / pallet label, general merchandise) and the Walmart 'T2' and 'T3' test criteria for read-rate and EPC encoding accuracy. Walmart began expanding RFID beyond apparel into home goods, electronics, toys and grocery through 2022-2024; Target added RFID mandates for food and consumables starting 2024; Kroger rolled out RFID for fresh departments in 2023-2024; Home Depot uses RFID for building materials. Compliance is S"
src/content/editorial/products/rfid-labels/uhf-rfid-pallet-label.json,"""authorSlug"": ""peter-zhang"",","""authorSlug"": ""editorial-board"","
src/content/editorial/products/rfid-labels/uhf-rfid-pallet-label.json,"""reviewedBySlug"": ""nancy-wu"",","""reviewedBySlug"": ""proudtek-engineering"","
src/content/editorial/products/rfid-labels/uhf-rfid-pallet-label.json,],"],"
src/content/editorial/products/rfid-labels/uhf-rfid-pallet-label.json,,"""author"": ""Proud Tek Editorial Team"","
src/content/editorial/products/rfid-labels/uhf-rfid-pallet-label.json,,"""reviewedBy"": ""Proud Tek RF / Production Engineering"""
src/content/editorial/products/rfid-labels/uhf-rfid-paper-label.json,"""Pre-printed rolls — fixed-design at our factory (MOQ 10,000)"",","""Pre-printed rolls — fixed-design on our partner lines (MOQ 10,000)"","
src/content/editorial/products/rfid-labels/uhf-rfid-paper-label.json,"""text"": ""USD 0.08–0.25 /pc @ 10k+ (indicative FOB Shenzhen range, as of Q3 2026) — firm quote in one business day.""","""text"": ""USD 0.08–0.25 /pc @ 10k+ (indicative FOB Shenzhen range, as of Q3 2026) — written quote within 24-48 hours."""
src/content/editorial/products/rfid-labels/uhf-rfid-paper-label.json,"""We pre-print your design at our factory""","""We pre-print your design on our partner lines"""
src/content/editorial/products/rfid-labels/uhf-rfid-paper-label.json,"""authorSlug"": ""peter-zhang"",","""authorSlug"": ""editorial-board"","
src/content/editorial/products/rfid-labels/uhf-rfid-paper-label.json,"""reviewedBySlug"": ""nancy-wu"",","""reviewedBySlug"": ""proudtek-engineering"","
src/content/editorial/products/rfid-labels/uhf-rfid-paper-label.json,"""reviewedAt"": ""2025-11-07""","""reviewedAt"": ""2025-11-07"","
src/content/editorial/products/rfid-labels/uhf-rfid-paper-label.json,,"""author"": ""Proud Tek Editorial Team"","
src/content/editorial/products/rfid-labels/uhf-rfid-paper-label.json,,"""reviewedBy"": ""Proud Tek RF / Production Engineering"""
src/content/editorial/products/rfid-labels/uhf-rfid-retail-price-label.json,"""authorSlug"": ""peter-zhang"",","""authorSlug"": ""editorial-board"","
src/content/editorial/products/rfid-labels/uhf-rfid-retail-price-label.json,"""reviewedBySlug"": ""nancy-wu"",","""reviewedBySlug"": ""proudtek-engineering"","
src/content/editorial/products/rfid-labels/uhf-rfid-retail-price-label.json,],"],"
src/content/editorial/products/rfid-labels/uhf-rfid-retail-price-label.json,,"""author"": ""Proud Tek Editorial Team"","
src/content/editorial/products/rfid-labels/uhf-rfid-retail-price-label.json,,"""reviewedBy"": ""Proud Tek RF / Production Engineering"""
src/content/editorial/products/rfid-labels/uhf-rfid-tire-label.json,"""text"": ""USD 0.08–0.25 /pc @ 10k+ (indicative FOB Shenzhen range, as of Q3 2026) — firm quote in one business day.""","""text"": ""USD 0.08–0.25 /pc @ 10k+ (indicative FOB Shenzhen range, as of Q3 2026) — written quote within 24-48 hours."""
src/content/editorial/products/rfid-labels/uhf-rfid-tire-label.json,"""answer"": ""Three layers coexist, each serving a different audience. (1) The EU 2020/740 regulatory label — fuel-efficiency class, wet-grip class, external-rolling-noise value — is a visual / QR code information layer for consumers at point-of-sale, with underlying data held in the EPREL database maintained by the European Commission. (2) The sidewall DOT / TIN and manufacturing marking is the persistent regulatory identifier (49 CFR §574 in the US, equivalent ECE markings in EU). (3) The embedded UHF RFID tag is the machine-readable identity layer used for supply-chain traceability, OEM plant tracking, fleet telematics and retreading. On the DPP roadmap, EU ESPR 2024/1781 will progressively ","""answer"": ""Three layers coexist, each serving a different audience. (1) The EU 2020/740 regulatory label — fuel-efficiency class, wet-grip class, external-rolling-noise value — is a visual / QR code information layer for consumers at point-of-sale, with underlying data held in the EPREL database maintained by the European Commission. (2) The sidewall DOT / TIN and manufacturing marking is the persistent regulatory identifier (49 CFR §574 in the US, equivalent ECE markings in EU). (3) The embedded UHF RFID tag is the machine-readable identity layer used for supply-chain traceability, OEM plant tracking, fleet telematics and retreading. On the DPP roadmap, EU ESPR 2024/1781 will progressively "
src/content/editorial/products/rfid-labels/uhf-rfid-tire-label.json,"""authorSlug"": ""peter-zhang"",","""authorSlug"": ""editorial-board"","
src/content/editorial/products/rfid-labels/uhf-rfid-tire-label.json,"""reviewedBySlug"": ""nancy-wu"",","""reviewedBySlug"": ""proudtek-engineering"","
src/content/editorial/products/rfid-labels/uhf-rfid-tire-label.json,],"],"
src/content/editorial/products/rfid-labels/uhf-rfid-tire-label.json,,"""author"": ""Proud Tek Editorial Team"","
src/content/editorial/products/rfid-labels/uhf-rfid-tire-label.json,,"""reviewedBy"": ""Proud Tek RF / Production Engineering"""
src/content/editorial/products/rfid-labels/uhf-rfid-windshield-label.json,"""authorSlug"": ""peter-zhang"",","""authorSlug"": ""editorial-board"","
src/content/editorial/products/rfid-labels/uhf-rfid-windshield-label.json,"""reviewedBySlug"": ""nancy-wu"",","""reviewedBySlug"": ""proudtek-engineering"","
src/content/editorial/products/rfid-labels/uhf-rfid-windshield-label.json,],"],"
src/content/editorial/products/rfid-labels/uhf-rfid-windshield-label.json,,"""author"": ""Proud Tek Editorial Team"","
src/content/editorial/products/rfid-labels/uhf-rfid-windshield-label.json,,"""reviewedBy"": ""Proud Tek RF / Production Engineering"""
src/content/editorial/products/rfid-readers/_pillar.json,"""authorSlug"": ""peter-zhang"",","""authorSlug"": ""editorial-board"","
src/content/editorial/products/rfid-readers/_pillar.json,"""author"": ""Peter Zhang"",","""author"": ""Proud Tek Editorial Team"","
src/content/editorial/products/rfid-readers/_pillar.json,"""reviewedBySlug"": ""nancy-wu"",","""reviewedBySlug"": ""proudtek-engineering"","
src/content/editorial/products/rfid-readers/_pillar.json,"""reviewedBy"": ""Peter Zhang"",","""reviewedBy"": ""Proud Tek RF / Production Engineering"","
src/content/editorial/products/rfid-readers/desktop-nfc-reader-encoder.json,"""authorSlug"": ""peter-zhang"",","""authorSlug"": ""editorial-board"","
src/content/editorial/products/rfid-readers/desktop-nfc-reader-encoder.json,"""reviewedBySlug"": ""nancy-wu"",","""reviewedBySlug"": ""proudtek-engineering"","
src/content/editorial/products/rfid-readers/desktop-nfc-reader-encoder.json,"""reviewedAt"": ""2025-12-18""","""reviewedAt"": ""2025-12-18"","
src/content/editorial/products/rfid-readers/desktop-nfc-reader-encoder.json,,"""author"": ""Proud Tek Editorial Team"","
src/content/editorial/products/rfid-readers/desktop-nfc-reader-encoder.json,,"""reviewedBy"": ""Proud Tek RF / Production Engineering"""
src/content/editorial/products/rfid-readers/fixed-uhf-rfid-reader.json,"""text"": ""From USD 800 (fixed UHF, 4-port) (indicative FOB Shenzhen range, as of Q3 2026) — firm quote in one business day.""","""text"": ""From USD 800 (fixed UHF, 4-port) (indicative FOB Shenzhen range, as of Q3 2026) — written quote within 24-48 hours."""
src/content/editorial/products/rfid-readers/fixed-uhf-rfid-reader.json,"""authorSlug"": ""peter-zhang"",","""authorSlug"": ""editorial-board"","
src/content/editorial/products/rfid-readers/fixed-uhf-rfid-reader.json,"""reviewedBySlug"": ""nancy-wu"",","""reviewedBySlug"": ""proudtek-engineering"","
src/content/editorial/products/rfid-readers/fixed-uhf-rfid-reader.json,"""reviewedAt"": ""2026-04-23""","""reviewedAt"": ""2026-04-23"","
src/content/editorial/products/rfid-readers/fixed-uhf-rfid-reader.json,,"""author"": ""Proud Tek Editorial Team"","
src/content/editorial/products/rfid-readers/fixed-uhf-rfid-reader.json,,"""reviewedBy"": ""Proud Tek RF / Production Engineering"""
src/content/editorial/products/rfid-readers/handheld-uhf-rfid-reader.json,"""text"": ""From USD 400 (handheld UHF) (indicative FOB Shenzhen range, as of Q3 2026) — firm quote in one business day.""","""text"": ""From USD 400 (handheld UHF) (indicative FOB Shenzhen range, as of Q3 2026) — written quote within 24-48 hours."""
src/content/editorial/products/rfid-readers/handheld-uhf-rfid-reader.json,"""authorSlug"": ""peter-zhang"",","""authorSlug"": ""editorial-board"","
src/content/editorial/products/rfid-readers/handheld-uhf-rfid-reader.json,"""reviewedBySlug"": ""nancy-wu"",","""reviewedBySlug"": ""proudtek-engineering"","
src/content/editorial/products/rfid-readers/handheld-uhf-rfid-reader.json,"""reviewedAt"": ""2025-11-25""","""reviewedAt"": ""2025-11-25"","
src/content/editorial/products/rfid-readers/handheld-uhf-rfid-reader.json,,"""author"": ""Proud Tek Editorial Team"","
src/content/editorial/products/rfid-readers/handheld-uhf-rfid-reader.json,,"""reviewedBy"": ""Proud Tek RF / Production Engineering"""
src/content/editorial/products/rfid-tags/_pillar.json,"""authorSlug"": ""peter-zhang"",","""authorSlug"": ""editorial-board"","
src/content/editorial/products/rfid-tags/_pillar.json,"""author"": ""Peter Zhang"",","""author"": ""Proud Tek Editorial Team"","
src/content/editorial/products/rfid-tags/_pillar.json,"""reviewedBySlug"": ""nancy-wu"",","""reviewedBySlug"": ""proudtek-engineering"","
src/content/editorial/products/rfid-tags/_pillar.json,"""reviewedBy"": ""Peter Zhang"",","""reviewedBy"": ""Proud Tek RF / Production Engineering"","
src/content/editorial/products/rfid-tags/anti-metal-uhf-it-asset-tag.json,"""text"": ""USD 0.60–2.50 /pc by size (indicative FOB Shenzhen range, as of Q3 2026) — firm quote in one business day.""","""text"": ""USD 0.60–2.50 /pc by size (indicative FOB Shenzhen range, as of Q3 2026) — written quote within 24-48 hours."""
src/content/editorial/products/rfid-tags/anti-metal-uhf-it-asset-tag.json,"""authorSlug"": ""peter-zhang"",","""authorSlug"": ""editorial-board"","
src/content/editorial/products/rfid-tags/anti-metal-uhf-it-asset-tag.json,"""reviewedBySlug"": ""nancy-wu"",","""reviewedBySlug"": ""proudtek-engineering"","
src/content/editorial/products/rfid-tags/anti-metal-uhf-it-asset-tag.json,"""reviewedAt"": ""2026-03-30""","""reviewedAt"": ""2026-03-30"","
src/content/editorial/products/rfid-tags/anti-metal-uhf-it-asset-tag.json,,"""author"": ""Proud Tek Editorial Team"","
src/content/editorial/products/rfid-tags/anti-metal-uhf-it-asset-tag.json,,"""reviewedBy"": ""Proud Tek RF / Production Engineering"""
src/content/editorial/products/rfid-tags/high-temperature-rfid-tag-200c.json,"""text"": ""USD 1.00–3.00 /pc @ 1k+ (indicative FOB Shenzhen range, as of Q3 2026) — firm quote in one business day.""","""text"": ""USD 1.00–3.00 /pc @ 1k+ (indicative FOB Shenzhen range, as of Q3 2026) — written quote within 24-48 hours."""
src/content/editorial/products/rfid-tags/high-temperature-rfid-tag-200c.json,"""authorSlug"": ""nancy-wu"",","""authorSlug"": ""editorial-board"","
src/content/editorial/products/rfid-tags/high-temperature-rfid-tag-200c.json,"""reviewedBySlug"": ""peter-zhang"",","""reviewedBySlug"": ""proudtek-engineering"","
src/content/editorial/products/rfid-tags/high-temperature-rfid-tag-200c.json,"""reviewedAt"": ""2025-12-17""","""reviewedAt"": ""2025-12-17"","
src/content/editorial/products/rfid-tags/high-temperature-rfid-tag-200c.json,,"""author"": ""Proud Tek Editorial Team"","
src/content/editorial/products/rfid-tags/high-temperature-rfid-tag-200c.json,,"""reviewedBy"": ""Proud Tek RF / Production Engineering"""
src/content/editorial/products/rfid-tags/nfc-pet-tag.json,"""authorSlug"": ""peter-zhang"",","""authorSlug"": ""editorial-board"","
src/content/editorial/products/rfid-tags/nfc-pet-tag.json,"""reviewedBySlug"": ""nancy-wu"",","""reviewedBySlug"": ""proudtek-engineering"","
src/content/editorial/products/rfid-tags/nfc-pet-tag.json,"""reviewedAt"": ""2026-02-14""","""reviewedAt"": ""2026-02-14"","
src/content/editorial/products/rfid-tags/nfc-pet-tag.json,,"""author"": ""Proud Tek Editorial Team"","
src/content/editorial/products/rfid-tags/nfc-pet-tag.json,,"""reviewedBy"": ""Proud Tek RF / Production Engineering"""
src/content/editorial/products/rfid-tags/rfid-aircraft-part-tag.json,"""text"": ""USD 0.60–2.50 /pc by size (indicative FOB Shenzhen range, as of Q3 2026) — firm quote in one business day.""","""text"": ""USD 0.60–2.50 /pc by size (indicative FOB Shenzhen range, as of Q3 2026) — written quote within 24-48 hours."""
src/content/editorial/products/rfid-tags/rfid-aircraft-part-tag.json,"""authorSlug"": ""peter-zhang"",","""authorSlug"": ""editorial-board"","
src/content/editorial/products/rfid-tags/rfid-aircraft-part-tag.json,"""reviewedBySlug"": ""nancy-wu"",","""reviewedBySlug"": ""proudtek-engineering"","
src/content/editorial/products/rfid-tags/rfid-aircraft-part-tag.json,"""reviewedAt"": ""2025-12-21""","""reviewedAt"": ""2025-12-21"","
src/content/editorial/products/rfid-tags/rfid-aircraft-part-tag.json,,"""author"": ""Proud Tek Editorial Team"","
src/content/editorial/products/rfid-tags/rfid-aircraft-part-tag.json,,"""reviewedBy"": ""Proud Tek RF / Production Engineering"""
src/content/editorial/products/rfid-tags/rfid-ammo-can-tag.json,"""text"": ""USD 0.60–2.50 /pc by size (indicative FOB Shenzhen range, as of Q3 2026) — firm quote in one business day.""","""text"": ""USD 0.60–2.50 /pc by size (indicative FOB Shenzhen range, as of Q3 2026) — written quote within 24-48 hours."""
src/content/editorial/products/rfid-tags/rfid-ammo-can-tag.json,"""authorSlug"": ""peter-zhang"",","""authorSlug"": ""editorial-board"","
src/content/editorial/products/rfid-tags/rfid-ammo-can-tag.json,"""reviewedBySlug"": ""nancy-wu"",","""reviewedBySlug"": ""proudtek-engineering"","
src/content/editorial/products/rfid-tags/rfid-ammo-can-tag.json,],"],"
src/content/editorial/products/rfid-tags/rfid-ammo-can-tag.json,,"""author"": ""Proud Tek Editorial Team"","
src/content/editorial/products/rfid-tags/rfid-ammo-can-tag.json,,"""reviewedBy"": ""Proud Tek RF / Production Engineering"""
src/content/editorial/products/rfid-tags/rfid-anchor-bolt-tag.json,"""text"": ""USD 0.45–0.95 @ 1k · 0.28–0.55 @ 10k (indicative FOB Shenzhen range, as of Q3 2026) — firm quote in one business day.""","""text"": ""USD 0.45–0.95 @ 1k · 0.28–0.55 @ 10k (indicative FOB Shenzhen range, as of Q3 2026) — written quote within 24-48 hours."""
src/content/editorial/products/rfid-tags/rfid-anchor-bolt-tag.json,"""authorSlug"": ""peter-zhang"",","""authorSlug"": ""editorial-board"","
src/content/editorial/products/rfid-tags/rfid-anchor-bolt-tag.json,"""reviewedBySlug"": ""nancy-wu"",","""reviewedBySlug"": ""proudtek-engineering"","
src/content/editorial/products/rfid-tags/rfid-anchor-bolt-tag.json,],"],"
src/content/editorial/products/rfid-tags/rfid-anchor-bolt-tag.json,,"""author"": ""Proud Tek Editorial Team"","
src/content/editorial/products/rfid-tags/rfid-anchor-bolt-tag.json,,"""reviewedBy"": ""Proud Tek RF / Production Engineering"""
src/content/editorial/products/rfid-tags/rfid-animal-ear-tag.json,"""text"": ""USD 0.45–0.95 @ 1k · 0.28–0.55 @ 10k (indicative FOB Shenzhen range, as of Q3 2026) — firm quote in one business day.""","""text"": ""USD 0.45–0.95 @ 1k · 0.28–0.55 @ 10k (indicative FOB Shenzhen range, as of Q3 2026) — written quote within 24-48 hours."""
src/content/editorial/products/rfid-tags/rfid-animal-ear-tag.json,"""authorSlug"": ""peter-zhang"",","""authorSlug"": ""editorial-board"","
src/content/editorial/products/rfid-tags/rfid-animal-ear-tag.json,"""reviewedBySlug"": ""nancy-wu"",","""reviewedBySlug"": ""proudtek-engineering"","
src/content/editorial/products/rfid-tags/rfid-animal-ear-tag.json,"""reviewedAt"": ""2026-01-31""","""reviewedAt"": ""2026-01-31"","
src/content/editorial/products/rfid-tags/rfid-animal-ear-tag.json,,"""author"": ""Proud Tek Editorial Team"","
src/content/editorial/products/rfid-tags/rfid-animal-ear-tag.json,,"""reviewedBy"": ""Proud Tek RF / Production Engineering"""
src/content/editorial/products/rfid-tags/rfid-anti-metal-tag.json,"""text"": ""USD 0.60–2.50 /pc by size (indicative FOB Shenzhen range, as of Q3 2026) — firm quote in one business day.""","""text"": ""USD 0.60–2.50 /pc by size (indicative FOB Shenzhen range, as of Q3 2026) — written quote within 24-48 hours."""
src/content/editorial/products/rfid-tags/rfid-anti-metal-tag.json,"""authorSlug"": ""peter-zhang"",","""authorSlug"": ""editorial-board"","
src/content/editorial/products/rfid-tags/rfid-anti-metal-tag.json,"""reviewedBySlug"": ""nancy-wu"",","""reviewedBySlug"": ""proudtek-engineering"","
src/content/editorial/products/rfid-tags/rfid-anti-metal-tag.json,],"],"
src/content/editorial/products/rfid-tags/rfid-anti-metal-tag.json,,"""author"": ""Proud Tek Editorial Team"","
src/content/editorial/products/rfid-tags/rfid-anti-metal-tag.json,,"""reviewedBy"": ""Proud Tek RF / Production Engineering"""
src/content/editorial/products/rfid-tags/rfid-blood-bag-tag.json,"""summary"": ""Blood Guard: RFID blood bag tags that guard unit identity and cold chain from collection through transfusion - ISBT 128-ready, -30 °C rated, optional on-tag temperature logging. Factory-direct with MOQ 500 and written lead times."",","""summary"": ""Blood Guard: RFID blood bag tags that guard unit identity and cold chain from collection through transfusion - ISBT 128-ready, -30 °C rated, optional on-tag temperature logging. Manufacturer-direct with MOQ 500 and written lead times."","
src/content/editorial/products/rfid-tags/rfid-blood-bag-tag.json,"""text"": ""USD 0.30–1.20 /pc @ 5k+ (indicative FOB Shenzhen range, as of Q3 2026) — firm quote in one business day.""","""text"": ""USD 0.30–1.20 /pc @ 5k+ (indicative FOB Shenzhen range, as of Q3 2026) — written quote within 24-48 hours."""
src/content/editorial/products/rfid-tags/rfid-blood-bag-tag.json,"""authorSlug"": ""peter-zhang"",","""authorSlug"": ""editorial-board"","
src/content/editorial/products/rfid-tags/rfid-blood-bag-tag.json,"""reviewedBySlug"": ""nancy-wu"",","""reviewedBySlug"": ""proudtek-engineering"","
src/content/editorial/products/rfid-tags/rfid-blood-bag-tag.json,],"],"
src/content/editorial/products/rfid-tags/rfid-blood-bag-tag.json,,"""author"": ""Proud Tek Editorial Team"","
src/content/editorial/products/rfid-tags/rfid-blood-bag-tag.json,,"""reviewedBy"": ""Proud Tek RF / Production Engineering"""
src/content/editorial/products/rfid-tags/rfid-bolt-seal.json,"""authorSlug"": ""peter-zhang"",","""authorSlug"": ""editorial-board"","
src/content/editorial/products/rfid-tags/rfid-bolt-seal.json,"""reviewedBySlug"": ""nancy-wu"",","""reviewedBySlug"": ""proudtek-engineering"","
src/content/editorial/products/rfid-tags/rfid-bolt-seal.json,],"],"
src/content/editorial/products/rfid-tags/rfid-bolt-seal.json,,"""author"": ""Proud Tek Editorial Team"","
src/content/editorial/products/rfid-tags/rfid-bolt-seal.json,,"""reviewedBy"": ""Proud Tek RF / Production Engineering"""
src/content/editorial/products/rfid-tags/rfid-bolt-tag.json,"""text"": ""USD 0.45–0.95 @ 1k · 0.28–0.55 @ 10k (indicative FOB Shenzhen range, as of Q3 2026) — firm quote in one business day.""","""text"": ""USD 0.45–0.95 @ 1k · 0.28–0.55 @ 10k (indicative FOB Shenzhen range, as of Q3 2026) — written quote within 24-48 hours."""
src/content/editorial/products/rfid-tags/rfid-bolt-tag.json,"""authorSlug"": ""peter-zhang"",","""authorSlug"": ""editorial-board"","
src/content/editorial/products/rfid-tags/rfid-bolt-tag.json,"""reviewedBySlug"": ""nancy-wu"",","""reviewedBySlug"": ""proudtek-engineering"","
src/content/editorial/products/rfid-tags/rfid-bolt-tag.json,"""reviewedAt"": ""2026-04-21""","""reviewedAt"": ""2026-04-21"","
src/content/editorial/products/rfid-tags/rfid-bolt-tag.json,,"""author"": ""Proud Tek Editorial Team"","
src/content/editorial/products/rfid-tags/rfid-bolt-tag.json,,"""reviewedBy"": ""Proud Tek RF / Production Engineering"""
src/content/editorial/products/rfid-tags/rfid-cable-seal-tag.json,"""text"": ""USD 0.45–0.95 @ 1k · 0.28–0.55 @ 10k (indicative FOB Shenzhen range, as of Q3 2026) — firm quote in one business day.""","""text"": ""USD 0.45–0.95 @ 1k · 0.28–0.55 @ 10k (indicative FOB Shenzhen range, as of Q3 2026) — written quote within 24-48 hours."""
src/content/editorial/products/rfid-tags/rfid-cable-seal-tag.json,"""answer"": ""Each seal carries a factory-programmed TID that cannot be altered. The writable EPC bank is encoded to a GS1 scheme or your own numbering plan — either at our factory before shipment or at your sealing point during application. Encoding customizes the EPC only; the TID stays fixed, which is what the anti-substitution check relies on.""","""answer"": ""Each seal carries a factory-programmed TID that cannot be altered. The writable EPC bank is encoded to a GS1 scheme or your own numbering plan — either on our partner lines before shipment or at your sealing point during application. Encoding customizes the EPC only; the TID stays fixed, which is what the anti-substitution check relies on."""
src/content/editorial/products/rfid-tags/rfid-cable-seal-tag.json,"""authorSlug"": ""peter-zhang"",","""authorSlug"": ""editorial-board"","
src/content/editorial/products/rfid-tags/rfid-cable-seal-tag.json,"""reviewedBySlug"": ""nancy-wu"",","""reviewedBySlug"": ""proudtek-engineering"","
src/content/editorial/products/rfid-tags/rfid-cable-seal-tag.json,"""reviewedAt"": ""2026-03-07""","""reviewedAt"": ""2026-03-07"","
src/content/editorial/products/rfid-tags/rfid-cable-seal-tag.json,,"""author"": ""Proud Tek Editorial Team"","
src/content/editorial/products/rfid-tags/rfid-cable-seal-tag.json,,"""reviewedBy"": ""Proud Tek RF / Production Engineering"""
src/content/editorial/products/rfid-tags/rfid-cable-tie-tag.json,"""authorSlug"": ""peter-zhang"",","""authorSlug"": ""editorial-board"","
src/content/editorial/products/rfid-tags/rfid-cable-tie-tag.json,"""reviewedBySlug"": ""nancy-wu"",","""reviewedBySlug"": ""proudtek-engineering"","
src/content/editorial/products/rfid-tags/rfid-cable-tie-tag.json,],"],"
src/content/editorial/products/rfid-tags/rfid-cable-tie-tag.json,,"""author"": ""Proud Tek Editorial Team"","
src/content/editorial/products/rfid-tags/rfid-cable-tie-tag.json,,"""reviewedBy"": ""Proud Tek RF / Production Engineering"""
src/content/editorial/products/rfid-tags/rfid-ceramic-tag.json,"""text"": ""USD 1.00–3.00 /pc @ 1k+ (indicative FOB Shenzhen range, as of Q3 2026) — firm quote in one business day.""","""text"": ""USD 1.00–3.00 /pc @ 1k+ (indicative FOB Shenzhen range, as of Q3 2026) — written quote within 24-48 hours."""
src/content/editorial/products/rfid-tags/rfid-ceramic-tag.json,"""authorSlug"": ""peter-zhang"",","""authorSlug"": ""editorial-board"","
src/content/editorial/products/rfid-tags/rfid-ceramic-tag.json,"""reviewedBySlug"": ""nancy-wu"",","""reviewedBySlug"": ""proudtek-engineering"","
src/content/editorial/products/rfid-tags/rfid-ceramic-tag.json,"""reviewedAt"": ""2026-04-15""","""reviewedAt"": ""2026-04-15"","
src/content/editorial/products/rfid-tags/rfid-ceramic-tag.json,,"""author"": ""Proud Tek Editorial Team"","
src/content/editorial/products/rfid-tags/rfid-ceramic-tag.json,,"""reviewedBy"": ""Proud Tek RF / Production Engineering"""
src/content/editorial/products/rfid-tags/rfid-coin-tag.json,"""authorSlug"": ""nancy-wu"",","""authorSlug"": ""editorial-board"","
src/content/editorial/products/rfid-tags/rfid-coin-tag.json,"""reviewedAt"": ""2026-04-19""","""reviewedAt"": ""2026-04-19"","
src/content/editorial/products/rfid-tags/rfid-coin-tag.json,,"""author"": ""Proud Tek Editorial Team"","
src/content/editorial/products/rfid-tags/rfid-coin-tag.json,,"""reviewedBy"": ""Proud Tek RF / Production Engineering"""
src/content/editorial/products/rfid-tags/rfid-concrete-embed-tag.json,"""text"": ""USD 0.60–2.50 /pc by size (indicative FOB Shenzhen range, as of Q3 2026) — firm quote in one business day.""","""text"": ""USD 0.60–2.50 /pc by size (indicative FOB Shenzhen range, as of Q3 2026) — written quote within 24-48 hours."""
src/content/editorial/products/rfid-tags/rfid-concrete-embed-tag.json,"""authorSlug"": ""peter-zhang"",","""authorSlug"": ""editorial-board"","
src/content/editorial/products/rfid-tags/rfid-concrete-embed-tag.json,"""reviewedBySlug"": ""nancy-wu"",","""reviewedBySlug"": ""proudtek-engineering"","
src/content/editorial/products/rfid-tags/rfid-concrete-embed-tag.json,"""reviewedAt"": ""2026-01-08""","""reviewedAt"": ""2026-01-08"","
src/content/editorial/products/rfid-tags/rfid-concrete-embed-tag.json,,"""author"": ""Proud Tek Editorial Team"","
src/content/editorial/products/rfid-tags/rfid-concrete-embed-tag.json,,"""reviewedBy"": ""Proud Tek RF / Production Engineering"""
src/content/editorial/products/rfid-tags/rfid-drum-tag.json,"""authorSlug"": ""peter-zhang"",","""authorSlug"": ""editorial-board"","
src/content/editorial/products/rfid-tags/rfid-drum-tag.json,"""reviewedBySlug"": ""nancy-wu"",","""reviewedBySlug"": ""proudtek-engineering"","
src/content/editorial/products/rfid-tags/rfid-drum-tag.json,"""reviewedAt"": ""2025-11-28""","""reviewedAt"": ""2025-11-28"","
src/content/editorial/products/rfid-tags/rfid-drum-tag.json,,"""author"": ""Proud Tek Editorial Team"","
src/content/editorial/products/rfid-tags/rfid-drum-tag.json,,"""reviewedBy"": ""Proud Tek RF / Production Engineering"""
src/content/editorial/products/rfid-tags/rfid-ear-tag-livestock.json,"""text"": ""USD 0.45–0.95 @ 1k · 0.28–0.55 @ 10k (indicative FOB Shenzhen range, as of Q3 2026) — firm quote in one business day.""","""text"": ""USD 0.45–0.95 @ 1k · 0.28–0.55 @ 10k (indicative FOB Shenzhen range, as of Q3 2026) — written quote within 24-48 hours."""
src/content/editorial/products/rfid-tags/rfid-ear-tag-livestock.json,"""authorSlug"": ""peter-zhang"",","""authorSlug"": ""editorial-board"","
src/content/editorial/products/rfid-tags/rfid-ear-tag-livestock.json,"""reviewedBySlug"": ""nancy-wu"",","""reviewedBySlug"": ""proudtek-engineering"","
src/content/editorial/products/rfid-tags/rfid-ear-tag-livestock.json,],"],"
src/content/editorial/products/rfid-tags/rfid-ear-tag-livestock.json,,"""author"": ""Proud Tek Editorial Team"","
src/content/editorial/products/rfid-tags/rfid-ear-tag-livestock.json,,"""reviewedBy"": ""Proud Tek RF / Production Engineering"""
src/content/editorial/products/rfid-tags/rfid-epoxy-tag.json,"""text"": ""USD 0.35–0.80 /pc @ 5k+ (indicative FOB Shenzhen range, as of Q3 2026) — firm quote in one business day.""","""text"": ""USD 0.35–0.80 /pc @ 5k+ (indicative FOB Shenzhen range, as of Q3 2026) — written quote within 24-48 hours."""
src/content/editorial/products/rfid-tags/rfid-epoxy-tag.json,"""authorSlug"": ""peter-zhang"",","""authorSlug"": ""editorial-board"","
src/content/editorial/products/rfid-tags/rfid-epoxy-tag.json,"""reviewedBySlug"": ""nancy-wu"",","""reviewedBySlug"": ""proudtek-engineering"","
src/content/editorial/products/rfid-tags/rfid-epoxy-tag.json,"""reviewedAt"": ""2025-12-21""","""reviewedAt"": ""2025-12-21"","
src/content/editorial/products/rfid-tags/rfid-epoxy-tag.json,,"""author"": ""Proud Tek Editorial Team"","
src/content/editorial/products/rfid-tags/rfid-epoxy-tag.json,,"""reviewedBy"": ""Proud Tek RF / Production Engineering"""
src/content/editorial/products/rfid-tags/rfid-eyelet-tag.json,"""text"": ""USD 0.45–0.95 @ 1k · 0.28–0.55 @ 10k (indicative FOB Shenzhen range, as of Q3 2026) — firm quote in one business day.""","""text"": ""USD 0.45–0.95 @ 1k · 0.28–0.55 @ 10k (indicative FOB Shenzhen range, as of Q3 2026) — written quote within 24-48 hours."""
src/content/editorial/products/rfid-tags/rfid-eyelet-tag.json,"""authorSlug"": ""nancy-wu"",","""authorSlug"": ""editorial-board"","
src/content/editorial/products/rfid-tags/rfid-eyelet-tag.json,"""reviewedAt"": ""2025-11-21""","""reviewedAt"": ""2025-11-21"","
src/content/editorial/products/rfid-tags/rfid-eyelet-tag.json,,"""author"": ""Proud Tek Editorial Team"","
src/content/editorial/products/rfid-tags/rfid-eyelet-tag.json,,"""reviewedBy"": ""Proud Tek RF / Production Engineering"""
src/content/editorial/products/rfid-tags/rfid-fire-extinguisher-tag.json,"""text"": ""USD 0.60–2.50 /pc by size (indicative FOB Shenzhen range, as of Q3 2026) — firm quote in one business day.""","""text"": ""USD 0.60–2.50 /pc by size (indicative FOB Shenzhen range, as of Q3 2026) — written quote within 24-48 hours."""
src/content/editorial/products/rfid-tags/rfid-fire-extinguisher-tag.json,"""authorSlug"": ""peter-zhang"",","""authorSlug"": ""editorial-board"","
src/content/editorial/products/rfid-tags/rfid-fire-extinguisher-tag.json,"""reviewedBySlug"": ""nancy-wu"",","""reviewedBySlug"": ""proudtek-engineering"","
src/content/editorial/products/rfid-tags/rfid-fire-extinguisher-tag.json,],"],"
src/content/editorial/products/rfid-tags/rfid-fire-extinguisher-tag.json,,"""author"": ""Proud Tek Editorial Team"","
src/content/editorial/products/rfid-tags/rfid-fire-extinguisher-tag.json,,"""reviewedBy"": ""Proud Tek RF / Production Engineering"""
src/content/editorial/products/rfid-tags/rfid-fish-tag.json,"""text"": ""USD 1.00–3.00 /pc @ 1k+ (indicative FOB Shenzhen range, as of Q3 2026) — firm quote in one business day.""","""text"": ""USD 1.00–3.00 /pc @ 1k+ (indicative FOB Shenzhen range, as of Q3 2026) — written quote within 24-48 hours."""
src/content/editorial/products/rfid-tags/rfid-fish-tag.json,"""authorSlug"": ""peter-zhang"",","""authorSlug"": ""editorial-board"","
src/content/editorial/products/rfid-tags/rfid-fish-tag.json,"""reviewedBySlug"": ""nancy-wu"",","""reviewedBySlug"": ""proudtek-engineering"","
src/content/editorial/products/rfid-tags/rfid-fish-tag.json,"""reviewedAt"": ""2025-12-14""","""reviewedAt"": ""2025-12-14"","
src/content/editorial/products/rfid-tags/rfid-fish-tag.json,,"""author"": ""Proud Tek Editorial Team"","
src/content/editorial/products/rfid-tags/rfid-fish-tag.json,,"""reviewedBy"": ""Proud Tek RF / Production Engineering"""
src/content/editorial/products/rfid-tags/rfid-flag-tag.json,"""text"": ""USD 0.60–2.50 /pc by size (indicative FOB Shenzhen range, as of Q3 2026) — firm quote in one business day.""","""text"": ""USD 0.60–2.50 /pc by size (indicative FOB Shenzhen range, as of Q3 2026) — written quote within 24-48 hours."""
src/content/editorial/products/rfid-tags/rfid-flag-tag.json,"""authorSlug"": ""peter-zhang"",","""authorSlug"": ""editorial-board"","
src/content/editorial/products/rfid-tags/rfid-flag-tag.json,"""reviewedBySlug"": ""nancy-wu"",","""reviewedBySlug"": ""proudtek-engineering"","
src/content/editorial/products/rfid-tags/rfid-flag-tag.json,"""reviewedAt"": ""2025-12-21""","""reviewedAt"": ""2025-12-21"","
src/content/editorial/products/rfid-tags/rfid-flag-tag.json,,"""author"": ""Proud Tek Editorial Team"","
src/content/editorial/products/rfid-tags/rfid-flag-tag.json,,"""reviewedBy"": ""Proud Tek RF / Production Engineering"""
src/content/editorial/products/rfid-tags/rfid-gas-cylinder-tag.json,"""authorSlug"": ""peter-zhang"",","""authorSlug"": ""editorial-board"","
src/content/editorial/products/rfid-tags/rfid-gas-cylinder-tag.json,"""reviewedBySlug"": ""nancy-wu"",","""reviewedBySlug"": ""proudtek-engineering"","
src/content/editorial/products/rfid-tags/rfid-gas-cylinder-tag.json,],"],"
src/content/editorial/products/rfid-tags/rfid-gas-cylinder-tag.json,,"""author"": ""Proud Tek Editorial Team"","
src/content/editorial/products/rfid-tags/rfid-gas-cylinder-tag.json,,"""reviewedBy"": ""Proud Tek RF / Production Engineering"""
src/content/editorial/products/rfid-tags/rfid-glass-capsule-tag.json,"""text"": ""USD 1.00–3.00 /pc @ 1k+ (indicative FOB Shenzhen range, as of Q3 2026) — firm quote in one business day.""","""text"": ""USD 1.00–3.00 /pc @ 1k+ (indicative FOB Shenzhen range, as of Q3 2026) — written quote within 24-48 hours."""
src/content/editorial/products/rfid-tags/rfid-glass-capsule-tag.json,"""authorSlug"": ""peter-zhang"",","""authorSlug"": ""editorial-board"","
src/content/editorial/products/rfid-tags/rfid-glass-capsule-tag.json,"""reviewedBySlug"": ""nancy-wu"",","""reviewedBySlug"": ""proudtek-engineering"","
src/content/editorial/products/rfid-tags/rfid-glass-capsule-tag.json,"""reviewedAt"": ""2025-12-08""","""reviewedAt"": ""2025-12-08"","
src/content/editorial/products/rfid-tags/rfid-glass-capsule-tag.json,,"""author"": ""Proud Tek Editorial Team"","
src/content/editorial/products/rfid-tags/rfid-glass-capsule-tag.json,,"""reviewedBy"": ""Proud Tek RF / Production Engineering"""
src/content/editorial/products/rfid-tags/rfid-guard-tour-tag.json,"""authorSlug"": ""peter-zhang"",","""authorSlug"": ""editorial-board"","
src/content/editorial/products/rfid-tags/rfid-guard-tour-tag.json,"""reviewedBySlug"": ""nancy-wu"",","""reviewedBySlug"": ""proudtek-engineering"","
src/content/editorial/products/rfid-tags/rfid-guard-tour-tag.json,"""reviewedAt"": ""2026-03-27""","""reviewedAt"": ""2026-03-27"","
src/content/editorial/products/rfid-tags/rfid-guard-tour-tag.json,,"""author"": ""Proud Tek Editorial Team"","
src/content/editorial/products/rfid-tags/rfid-guard-tour-tag.json,,"""reviewedBy"": ""Proud Tek RF / Production Engineering"""
src/content/editorial/products/rfid-tags/rfid-hang-tag.json,"""text"": ""USD 0.45–0.95 @ 1k · 0.28–0.55 @ 10k (indicative FOB Shenzhen range, as of Q3 2026) — firm quote in one business day.""","""text"": ""USD 0.45–0.95 @ 1k · 0.28–0.55 @ 10k (indicative FOB Shenzhen range, as of Q3 2026) — written quote within 24-48 hours."""
src/content/editorial/products/rfid-tags/rfid-hang-tag.json,"""authorSlug"": ""peter-zhang"",","""authorSlug"": ""editorial-board"","
src/content/editorial/products/rfid-tags/rfid-hang-tag.json,"""reviewedAt"": ""2026-03-17""","""reviewedAt"": ""2026-03-17"","
src/content/editorial/products/rfid-tags/rfid-hang-tag.json,,"""author"": ""Proud Tek Editorial Team"","
src/content/editorial/products/rfid-tags/rfid-hang-tag.json,,"""reviewedBy"": ""Proud Tek RF / Production Engineering"""
src/content/editorial/products/rfid-tags/rfid-helmet-tag.json,"""text"": ""USD 0.60–2.50 /pc by size (indicative FOB Shenzhen range, as of Q3 2026) — firm quote in one business day.""","""text"": ""USD 0.60–2.50 /pc by size (indicative FOB Shenzhen range, as of Q3 2026) — written quote within 24-48 hours."""
src/content/editorial/products/rfid-tags/rfid-helmet-tag.json,"""authorSlug"": ""peter-zhang"",","""authorSlug"": ""editorial-board"","
src/content/editorial/products/rfid-tags/rfid-helmet-tag.json,"""reviewedBySlug"": ""nancy-wu"",","""reviewedBySlug"": ""proudtek-engineering"","
src/content/editorial/products/rfid-tags/rfid-helmet-tag.json,],"],"
src/content/editorial/products/rfid-tags/rfid-helmet-tag.json,,"""author"": ""Proud Tek Editorial Team"","
src/content/editorial/products/rfid-tags/rfid-helmet-tag.json,,"""reviewedBy"": ""Proud Tek RF / Production Engineering"""
src/content/editorial/products/rfid-tags/rfid-high-temp-silicone-tag.json,"""text"": ""USD 1.00–3.00 /pc @ 1k+ (indicative FOB Shenzhen range, as of Q3 2026) — firm quote in one business day.""","""text"": ""USD 1.00–3.00 /pc @ 1k+ (indicative FOB Shenzhen range, as of Q3 2026) — written quote within 24-48 hours."""
src/content/editorial/products/rfid-tags/rfid-high-temp-silicone-tag.json,"""authorSlug"": ""peter-zhang"",","""authorSlug"": ""editorial-board"","
src/content/editorial/products/rfid-tags/rfid-high-temp-silicone-tag.json,"""reviewedBySlug"": ""nancy-wu"",","""reviewedBySlug"": ""proudtek-engineering"","
src/content/editorial/products/rfid-tags/rfid-high-temp-silicone-tag.json,"""reviewedAt"": ""2026-03-31""","""reviewedAt"": ""2026-03-31"","
src/content/editorial/products/rfid-tags/rfid-high-temp-silicone-tag.json,,"""author"": ""Proud Tek Editorial Team"","
src/content/editorial/products/rfid-tags/rfid-high-temp-silicone-tag.json,,"""reviewedBy"": ""Proud Tek RF / Production Engineering"""
src/content/editorial/products/rfid-tags/rfid-high-temperature-ceramic-tag.json,"""text"": ""USD 1.00–3.00 /pc @ 1k+ (indicative FOB Shenzhen range, as of Q3 2026) — firm quote in one business day.""","""text"": ""USD 1.00–3.00 /pc @ 1k+ (indicative FOB Shenzhen range, as of Q3 2026) — written quote within 24-48 hours."""
src/content/editorial/products/rfid-tags/rfid-high-temperature-ceramic-tag.json,"""authorSlug"": ""peter-zhang"",","""authorSlug"": ""editorial-board"","
src/content/editorial/products/rfid-tags/rfid-high-temperature-ceramic-tag.json,"""reviewedBySlug"": ""nancy-wu"",","""reviewedBySlug"": ""proudtek-engineering"","
src/content/editorial/products/rfid-tags/rfid-high-temperature-ceramic-tag.json,],"],"
src/content/editorial/products/rfid-tags/rfid-high-temperature-ceramic-tag.json,,"""author"": ""Proud Tek Editorial Team"","
src/content/editorial/products/rfid-tags/rfid-high-temperature-ceramic-tag.json,,"""reviewedBy"": ""Proud Tek RF / Production Engineering"""
src/content/editorial/products/rfid-tags/rfid-hose-tag.json,"""authorSlug"": ""peter-zhang"",","""authorSlug"": ""editorial-board"","
src/content/editorial/products/rfid-tags/rfid-hose-tag.json,"""reviewedBySlug"": ""nancy-wu"",","""reviewedBySlug"": ""proudtek-engineering"","
src/content/editorial/products/rfid-tags/rfid-hose-tag.json,],"],"
src/content/editorial/products/rfid-tags/rfid-hose-tag.json,,"""author"": ""Proud Tek Editorial Team"","
src/content/editorial/products/rfid-tags/rfid-hose-tag.json,,"""reviewedBy"": ""Proud Tek RF / Production Engineering"""
src/content/editorial/products/rfid-tags/rfid-ibc-chemical-drum-tag.json,"""text"": ""USD 0.60–2.50 /pc by size (indicative FOB Shenzhen range, as of Q3 2026) — firm quote in one business day.""","""text"": ""USD 0.60–2.50 /pc by size (indicative FOB Shenzhen range, as of Q3 2026) — written quote within 24-48 hours."""
src/content/editorial/products/rfid-tags/rfid-ibc-chemical-drum-tag.json,"""authorSlug"": ""peter-zhang"",","""authorSlug"": ""editorial-board"","
src/content/editorial/products/rfid-tags/rfid-ibc-chemical-drum-tag.json,"""reviewedBySlug"": ""nancy-wu"",","""reviewedBySlug"": ""proudtek-engineering"","
src/content/editorial/products/rfid-tags/rfid-ibc-chemical-drum-tag.json,],"],"
src/content/editorial/products/rfid-tags/rfid-ibc-chemical-drum-tag.json,,"""author"": ""Proud Tek Editorial Team"","
src/content/editorial/products/rfid-tags/rfid-ibc-chemical-drum-tag.json,,"""reviewedBy"": ""Proud Tek RF / Production Engineering"""
src/content/editorial/products/rfid-tags/rfid-jewelry-tag.json,"""text"": ""USD 0.10–0.30 /pc @ 5k+ (indicative FOB Shenzhen range, as of Q3 2026) — firm quote in one business day.""","""text"": ""USD 0.10–0.30 /pc @ 5k+ (indicative FOB Shenzhen range, as of Q3 2026) — written quote within 24-48 hours."""
src/content/editorial/products/rfid-tags/rfid-jewelry-tag.json,"""authorSlug"": ""peter-zhang"",","""authorSlug"": ""editorial-board"","
src/content/editorial/products/rfid-tags/rfid-jewelry-tag.json,"""reviewedBySlug"": ""nancy-wu"",","""reviewedBySlug"": ""proudtek-engineering"","
src/content/editorial/products/rfid-tags/rfid-jewelry-tag.json,],"],"
src/content/editorial/products/rfid-tags/rfid-jewelry-tag.json,,"""author"": ""Proud Tek Editorial Team"","
src/content/editorial/products/rfid-tags/rfid-jewelry-tag.json,,"""reviewedBy"": ""Proud Tek RF / Production Engineering"""
src/content/editorial/products/rfid-tags/rfid-keg-tag.json,"""authorSlug"": ""peter-zhang"",","""authorSlug"": ""editorial-board"","
src/content/editorial/products/rfid-tags/rfid-keg-tag.json,"""reviewedBySlug"": ""nancy-wu"",","""reviewedBySlug"": ""proudtek-engineering"","
src/content/editorial/products/rfid-tags/rfid-keg-tag.json,"""reviewedAt"": ""2025-12-17""","""reviewedAt"": ""2025-12-17"","
src/content/editorial/products/rfid-tags/rfid-keg-tag.json,,"""author"": ""Proud Tek Editorial Team"","
src/content/editorial/products/rfid-tags/rfid-keg-tag.json,,"""reviewedBy"": ""Proud Tek RF / Production Engineering"""
src/content/editorial/products/rfid-tags/rfid-library-book-tag.json,"""text"": ""USD 0.10–0.30 /pc @ 5k+ (indicative FOB Shenzhen range, as of Q3 2026) — firm quote in one business day.""","""text"": ""USD 0.10–0.30 /pc @ 5k+ (indicative FOB Shenzhen range, as of Q3 2026) — written quote within 24-48 hours."""
src/content/editorial/products/rfid-tags/rfid-library-book-tag.json,"""authorSlug"": ""peter-zhang"",","""authorSlug"": ""editorial-board"","
src/content/editorial/products/rfid-tags/rfid-library-book-tag.json,"""reviewedBySlug"": ""nancy-wu"",","""reviewedBySlug"": ""proudtek-engineering"","
src/content/editorial/products/rfid-tags/rfid-library-book-tag.json,],"],"
src/content/editorial/products/rfid-tags/rfid-library-book-tag.json,,"""author"": ""Proud Tek Editorial Team"","
src/content/editorial/products/rfid-tags/rfid-library-book-tag.json,,"""reviewedBy"": ""Proud Tek RF / Production Engineering"""
src/content/editorial/products/rfid-tags/rfid-livestock-leg-band.json,"""text"": ""USD 0.45–0.95 @ 1k · 0.28–0.55 @ 10k (indicative FOB Shenzhen range, as of Q3 2026) — firm quote in one business day.""","""text"": ""USD 0.45–0.95 @ 1k · 0.28–0.55 @ 10k (indicative FOB Shenzhen range, as of Q3 2026) — written quote within 24-48 hours."""
src/content/editorial/products/rfid-tags/rfid-livestock-leg-band.json,"""authorSlug"": ""peter-zhang"",","""authorSlug"": ""editorial-board"","
src/content/editorial/products/rfid-tags/rfid-livestock-leg-band.json,"""reviewedBySlug"": ""nancy-wu"",","""reviewedBySlug"": ""proudtek-engineering"","
src/content/editorial/products/rfid-tags/rfid-livestock-leg-band.json,],"],"
src/content/editorial/products/rfid-tags/rfid-livestock-leg-band.json,,"""author"": ""Proud Tek Editorial Team"","
src/content/editorial/products/rfid-tags/rfid-livestock-leg-band.json,,"""reviewedBy"": ""Proud Tek RF / Production Engineering"""
src/content/editorial/products/rfid-tags/rfid-magnet-mount-tag.json,"""text"": ""USD 0.60–2.50 by size (indicative FOB Shenzhen range, as of Q3 2026) — firm quote in one business day.""","""text"": ""USD 0.60–2.50 by size (indicative FOB Shenzhen range, as of Q3 2026) — written quote within 24-48 hours."""
src/content/editorial/products/rfid-tags/rfid-magnet-mount-tag.json,"""authorSlug"": ""peter-zhang"",","""authorSlug"": ""editorial-board"","
src/content/editorial/products/rfid-tags/rfid-magnet-mount-tag.json,"""reviewedBySlug"": ""nancy-wu"",","""reviewedBySlug"": ""proudtek-engineering"","
src/content/editorial/products/rfid-tags/rfid-magnet-mount-tag.json,"""reviewedAt"": ""2026-01-25""","""reviewedAt"": ""2026-01-25"","
src/content/editorial/products/rfid-tags/rfid-magnet-mount-tag.json,,"""author"": ""Proud Tek Editorial Team"","
src/content/editorial/products/rfid-tags/rfid-magnet-mount-tag.json,,"""reviewedBy"": ""Proud Tek RF / Production Engineering"""
src/content/editorial/products/rfid-tags/rfid-manhole-cover-tag.json,"""text"": ""USD 0.60–2.50 /pc by size (indicative FOB Shenzhen range, as of Q3 2026) — firm quote in one business day.""","""text"": ""USD 0.60–2.50 /pc by size (indicative FOB Shenzhen range, as of Q3 2026) — written quote within 24-48 hours."""
src/content/editorial/products/rfid-tags/rfid-manhole-cover-tag.json,"""authorSlug"": ""peter-zhang"",","""authorSlug"": ""editorial-board"","
src/content/editorial/products/rfid-tags/rfid-manhole-cover-tag.json,"""reviewedBySlug"": ""nancy-wu"",","""reviewedBySlug"": ""proudtek-engineering"","
src/content/editorial/products/rfid-tags/rfid-manhole-cover-tag.json,],"],"
src/content/editorial/products/rfid-tags/rfid-manhole-cover-tag.json,,"""author"": ""Proud Tek Editorial Team"","
src/content/editorial/products/rfid-tags/rfid-manhole-cover-tag.json,,"""reviewedBy"": ""Proud Tek RF / Production Engineering"""
src/content/editorial/products/rfid-tags/rfid-mining-asset-tag.json,"""text"": ""USD 0.60–2.50 /pc by size (indicative FOB Shenzhen range, as of Q3 2026) — firm quote in one business day.""","""text"": ""USD 0.60–2.50 /pc by size (indicative FOB Shenzhen range, as of Q3 2026) — written quote within 24-48 hours."""
src/content/editorial/products/rfid-tags/rfid-mining-asset-tag.json,"""authorSlug"": ""peter-zhang"",","""authorSlug"": ""editorial-board"","
src/content/editorial/products/rfid-tags/rfid-mining-asset-tag.json,"""reviewedBySlug"": ""nancy-wu"",","""reviewedBySlug"": ""proudtek-engineering"","
src/content/editorial/products/rfid-tags/rfid-mining-asset-tag.json,"""reviewedAt"": ""2026-02-22""","""reviewedAt"": ""2026-02-22"","
src/content/editorial/products/rfid-tags/rfid-mining-asset-tag.json,,"""author"": ""Proud Tek Editorial Team"","
src/content/editorial/products/rfid-tags/rfid-mining-asset-tag.json,,"""reviewedBy"": ""Proud Tek RF / Production Engineering"""
src/content/editorial/products/rfid-tags/rfid-nail-tag.json,"""text"": ""USD 0.45–0.95 @ 1k · 0.28–0.55 @ 10k (indicative FOB Shenzhen range, as of Q3 2026) — firm quote in one business day.""","""text"": ""USD 0.45–0.95 @ 1k · 0.28–0.55 @ 10k (indicative FOB Shenzhen range, as of Q3 2026) — written quote within 24-48 hours."""
src/content/editorial/products/rfid-tags/rfid-nail-tag.json,"""authorSlug"": ""peter-zhang"",","""authorSlug"": ""editorial-board"","
src/content/editorial/products/rfid-tags/rfid-nail-tag.json,"""reviewedBySlug"": ""nancy-wu"",","""reviewedBySlug"": ""proudtek-engineering"","
src/content/editorial/products/rfid-tags/rfid-nail-tag.json,"""reviewedAt"": ""2026-01-29""","""reviewedAt"": ""2026-01-29"","
src/content/editorial/products/rfid-tags/rfid-nail-tag.json,,"""author"": ""Proud Tek Editorial Team"","
src/content/editorial/products/rfid-tags/rfid-nail-tag.json,,"""reviewedBy"": ""Proud Tek RF / Production Engineering"""
src/content/editorial/products/rfid-tags/rfid-oil-gas-pipe-tag.json,"""text"": ""USD 0.60–2.50 /pc by size (indicative FOB Shenzhen range, as of Q3 2026) — firm quote in one business day.""","""text"": ""USD 0.60–2.50 /pc by size (indicative FOB Shenzhen range, as of Q3 2026) — written quote within 24-48 hours."""
src/content/editorial/products/rfid-tags/rfid-oil-gas-pipe-tag.json,"""authorSlug"": ""peter-zhang"",","""authorSlug"": ""editorial-board"","
src/content/editorial/products/rfid-tags/rfid-oil-gas-pipe-tag.json,"""reviewedBySlug"": ""nancy-wu"",","""reviewedBySlug"": ""proudtek-engineering"","
src/content/editorial/products/rfid-tags/rfid-oil-gas-pipe-tag.json,],"],"
src/content/editorial/products/rfid-tags/rfid-oil-gas-pipe-tag.json,,"""author"": ""Proud Tek Editorial Team"","
src/content/editorial/products/rfid-tags/rfid-oil-gas-pipe-tag.json,,"""reviewedBy"": ""Proud Tek RF / Production Engineering"""
src/content/editorial/products/rfid-tags/rfid-pallet-runner-tag.json,"""authorSlug"": ""peter-zhang"",","""authorSlug"": ""editorial-board"","
src/content/editorial/products/rfid-tags/rfid-pallet-runner-tag.json,"""reviewedBySlug"": ""nancy-wu"",","""reviewedBySlug"": ""proudtek-engineering"","
src/content/editorial/products/rfid-tags/rfid-pallet-runner-tag.json,"""reviewedAt"": ""2026-03-31""","""reviewedAt"": ""2026-03-31"","
src/content/editorial/products/rfid-tags/rfid-pallet-runner-tag.json,,"""author"": ""Proud Tek Editorial Team"","
src/content/editorial/products/rfid-tags/rfid-pallet-runner-tag.json,,"""reviewedBy"": ""Proud Tek RF / Production Engineering"""
src/content/editorial/products/rfid-tags/rfid-pallet-tag.json,"""authorSlug"": ""peter-zhang"",","""authorSlug"": ""editorial-board"","
src/content/editorial/products/rfid-tags/rfid-pallet-tag.json,"""reviewedBySlug"": ""nancy-wu"",","""reviewedBySlug"": ""proudtek-engineering"","
src/content/editorial/products/rfid-tags/rfid-pallet-tag.json,],"],"
src/content/editorial/products/rfid-tags/rfid-pallet-tag.json,,"""author"": ""Proud Tek Editorial Team"","
src/content/editorial/products/rfid-tags/rfid-pallet-tag.json,,"""reviewedBy"": ""Proud Tek RF / Production Engineering"""
src/content/editorial/products/rfid-tags/rfid-parking-token.json,"""text"": ""USD 0.20–0.45 /pc @ 5k+ (indicative FOB Shenzhen range, as of Q3 2026) — firm quote in one business day.""","""text"": ""USD 0.20–0.45 /pc @ 5k+ (indicative FOB Shenzhen range, as of Q3 2026) — written quote within 24-48 hours."""
src/content/editorial/products/rfid-tags/rfid-parking-token.json,"""authorSlug"": ""peter-zhang"",","""authorSlug"": ""editorial-board"","
src/content/editorial/products/rfid-tags/rfid-parking-token.json,"""reviewedBySlug"": ""nancy-wu"",","""reviewedBySlug"": ""proudtek-engineering"","
src/content/editorial/products/rfid-tags/rfid-parking-token.json,"""reviewedAt"": ""2025-11-23""","""reviewedAt"": ""2025-11-23"","
src/content/editorial/products/rfid-tags/rfid-parking-token.json,,"""author"": ""Proud Tek Editorial Team"","
src/content/editorial/products/rfid-tags/rfid-parking-token.json,,"""reviewedBy"": ""Proud Tek RF / Production Engineering"""
src/content/editorial/products/rfid-tags/rfid-pcb-screw-mount-tag.json,"""text"": ""USD 0.60–2.50 /pc by size (indicative FOB Shenzhen range, as of Q3 2026) — firm quote in one business day.""","""text"": ""USD 0.60–2.50 /pc by size (indicative FOB Shenzhen range, as of Q3 2026) — written quote within 24-48 hours."""
src/content/editorial/products/rfid-tags/rfid-pcb-screw-mount-tag.json,"""authorSlug"": ""peter-zhang"",","""authorSlug"": ""editorial-board"","
src/content/editorial/products/rfid-tags/rfid-pcb-screw-mount-tag.json,"""reviewedAt"": ""2026-03-18""","""reviewedAt"": ""2026-03-18"","
src/content/editorial/products/rfid-tags/rfid-pcb-screw-mount-tag.json,,"""author"": ""Proud Tek Editorial Team"","
src/content/editorial/products/rfid-tags/rfid-pcb-screw-mount-tag.json,,"""reviewedBy"": ""Proud Tek RF / Production Engineering"""
src/content/editorial/products/rfid-tags/rfid-pcb-tag.json,"""text"": ""USD 0.60–2.50 /pc by size (indicative FOB Shenzhen range, as of Q3 2026) — firm quote in one business day.""","""text"": ""USD 0.60–2.50 /pc by size (indicative FOB Shenzhen range, as of Q3 2026) — written quote within 24-48 hours."""
src/content/editorial/products/rfid-tags/rfid-pcb-tag.json,"""authorSlug"": ""peter-zhang"",","""authorSlug"": ""editorial-board"","
src/content/editorial/products/rfid-tags/rfid-pcb-tag.json,"""reviewedAt"": ""2026-02-21""","""reviewedAt"": ""2026-02-21"","
src/content/editorial/products/rfid-tags/rfid-pcb-tag.json,,"""author"": ""Proud Tek Editorial Team"","
src/content/editorial/products/rfid-tags/rfid-pcb-tag.json,,"""reviewedBy"": ""Proud Tek RF / Production Engineering"""
src/content/editorial/products/rfid-tags/rfid-pps-laundry-chip.json,"""text"": ""USD 0.25–0.80 /pc by form (indicative FOB Shenzhen range, as of Q3 2026) — firm quote in one business day.""","""text"": ""USD 0.25–0.80 /pc by form (indicative FOB Shenzhen range, as of Q3 2026) — written quote within 24-48 hours."""
src/content/editorial/products/rfid-tags/rfid-pps-laundry-chip.json,"""authorSlug"": ""nancy-wu"",","""authorSlug"": ""editorial-board"","
src/content/editorial/products/rfid-tags/rfid-pps-laundry-chip.json,"""reviewedBySlug"": ""peter-zhang"",","""reviewedBySlug"": ""proudtek-engineering"","
src/content/editorial/products/rfid-tags/rfid-pps-laundry-chip.json,"""reviewedAt"": ""2026-01-18""","""reviewedAt"": ""2026-01-18"","
src/content/editorial/products/rfid-tags/rfid-pps-laundry-chip.json,,"""author"": ""Proud Tek Editorial Team"","
src/content/editorial/products/rfid-tags/rfid-pps-laundry-chip.json,,"""reviewedBy"": ""Proud Tek RF / Production Engineering"""
src/content/editorial/products/rfid-tags/rfid-race-timing-tag.json,"""text"": ""USD 0.08–0.25 /pc @ 10k+ (indicative FOB Shenzhen range, as of Q3 2026) — firm quote in one business day.""","""text"": ""USD 0.08–0.25 /pc @ 10k+ (indicative FOB Shenzhen range, as of Q3 2026) — written quote within 24-48 hours."""
src/content/editorial/products/rfid-tags/rfid-race-timing-tag.json,"""authorSlug"": ""peter-zhang"",","""authorSlug"": ""editorial-board"","
src/content/editorial/products/rfid-tags/rfid-race-timing-tag.json,"""reviewedBySlug"": ""nancy-wu"",","""reviewedBySlug"": ""proudtek-engineering"","
src/content/editorial/products/rfid-tags/rfid-race-timing-tag.json,"""reviewedAt"": ""2026-02-04""","""reviewedAt"": ""2026-02-04"","
src/content/editorial/products/rfid-tags/rfid-race-timing-tag.json,,"""author"": ""Proud Tek Editorial Team"","
src/content/editorial/products/rfid-tags/rfid-race-timing-tag.json,,"""reviewedBy"": ""Proud Tek RF / Production Engineering"""
src/content/editorial/products/rfid-tags/rfid-returnable-container-tag.json,"""authorSlug"": ""peter-zhang"",","""authorSlug"": ""editorial-board"","
src/content/editorial/products/rfid-tags/rfid-returnable-container-tag.json,"""reviewedBySlug"": ""nancy-wu"",","""reviewedBySlug"": ""proudtek-engineering"","
src/content/editorial/products/rfid-tags/rfid-returnable-container-tag.json,],"],"
src/content/editorial/products/rfid-tags/rfid-returnable-container-tag.json,,"""author"": ""Proud Tek Editorial Team"","
src/content/editorial/products/rfid-tags/rfid-returnable-container-tag.json,,"""reviewedBy"": ""Proud Tek RF / Production Engineering"""
src/content/editorial/products/rfid-tags/rfid-screw-tag.json,"""text"": ""USD 0.45–0.95 @ 1k · 0.28–0.55 @ 10k (indicative FOB Shenzhen range, as of Q3 2026) — firm quote in one business day.""","""text"": ""USD 0.45–0.95 @ 1k · 0.28–0.55 @ 10k (indicative FOB Shenzhen range, as of Q3 2026) — written quote within 24-48 hours."""
src/content/editorial/products/rfid-tags/rfid-screw-tag.json,"""authorSlug"": ""peter-zhang"",","""authorSlug"": ""editorial-board"","
src/content/editorial/products/rfid-tags/rfid-screw-tag.json,"""reviewedBySlug"": ""nancy-wu"",","""reviewedBySlug"": ""proudtek-engineering"","
src/content/editorial/products/rfid-tags/rfid-screw-tag.json,"""reviewedAt"": ""2026-03-17""","""reviewedAt"": ""2026-03-17"","
src/content/editorial/products/rfid-tags/rfid-screw-tag.json,,"""author"": ""Proud Tek Editorial Team"","
src/content/editorial/products/rfid-tags/rfid-screw-tag.json,,"""reviewedBy"": ""Proud Tek RF / Production Engineering"""
src/content/editorial/products/rfid-tags/rfid-silicone-flexible-tag.json,"""text"": ""USD 0.25–0.80 /pc by form (indicative FOB Shenzhen range, as of Q3 2026) — firm quote in one business day.""","""text"": ""USD 0.25–0.80 /pc by form (indicative FOB Shenzhen range, as of Q3 2026) — written quote within 24-48 hours."""
src/content/editorial/products/rfid-tags/rfid-silicone-flexible-tag.json,"""authorSlug"": ""nancy-wu"",","""authorSlug"": ""editorial-board"","
src/content/editorial/products/rfid-tags/rfid-silicone-flexible-tag.json,"""reviewedBySlug"": ""peter-zhang"",","""reviewedBySlug"": ""proudtek-engineering"","
src/content/editorial/products/rfid-tags/rfid-silicone-flexible-tag.json,"""reviewedAt"": ""2026-04-10""","""reviewedAt"": ""2026-04-10"","
src/content/editorial/products/rfid-tags/rfid-silicone-flexible-tag.json,,"""author"": ""Proud Tek Editorial Team"","
src/content/editorial/products/rfid-tags/rfid-silicone-flexible-tag.json,,"""reviewedBy"": ""Proud Tek RF / Production Engineering"""
src/content/editorial/products/rfid-tags/rfid-surgical-instrument-tag.json,"""text"": ""USD 1.00–3.00 /pc @ 1k+ (indicative FOB Shenzhen range, as of Q3 2026) — firm quote in one business day.""","""text"": ""USD 1.00–3.00 /pc @ 1k+ (indicative FOB Shenzhen range, as of Q3 2026) — written quote within 24-48 hours."""
src/content/editorial/products/rfid-tags/rfid-surgical-instrument-tag.json,"""authorSlug"": ""peter-zhang"",","""authorSlug"": ""editorial-board"","
src/content/editorial/products/rfid-tags/rfid-surgical-instrument-tag.json,"""reviewedBySlug"": ""nancy-wu"",","""reviewedBySlug"": ""proudtek-engineering"","
src/content/editorial/products/rfid-tags/rfid-surgical-instrument-tag.json,],"],"
src/content/editorial/products/rfid-tags/rfid-surgical-instrument-tag.json,,"""author"": ""Proud Tek Editorial Team"","
src/content/editorial/products/rfid-tags/rfid-surgical-instrument-tag.json,,"""reviewedBy"": ""Proud Tek RF / Production Engineering"""
src/content/editorial/products/rfid-tags/rfid-tamper-seal-tag.json,"""text"": ""USD 0.45–0.95 @ 1k · 0.28–0.55 @ 10k (indicative FOB Shenzhen range, as of Q3 2026) — firm quote in one business day.""","""text"": ""USD 0.45–0.95 @ 1k · 0.28–0.55 @ 10k (indicative FOB Shenzhen range, as of Q3 2026) — written quote within 24-48 hours."""
src/content/editorial/products/rfid-tags/rfid-tamper-seal-tag.json,"""authorSlug"": ""peter-zhang"",","""authorSlug"": ""editorial-board"","
src/content/editorial/products/rfid-tags/rfid-tamper-seal-tag.json,"""reviewedBySlug"": ""nancy-wu"",","""reviewedBySlug"": ""proudtek-engineering"","
src/content/editorial/products/rfid-tags/rfid-tamper-seal-tag.json,],"],"
src/content/editorial/products/rfid-tags/rfid-tamper-seal-tag.json,,"""author"": ""Proud Tek Editorial Team"","
src/content/editorial/products/rfid-tags/rfid-tamper-seal-tag.json,,"""reviewedBy"": ""Proud Tek RF / Production Engineering"""
src/content/editorial/products/rfid-tags/rfid-temperature-sensor-tag.json,"""authorSlug"": ""peter-zhang"",","""authorSlug"": ""editorial-board"","
src/content/editorial/products/rfid-tags/rfid-temperature-sensor-tag.json,"""reviewedBySlug"": ""nancy-wu"",","""reviewedBySlug"": ""proudtek-engineering"","
src/content/editorial/products/rfid-tags/rfid-temperature-sensor-tag.json,"""reviewedAt"": ""2026-01-29""","""reviewedAt"": ""2026-01-29"","
src/content/editorial/products/rfid-tags/rfid-temperature-sensor-tag.json,,"""author"": ""Proud Tek Editorial Team"","
src/content/editorial/products/rfid-tags/rfid-temperature-sensor-tag.json,,"""reviewedBy"": ""Proud Tek RF / Production Engineering"""
src/content/editorial/products/rfid-tags/rfid-textile-laundry-tag.json,"""text"": ""USD 0.25–0.80 /pc by form (indicative FOB Shenzhen range, as of Q3 2026) — firm quote in one business day.""","""text"": ""USD 0.25–0.80 /pc by form (indicative FOB Shenzhen range, as of Q3 2026) — written quote within 24-48 hours."""
src/content/editorial/products/rfid-tags/rfid-textile-laundry-tag.json,"""authorSlug"": ""nancy-wu"",","""authorSlug"": ""editorial-board"","
src/content/editorial/products/rfid-tags/rfid-textile-laundry-tag.json,"""reviewedBySlug"": ""peter-zhang"",","""reviewedBySlug"": ""proudtek-engineering"","
src/content/editorial/products/rfid-tags/rfid-textile-laundry-tag.json,],"],"
src/content/editorial/products/rfid-tags/rfid-textile-laundry-tag.json,,"""author"": ""Proud Tek Editorial Team"","
src/content/editorial/products/rfid-tags/rfid-textile-laundry-tag.json,,"""reviewedBy"": ""Proud Tek RF / Production Engineering"""
src/content/editorial/products/rfid-tags/rfid-tire-tag.json,"""authorSlug"": ""peter-zhang"",","""authorSlug"": ""editorial-board"","
src/content/editorial/products/rfid-tags/rfid-tire-tag.json,"""reviewedBySlug"": ""nancy-wu"",","""reviewedBySlug"": ""proudtek-engineering"","
src/content/editorial/products/rfid-tags/rfid-tire-tag.json,"""reviewedAt"": ""2025-11-20""","""reviewedAt"": ""2025-11-20"","
src/content/editorial/products/rfid-tags/rfid-tire-tag.json,,"""author"": ""Proud Tek Editorial Team"","
src/content/editorial/products/rfid-tags/rfid-tire-tag.json,,"""reviewedBy"": ""Proud Tek RF / Production Engineering"""
src/content/editorial/products/rfid-tags/rfid-tool-tag.json,"""text"": ""USD 0.60–2.50 /pc by size (indicative FOB Shenzhen range, as of Q3 2026) — firm quote in one business day.""","""text"": ""USD 0.60–2.50 /pc by size (indicative FOB Shenzhen range, as of Q3 2026) — written quote within 24-48 hours."""
src/content/editorial/products/rfid-tags/rfid-tool-tag.json,"""authorSlug"": ""peter-zhang"",","""authorSlug"": ""editorial-board"","
src/content/editorial/products/rfid-tags/rfid-tool-tag.json,"""reviewedBySlug"": ""nancy-wu"",","""reviewedBySlug"": ""proudtek-engineering"","
src/content/editorial/products/rfid-tags/rfid-tool-tag.json,],"],"
src/content/editorial/products/rfid-tags/rfid-tool-tag.json,,"""author"": ""Proud Tek Editorial Team"","
src/content/editorial/products/rfid-tags/rfid-tool-tag.json,,"""reviewedBy"": ""Proud Tek RF / Production Engineering"""
src/content/editorial/products/rfid-tags/rfid-tool-tracking-tag.json,"""text"": ""USD 0.60–2.50 /pc by size (indicative FOB Shenzhen range, as of Q3 2026) — firm quote in one business day.""","""text"": ""USD 0.60–2.50 /pc by size (indicative FOB Shenzhen range, as of Q3 2026) — written quote within 24-48 hours."""
src/content/editorial/products/rfid-tags/rfid-tool-tracking-tag.json,"""authorSlug"": ""peter-zhang"",","""authorSlug"": ""editorial-board"","
src/content/editorial/products/rfid-tags/rfid-tool-tracking-tag.json,"""reviewedBySlug"": ""nancy-wu"",","""reviewedBySlug"": ""proudtek-engineering"","
src/content/editorial/products/rfid-tags/rfid-tool-tracking-tag.json,],"],"
src/content/editorial/products/rfid-tags/rfid-tool-tracking-tag.json,,"""author"": ""Proud Tek Editorial Team"","
src/content/editorial/products/rfid-tags/rfid-tool-tracking-tag.json,,"""reviewedBy"": ""Proud Tek RF / Production Engineering"""
src/content/editorial/products/rfid-tags/rfid-tree-tag.json,"""text"": ""USD 0.45–0.95 @ 1k · 0.28–0.55 @ 10k (indicative FOB Shenzhen range, as of Q3 2026) — firm quote in one business day.""","""text"": ""USD 0.45–0.95 @ 1k · 0.28–0.55 @ 10k (indicative FOB Shenzhen range, as of Q3 2026) — written quote within 24-48 hours."""
src/content/editorial/products/rfid-tags/rfid-tree-tag.json,"""authorSlug"": ""peter-zhang"",","""authorSlug"": ""editorial-board"","
src/content/editorial/products/rfid-tags/rfid-tree-tag.json,"""reviewedBySlug"": ""nancy-wu"",","""reviewedBySlug"": ""proudtek-engineering"","
src/content/editorial/products/rfid-tags/rfid-tree-tag.json,"""reviewedAt"": ""2026-04-11""","""reviewedAt"": ""2026-04-11"","
src/content/editorial/products/rfid-tags/rfid-tree-tag.json,,"""author"": ""Proud Tek Editorial Team"","
src/content/editorial/products/rfid-tags/rfid-tree-tag.json,,"""reviewedBy"": ""Proud Tek RF / Production Engineering"""
src/content/editorial/products/rfid-tags/rfid-utility-pole-tag.json,"""authorSlug"": ""peter-zhang"",","""authorSlug"": ""editorial-board"","
src/content/editorial/products/rfid-tags/rfid-utility-pole-tag.json,"""reviewedBySlug"": ""nancy-wu"",","""reviewedBySlug"": ""proudtek-engineering"","
src/content/editorial/products/rfid-tags/rfid-utility-pole-tag.json,],"],"
src/content/editorial/products/rfid-tags/rfid-utility-pole-tag.json,,"""author"": ""Proud Tek Editorial Team"","
src/content/editorial/products/rfid-tags/rfid-utility-pole-tag.json,,"""reviewedBy"": ""Proud Tek RF / Production Engineering"""
src/content/editorial/products/rfid-tags/rfid-valve-tag.json,"""text"": ""USD 0.60–2.50 /pc by size (indicative FOB Shenzhen range, as of Q3 2026) — firm quote in one business day.""","""text"": ""USD 0.60–2.50 /pc by size (indicative FOB Shenzhen range, as of Q3 2026) — written quote within 24-48 hours."""
src/content/editorial/products/rfid-tags/rfid-valve-tag.json,"""authorSlug"": ""peter-zhang"",","""authorSlug"": ""editorial-board"","
src/content/editorial/products/rfid-tags/rfid-valve-tag.json,"""reviewedBySlug"": ""nancy-wu"",","""reviewedBySlug"": ""proudtek-engineering"","
src/content/editorial/products/rfid-tags/rfid-valve-tag.json,],"],"
src/content/editorial/products/rfid-tags/rfid-valve-tag.json,,"""author"": ""Proud Tek Editorial Team"","
src/content/editorial/products/rfid-tags/rfid-valve-tag.json,,"""reviewedBy"": ""Proud Tek RF / Production Engineering"""
src/content/editorial/products/rfid-tags/rfid-waste-bin-tag.json,"""text"": ""USD 1.00–3.00 /pc @ 1k+ (indicative FOB Shenzhen range, as of Q3 2026) — firm quote in one business day.""","""text"": ""USD 1.00–3.00 /pc @ 1k+ (indicative FOB Shenzhen range, as of Q3 2026) — written quote within 24-48 hours."""
src/content/editorial/products/rfid-tags/rfid-waste-bin-tag.json,"""authorSlug"": ""peter-zhang"",","""authorSlug"": ""editorial-board"","
src/content/editorial/products/rfid-tags/rfid-waste-bin-tag.json,"""reviewedBySlug"": ""nancy-wu"",","""reviewedBySlug"": ""proudtek-engineering"","
src/content/editorial/products/rfid-tags/rfid-waste-bin-tag.json,"""reviewedAt"": ""2026-04-15""","""reviewedAt"": ""2026-04-15"","
src/content/editorial/products/rfid-tags/rfid-waste-bin-tag.json,,"""author"": ""Proud Tek Editorial Team"","
src/content/editorial/products/rfid-tags/rfid-waste-bin-tag.json,,"""reviewedBy"": ""Proud Tek RF / Production Engineering"""
src/content/editorial/products/rfid-tags/rfid-weapon-tracking-tag.json,"""text"": ""USD 0.60–2.50 /pc by size (indicative FOB Shenzhen range, as of Q3 2026) — firm quote in one business day.""","""text"": ""USD 0.60–2.50 /pc by size (indicative FOB Shenzhen range, as of Q3 2026) — written quote within 24-48 hours."""
src/content/editorial/products/rfid-tags/rfid-weapon-tracking-tag.json,"""authorSlug"": ""peter-zhang"",","""authorSlug"": ""editorial-board"","
src/content/editorial/products/rfid-tags/rfid-weapon-tracking-tag.json,"""reviewedBySlug"": ""nancy-wu"",","""reviewedBySlug"": ""proudtek-engineering"","
src/content/editorial/products/rfid-tags/rfid-weapon-tracking-tag.json,],"],"
src/content/editorial/products/rfid-tags/rfid-weapon-tracking-tag.json,,"""author"": ""Proud Tek Editorial Team"","
src/content/editorial/products/rfid-tags/rfid-weapon-tracking-tag.json,,"""reviewedBy"": ""Proud Tek RF / Production Engineering"""
src/content/editorial/products/rfid-tags/rfid-wedge-tag.json,"""text"": ""USD 0.45–0.95 @ 1k · 0.28–0.55 @ 10k (indicative FOB Shenzhen range, as of Q3 2026) — firm quote in one business day.""","""text"": ""USD 0.45–0.95 @ 1k · 0.28–0.55 @ 10k (indicative FOB Shenzhen range, as of Q3 2026) — written quote within 24-48 hours."""
src/content/editorial/products/rfid-tags/rfid-wedge-tag.json,"""authorSlug"": ""peter-zhang"",","""authorSlug"": ""editorial-board"","
src/content/editorial/products/rfid-tags/rfid-wedge-tag.json,"""reviewedBySlug"": ""nancy-wu"",","""reviewedBySlug"": ""proudtek-engineering"","
src/content/editorial/products/rfid-tags/rfid-wedge-tag.json,"""reviewedAt"": ""2025-12-08""","""reviewedAt"": ""2025-12-08"","
src/content/editorial/products/rfid-tags/rfid-wedge-tag.json,,"""author"": ""Proud Tek Editorial Team"","
src/content/editorial/products/rfid-tags/rfid-wedge-tag.json,,"""reviewedBy"": ""Proud Tek RF / Production Engineering"""
src/content/editorial/products/rfid-tags/rfid-zip-tie-tag.json,"""authorSlug"": ""peter-zhang"",","""authorSlug"": ""editorial-board"","
src/content/editorial/products/rfid-tags/rfid-zip-tie-tag.json,"""reviewedBySlug"": ""nancy-wu"",","""reviewedBySlug"": ""proudtek-engineering"","
src/content/editorial/products/rfid-tags/rfid-zip-tie-tag.json,],"],"
src/content/editorial/products/rfid-tags/rfid-zip-tie-tag.json,,"""author"": ""Proud Tek Editorial Team"","
src/content/editorial/products/rfid-tags/rfid-zip-tie-tag.json,,"""reviewedBy"": ""Proud Tek RF / Production Engineering"""
src/content/editorial/products/rfid-tags/uhf-rfid-apparel-hang-tag.json,"""Pre-encoded with your SGTIN-96 or proprietary EPC scheme at our factory, ready to attach at garment production.""","""Pre-encoded with your SGTIN-96 or proprietary EPC scheme on our partner lines, ready to attach at garment production."""
src/content/editorial/products/rfid-tags/uhf-rfid-apparel-hang-tag.json,"""text"": ""USD 0.45–0.95 @ 1k · 0.28–0.55 @ 10k (indicative FOB Shenzhen range, as of Q3 2026) — firm quote in one business day.""","""text"": ""USD 0.45–0.95 @ 1k · 0.28–0.55 @ 10k (indicative FOB Shenzhen range, as of Q3 2026) — written quote within 24-48 hours."""
src/content/editorial/products/rfid-tags/uhf-rfid-apparel-hang-tag.json,"""authorSlug"": ""peter-zhang"",","""authorSlug"": ""editorial-board"","
src/content/editorial/products/rfid-tags/uhf-rfid-apparel-hang-tag.json,"""reviewedBySlug"": ""nancy-wu"",","""reviewedBySlug"": ""proudtek-engineering"","
src/content/editorial/products/rfid-tags/uhf-rfid-apparel-hang-tag.json,],"],"
src/content/editorial/products/rfid-tags/uhf-rfid-apparel-hang-tag.json,,"""author"": ""Proud Tek Editorial Team"","
src/content/editorial/products/rfid-tags/uhf-rfid-apparel-hang-tag.json,,"""reviewedBy"": ""Proud Tek RF / Production Engineering"""
src/content/editorial/products/rfid-tags/uhf-rfid-hard-tag.json,"""text"": ""USD 0.60–2.50 /pc by size (indicative FOB Shenzhen range, as of Q3 2026) — firm quote in one business day.""","""text"": ""USD 0.60–2.50 /pc by size (indicative FOB Shenzhen range, as of Q3 2026) — written quote within 24-48 hours."""
src/content/editorial/products/rfid-tags/uhf-rfid-hard-tag.json,"""authorSlug"": ""peter-zhang"",","""authorSlug"": ""editorial-board"","
src/content/editorial/products/rfid-tags/uhf-rfid-hard-tag.json,"""reviewedBySlug"": ""nancy-wu"",","""reviewedBySlug"": ""proudtek-engineering"","
src/content/editorial/products/rfid-tags/uhf-rfid-hard-tag.json,],"],"
src/content/editorial/products/rfid-tags/uhf-rfid-hard-tag.json,,"""author"": ""Proud Tek Editorial Team"","
src/content/editorial/products/rfid-tags/uhf-rfid-hard-tag.json,,"""reviewedBy"": ""Proud Tek RF / Production Engineering"""
src/content/editorial/products/rfid-tags/uhf-rfid-woven-care-label.json,"""text"": ""USD 0.08–0.25 /pc @ 10k+ (indicative FOB Shenzhen range, as of Q3 2026) — firm quote in one business day.""","""text"": ""USD 0.08–0.25 /pc @ 10k+ (indicative FOB Shenzhen range, as of Q3 2026) — written quote within 24-48 hours."""
src/content/editorial/products/rfid-tags/uhf-rfid-woven-care-label.json,"""authorSlug"": ""peter-zhang"",","""authorSlug"": ""editorial-board"","
src/content/editorial/products/rfid-tags/uhf-rfid-woven-care-label.json,"""reviewedBySlug"": ""nancy-wu"",","""reviewedBySlug"": ""proudtek-engineering"","
src/content/editorial/products/rfid-tags/uhf-rfid-woven-care-label.json,],"],"
src/content/editorial/products/rfid-tags/uhf-rfid-woven-care-label.json,,"""author"": ""Proud Tek Editorial Team"","
src/content/editorial/products/rfid-tags/uhf-rfid-woven-care-label.json,,"""reviewedBy"": ""Proud Tek RF / Production Engineering"""
src/content/editorial/products/rfid-tags/waterproof-uhf-rfid-outdoor-tag.json,"""text"": ""USD 0.60–2.50 /pc by size (indicative FOB Shenzhen range, as of Q3 2026) — firm quote in one business day.""","""text"": ""USD 0.60–2.50 /pc by size (indicative FOB Shenzhen range, as of Q3 2026) — written quote within 24-48 hours."""
src/content/editorial/products/rfid-tags/waterproof-uhf-rfid-outdoor-tag.json,"""authorSlug"": ""peter-zhang"",","""authorSlug"": ""editorial-board"","
src/content/editorial/products/rfid-tags/waterproof-uhf-rfid-outdoor-tag.json,"""reviewedBySlug"": ""nancy-wu"",","""reviewedBySlug"": ""proudtek-engineering"","
src/content/editorial/products/rfid-tags/waterproof-uhf-rfid-outdoor-tag.json,"""reviewedAt"": ""2026-01-19""","""reviewedAt"": ""2026-01-19"","
src/content/editorial/products/rfid-tags/waterproof-uhf-rfid-outdoor-tag.json,,"""author"": ""Proud Tek Editorial Team"","
src/content/editorial/products/rfid-tags/waterproof-uhf-rfid-outdoor-tag.json,,"""reviewedBy"": ""Proud Tek RF / Production Engineering"""
src/content/editorial/products/rfid-wristbands/_pillar.json,"""authorSlug"": ""peter-zhang"",","""authorSlug"": ""editorial-board"","
src/content/editorial/products/rfid-wristbands/_pillar.json,"""author"": ""Peter Zhang"",","""author"": ""Proud Tek Editorial Team"","
src/content/editorial/products/rfid-wristbands/_pillar.json,"""reviewedBySlug"": ""nancy-wu"",","""reviewedBySlug"": ""proudtek-engineering"","
src/content/editorial/products/rfid-wristbands/_pillar.json,"""reviewedBy"": ""Peter Zhang"",","""reviewedBy"": ""Proud Tek RF / Production Engineering"","
src/content/editorial/products/rfid-wristbands/cashless-payment-rfid-wristband.json,"""authorSlug"": ""peter-zhang"",","""authorSlug"": ""editorial-board"","
src/content/editorial/products/rfid-wristbands/cashless-payment-rfid-wristband.json,"""reviewedBySlug"": ""nancy-wu"",","""reviewedBySlug"": ""proudtek-engineering"","
src/content/editorial/products/rfid-wristbands/cashless-payment-rfid-wristband.json,"""reviewedAt"": ""2026-02-06""","""reviewedAt"": ""2026-02-06"","
src/content/editorial/products/rfid-wristbands/cashless-payment-rfid-wristband.json,,"""author"": ""Proud Tek Editorial Team"","
src/content/editorial/products/rfid-wristbands/cashless-payment-rfid-wristband.json,,"""reviewedBy"": ""Proud Tek RF / Production Engineering"""
src/content/editorial/products/rfid-wristbands/elastic-rfid-wristband.json,"""answer"": ""Custom-branded elastic wristbands: MOQ 200, lead time 12-15 business days from artwork approval; jacquard-woven custom logo lead time 18-22 days. Stock elastic bands in standard colours with NTAG213 or MIFARE chips ship on shorter lead time at lower MOQ. Reusable-programme bundles (wristbands + sanitisation guidelines + replacement schedule) available on request.""","""answer"": ""Custom-branded elastic wristbands: MOQ 500, lead time 12-15 business days from artwork approval; jacquard-woven custom logo lead time 18-22 days. Stock elastic bands in standard colours with NTAG213 or MIFARE chips ship on shorter lead time at lower MOQ. Reusable-programme bundles (wristbands + sanitisation guidelines + replacement schedule) available on request."""
src/content/editorial/products/rfid-wristbands/elastic-rfid-wristband.json,"""authorSlug"": ""peter-zhang"",","""authorSlug"": ""editorial-board"","
src/content/editorial/products/rfid-wristbands/elastic-rfid-wristband.json,"""reviewedBySlug"": ""nancy-wu"",","""reviewedBySlug"": ""proudtek-engineering"","
src/content/editorial/products/rfid-wristbands/elastic-rfid-wristband.json,"""reviewedAt"": ""2025-11-08""","""reviewedAt"": ""2025-11-08"","
src/content/editorial/products/rfid-wristbands/elastic-rfid-wristband.json,,"""author"": ""Proud Tek Editorial Team"","
src/content/editorial/products/rfid-wristbands/elastic-rfid-wristband.json,,"""reviewedBy"": ""Proud Tek RF / Production Engineering"""
src/content/editorial/products/rfid-wristbands/fabric-rfid-wristband.json,"""text"": ""USD 0.60–1.50 /band @ 500+ (indicative FOB Shenzhen range, as of Q3 2026) — firm quote in one business day.""","""text"": ""USD 0.60–1.50 /band @ 500+ (indicative FOB Shenzhen range, as of Q3 2026) — written quote within 24-48 hours."""
src/content/editorial/products/rfid-wristbands/fabric-rfid-wristband.json,"""answer"": ""MOQ 200 fabric bands with full-colour sublimation + NFC chip; lead time 15-20 business days from artwork approval. Rush production at 10 business days available for orders up to 5,000 bands with a rush surcharge. UHF variant adds a slight per-band premium without extending lead time. Bulk-pricing tiers at 2,000 / 5,000 / 10,000 / 25,000+ quantities; samples available before bulk commit.""","""answer"": ""MOQ 500 fabric bands with full-colour sublimation + NFC chip; lead time 15-20 business days from artwork approval. Rush production at 10 business days available for orders up to 5,000 bands with a rush surcharge. UHF variant adds a slight per-band premium without extending lead time. Bulk-pricing tiers at 2,000 / 5,000 / 10,000 / 25,000+ quantities; samples available before bulk commit."""
src/content/editorial/products/rfid-wristbands/fabric-rfid-wristband.json,"""authorSlug"": ""peter-zhang"",","""authorSlug"": ""editorial-board"","
src/content/editorial/products/rfid-wristbands/fabric-rfid-wristband.json,"""reviewedBySlug"": ""nancy-wu"",","""reviewedBySlug"": ""proudtek-engineering"","
src/content/editorial/products/rfid-wristbands/fabric-rfid-wristband.json,"""modifiedAt"": ""2026-07-18T00:00:00Z""","""modifiedAt"": ""2026-07-18T00:00:00Z"","
src/content/editorial/products/rfid-wristbands/fabric-rfid-wristband.json,,"""author"": ""Proud Tek Editorial Team"","
src/content/editorial/products/rfid-wristbands/fabric-rfid-wristband.json,,"""reviewedBy"": ""Proud Tek RF / Production Engineering"""
src/content/editorial/products/rfid-wristbands/hospital-patient-id-wristband.json,"""authorSlug"": ""peter-zhang"",","""authorSlug"": ""editorial-board"","
src/content/editorial/products/rfid-wristbands/hospital-patient-id-wristband.json,"""reviewedBySlug"": ""nancy-wu"",","""reviewedBySlug"": ""proudtek-engineering"","
src/content/editorial/products/rfid-wristbands/hospital-patient-id-wristband.json,"""reviewedAt"": ""2025-12-25""","""reviewedAt"": ""2025-12-25"","
src/content/editorial/products/rfid-wristbands/hospital-patient-id-wristband.json,,"""author"": ""Proud Tek Editorial Team"","
src/content/editorial/products/rfid-wristbands/hospital-patient-id-wristband.json,,"""reviewedBy"": ""Proud Tek RF / Production Engineering"""
src/content/editorial/products/rfid-wristbands/nfc-fitness-wristband.json,"""text"": ""USD 0.30–0.70 /band @ 500+ (indicative FOB Shenzhen range, as of Q3 2026) — firm quote in one business day.""","""text"": ""USD 0.30–0.70 /band @ 500+ (indicative FOB Shenzhen range, as of Q3 2026) — written quote within 24-48 hours."""
src/content/editorial/products/rfid-wristbands/nfc-fitness-wristband.json,"""text"": ""MOQ 200 silicone with custom Pantone colour + debossed logo; lead time 12-15 business days. Stock colours (black / blue / red / green) with NTAG213 ship on shorter lead time at lower MOQ. Bulk annual supply agreements with quarterly delivery schedules and locked pricing for chain operators (5,000-50,000 bands / year).""","""text"": ""MOQ 500 silicone with custom Pantone colour + debossed logo; lead time 12-15 business days. Stock colours (black / blue / red / green) with NTAG213 ship on shorter lead time at lower MOQ. Bulk annual supply agreements with quarterly delivery schedules and locked pricing for chain operators (5,000-50,000 bands / year)."""
src/content/editorial/products/rfid-wristbands/nfc-fitness-wristband.json,"""authorSlug"": ""peter-zhang"",","""authorSlug"": ""editorial-board"","
src/content/editorial/products/rfid-wristbands/nfc-fitness-wristband.json,"""reviewedBySlug"": ""nancy-wu"",","""reviewedBySlug"": ""proudtek-engineering"","
src/content/editorial/products/rfid-wristbands/nfc-fitness-wristband.json,"""reviewedAt"": ""2025-11-07""","""reviewedAt"": ""2025-11-07"","
src/content/editorial/products/rfid-wristbands/nfc-fitness-wristband.json,,"""author"": ""Proud Tek Editorial Team"","
src/content/editorial/products/rfid-wristbands/nfc-fitness-wristband.json,,"""reviewedBy"": ""Proud Tek RF / Production Engineering"""
src/content/editorial/products/rfid-wristbands/nfc-medical-alert-wristband.json,"""authorSlug"": ""peter-zhang"",","""authorSlug"": ""editorial-board"","
src/content/editorial/products/rfid-wristbands/nfc-medical-alert-wristband.json,"""reviewedBySlug"": ""nancy-wu"",","""reviewedBySlug"": ""proudtek-engineering"","
src/content/editorial/products/rfid-wristbands/nfc-medical-alert-wristband.json,"""reviewedAt"": ""2025-11-30""","""reviewedAt"": ""2025-11-30"","
src/content/editorial/products/rfid-wristbands/nfc-medical-alert-wristband.json,,"""author"": ""Proud Tek Editorial Team"","
src/content/editorial/products/rfid-wristbands/nfc-medical-alert-wristband.json,,"""reviewedBy"": ""Proud Tek RF / Production Engineering"""
src/content/editorial/products/rfid-wristbands/paper-rfid-wristband.json,"""summary"": ""Paper RFID wristbands are the lowest-cost disposable NFC band — roughly USD 0.10-0.25 per band at MOQ 200-10,000 with chip and printing. They embed a 13.56 MHz NFC chip (NTAG213 / 216, Ultralight EV1) or an 860-960 MHz UHF chip ({chip:impinj-monza-r6:name}, NXP UCODE 8) in coated or synthetic paper with a tamper-evident peel-and-stick closure. That lands below Tyvek (USD 0.20-0.40) for indoor single-day events, hospital day visits, school field trips, and visitor management."",","""summary"": ""Paper RFID wristbands are the lowest-cost disposable NFC band — roughly USD 0.10-0.25 per band at MOQ 500-10,000 with chip and printing. They embed a 13.56 MHz NFC chip (NTAG213 / 216, Ultralight EV1) or an 860-960 MHz UHF chip ({chip:impinj-monza-r6:name}, NXP UCODE 8) in coated or synthetic paper with a tamper-evident peel-and-stick closure. That lands below Tyvek (USD 0.20-0.40) for indoor single-day events, hospital day visits, school field trips, and visitor management."","
src/content/editorial/products/rfid-wristbands/paper-rfid-wristband.json,"""Lowest per-band cost in the disposable wristband family — USD 0.10-0.25 at MOQ 200-10,000 with embedded NTAG213 / NTAG216 / Ultralight EV1 NFC chip or {chip:impinj-monza-r6:name} / UCODE 8 UHF chip; the band that makes RFID economic at indoor / sheltered single-day programmes where Tyvek would over-spend."",","""Lowest per-band cost in the disposable wristband family — USD 0.10-0.25 at MOQ 500-10,000 with embedded NTAG213 / NTAG216 / Ultralight EV1 NFC chip or {chip:impinj-monza-r6:name} / UCODE 8 UHF chip; the band that makes RFID economic at indoor / sheltered single-day programmes where Tyvek would over-spend."","
src/content/editorial/products/rfid-wristbands/paper-rfid-wristband.json,"""intro"": ""Per-band lands roughly USD 0.10-0.25 at MOQ 200-10,000 with NFC chip and printing — meaningfully below Tyvek (USD 0.20-0.40) and dramatically below silicone (USD 0.55-1.40). Cost crossover with Tyvek is sensitive to chip choice and order volume; Tyvek wins where outdoor / festival / nightclub durability and tamper-resistance are required, paper wins where indoor / sheltered single-day economics dominate."",","""intro"": ""Per-band lands roughly USD 0.10-0.25 at MOQ 500-10,000 with NFC chip and printing — meaningfully below Tyvek (USD 0.20-0.40) and dramatically below silicone (USD 0.55-1.40). Cost crossover with Tyvek is sensitive to chip choice and order volume; Tyvek wins where outdoor / festival / nightclub durability and tamper-resistance are required, paper wins where indoor / sheltered single-day economics dominate."","
src/content/editorial/products/rfid-wristbands/paper-rfid-wristband.json,"""authorSlug"": ""peter-zhang"",","""authorSlug"": ""editorial-board"","
src/content/editorial/products/rfid-wristbands/paper-rfid-wristband.json,"""reviewedBySlug"": ""nancy-wu"",","""reviewedBySlug"": ""proudtek-engineering"","
src/content/editorial/products/rfid-wristbands/paper-rfid-wristband.json,"""modifiedAt"": ""2026-07-18T00:00:00Z""","""modifiedAt"": ""2026-07-18T00:00:00Z"","
src/content/editorial/products/rfid-wristbands/paper-rfid-wristband.json,,"""author"": ""Proud Tek Editorial Team"","
src/content/editorial/products/rfid-wristbands/paper-rfid-wristband.json,,"""reviewedBy"": ""Proud Tek RF / Production Engineering"""
src/content/editorial/products/rfid-wristbands/pvc-rfid-wristband.json,"""authorSlug"": ""peter-zhang"",","""authorSlug"": ""editorial-board"","
src/content/editorial/products/rfid-wristbands/pvc-rfid-wristband.json,"""reviewedBySlug"": ""nancy-wu"",","""reviewedBySlug"": ""proudtek-engineering"","
src/content/editorial/products/rfid-wristbands/pvc-rfid-wristband.json,"""reviewedAt"": ""2026-01-27""","""reviewedAt"": ""2026-01-27"","
src/content/editorial/products/rfid-wristbands/pvc-rfid-wristband.json,,"""author"": ""Proud Tek Editorial Team"","
src/content/editorial/products/rfid-wristbands/pvc-rfid-wristband.json,,"""reviewedBy"": ""Proud Tek RF / Production Engineering"""
src/content/editorial/products/rfid-wristbands/rfid-adjustable-silicone-wristband.json,"""authorSlug"": ""peter-zhang"",","""authorSlug"": ""editorial-board"","
src/content/editorial/products/rfid-wristbands/rfid-adjustable-silicone-wristband.json,"""reviewedBySlug"": ""nancy-wu"",","""reviewedBySlug"": ""proudtek-engineering"","
src/content/editorial/products/rfid-wristbands/rfid-adjustable-silicone-wristband.json,"""reviewedAt"": ""2026-03-03""","""reviewedAt"": ""2026-03-03"","
src/content/editorial/products/rfid-wristbands/rfid-adjustable-silicone-wristband.json,,"""author"": ""Proud Tek Editorial Team"","
src/content/editorial/products/rfid-wristbands/rfid-adjustable-silicone-wristband.json,,"""reviewedBy"": ""Proud Tek RF / Production Engineering"""
src/content/editorial/products/rfid-wristbands/rfid-child-wristband.json,"""MOQ 200 silicone (multi-month / season-pass / member tier); MOQ 200 fabric or Tyvek (event / programme / camp single-day); lead time 12-15 business days for silicone, 10-14 for Tyvek, 15-20 for sublimation fabric."",","""MOQ 500 silicone (multi-month / season-pass / member tier); MOQ 500 fabric or Tyvek (event / programme / camp single-day); lead time 12-15 business days for silicone, 10-14 for Tyvek, 15-20 for sublimation fabric."","
src/content/editorial/products/rfid-wristbands/rfid-child-wristband.json,"""answer"": ""Silicone child wristbands with tamper-resistant closure: MOQ 200, lead time 12-15 business days. Tyvek disposable child bands: MOQ 200, lead time 10-14 business days. Sublimation fabric for multi-day camping / school field trip: MOQ 200, lead time 15-20 business days. Custom child-friendly designs with venue branding included within standard lead time. Volume pricing at larger quantities for seasonal operations — 8-10 weeks ahead of season opening for guaranteed delivery on bulk orders.""","""answer"": ""Silicone child wristbands with tamper-resistant closure: MOQ 500, lead time 12-15 business days. Tyvek disposable child bands: MOQ 500, lead time 10-14 business days. Sublimation fabric for multi-day camping / school field trip: MOQ 200, lead time 15-20 business days. Custom child-friendly designs with venue branding included within standard lead time. Volume pricing at larger quantities for seasonal operations — 8-10 weeks ahead of season opening for guaranteed delivery on bulk orders."""
src/content/editorial/products/rfid-wristbands/rfid-child-wristband.json,"""authorSlug"": ""peter-zhang"",","""authorSlug"": ""editorial-board"","
src/content/editorial/products/rfid-wristbands/rfid-child-wristband.json,"""reviewedBySlug"": ""nancy-wu"",","""reviewedBySlug"": ""proudtek-engineering"","
src/content/editorial/products/rfid-wristbands/rfid-child-wristband.json,"""reviewedAt"": ""2025-12-09""","""reviewedAt"": ""2025-12-09"","
src/content/editorial/products/rfid-wristbands/rfid-child-wristband.json,,"""author"": ""Proud Tek Editorial Team"","
src/content/editorial/products/rfid-wristbands/rfid-child-wristband.json,,"""reviewedBy"": ""Proud Tek RF / Production Engineering"""
src/content/editorial/products/rfid-wristbands/rfid-nylon-wristband.json,"""authorSlug"": ""nancy-wu"",","""authorSlug"": ""editorial-board"","
src/content/editorial/products/rfid-wristbands/rfid-nylon-wristband.json,"""reviewedBySlug"": ""peter-zhang"",","""reviewedBySlug"": ""proudtek-engineering"","
src/content/editorial/products/rfid-wristbands/rfid-nylon-wristband.json,"""reviewedAt"": ""2026-04-20""","""reviewedAt"": ""2026-04-20"","
src/content/editorial/products/rfid-wristbands/rfid-nylon-wristband.json,,"""author"": ""Proud Tek Editorial Team"","
src/content/editorial/products/rfid-wristbands/rfid-nylon-wristband.json,,"""reviewedBy"": ""Proud Tek RF / Production Engineering"""
src/content/editorial/products/rfid-wristbands/rfid-prison-wristband.json,"""authorSlug"": ""peter-zhang"",","""authorSlug"": ""editorial-board"","
src/content/editorial/products/rfid-wristbands/rfid-prison-wristband.json,"""reviewedBySlug"": ""nancy-wu"",","""reviewedBySlug"": ""proudtek-engineering"","
src/content/editorial/products/rfid-wristbands/rfid-prison-wristband.json,"""reviewedAt"": ""2026-04-19""","""reviewedAt"": ""2026-04-19"","
src/content/editorial/products/rfid-wristbands/rfid-prison-wristband.json,,"""author"": ""Proud Tek Editorial Team"","
src/content/editorial/products/rfid-wristbands/rfid-prison-wristband.json,,"""reviewedBy"": ""Proud Tek RF / Production Engineering"""
src/content/editorial/products/rfid-wristbands/rfid-tyvek-wristband.json,"""authorSlug"": ""nancy-wu"",","""authorSlug"": ""editorial-board"","
src/content/editorial/products/rfid-wristbands/rfid-tyvek-wristband.json,"""reviewedBySlug"": ""peter-zhang"",","""reviewedBySlug"": ""proudtek-engineering"","
src/content/editorial/products/rfid-wristbands/rfid-tyvek-wristband.json,"""reviewedAt"": ""2026-01-12""","""reviewedAt"": ""2026-01-12"","
src/content/editorial/products/rfid-wristbands/rfid-tyvek-wristband.json,,"""author"": ""Proud Tek Editorial Team"","
src/content/editorial/products/rfid-wristbands/rfid-tyvek-wristband.json,,"""reviewedBy"": ""Proud Tek RF / Production Engineering"""
src/content/editorial/products/rfid-wristbands/rfid-vinyl-wristband.json,"""text"": ""USD 0.30–0.70 /band @ 500+ (indicative FOB Shenzhen range, as of Q3 2026) — firm quote in one business day.""","""text"": ""USD 0.30–0.70 /band @ 500+ (indicative FOB Shenzhen range, as of Q3 2026) — written quote within 24-48 hours."""
src/content/editorial/products/rfid-wristbands/rfid-vinyl-wristband.json,"""authorSlug"": ""peter-zhang"",","""authorSlug"": ""editorial-board"","
src/content/editorial/products/rfid-wristbands/rfid-vinyl-wristband.json,"""reviewedBySlug"": ""nancy-wu"",","""reviewedBySlug"": ""proudtek-engineering"","
src/content/editorial/products/rfid-wristbands/rfid-vinyl-wristband.json,"""reviewedAt"": ""2026-02-12""","""reviewedAt"": ""2026-02-12"","
src/content/editorial/products/rfid-wristbands/rfid-vinyl-wristband.json,,"""author"": ""Proud Tek Editorial Team"","
src/content/editorial/products/rfid-wristbands/rfid-vinyl-wristband.json,,"""reviewedBy"": ""Proud Tek RF / Production Engineering"""
src/content/editorial/products/rfid-wristbands/rfid-waterpark-wristband.json,"""authorSlug"": ""peter-zhang"",","""authorSlug"": ""editorial-board"","
src/content/editorial/products/rfid-wristbands/rfid-waterpark-wristband.json,"""reviewedBySlug"": ""nancy-wu"",","""reviewedBySlug"": ""proudtek-engineering"","
src/content/editorial/products/rfid-wristbands/rfid-waterpark-wristband.json,"""reviewedAt"": ""2025-12-16""","""reviewedAt"": ""2025-12-16"","
src/content/editorial/products/rfid-wristbands/rfid-waterpark-wristband.json,,"""author"": ""Proud Tek Editorial Team"","
src/content/editorial/products/rfid-wristbands/rfid-waterpark-wristband.json,,"""reviewedBy"": ""Proud Tek RF / Production Engineering"""
src/content/editorial/products/rfid-wristbands/rfid-wristband-qr-nfc.json,"""summary"": ""Hybrid RFID wristbands pair an embedded 13.56 MHz NFC chip with a printed QR code, giving one credential two independent reader paths. If NFC has trouble at a specific gate, staff scan the QR rail instead — and vice versa. The QR code follows ISO/IEC 18004 with error-correction level Q (~25% recovery), the typical outdoor specification. Substrate options span Tyvek, silicone, fabric, and PVC at MOQ 200."",","""summary"": ""Hybrid RFID wristbands pair an embedded 13.56 MHz NFC chip with a printed QR code, giving one credential two independent reader paths. If NFC has trouble at a specific gate, staff scan the QR rail instead — and vice versa. The QR code follows ISO/IEC 18004 with error-correction level Q (~25% recovery), the typical outdoor specification. Substrate options span Tyvek, silicone, fabric, and PVC at MOQ 500."","
src/content/editorial/products/rfid-wristbands/rfid-wristband-qr-nfc.json,"""answer"": ""MOQ varies by substrate: silicone 200, fabric 500, Tyvek 1,000, PVC 500. Standard custom-print lead times are 10-21 business days from artwork approval depending on substrate. Custom branding, Pantone colour matching, and NFC + QR encoding are included in the quote. Sample run before bulk commit at no extra charge. Bulk pricing tiers at 5,000 / 10,000 / 50,000+ quantities.""","""answer"": ""MOQ varies by substrate: silicone 500, fabric 500, Tyvek 1,000, PVC 500. Standard custom-print lead times are 10-21 business days from artwork approval depending on substrate. Custom branding, Pantone colour matching, and NFC + QR encoding are included in the quote. Sample run before bulk commit at no extra charge. Bulk pricing tiers at 5,000 / 10,000 / 50,000+ quantities."""
src/content/editorial/products/rfid-wristbands/rfid-wristband-qr-nfc.json,"""authorSlug"": ""peter-zhang"",","""authorSlug"": ""editorial-board"","
src/content/editorial/products/rfid-wristbands/rfid-wristband-qr-nfc.json,"""reviewedBySlug"": ""nancy-wu"",","""reviewedBySlug"": ""proudtek-engineering"","
src/content/editorial/products/rfid-wristbands/rfid-wristband-qr-nfc.json,"""reviewedAt"": ""2025-12-28""","""reviewedAt"": ""2025-12-28"","
src/content/editorial/products/rfid-wristbands/rfid-wristband-qr-nfc.json,,"""author"": ""Proud Tek Editorial Team"","
src/content/editorial/products/rfid-wristbands/rfid-wristband-qr-nfc.json,,"""reviewedBy"": ""Proud Tek RF / Production Engineering"""
src/content/editorial/products/rfid-wristbands/silicone-wristband-mifare-classic.json,"""MOQ 200 silicone with custom colour and debossed logo; lead time 12-15 business days; samples available before bulk commit."",","""MOQ 500 silicone with custom colour and debossed logo; lead time 12-15 business days; samples available before bulk commit."","
src/content/editorial/products/rfid-wristbands/silicone-wristband-mifare-classic.json,"""answer"": ""MOQ 200 silicone with custom Pantone colour and debossed logo; lead time 12-15 business days. Closed-loop / closure variant changes do not change the MOQ; chip-family change (Classic → DESFire EV3) does not change lead time. Per-band cost lands USD 0.55-1.40 at 1k-10k units depending on chip family, closure, and finish complexity. Samples available before bulk commit at no extra charge.""","""answer"": ""MOQ 500 silicone with custom Pantone colour and debossed logo; lead time 12-15 business days. Closed-loop / closure variant changes do not change the MOQ; chip-family change (Classic → DESFire EV3) does not change lead time. Per-band cost lands USD 0.55-1.40 at 1k-10k units depending on chip family, closure, and finish complexity. Samples available before bulk commit at no extra charge."""
src/content/editorial/products/rfid-wristbands/silicone-wristband-mifare-classic.json,"""authorSlug"": ""peter-zhang"",","""authorSlug"": ""editorial-board"","
src/content/editorial/products/rfid-wristbands/silicone-wristband-mifare-classic.json,"""reviewedBySlug"": ""nancy-wu"",","""reviewedBySlug"": ""proudtek-engineering"","
src/content/editorial/products/rfid-wristbands/silicone-wristband-mifare-classic.json,"""reviewedAt"": ""2026-02-05""","""reviewedAt"": ""2026-02-05"","
src/content/editorial/products/rfid-wristbands/silicone-wristband-mifare-classic.json,,"""author"": ""Proud Tek Editorial Team"","
src/content/editorial/products/rfid-wristbands/silicone-wristband-mifare-classic.json,,"""reviewedBy"": ""Proud Tek RF / Production Engineering"""
src/content/editorial/products/rfid-wristbands/uhf-rfid-wristband.json,"""text"": ""MOQ 200 silicone, 300 dual-frequency UHF + NFC; lead time 12-15 business days standard, 15-18 days with dual-frequency or custom-colour silicone. Per-band cost lands at USD 0.55-1.20 for printed silicone at 1,000-10,000 units; Tyvek disposables in the USD 0.20-0.40 band; printed read-range test report bundled with the order at no charge.""","""text"": ""MOQ 500 silicone, 300 dual-frequency UHF + NFC; lead time 12-15 business days standard, 15-18 days with dual-frequency or custom-colour silicone. Per-band cost lands at USD 0.55-1.20 for printed silicone at 1,000-10,000 units; Tyvek disposables in the USD 0.20-0.40 band; printed read-range test report bundled with the order at no charge."""
src/content/editorial/products/rfid-wristbands/uhf-rfid-wristband.json,"""answer"": ""UHF silicone wristbands: MOQ 200, lead time 12-15 business days. Dual-frequency (UHF + NFC) silicone: MOQ 300, lead time 15-18 business days. Tyvek UHF wristbands: MOQ 1,000, lead time 10-12 business days. Custom-coloured silicone with logo silkscreen / debossing / pad-print / laser engraving: add 2-3 business days. Read-range test report bundled with every order at no extra cost.""","""answer"": ""UHF silicone wristbands: MOQ 500, lead time 12-15 business days. Dual-frequency (UHF + NFC) silicone: MOQ 300, lead time 15-18 business days. Tyvek UHF wristbands: MOQ 1,000, lead time 10-12 business days. Custom-coloured silicone with logo silkscreen / debossing / pad-print / laser engraving: add 2-3 business days. Read-range test report bundled with every order at no extra cost."""
src/content/editorial/products/rfid-wristbands/uhf-rfid-wristband.json,"""authorSlug"": ""peter-zhang"",","""authorSlug"": ""editorial-board"","
src/content/editorial/products/rfid-wristbands/uhf-rfid-wristband.json,"""reviewedBySlug"": ""nancy-wu"",","""reviewedBySlug"": ""proudtek-engineering"","
src/content/editorial/products/rfid-wristbands/uhf-rfid-wristband.json,"""reviewedAt"": ""2026-03-26""","""reviewedAt"": ""2026-03-26"","
src/content/editorial/products/rfid-wristbands/uhf-rfid-wristband.json,,"""author"": ""Proud Tek Editorial Team"","
src/content/editorial/products/rfid-wristbands/uhf-rfid-wristband.json,,"""reviewedBy"": ""Proud Tek RF / Production Engineering"""
src/content/editorial/research/2026-rfid-industry-adoption-index.json,"""authorSlug"": ""peter-zhang"",","""authorSlug"": ""editorial-board"","
src/content/editorial/research/2026-rfid-industry-adoption-index.json,"""author"": ""Peter Zhang"",","""author"": ""Proud Tek Editorial Team"","
src/content/editorial/research/2026-rfid-industry-adoption-index.json,"""reviewedBySlug"": ""nancy-wu"",","""reviewedBySlug"": ""proudtek-engineering"","
src/content/editorial/research/2026-rfid-industry-adoption-index.json,"""reviewedBy"": ""Peter Zhang"",","""reviewedBy"": ""Proud Tek RF / Production Engineering"","
src/content/editorial/research/_pillar.json,"""authorSlug"": ""peter-zhang"",","""authorSlug"": ""editorial-board"","
src/content/editorial/research/_pillar.json,"""author"": ""Peter Zhang"",","""author"": ""Proud Tek Editorial Team"","
src/content/editorial/research/_pillar.json,"""reviewedBySlug"": ""nancy-wu"",","""reviewedBySlug"": ""proudtek-engineering"","
src/content/editorial/research/_pillar.json,"""reviewedBy"": ""Peter Zhang"",","""reviewedBy"": ""Proud Tek RF / Production Engineering"","
src/content/editorial/research/_pillar.json,"""answer"": ""Proud Tek funds the program in-house. We do not accept sponsored research from RFID hardware peers, integrators, or end-user clients, and we do not run paid placements inside published findings. The cost (under USD 30,000 per flagship study, dominated by third-party panel fees and statistician time) is treated as marketing R&D. Funding transparency is published in the methodology appendix of every report.""","""answer"": ""Proud Tek funds the program itself. We do not accept sponsored research from RFID hardware peers, integrators, or end-user clients, and we do not run paid placements inside published findings. The cost (under USD 30,000 per flagship study, dominated by third-party panel fees and statistician time) is treated as marketing R&D. Funding transparency is published in the methodology appendix of every report."""
src/content/editorial/resources/_pillar.json,"""authorSlug"": ""peter-zhang"",","""authorSlug"": ""editorial-board"","
src/content/editorial/resources/_pillar.json,"""author"": ""Peter Zhang"",","""author"": ""Proud Tek Editorial Team"","
src/content/editorial/resources/_pillar.json,"""reviewedBySlug"": ""nancy-wu"",","""reviewedBySlug"": ""proudtek-engineering"","
src/content/editorial/resources/_pillar.json,"""reviewedBy"": ""Peter Zhang"",","""reviewedBy"": ""Proud Tek RF / Production Engineering"","
src/content/editorial/solutions.json,"""authorSlug"": ""peter-zhang"",","""authorSlug"": ""editorial-board"","
src/content/editorial/solutions.json,"""reviewedBySlug"": ""nancy-wu""","""reviewedBySlug"": ""proudtek-engineering"","
src/content/editorial/solutions.json,,"""author"": ""Proud Tek Editorial Team"","
src/content/editorial/solutions.json,,"""reviewedBy"": ""Proud Tek RF / Production Engineering"""
src/content/editorial/solutions/digital-product-passport.json,"""authorSlug"": ""peter-zhang"",","""authorSlug"": ""editorial-board"","
src/content/editorial/solutions/digital-product-passport.json,"""reviewedBySlug"": ""nancy-wu"",","""reviewedBySlug"": ""proudtek-engineering"","
src/content/editorial/solutions/digital-product-passport.json,"""reviewedAt"": ""2026-05-11""","""reviewedAt"": ""2026-05-11"","
src/content/editorial/solutions/digital-product-passport.json,,"""author"": ""Proud Tek Editorial Team"","
src/content/editorial/solutions/digital-product-passport.json,,"""reviewedBy"": ""Proud Tek RF / Production Engineering"""
src/content/editorial/solutions/google-review-cards-for-checkout-counters.json,"""authorSlug"": ""peter-zhang"",","""authorSlug"": ""editorial-board"","
src/content/editorial/solutions/google-review-cards-for-checkout-counters.json,"""reviewedBySlug"": ""nancy-wu"",","""reviewedBySlug"": ""proudtek-engineering"","
src/content/editorial/solutions/google-review-cards-for-checkout-counters.json,"""reviewedAt"": ""2026-05-11""","""reviewedAt"": ""2026-05-11"","
src/content/editorial/solutions/google-review-cards-for-checkout-counters.json,,"""author"": ""Proud Tek Editorial Team"","
src/content/editorial/solutions/google-review-cards-for-checkout-counters.json,,"""reviewedBy"": ""Proud Tek RF / Production Engineering"""
src/content/editorial/solutions/google-review-cards-for-clinics.json,"""authorSlug"": ""peter-zhang"",","""authorSlug"": ""editorial-board"","
src/content/editorial/solutions/google-review-cards-for-clinics.json,"""reviewedBySlug"": ""nancy-wu"",","""reviewedBySlug"": ""proudtek-engineering"","
src/content/editorial/solutions/google-review-cards-for-clinics.json,"""reviewedAt"": ""2026-05-11""","""reviewedAt"": ""2026-05-11"","
src/content/editorial/solutions/google-review-cards-for-clinics.json,,"""author"": ""Proud Tek Editorial Team"","
src/content/editorial/solutions/google-review-cards-for-clinics.json,,"""reviewedBy"": ""Proud Tek RF / Production Engineering"""
src/content/editorial/solutions/google-review-cards-for-front-desks.json,"""authorSlug"": ""peter-zhang"",","""authorSlug"": ""editorial-board"","
src/content/editorial/solutions/google-review-cards-for-front-desks.json,"""reviewedBySlug"": ""nancy-wu"",","""reviewedBySlug"": ""proudtek-engineering"","
src/content/editorial/solutions/google-review-cards-for-front-desks.json,"""reviewedAt"": ""2026-05-11""","""reviewedAt"": ""2026-05-11"","
src/content/editorial/solutions/google-review-cards-for-front-desks.json,,"""author"": ""Proud Tek Editorial Team"","
src/content/editorial/solutions/google-review-cards-for-front-desks.json,,"""reviewedBy"": ""Proud Tek RF / Production Engineering"""
src/content/editorial/solutions/google-review-cards-for-gyms-and-fitness-studios.json,"""authorSlug"": ""peter-zhang"",","""authorSlug"": ""editorial-board"","
src/content/editorial/solutions/google-review-cards-for-gyms-and-fitness-studios.json,"""reviewedBySlug"": ""nancy-wu"",","""reviewedBySlug"": ""proudtek-engineering"","
src/content/editorial/solutions/google-review-cards-for-gyms-and-fitness-studios.json,"""reviewedAt"": ""2026-05-11""","""reviewedAt"": ""2026-05-11"","
src/content/editorial/solutions/google-review-cards-for-gyms-and-fitness-studios.json,,"""author"": ""Proud Tek Editorial Team"","
src/content/editorial/solutions/google-review-cards-for-gyms-and-fitness-studios.json,,"""reviewedBy"": ""Proud Tek RF / Production Engineering"""
src/content/editorial/solutions/google-review-cards-for-hotels.json,"""authorSlug"": ""peter-zhang"",","""authorSlug"": ""editorial-board"","
src/content/editorial/solutions/google-review-cards-for-hotels.json,"""reviewedBySlug"": ""nancy-wu"",","""reviewedBySlug"": ""proudtek-engineering"","
src/content/editorial/solutions/google-review-cards-for-hotels.json,],"],"
src/content/editorial/solutions/google-review-cards-for-hotels.json,,"""author"": ""Proud Tek Editorial Team"","
src/content/editorial/solutions/google-review-cards-for-hotels.json,,"""reviewedBy"": ""Proud Tek RF / Production Engineering"""
src/content/editorial/solutions/google-review-cards-for-pickup-counters.json,"""authorSlug"": ""peter-zhang"",","""authorSlug"": ""editorial-board"","
src/content/editorial/solutions/google-review-cards-for-pickup-counters.json,"""reviewedBySlug"": ""nancy-wu"",","""reviewedBySlug"": ""proudtek-engineering"","
src/content/editorial/solutions/google-review-cards-for-pickup-counters.json,"""reviewedAt"": ""2026-05-11""","""reviewedAt"": ""2026-05-11"","
src/content/editorial/solutions/google-review-cards-for-pickup-counters.json,,"""author"": ""Proud Tek Editorial Team"","
src/content/editorial/solutions/google-review-cards-for-pickup-counters.json,,"""reviewedBy"": ""Proud Tek RF / Production Engineering"""
src/content/editorial/solutions/google-review-cards-for-restaurants.json,"""authorSlug"": ""peter-zhang"",","""authorSlug"": ""editorial-board"","
src/content/editorial/solutions/google-review-cards-for-restaurants.json,"""reviewedBySlug"": ""nancy-wu"",","""reviewedBySlug"": ""proudtek-engineering"","
src/content/editorial/solutions/google-review-cards-for-restaurants.json,],"],"
src/content/editorial/solutions/google-review-cards-for-restaurants.json,,"""author"": ""Proud Tek Editorial Team"","
src/content/editorial/solutions/google-review-cards-for-restaurants.json,,"""reviewedBy"": ""Proud Tek RF / Production Engineering"""
src/content/editorial/solutions/google-review-cards-for-retail-stores.json,"""authorSlug"": ""peter-zhang"",","""authorSlug"": ""editorial-board"","
src/content/editorial/solutions/google-review-cards-for-retail-stores.json,"""reviewedBySlug"": ""nancy-wu"",","""reviewedBySlug"": ""proudtek-engineering"","
src/content/editorial/solutions/google-review-cards-for-retail-stores.json,],"],"
src/content/editorial/solutions/google-review-cards-for-retail-stores.json,,"""author"": ""Proud Tek Editorial Team"","
src/content/editorial/solutions/google-review-cards-for-retail-stores.json,,"""reviewedBy"": ""Proud Tek RF / Production Engineering"""
src/content/editorial/solutions/google-review-cards-for-salons-and-spas.json,"""authorSlug"": ""peter-zhang"",","""authorSlug"": ""editorial-board"","
src/content/editorial/solutions/google-review-cards-for-salons-and-spas.json,"""reviewedBySlug"": ""nancy-wu"",","""reviewedBySlug"": ""proudtek-engineering"","
src/content/editorial/solutions/google-review-cards-for-salons-and-spas.json,"""reviewedAt"": ""2026-05-11""","""reviewedAt"": ""2026-05-11"","
src/content/editorial/solutions/google-review-cards-for-salons-and-spas.json,,"""author"": ""Proud Tek Editorial Team"","
src/content/editorial/solutions/google-review-cards-for-salons-and-spas.json,,"""reviewedBy"": ""Proud Tek RF / Production Engineering"""
src/content/editorial/solutions/google-review-cards-for-tabletop-prompts.json,"""authorSlug"": ""peter-zhang"",","""authorSlug"": ""editorial-board"","
src/content/editorial/solutions/google-review-cards-for-tabletop-prompts.json,"""reviewedBySlug"": ""nancy-wu"",","""reviewedBySlug"": ""proudtek-engineering"","
src/content/editorial/solutions/google-review-cards-for-tabletop-prompts.json,"""reviewedAt"": ""2026-05-11""","""reviewedAt"": ""2026-05-11"","
src/content/editorial/solutions/google-review-cards-for-tabletop-prompts.json,,"""author"": ""Proud Tek Editorial Team"","
src/content/editorial/solutions/google-review-cards-for-tabletop-prompts.json,,"""reviewedBy"": ""Proud Tek RF / Production Engineering"""
src/content/editorial/solutions/google-review-nfc-card.json,"""authorSlug"": ""peter-zhang"",","""authorSlug"": ""editorial-board"","
src/content/editorial/solutions/google-review-nfc-card.json,"""reviewedBySlug"": ""nancy-wu"",","""reviewedBySlug"": ""proudtek-engineering"","
src/content/editorial/solutions/google-review-nfc-card.json,"""reviewedAt"": ""2026-05-11""","""reviewedAt"": ""2026-05-11"","
src/content/editorial/solutions/google-review-nfc-card.json,,"""author"": ""Proud Tek Editorial Team"","
src/content/editorial/solutions/google-review-nfc-card.json,,"""reviewedBy"": ""Proud Tek RF / Production Engineering"""
src/content/editorial/solutions/hotel-key-cards.json,"""description"": ""Factory-direct cards for the chips mapped in the compatibility matrix above — written quotes with MOQ and lead times."",","""description"": ""Manufacturer-direct cards for the chips mapped in the compatibility matrix above — written quotes with MOQ and lead times."","
src/content/editorial/solutions/hotel-key-cards.json,"""authorSlug"": ""peter-zhang"",","""authorSlug"": ""editorial-board"","
src/content/editorial/solutions/hotel-key-cards.json,"""reviewedBySlug"": ""nancy-wu"",","""reviewedBySlug"": ""proudtek-engineering"","
src/content/editorial/solutions/hotel-key-cards.json,"""reviewedAt"": ""2026-05-11""","""reviewedAt"": ""2026-05-11"","
src/content/editorial/solutions/hotel-key-cards.json,,"""author"": ""Proud Tek Editorial Team"","
src/content/editorial/solutions/hotel-key-cards.json,,"""reviewedBy"": ""Proud Tek RF / Production Engineering"""
src/content/editorial/solutions/hotel-rfid-access-control.json,"""authorSlug"": ""peter-zhang"",","""authorSlug"": ""editorial-board"","
src/content/editorial/solutions/hotel-rfid-access-control.json,"""reviewedBySlug"": ""nancy-wu"",","""reviewedBySlug"": ""proudtek-engineering"","
src/content/editorial/solutions/hotel-rfid-access-control.json,"""reviewedAt"": ""2026-05-11""","""reviewedAt"": ""2026-05-11"","
src/content/editorial/solutions/hotel-rfid-access-control.json,,"""author"": ""Proud Tek Editorial Team"","
src/content/editorial/solutions/hotel-rfid-access-control.json,,"""reviewedBy"": ""Proud Tek RF / Production Engineering"""
src/content/editorial/solutions/nfc-brand-authentication.json,"""authorSlug"": ""peter-zhang"",","""authorSlug"": ""editorial-board"","
src/content/editorial/solutions/nfc-brand-authentication.json,"""reviewedBySlug"": ""nancy-wu"",","""reviewedBySlug"": ""proudtek-engineering"","
src/content/editorial/solutions/nfc-brand-authentication.json,"""reviewedAt"": ""2026-05-11""","""reviewedAt"": ""2026-05-11"","
src/content/editorial/solutions/nfc-brand-authentication.json,,"""author"": ""Proud Tek Editorial Team"","
src/content/editorial/solutions/nfc-brand-authentication.json,,"""reviewedBy"": ""Proud Tek RF / Production Engineering"""
src/content/editorial/solutions/nfc-business-card-programs.json,"""authorSlug"": ""peter-zhang"",","""authorSlug"": ""editorial-board"","
src/content/editorial/solutions/nfc-business-card-programs.json,"""reviewedBySlug"": ""nancy-wu"",","""reviewedBySlug"": ""proudtek-engineering"","
src/content/editorial/solutions/nfc-business-card-programs.json,"""reviewedAt"": ""2026-05-11""","""reviewedAt"": ""2026-05-11"","
src/content/editorial/solutions/nfc-business-card-programs.json,,"""author"": ""Proud Tek Editorial Team"","
src/content/editorial/solutions/nfc-business-card-programs.json,,"""reviewedBy"": ""Proud Tek RF / Production Engineering"""
src/content/editorial/solutions/nfc-business-card.json,"""authorSlug"": ""peter-zhang"",","""authorSlug"": ""editorial-board"","
src/content/editorial/solutions/nfc-business-card.json,"""reviewedBySlug"": ""nancy-wu"",","""reviewedBySlug"": ""proudtek-engineering"","
src/content/editorial/solutions/nfc-business-card.json,"""reviewedAt"": ""2026-05-11""","""reviewedAt"": ""2026-05-11"","
src/content/editorial/solutions/nfc-business-card.json,,"""author"": ""Proud Tek Editorial Team"","
src/content/editorial/solutions/nfc-business-card.json,,"""reviewedBy"": ""Proud Tek RF / Production Engineering"""
src/content/editorial/solutions/nfc-luxury-authentication.json,"""authorSlug"": ""peter-zhang"",","""authorSlug"": ""editorial-board"","
src/content/editorial/solutions/nfc-luxury-authentication.json,"""reviewedBySlug"": ""nancy-wu"",","""reviewedBySlug"": ""proudtek-engineering"","
src/content/editorial/solutions/nfc-luxury-authentication.json,"""reviewedAt"": ""2026-05-11""","""reviewedAt"": ""2026-05-11"","
src/content/editorial/solutions/nfc-luxury-authentication.json,,"""author"": ""Proud Tek Editorial Team"","
src/content/editorial/solutions/nfc-luxury-authentication.json,,"""reviewedBy"": ""Proud Tek RF / Production Engineering"""
src/content/editorial/solutions/rfid-access-control.json,"""authorSlug"": ""peter-zhang"",","""authorSlug"": ""editorial-board"","
src/content/editorial/solutions/rfid-access-control.json,"""reviewedBySlug"": ""nancy-wu"",","""reviewedBySlug"": ""proudtek-engineering"","
src/content/editorial/solutions/rfid-access-control.json,"""reviewedAt"": ""2026-05-11""","""reviewedAt"": ""2026-05-11"","
src/content/editorial/solutions/rfid-access-control.json,,"""author"": ""Proud Tek Editorial Team"","
src/content/editorial/solutions/rfid-access-control.json,,"""reviewedBy"": ""Proud Tek RF / Production Engineering"""
src/content/editorial/solutions/rfid-asset-tracking-labels.json,"""authorSlug"": ""peter-zhang"",","""authorSlug"": ""editorial-board"","
src/content/editorial/solutions/rfid-asset-tracking-labels.json,"""reviewedBySlug"": ""nancy-wu"",","""reviewedBySlug"": ""proudtek-engineering"","
src/content/editorial/solutions/rfid-asset-tracking-labels.json,"""reviewedAt"": ""2026-05-11""","""reviewedAt"": ""2026-05-11"","
src/content/editorial/solutions/rfid-asset-tracking-labels.json,,"""author"": ""Proud Tek Editorial Team"","
src/content/editorial/solutions/rfid-asset-tracking-labels.json,,"""reviewedBy"": ""Proud Tek RF / Production Engineering"""
src/content/editorial/solutions/rfid-attendance-system.json,"""authorSlug"": ""peter-zhang"",","""authorSlug"": ""editorial-board"","
src/content/editorial/solutions/rfid-attendance-system.json,"""reviewedBySlug"": ""nancy-wu"",","""reviewedBySlug"": ""proudtek-engineering"","
src/content/editorial/solutions/rfid-attendance-system.json,"""reviewedAt"": ""2026-05-11""","""reviewedAt"": ""2026-05-11"","
src/content/editorial/solutions/rfid-attendance-system.json,,"""author"": ""Proud Tek Editorial Team"","
src/content/editorial/solutions/rfid-attendance-system.json,,"""reviewedBy"": ""Proud Tek RF / Production Engineering"""
src/content/editorial/solutions/rfid-event-access-control.json,"""authorSlug"": ""peter-zhang"",","""authorSlug"": ""editorial-board"","
src/content/editorial/solutions/rfid-event-access-control.json,"""reviewedBySlug"": ""nancy-wu"",","""reviewedBySlug"": ""proudtek-engineering"","
src/content/editorial/solutions/rfid-event-access-control.json,],"],"
src/content/editorial/solutions/rfid-event-access-control.json,,"""author"": ""Proud Tek Editorial Team"","
src/content/editorial/solutions/rfid-event-access-control.json,,"""reviewedBy"": ""Proud Tek RF / Production Engineering"""
src/content/editorial/solutions/rfid-event-wristbands.json,"""**MOQ floors** — silicone and woven fabric typically MOQ 200; Tyvek MOQ 200; leather VIP MOQ 100. Custom artwork setup fee ~$50–150 one-time per design."",","""**MOQ floors** — silicone and woven fabric typically MOQ 500; Tyvek MOQ 500; leather VIP MOQ 100. Custom artwork setup fee ~$50–150 one-time per design."","
src/content/editorial/solutions/rfid-event-wristbands.json,"""authorSlug"": ""peter-zhang"",","""authorSlug"": ""editorial-board"","
src/content/editorial/solutions/rfid-event-wristbands.json,"""reviewedBySlug"": ""nancy-wu"",","""reviewedBySlug"": ""proudtek-engineering"","
src/content/editorial/solutions/rfid-event-wristbands.json,"""reviewedAt"": ""2026-05-11""","""reviewedAt"": ""2026-05-11"","
src/content/editorial/solutions/rfid-event-wristbands.json,,"""author"": ""Proud Tek Editorial Team"","
src/content/editorial/solutions/rfid-event-wristbands.json,,"""reviewedBy"": ""Proud Tek RF / Production Engineering"""
src/content/editorial/solutions/rfid-inventory-tracking.json,"""authorSlug"": ""peter-zhang"",","""authorSlug"": ""editorial-board"","
src/content/editorial/solutions/rfid-inventory-tracking.json,"""reviewedBySlug"": ""nancy-wu"",","""reviewedBySlug"": ""proudtek-engineering"","
src/content/editorial/solutions/rfid-inventory-tracking.json,"""reviewedAt"": ""2026-05-11""","""reviewedAt"": ""2026-05-11"","
src/content/editorial/solutions/rfid-inventory-tracking.json,,"""author"": ""Proud Tek Editorial Team"","
src/content/editorial/solutions/rfid-inventory-tracking.json,,"""reviewedBy"": ""Proud Tek RF / Production Engineering"""
src/content/editorial/solutions/rfid-keyfobs-access-control.json,"""authorSlug"": ""peter-zhang"",","""authorSlug"": ""editorial-board"","
src/content/editorial/solutions/rfid-keyfobs-access-control.json,"""reviewedBySlug"": ""nancy-wu"",","""reviewedBySlug"": ""proudtek-engineering"","
src/content/editorial/solutions/rfid-keyfobs-access-control.json,"""reviewedAt"": ""2026-05-11""","""reviewedAt"": ""2026-05-11"","
src/content/editorial/solutions/rfid-keyfobs-access-control.json,,"""author"": ""Proud Tek Editorial Team"","
src/content/editorial/solutions/rfid-keyfobs-access-control.json,,"""reviewedBy"": ""Proud Tek RF / Production Engineering"""
src/content/editorial/solutions/rfid-laundry-management.json,"""authorSlug"": ""peter-zhang"",","""authorSlug"": ""editorial-board"","
src/content/editorial/solutions/rfid-laundry-management.json,"""reviewedBySlug"": ""nancy-wu"",","""reviewedBySlug"": ""proudtek-engineering"","
src/content/editorial/solutions/rfid-laundry-management.json,],"],"
src/content/editorial/solutions/rfid-laundry-management.json,,"""author"": ""Proud Tek Editorial Team"","
src/content/editorial/solutions/rfid-laundry-management.json,,"""reviewedBy"": ""Proud Tek RF / Production Engineering"""
src/content/editorial/solutions/rfid-laundry-tags.json,"""authorSlug"": ""nancy-wu"",","""authorSlug"": ""editorial-board"","
src/content/editorial/solutions/rfid-laundry-tags.json,"""reviewedBySlug"": ""peter-zhang"",","""reviewedBySlug"": ""proudtek-engineering"","
src/content/editorial/solutions/rfid-laundry-tags.json,"""reviewedAt"": ""2026-05-11""","""reviewedAt"": ""2026-05-11"","
src/content/editorial/solutions/rfid-laundry-tags.json,,"""author"": ""Proud Tek Editorial Team"","
src/content/editorial/solutions/rfid-laundry-tags.json,,"""reviewedBy"": ""Proud Tek RF / Production Engineering"""
src/content/editorial/solutions/rfid-laundry-tracking.json,"""authorSlug"": ""nancy-wu"",","""authorSlug"": ""editorial-board"","
src/content/editorial/solutions/rfid-laundry-tracking.json,"""reviewedBySlug"": ""peter-zhang"",","""reviewedBySlug"": ""proudtek-engineering"","
src/content/editorial/solutions/rfid-laundry-tracking.json,"""reviewedAt"": ""2026-05-11""","""reviewedAt"": ""2026-05-11"","
src/content/editorial/solutions/rfid-laundry-tracking.json,,"""author"": ""Proud Tek Editorial Team"","
src/content/editorial/solutions/rfid-laundry-tracking.json,,"""reviewedBy"": ""Proud Tek RF / Production Engineering"""
src/content/editorial/solutions/rfid-library-management.json,"""authorSlug"": ""peter-zhang"",","""authorSlug"": ""editorial-board"","
src/content/editorial/solutions/rfid-library-management.json,"""reviewedBySlug"": ""nancy-wu"",","""reviewedBySlug"": ""proudtek-engineering"","
src/content/editorial/solutions/rfid-library-management.json,"""reviewedAt"": ""2026-05-11""","""reviewedAt"": ""2026-05-11"","
src/content/editorial/solutions/rfid-library-management.json,,"""author"": ""Proud Tek Editorial Team"","
src/content/editorial/solutions/rfid-library-management.json,,"""reviewedBy"": ""Proud Tek RF / Production Engineering"""
src/content/editorial/solutions/rfid-parking-management.json,"""authorSlug"": ""peter-zhang"",","""authorSlug"": ""editorial-board"","
src/content/editorial/solutions/rfid-parking-management.json,"""reviewedBySlug"": ""nancy-wu"",","""reviewedBySlug"": ""proudtek-engineering"","
src/content/editorial/solutions/rfid-parking-management.json,],"],"
src/content/editorial/solutions/rfid-parking-management.json,,"""author"": ""Proud Tek Editorial Team"","
src/content/editorial/solutions/rfid-parking-management.json,,"""reviewedBy"": ""Proud Tek RF / Production Engineering"""
src/content/editorial/solutions/rfid-patient-tracking.json,"""authorSlug"": ""peter-zhang"",","""authorSlug"": ""editorial-board"","
src/content/editorial/solutions/rfid-patient-tracking.json,"""reviewedBySlug"": ""nancy-wu"",","""reviewedBySlug"": ""proudtek-engineering"","
src/content/editorial/solutions/rfid-patient-tracking.json,"""reviewedAt"": ""2025-11-07""","""reviewedAt"": ""2025-11-07"","
src/content/editorial/solutions/rfid-patient-tracking.json,,"""author"": ""Proud Tek Editorial Team"","
src/content/editorial/solutions/rfid-patient-tracking.json,,"""reviewedBy"": ""Proud Tek RF / Production Engineering"""
src/content/editorial/solutions/rfid-race-timing.json,"""authorSlug"": ""peter-zhang"",","""authorSlug"": ""editorial-board"","
src/content/editorial/solutions/rfid-race-timing.json,"""reviewedBySlug"": ""nancy-wu"",","""reviewedBySlug"": ""proudtek-engineering"","
src/content/editorial/solutions/rfid-race-timing.json,"""reviewedAt"": ""2026-05-11""","""reviewedAt"": ""2026-05-11"","
src/content/editorial/solutions/rfid-race-timing.json,,"""author"": ""Proud Tek Editorial Team"","
src/content/editorial/solutions/rfid-race-timing.json,,"""reviewedBy"": ""Proud Tek RF / Production Engineering"""
src/content/editorial/solutions/rfid-readers-and-encoding.json,"""authorSlug"": ""peter-zhang"",","""authorSlug"": ""editorial-board"","
src/content/editorial/solutions/rfid-readers-and-encoding.json,"""reviewedBySlug"": ""nancy-wu"",","""reviewedBySlug"": ""proudtek-engineering"","
src/content/editorial/solutions/rfid-readers-and-encoding.json,"""reviewedAt"": ""2026-05-11""","""reviewedAt"": ""2026-05-11"","
src/content/editorial/solutions/rfid-readers-and-encoding.json,,"""author"": ""Proud Tek Editorial Team"","
src/content/editorial/solutions/rfid-readers-and-encoding.json,,"""reviewedBy"": ""Proud Tek RF / Production Engineering"""
src/content/editorial/solutions/rfid-supply-chain-management.json,"""Tag manufacturing: in-house UHF inlay assembly + die-cut + print-and-apply line + on-line tag encoding + Auburn ARC tag-spec compliance + per-SKU pick-and-place customisation. {chip:nxp-ucode-9:name} / 9xe / 9xm + {chip:impinj-m730:name} / M750 / M800 chip options."",","""Tag manufacturing: UHF inlay assembly + die-cut + print-and-apply line + on-line tag encoding on our partner lines to our specification + Auburn ARC tag-spec compliance + per-SKU pick-and-place customisation. {chip:nxp-ucode-9:name} / 9xe / 9xm inlays."","
src/content/editorial/solutions/rfid-supply-chain-management.json,"""authorSlug"": ""peter-zhang"",","""authorSlug"": ""editorial-board"","
src/content/editorial/solutions/rfid-supply-chain-management.json,"""reviewedBySlug"": ""nancy-wu"",","""reviewedBySlug"": ""proudtek-engineering"","
src/content/editorial/solutions/rfid-supply-chain-management.json,"""reviewedAt"": ""2026-05-11""","""reviewedAt"": ""2026-05-11"","
src/content/editorial/solutions/rfid-supply-chain-management.json,,"""author"": ""Proud Tek Editorial Team"","
src/content/editorial/solutions/rfid-supply-chain-management.json,,"""reviewedBy"": ""Proud Tek RF / Production Engineering"""
src/content/editorial/solutions/rfid-tool-tracking.json,"""authorSlug"": ""peter-zhang"",","""authorSlug"": ""editorial-board"","
src/content/editorial/solutions/rfid-tool-tracking.json,"""reviewedBySlug"": ""nancy-wu"",","""reviewedBySlug"": ""proudtek-engineering"","
src/content/editorial/solutions/rfid-tool-tracking.json,"""reviewedAt"": ""2026-05-11""","""reviewedAt"": ""2026-05-11"","
src/content/editorial/solutions/rfid-tool-tracking.json,,"""author"": ""Proud Tek Editorial Team"","
src/content/editorial/solutions/rfid-tool-tracking.json,,"""reviewedBy"": ""Proud Tek RF / Production Engineering"""
src/content/editorial/solutions/rfid-warehouse-management.json,"""authorSlug"": ""peter-zhang"",","""authorSlug"": ""editorial-board"","
src/content/editorial/solutions/rfid-warehouse-management.json,"""reviewedBySlug"": ""nancy-wu"",","""reviewedBySlug"": ""proudtek-engineering"","
src/content/editorial/solutions/rfid-warehouse-management.json,"""reviewedAt"": ""2026-05-11""","""reviewedAt"": ""2026-05-11"","
src/content/editorial/solutions/rfid-warehouse-management.json,,"""author"": ""Proud Tek Editorial Team"","
src/content/editorial/solutions/rfid-warehouse-management.json,,"""reviewedBy"": ""Proud Tek RF / Production Engineering"""
src/content/editorial/solutions/vehicle-rfid-identification.json,"""authorSlug"": ""peter-zhang"",","""authorSlug"": ""editorial-board"","
src/content/editorial/solutions/vehicle-rfid-identification.json,"""reviewedBySlug"": ""nancy-wu"",","""reviewedBySlug"": ""proudtek-engineering"","
src/content/editorial/solutions/vehicle-rfid-identification.json,],"],"
src/content/editorial/solutions/vehicle-rfid-identification.json,,"""author"": ""Proud Tek Editorial Team"","
src/content/editorial/solutions/vehicle-rfid-identification.json,,"""reviewedBy"": ""Proud Tek RF / Production Engineering"""
src/data/home-v2.ts,"title: ""Production organisation and QC"",","title: ""Production model: partner lines, our specification"","
src/data/home-v2.ts,"detail: ""How production, encoding, quality control and records retention are organised is described on the factory page; capacity is quoted per programme. Site and equipment figures are withheld until they are independently documented."",","detail: ""Proud Tek owns the specification, chip sourcing and quality control; tooling and production run on contracted partner lines in Shenzhen to our spec, and our QC signs off every batch. Who does what, step by step, is on the production page; capacity is quoted per programme."","
src/data/home-v2.ts,"linkLabel: ""Review factory record"",","linkLabel: ""Review the production model"","
src/lib/render-snapshot.ts,"`<p class=""codex-footer-brand__tagline"">Custom RFID &amp; NFC manufacturer — cards, tags, labels, wristbands, keyfobs and readers shipped worldwide from China since 2008.</p>` +","`<p class=""codex-footer-brand__tagline"">RFID &amp; NFC manufacturing partner in Shenzhen since 2008 — cards, tags, labels, wristbands, keyfobs and readers, specified and quality-controlled by Proud Tek, produced on contracted partner lines.</p>` +"
src/lib/render-snapshot.ts,"`<strong>1. Production &amp; facilities</strong> Production runs in Shenzhen under a documented quality system. Specification, encoding and quality control are managed by Proud Tek's own team; capacity and lead time are quoted per programme on request.`,","`<strong>1. Production model</strong> Proud Tek owns the product and antenna specification, chip sourcing through authorised distribution, first-article approval and incoming, in-process and final quality control. Tooling, lamination, printing and encoding run on contracted partner lines in Shenzhen to our specification, and our QC signs off every batch before release. Capacity and lead time are quoted per programme.`,"
src/lib/render-snapshot.ts,"`<strong>2. Continuous Innovation &amp; Custom R&amp;D</strong> Our dedicated R&amp;D team brings your concepts to life. We excel in customizing RFID products for specific application environments, antenna requirements, and encapsulation materials. Utilizing high-precision mold tooling, we ensure every product meets exacting standards of shape, durability, and finish.`,","`<strong>2. Engineering &amp; customisation</strong> Our RF and production engineering matches chip families and antenna designs to your installed readers before production starts, and specifies application-specific materials and encapsulation. Custom mould tooling is executed on partner lines to our drawings, with the first article approved by us before any run.`,"
src/lib/render-snapshot.ts,"`<strong>3. Quality Control</strong> Documented inspection procedures cover raw material, inlay, lamination, encoding and finished-goods testing. RoHS and REACH SVHC declarations of conformity are available per SKU, and third-party test reports can be commissioned per programme.`,","`<strong>3. Quality Control</strong> Every production batch goes through 100% inspection — chip read/write testing, print quality, dimensions and packaging — under ISO 9001 documented procedures with traceability from raw material to finished goods. Sample-based RoHS, REACH SVHC and CE test reports are published on the certifications page; testing on your exact specification can be commissioned per programme.`,"
src/lib/render-snapshot.ts,"`Management-system certificates held: ISO 9001:2015, ISO 14001:2015 and ISO 45001:2018 (issued by Anhui Certification and Inspection Co., Ltd; certificate numbers and scope on the certifications page). RoHS and REACH declarations of conformity are available per SKU; third-party test reports can be commissioned per programme.`,","`Certificates held by Shenzhen Proud Tek Co., Ltd: ISO 9001:2015, ISO 14001:2015 and ISO 45001:2018 over the sales and supplier-management operation (issued by Anhui Certification and Inspection Co., Ltd; production runs on contracted partner lines), OEKO-TEX STANDARD 100 (Hohenstein, product class II) for our UHF laundry tag, plus sample-based RoHS, REACH SVHC and CE (EN 62311) test reports — every certificate number and scope is on the certifications page.`,"
src/lib/render-snapshot.ts,,return;
src/lib/render-snapshot.ts,,}
src/lib/render-snapshot.ts,,// Process step 02 — response-time promise aligned with rfidak.com (owner
src/lib/render-snapshot.ts,,"// decision 2026-09-02): first reply 2–4 h in business hours, quote 24–48 h."
src/lib/render-snapshot.ts,,if (/^Our experienced business team will respond to the inquiry and provide a quotation/.test(t)) {
src/lib/render-snapshot.ts,,$p.text(
src/lib/render-snapshot.ts,,"""Our sales engineering team replies within 2–4 hours in Shenzhen business hours (Mon–Fri, GMT+8) and provides a written quotation based on the client's specific requirements within 24–48 hours, valid for 30 days."","
src/lib/render-snapshot.ts,,);
src/lib/render-snapshot.ts,"<p class=""codex-contact__lede"">Custom RFID &amp; NFC manufacturer since 2008 — cards, tags, labels, wristbands, keyfobs and readers. Tell us your project and we'll reply within one business day with a quote, samples options, and chip recommendations.</p>","<p class=""codex-contact__lede"">Custom RFID &amp; NFC manufacturer since 2008 — cards, tags, labels, wristbands, keyfobs and readers. Tell us your project — first reply within 2–4 hours in Shenzhen business hours, written quote within 24–48 hours, with sample options and chip recommendations.</p>"
src/lib/seo-content.ts,,/**
src/lib/seo-content.ts,,* Commercial terms shown on every product page (CommercialTerms.astro) and
src/lib/seo-content.ts,,* mirrored into Product JSON-LD additionalProperty. Single source of truth.
src/lib/seo-content.ts,,*
src/lib/seo-content.ts,,"* 2026-09-02 (audit Phase 14 B8, owner decision ""以 rfidak.com 的口径为准""):"
src/lib/seo-content.ts,,"* MOQ, lead time, sample policy, payment and response-time wording follow the"
src/lib/seo-content.ts,,* statements published by the same legal entity on rfidak.com
src/lib/seo-content.ts,,"* (/about, /sample-policy, /shipping-and-incoterms, /blogs/rfid-moq-guide,"
src/lib/seo-content.ts,,"* /blogs/rfid-lead-time-guide, fetched 2026-09-02) so both sites tell one"
src/lib/seo-content.ts,,* story. See AUDIT_2026-09-01/phase14/RFIDAK_REFERENCE_FACTS.md.
src/lib/seo-content.ts,,*/
src/lib/seo-content.ts,"value: ""Varies by SKU — stock items from 100 pcs; custom production typically 200-1,000 pcs"",","value: ""From 500 pcs for cards, keyfobs and wristbands; tags and labels from 1,000 pcs; stock SKUs from 100 pcs; custom tooling 2,000-5,000 pcs"","
src/lib/seo-content.ts,"value: ""Production 2-3 weeks after artwork and encoding sign-off; reorders on a 3-4 week cycle"",","value: ""Standard production 7-15 business days from order confirmation; custom tooling or new-antenna programmes quoted per job"","
src/lib/seo-content.ts,"value: ""Free samples and RF test report with every order; courier at customer cost"",","value: ""Standard samples free, prepared in 1 business day; you cover DHL/FedEx freight ($25-60), refunded against your first production order"","
src/lib/seo-content.ts,"value: ""50% T/T deposit, 50% before shipment; Net 30/60 for established accounts; LC for large orders"",","value: ""30% T/T deposit, 70% before shipment; L/C at sight or 50/50 for established accounts; PayPal for sample orders under $500"","
src/lib/seo-content.ts,"value: ""FOB Shenzhen / Yantian; DHL, FedEx or EMS air freight; sea LCL / FCL for volume"",","value: ""FOB Shenzhen; DHL, FedEx or UPS express; sea LCL / FCL for volume; DDP on request"","
src/lib/seo-content.ts,"value: ""Itemized quote within one business day, Mon-Fri (UTC+8)"",","value: ""First reply within 2-4 hours in Shenzhen business hours (Mon-Fri, GMT+8); written quote within 24-48 hours, valid 30 days"","
src/lib/seo-content.ts,/** Typical MOQ per product family — used in llms.txt Quick facts (P0-G3).,/** MOQ per product family — rfidak.com 口径 (2026-09-02): stock / custom. */
src/lib/seo-content.ts,*  Reconciled 2026-06-11 with COMMERCIAL_TERMS + the lp sourcing pages,
src/lib/seo-content.ts,"*  (stock items from 100 pcs; custom production typically 500-1,000):",
src/lib/seo-content.ts,"*  wristbands corrected from the unsourced ""200 pcs"" to the lp-verified",
src/lib/seo-content.ts,*  silicone-500 / stock-Tyvek-100 figures.,
src/lib/seo-content.ts,*  Owner ruling 2026-07-15: custom wristband MOQ unified at 200 pcs,
src/lib/seo-content.ts,*  across all materials (stock Tyvek 100 unchanged). */,
src/lib/seo-content.ts,"nfcCards: ""100 pcs (stock); 1,000 custom-printed"",","rfidCards: ""500 pcs custom-printed (100 pcs stock; 1,000 with encoding)"","
src/lib/seo-content.ts,"rfidLabels: ""500 pcs printed; inlays by the roll (1,000+)"",","rfidKeyfobs: ""500 pcs on existing moulds (100 pcs stock; 3,000 for a custom mould)"","
src/lib/seo-content.ts,"rfidWristbands: ""200 pcs custom; stock Tyvek from 100 pcs"",","rfidWristbands: ""500 pcs silicone (3,000 for custom Pantone matching)"","
src/lib/seo-content.ts,"rfidReaders: ""10 pcs"",","rfidLabels: ""tags and labels from 1,000 pcs; UHF inlays and labels on reel stock from 5,000 pcs"","
src/lib/seo-content.ts,,"rfidReaders: ""1 pc sample; 100 pcs for custom firmware"","
src/lib/seo-content.ts,/** Lead time for stock vs custom orders — used in llms.txt Quick facts. */,/** Lead time — rfidak.com 口径 (2026-09-02). */
src/lib/seo-content.ts,"stockChip: ""7-15 working days"",","stockChip: ""7-15 business days from order confirmation"","
src/lib/seo-content.ts,"customArtwork: ""20-30 working days"",","customArtwork: ""quoted per job; new-antenna or custom-tooling programmes typically 8-10 weeks end to end"","
src/lib/seo-content.ts,,"quoteValidity: ""30 days"","
src/lib/seo-content.ts,,"},"
src/lib/seo-content.ts,,/** Response time — rfidak.com 口径 (2026-09-02). */
src/lib/seo-content.ts,,response: {
src/lib/seo-content.ts,,"firstReply: ""within 2-4 hours in Shenzhen business hours (Mon-Fri, GMT+8)"","
src/lib/seo-content.ts,,"writtenQuote: ""within 24-48 hours"","
src/lib/seo-content.ts,,"},"
src/lib/seo-content.ts,,/** Sample policy — rfidak.com /sample-policy (2026-09-02). */
src/lib/seo-content.ts,,samples: {
src/lib/seo-content.ts,,"standard: ""free; buyer covers DHL/FedEx freight ($25-60), refunded against the first production order"","
src/lib/seo-content.ts,,"preparation: ""prepared in 1 business day, express delivery 2-5 days worldwide"","
src/lib/seo-content.ts,,"custom: ""custom samples (encoding or printing) add 3-5 business days"","
src/lib/seo-content.ts,,"kit: ""typically 5-20 pieces across 2-3 SKUs; larger evaluation kits sized for qualified pilots"","
src/lib/seo-content.ts,,"pilot: ""pilot batches of 200-2,000 pieces ship in 7-15 business days"","
src/lib/seo-content.ts,,"},"
src/lib/seo-content.ts,,/** Payment — rfidak.com /shipping-and-incoterms (2026-09-02). */
src/lib/seo-content.ts,,"payment: ""30% T/T deposit, 70% balance before shipment; L/C at sight or 50/50 for established accounts; PayPal for sample orders under $500"","
src/lib/seo-content.ts,,"/** Production model — rfidak.com /about (2026-09-02), same legal entity. */"
src/lib/seo-content.ts,,productionModel: {
src/lib/seo-content.ts,,"oneLine: ""In-house specification and quality control; tooling and production executed on contracted partner lines in Shenzhen to Proud Tek's specification."","
src/lib/seo-content.ts,,"ownedByProudTek: [""product and antenna specification"", ""chip sourcing through authorised distribution"", ""first-article approval"", ""incoming, in-process and final quality control"", ""packaging and export (FOB Shenzhen)""],"
src/lib/seo-content.ts,,"onPartnerLines: [""tooling and moulds"", ""lamination and inlay conversion"", ""printing and personalisation"", ""chip encoding to Proud Tek's encoding specification, read/write verified before shipment""],"
src/lib/seo-content.ts,"// Team fallback for unmapped routes — an institutional byline, not a",// Institutional byline for every snapshot-era article (2026-09-02: named
src/lib/seo-content.ts,// person; deliberately has no src/content/authors/ record.,// people retired — see src/lib/authors.ts). Both keys resolve the same
src/lib/seo-content.ts,default: {,"// registry record so name, role and profile URL cannot drift from the"
src/lib/seo-content.ts,"name: EDITORIAL_TEAM_NAME,",// editorial pages' byline.
src/lib/seo-content.ts,"title: ""RFID & NFC Technical Content Team"",","default: expertAuthorFromRegistry(""editorial-board""),"
src/lib/seo-content.ts,"expertise: [""RFID manufacturing"", ""NFC technology"", ""Access control systems"", ""Smart card engineering""],","""editorial-board"": expertAuthorFromRegistry(""editorial-board""),"
src/lib/seo-content.ts,"url: ""/about/"",",
src/lib/seo-content.ts,"},",
src/lib/seo-content.ts,"""peter-zhang"": expertAuthorFromRegistry(""peter-zhang""),",
src/lib/seo-content.ts,"""nancy-wu"": expertAuthorFromRegistry(""nancy-wu""),",
src/lib/seo-content.ts,"""sam-yao"": expertAuthorFromRegistry(""sam-yao""),",
src/lib/seo-content.ts,"""mia-li"": expertAuthorFromRegistry(""mia-li""),",
src/lib/seo-content.ts,,/** Reviewer function credited on every article — the RF / production
src/lib/seo-content.ts,,"*  engineering function, mirroring rfidak.com's function-based team model. */"
src/lib/seo-content.ts,,"export const EDITORIAL_REVIEWER: ExpertAuthor = expertAuthorFromRegistry(""proudtek-engineering"");"
src/lib/seo-content.ts,"""ISO 9001:2015, ISO 14001:2015 and ISO 45001:2018 certified sales and service operation (CAIC, certificates 98026Q00274R000 / 98026E00200R000 / 98026S00203R000, valid to 2029-06-09)"",","""ISO 9001:2015, ISO 14001:2015 and ISO 45001:2018 certified sales and supplier-management operation (CAIC, certificates 98026Q00274R000 / 98026E00200R000 / 98026S00203R000, valid to 2029-06-09); production runs on contracted partner lines"","
src/lib/seo-content.ts,,/**
src/lib/seo-content.ts,,* Product-level certificate: OEKO-TEX STANDARD 100 for the UHF laundry tag.
src/lib/seo-content.ts,,* Published on rfidak.com/certifications (same legal entity) and checked
src/lib/seo-content.ts,,"* valid in the OEKO-TEX Label Check on 2026-09-02 (product class II, article"
src/lib/seo-content.ts,,* text identical) — EXTERNAL_PRIMARY_SOURCE for validity and scope.
src/lib/seo-content.ts,,*/
src/lib/seo-content.ts,,productCertifications: [
src/lib/seo-content.ts,,{
src/lib/seo-content.ts,,"name: ""OEKO-TEX STANDARD 100"","
src/lib/seo-content.ts,,"certificateNumber: ""23.HCN.97349"","
src/lib/seo-content.ts,,"issuer: ""Hohenstein Laboratories GmbH & Co. KG"","
src/lib/seo-content.ts,,"scope: ""UHF laundry tag with RFID chip, woven laminated fabric of 100% white polyester with electroconductive yarn; product class II (direct skin contact)"","
src/lib/seo-content.ts,,"validFrom: ""2026-02"","
src/lib/seo-content.ts,,"validThrough: ""2027-02"","
src/lib/seo-content.ts,,"verifyUrl: ""https://www.oeko-tex.com/en/label-check"","
src/lib/seo-content.ts,,"},"
src/lib/seo-content.ts,,"],"
src/lib/seo-content.ts,* Product compliance paperwork the company states it supplies per order.,* Sample-based third-party test reports published with their numbers on
src/lib/seo-content.ts,"* These are declarations, not third-party certifications; evidence status",* rfidak.com/certifications (same legal entity). Each evidences the article
src/lib/seo-content.ts,"* UNVERIFIED (Phase 4 K-12) — phrase as ""available on request"", never as","* it names, not the catalogue — phrase as such, never as ""all SKUs certified""."
src/lib/seo-content.ts,"* ""certified"".",
src/lib/seo-content.ts,"{ name: ""RoHS"", basis: ""Directive 2011/65/EU (+ 2015/863)"", form: ""Declaration of conformity per SKU, on request"" },","{ name: ""RoHS 2.0"", basis: ""Directive 2011/65/EU (+ 2015/863)"", form: ""Sample-based Certificate of Compliance XKS2025R01150076 (RFID card, Shenzhen Xunke, Jan 2025); testing on your specification on request"" },"
src/lib/seo-content.ts,"{ name: ""REACH SVHC"", basis: ""Regulation (EC) 1907/2006"", form: ""SVHC declaration per SKU, on request"" },","{ name: ""REACH SVHC"", basis: ""Regulation (EC) 1907/2006"", form: ""Sample-based screening report XKS2025R10150032E (250 substances, RFID keyfob, Oct 2025)"" },"
src/lib/seo-content.ts,,"{ name: ""CE / RED RF exposure"", basis: ""EN 62311 under Directive 2014/53/EU"", form: ""Test report BCTC2509165308-1E (RFID card, Shenzhen BCTC, Sep 2025); CE marking remains a manufacturer declaration"" },"
src/pages/rfq.astro,"`<p>A 5-step wizard that captures the four answers Proud Tek's specialists need before they can return a real quote — product family, frequency, annual quantity, printing &amp; encoding. Submit once and a Proud Tek RFID specialist replies within one business day with a unit price, MOQ ladder, lead time and the matching sample-pack subset.</p>` +","`<p>A 5-step wizard that captures the four answers Proud Tek's specialists need before they can return a real quote — product family, frequency, annual quantity, printing &amp; encoding. Submit once and a Proud Tek RFID specialist replies within 2–4 hours in Shenzhen business hours, with a written quote — unit price, MOQ ladder, lead time and the matching sample subset — within 24–48 hours.</p>` +"
src/pages/rfq.astro,"<p class=""codex-rfq-hero__lede"">Five short steps, with contact details only at the end. The form is designed to take about two minutes. A Proud Tek RFID specialist replies within one business day with a unit price, MOQ ladder, lead time and a matching sample-pack subset.</p>","<p class=""codex-rfq-hero__lede"">Five short steps, with contact details only at the end. The form is designed to take about two minutes. A Proud Tek RFID specialist replies within 2–4 hours in Shenzhen business hours; the written quote — unit price, MOQ ladder, lead time and a matching sample subset — follows within 24–48 hours.</p>"
src/pages/rfq.astro,"<p class=""codex-rfq__small"">Reply window: one business day, Mon–Fri, GMT+8. For an urgent reply WhatsApp <a href=""https://wa.me/8618665820632"">+86 186 6582 0632</a>.</p>","<p class=""codex-rfq__small"">First reply within 2–4 hours in business hours (Mon–Fri, GMT+8); written quote within 24–48 hours, valid 30 days. For an urgent reply WhatsApp <a href=""https://wa.me/8618665820632"">+86 186 6582 0632</a>.</p>"
src/pages/rfq.astro,"<p>Thanks — your RFQ is with our specialists. We reply within <strong>one business day</strong> (Mon–Fri, GMT+8) with a unit price, MOQ ladder, lead time and the matching sample-pack subset.</p>","<p>Thanks — your RFQ is with our specialists. We reply within <strong>2–4 hours</strong> in Shenzhen business hours (Mon–Fri, GMT+8) and send the written quote — unit price, MOQ ladder, lead time and the matching sample subset — within 24–48 hours.</p>"
