URL,section,title,title_len,desc_len,main_words_visible,svg_words,details_words,faq_count,direct_answer_block,first_para_words,spec_table,freq_mentions,protocol_mentions,chip_mentions,material_mentions,range_or_durability_figures,conditions_attached_signals,test_method_signals,limitations_signals,supply_boundary_signals,author,reviewer,dateModified,internal_links_in_content,external_links,official_source_links,cta_links,distinct_cta_targets,superlatives,superlative_examples,vague_manufacturing_phrases,fake_precision_hits,schema
/about/certifications/,about,"Proud Tek Certifications — ISO 9001 / 14001 / 45001 certificate numbers, scope, OEKO-TEX, RoHS and CE",101,109,2289,0,456,6,True,13,1,5,7,16,8,0,1,0,5,0,Peter Zhang,Nancy Wu,2026-08-11T00:00:00Z,17,7,6,5,2,0,,0,0,Article|BreadcrumbList|FAQPage|Organization|WebPage|WebSite
/about/corrections/,about,Corrections Log | Proud Tek,27,89,1170,0,206,4,True,12,0,0,0,0,0,0,1,4,4,0,Peter Zhang,Nancy Wu,2026-04-17,11,0,0,0,0,0,,0,0,Article|BreadcrumbList|FAQPage|Organization|WebPage|WebSite
/about/disclosures/,about,Disclosures & Affiliations | Proud Tek,38,146,1449,0,221,4,True,12,1,0,1,3,3,0,2,5,6,0,Nancy Wu,Peter Zhang,2026-07-05,12,0,0,0,0,0,,0,0,Article|BreadcrumbList|FAQPage|Organization|WebPage|WebSite
/about/editorial-policy/,about,Editorial Policy | Proud Tek,28,147,1338,0,181,4,True,12,0,0,3,0,0,0,1,3,1,0,Peter Zhang,Nancy Wu,2026-04-17,12,0,0,0,0,0,,0,0,Article|BreadcrumbList|FAQPage|Organization|WebPage|WebSite
/about/factory/,about,Inside the Proud Tek Factory — RFID Manufacturing,49,147,2043,0,331,6,True,12,1,0,0,1,16,0,6,0,5,0,Peter Zhang,Nancy Wu,2026-07-11T11:00:00Z,18,3,2,5,2,0,,0,0,Article|BreadcrumbList|FAQPage|Organization|WebPage|WebSite
/about/,about,About Proud Tek,15,132,2596,0,481,9,True,12,1,3,5,35,34,0,4,1,5,0,Peter Zhang,Nancy Wu,2026-07-11T18:00:00Z,24,5,4,4,2,1,best,0,0,AboutPage|Article|BreadcrumbList|FAQPage|Organization|WebSite
/about/leadership/,about,Proud Tek Leadership and Engineering Team,41,148,1876,0,288,5,True,12,0,0,0,0,0,0,3,2,6,0,Peter Zhang,Nancy Wu,2026-05-12,21,1,0,4,2,0,,0,0,Article|BreadcrumbList|FAQPage|Organization|WebPage|WebSite
/about/methodology/,about,Testing Methodology | Proud Tek,31,106,1508,0,233,4,True,12,2,2,2,10,5,1,4,15,9,0,Nancy Wu,Peter Zhang,2026-06-11T11:00:00Z,14,0,0,0,0,1,best,0,0,Article|BreadcrumbList|FAQPage|Organization|WebPage|WebSite
/about/privacy-policy/,about,Privacy Policy | Proud Tek,26,151,1331,0,173,4,True,12,1,0,0,0,0,0,0,0,1,0,Peter Zhang,Nancy Wu,2026-07-05T00:00:00Z,9,0,0,2,1,0,,0,0,Article|BreadcrumbList|FAQPage|Organization|WebPage|WebSite
/about/review-board/,about,Editorial & Review Board | Proud Tek,36,95,1665,0,245,4,True,12,1,0,1,5,5,0,0,5,2,0,Peter Zhang,Nancy Wu,2026-06-10,12,0,0,0,0,0,,0,0,Article|BreadcrumbList|FAQPage|Organization|WebPage|WebSite
/about/terms-of-use/,about,Terms of Use | Proud Tek,24,143,1457,0,170,4,True,12,0,0,0,2,0,0,2,1,2,0,Peter Zhang,Nancy Wu,2026-07-05T00:00:00Z,10,0,0,2,1,0,,0,0,Article|BreadcrumbList|FAQPage|Organization|WebPage|WebSite
/blog/access-card-copied-security-upgrade/,blog,Access Card Copied? How to Upgrade Security | Proud Tek Blog,60,150,2375,0,419,5,True,12,0,7,0,33,0,0,4,0,4,1,Peter Zhang,Nancy Wu,2026-07-07,14,4,1,2,2,1,Best,0,0,Article|BreadcrumbList|FAQPage|Organization|WebPage|WebSite
/blog/ai-rfid-inventory-management/,blog,AI and RFID Inventory Management for Retail | Proud Tek Blog,60,138,2606,0,543,6,True,12,0,0,0,0,0,0,2,2,3,0,Peter Zhang,Nancy Wu,2026-07-08,11,4,0,2,2,1,best,0,2,Article|BreadcrumbList|FAQPage|Organization|WebPage|WebSite
/blog/anti-counterfeit-nfc-luxury-bags/,blog,Anti-Counterfeit NFC for Luxury Bags | Proud Tek Blog,53,104,2200,0,372,6,True,12,0,0,0,22,0,0,1,0,4,0,Peter Zhang,Nancy Wu,2026-07-06,13,2,1,3,2,1,best,0,1,Article|BreadcrumbList|FAQPage|Organization|WebPage|WebSite
/blog/anti-counterfeiting-rfid-events/,blog,Anti-Counterfeiting RFID Solutions for Events | Proud Tek Blog,62,136,2386,0,405,6,True,12,1,0,4,15,9,0,3,0,9,0,Peter Zhang,Nancy Wu,2026-07-09T12:00:00Z,15,5,4,2,2,0,,0,1,Article|BreadcrumbList|FAQPage|Organization|WebPage|WebSite
/blog/autoclave-compatible-rfid-tags-sterile-environments/,blog,Autoclave-Compatible RFID Tags: Chip Selection | Proud Tek Blog,63,123,2164,0,453,6,True,12,0,5,1,5,21,1,12,0,3,0,Peter Zhang,Nancy Wu,2026-07-07T12:00:00Z,14,2,1,3,2,1,Best,0,0,Article|BreadcrumbList|FAQPage|Organization|WebPage|WebSite
/blog/barcode-labels-peeling-warehouse-rfid-solution/,blog,Warehouse Barcode Labels Peeling? The RFID Fix | Proud Tek Blog,63,150,2144,0,466,5,True,12,0,0,0,0,10,0,1,1,1,0,Peter Zhang,Nancy Wu,2026-07-09T18:00:00Z,14,4,0,2,2,1,best,0,2,Article|BreadcrumbList|FAQPage|Organization|WebPage|WebSite
/blog/best-rfid-card-for-hotels/,blog,What Is the Best RFID Card for Hotels? | Proud Tek Blog,55,151,2926,0,517,6,True,12,0,0,0,73,3,0,3,0,4,1,Peter Zhang,Nancy Wu,2026-07-10T12:00:00Z,18,7,3,3,2,3,Best|best,0,0,Article|BreadcrumbList|FAQPage|Organization|WebPage|WebSite
/blog/brand-protection-rfid-spot-counterfeits/,blog,Brand Protection RFID — Spotting Counterfeits | Proud Tek Blog,62,92,2145,0,376,6,True,12,0,0,0,18,0,0,1,2,9,0,Peter Zhang,Nancy Wu,2026-07-07,13,2,0,3,2,0,,0,0,Article|BreadcrumbList|FAQPage|HowTo|Organization|WebPage|WebSite
/blog/case-study-3pl-rfid-99-percent-inventory-accuracy/,blog,Case Study: 99.2% Inventory Accuracy at a 3PL | Proud Tek Blog,62,149,2421,0,467,6,True,12,0,0,0,0,4,0,5,3,1,0,Peter Zhang,Nancy Wu,2026-07-07T10:00:00Z,14,2,0,3,2,0,,0,29,Article|BreadcrumbList|FAQPage|Organization|WebPage|WebSite
/blog/case-study-apparel-brand-walmart-rfid-mandate-99-read-rate/,blog,Case Study: 99.2% Read Rate for Walmart RFID | Proud Tek Blog,61,147,2623,0,446,7,True,12,0,0,0,0,1,0,2,0,1,0,Peter Zhang,Nancy Wu,2026-06-11T10:00:00Z,14,2,0,3,2,1,best,0,14,Article|BreadcrumbList|FAQPage|HowTo|Organization|WebPage|WebSite
/blog/case-study-boutique-hotel-rfid-keycard-cost-reduction/,blog,Case Study: Keycard Costs Down 41% with RFID | Proud Tek Blog,61,110,2347,0,439,7,True,12,0,0,0,12,5,1,0,1,0,0,Peter Zhang,Nancy Wu,2026-07-07,14,2,0,4,3,0,,0,0,Article|BreadcrumbList|FAQPage|Organization|WebPage|WebSite
/blog/case-study-regional-hospital-rfid-surgical-sponge-rss-prevention/,blog,Case Study: Zero Retained Sponges with RFID | Proud Tek Blog,60,153,2365,0,353,6,True,12,0,0,0,0,0,0,2,1,0,0,Peter Zhang,Nancy Wu,2026-07-07T10:00:00Z,14,2,1,3,2,0,,0,2,Article|BreadcrumbList|FAQPage|Organization|WebPage|WebSite
/blog/case-study-restaurant-group-nfc-review-cards-google-reviews-320-percent/,blog,Case Study: Google Reviews Up 320% with NFC | Proud Tek Blog,60,116,1942,0,307,6,True,12,0,0,0,5,4,0,0,2,2,0,Peter Zhang,Nancy Wu,2026-07-07T10:00:00Z,13,2,0,3,2,1,leading,0,2,Article|BreadcrumbList|FAQPage|Organization|WebPage|WebSite
/blog/china-rfid-factory-audit-checklist/,blog,China RFID Factory Audit — What to Inspect | Proud Tek Blog,59,148,2276,0,345,6,True,12,0,0,0,2,5,0,0,0,7,0,Peter Zhang,Nancy Wu,2026-07-07T12:00:00Z,14,4,0,5,3,2,Best|top-tier,0,0,Article|BreadcrumbList|FAQPage|Organization|WebPage|WebSite
/blog/coconut-shell-rfid-wristbands-eco/,blog,Coconut Shell RFID Wristbands for Eco Events | Proud Tek Blog,61,124,2216,0,377,6,True,12,1,0,0,10,25,1,4,0,3,0,Peter Zhang,Nancy Wu,2026-07-09T12:00:00Z,12,2,0,2,2,1,leading,0,0,Article|BreadcrumbList|FAQPage|Organization|WebPage|WebSite
/blog/cost-per-rfid-tag-2026/,blog,Cost Per RFID Tag in 2026 — Pricing Guide | Proud Tek Blog,58,113,2724,0,464,5,True,12,0,0,2,43,20,0,3,0,7,1,Peter Zhang,Nancy Wu,2026-07-08,20,2,0,3,2,1,best,0,0,Article|BreadcrumbList|FAQPage|Organization|WebPage|WebSite
/blog/department-store-rfid-smart-shelf-eas/,blog,Department Store RFID — Smart Shelf and EAS | Proud Tek Blog,60,100,2165,0,393,6,True,12,0,0,1,0,0,0,4,0,2,0,Peter Zhang,Nancy Wu,2026-07-07,13,2,1,3,2,1,Best,0,0,Article|BreadcrumbList|FAQPage|Organization|WebPage|WebSite
/blog/desfire-ev1-vs-ev2-vs-ev3/,blog,DESFire EV1 vs EV2 vs EV3 Security Levels | Proud Tek Blog,58,152,2474,0,486,6,True,12,1,1,0,65,0,0,7,0,2,0,Peter Zhang,Nancy Wu,2026-06-04T04:19:35Z,11,4,1,2,2,0,,0,0,Article|BreadcrumbList|FAQPage|Organization|WebPage|WebSite
/blog/difference-nfc-rfid-explained/,blog,What Is the Difference Between NFC and RFID? | Proud Tek Blog,61,100,2405,0,385,5,True,12,0,15,12,12,0,5,1,0,6,1,Peter Zhang,Nancy Wu,2026-07-07T12:00:00Z,12,2,1,3,1,0,,0,0,Article|BreadcrumbList|FAQPage|Organization|WebPage|WebSite
/blog/digital-product-passports-nfc/,blog,Digital Product Passports and NFC Tags | Proud Tek Blog,55,146,2660,0,452,6,True,12,1,0,0,10,0,0,1,0,1,0,Peter Zhang,Nancy Wu,2026-07-09T12:00:00Z,19,4,4,2,2,0,,0,0,Article|BreadcrumbList|FAQPage|Organization|WebPage|WebSite
/blog/dscsa-phase-3-pharmaceutical-wholesaler-compliance/,blog,DSCSA Phase 3 — Wholesaler Compliance for 2026 | Proud Tek Blog,63,152,2386,0,370,6,True,12,0,0,1,0,0,0,0,0,9,0,Peter Zhang,Nancy Wu,2026-06-10T18:00:00Z,11,2,1,3,2,1,Best,0,0,Article|BreadcrumbList|FAQPage|Organization|WebPage|WebSite
/blog/eco-friendly-rfid-sustainable-cards/,blog,Eco-Friendly RFID: Sustainable Cards and Tags | Proud Tek Blog,62,143,2414,0,385,5,True,12,1,0,0,6,75,0,3,1,3,0,Peter Zhang,Nancy Wu,2026-07-09T12:00:00Z,14,2,1,2,2,2,Superior|best,0,0,Article|BreadcrumbList|FAQPage|Organization|WebPage|WebSite
/blog/eu-battery-passport-rfid-nfc-implementation/,blog,EU Battery Passport — RFID/NFC Guide for 2027 | Proud Tek Blog,62,141,2314,0,452,6,True,12,0,0,0,0,4,0,1,2,2,0,Peter Zhang,Nancy Wu,2026-07-07T12:00:00Z,10,2,1,3,2,0,,0,0,Article|BreadcrumbList|FAQPage|Organization|WebPage|WebSite
/blog/eu-espr-digital-product-passport-apparel/,blog,EU ESPR Digital Product Passport for Apparel | Proud Tek Blog,61,147,2858,0,566,8,True,12,0,0,2,7,0,0,1,1,7,0,Peter Zhang,Nancy Wu,2026-07-07T12:00:00Z,13,4,1,3,2,0,,0,0,Article|BreadcrumbList|FAQPage|Organization|WebPage|WebSite
/blog/eu-fmd-vs-dscsa-pharmaceutical-serialization/,blog,EU FMD vs DSCSA — Serialization Compared | Proud Tek Blog,57,149,2174,0,359,6,True,12,0,2,1,1,0,0,1,0,0,0,Peter Zhang,Nancy Wu,2026-07-07T18:00:00Z,11,2,1,3,2,2,best,0,0,Article|BreadcrumbList|FAQPage|Organization|WebPage|WebSite
/blog/google-review-nfc-cards-restaurants/,blog,Google Review NFC Cards for Restaurants | Proud Tek Blog,56,141,2563,0,398,7,True,12,1,1,0,11,4,0,0,0,2,0,Peter Zhang,Nancy Wu,2026-07-09,16,5,0,2,2,2,best,0,0,Article|BreadcrumbList|FAQPage|Organization|WebPage|WebSite
/blog/hipaa-compliant-patient-id-rfid-wristband/,blog,HIPAA-Compliant Patient ID RFID Wristbands | Proud Tek Blog,59,113,2133,0,385,6,True,12,0,0,0,7,4,0,1,0,2,0,Peter Zhang,Nancy Wu,2026-07-07T12:00:00Z,12,2,1,3,2,2,Best|best,0,0,Article|BreadcrumbList|FAQPage|Organization|WebPage|WebSite
/blog/hospital-linen-rfid-joint-commission-audit/,blog,Hospital Linen RFID — Joint Commission Ready | Proud Tek Blog,61,150,2188,0,353,6,True,12,0,2,0,0,5,0,10,0,3,0,Nancy Wu,Peter Zhang,2026-07-11T12:00:00Z,13,2,0,3,2,1,best,0,0,Article|BreadcrumbList|FAQPage|Organization|WebPage|WebSite
/blog/hospital-surgical-instrument-rfid-tracking/,blog,Hospital Surgical Instrument RFID Tracking | Proud Tek Blog,59,151,2472,0,353,6,True,12,0,1,0,2,13,0,3,0,4,0,Peter Zhang,Nancy Wu,2026-07-07T12:00:00Z,14,2,0,3,2,1,leading,0,0,Article|BreadcrumbList|FAQPage|Organization|WebPage|WebSite
/blog/hotel-key-card-not-working-troubleshooting/,blog,Hotel Key Card Not Working? Check These First | Proud Tek Blog,62,141,2973,0,559,6,True,12,0,1,1,4,0,0,3,0,12,1,Peter Zhang,Nancy Wu,2026-07-09T12:00:00Z,15,7,2,2,2,2,best|leading,0,0,Article|BreadcrumbList|FAQPage|HowTo|Organization|WebPage|WebSite
/blog/hotel-key-card-suppliers-guide/,blog,How to Choose Hotel Key Card Suppliers | Proud Tek Blog,55,145,3036,0,778,9,True,12,1,1,0,5,13,0,4,0,6,0,Peter Zhang,Nancy Wu,2026-07-07,13,2,0,2,2,0,,0,0,Article|BreadcrumbList|FAQPage|Organization|WebPage|WebSite
/blog/hotel-keycard-deactivated-phone-magnet/,blog,Hotel Keycard Deactivated by Phone Magnet? | Proud Tek Blog,59,147,2868,0,542,6,True,12,0,0,0,1,2,0,3,1,5,1,Peter Zhang,Nancy Wu,2026-07-09T10:00:00Z,12,3,0,2,2,0,,0,0,Article|BreadcrumbList|FAQPage|Organization|WebPage|WebSite
/blog/how-far-uhf-rfid-tag-read/,blog,How Far Can a UHF RFID Tag Be Read? | Proud Tek Blog,52,146,2378,0,478,5,True,12,0,10,2,3,24,9,21,2,1,0,Peter Zhang,Nancy Wu,2026-07-07,14,2,1,3,2,3,best|industry-leading,0,0,Article|BreadcrumbList|FAQPage|Organization|WebPage|WebSite
/blog/how-hotel-rfid-key-cards-work/,blog,How Hotel RFID Key Cards Work | Proud Tek Blog,46,154,2864,0,638,8,True,12,1,5,8,25,10,4,5,0,4,0,Peter Zhang,Nancy Wu,2026-07-09,18,4,4,2,2,0,,0,0,Article|BreadcrumbList|FAQPage|HowTo|Organization|WebPage|WebSite
/blog/how-nfc-tags-work-smartphones/,blog,How NFC Tags Work with Smartphones | Proud Tek Blog,51,126,2730,0,490,7,True,12,1,4,3,7,8,2,6,0,6,0,Peter Zhang,Nancy Wu,2026-07-07,12,2,0,2,2,0,,0,0,Article|BreadcrumbList|FAQPage|Organization|WebPage|WebSite
/blog/how-rfid-readers-work/,blog,"How RFID Readers Work: USB, Bluetooth, Fixed | Proud Tek Blog",61,151,2842,0,500,7,True,12,1,8,2,6,0,3,13,0,3,0,Peter Zhang,Nancy Wu,2026-07-08,18,3,2,2,2,0,,0,0,Article|BreadcrumbList|FAQPage|HowTo|Organization|WebPage|WebSite
/blog/how-to-program-nfc-tags/,blog,How to Program NFC Tags and Stickers | Proud Tek Blog,53,151,2803,0,553,7,True,12,1,0,0,14,0,0,8,1,8,1,Peter Zhang,Nancy Wu,2026-07-08,14,2,2,2,2,6,Best|best,0,0,Article|BreadcrumbList|FAQPage|HowTo|Organization|WebPage|WebSite
/blog/,blog,Proud Tek Engineering Blog — 113 RFID & NFC Technical Posts,59,153,3384,0,0,0,False,15,0,10,1,18,14,2,3,0,2,0,,,,113,0,0,0,0,3,Best|best,0,3,Blog|BreadcrumbList
/blog/item-level-rfid-cosmetics-authentication/,blog,Item-Level RFID for Cosmetics — The ROI Case | Proud Tek Blog,61,109,2463,0,467,6,True,12,0,1,0,17,6,1,1,0,3,0,Peter Zhang,Nancy Wu,2026-07-07,12,2,1,3,2,1,leading,0,0,Article|BreadcrumbList|FAQPage|Organization|WebPage|WebSite
/blog/java-cards-smart-card-os-explained/,blog,Java Cards and Smart Card OS Explained | Proud Tek Blog,55,149,3123,0,519,7,True,12,1,1,1,16,0,0,1,0,4,0,Peter Zhang,Nancy Wu,2026-07-08,11,3,0,2,2,1,Best,0,0,Article|BreadcrumbList|FAQPage|Organization|WebPage|WebSite
/blog/luxury-resale-nfc-authentication/,blog,Luxury Resale Authentication with NFC | Proud Tek Blog,54,98,2334,0,425,6,True,12,0,0,0,3,1,0,0,0,0,0,Peter Zhang,Nancy Wu,2026-07-08,10,2,0,3,2,0,,0,0,Article|BreadcrumbList|FAQPage|Organization|WebPage|WebSite
/blog/macys-rfid-vendor-compliance-guide/,blog,Macy's RFID Vendor Compliance — 2026 Guide | Proud Tek Blog,59,119,2643,0,515,8,True,12,1,0,6,4,1,0,0,0,2,0,Peter Zhang,Nancy Wu,2026-07-08,14,4,0,3,2,0,,0,0,Article|BreadcrumbList|FAQPage|Organization|WebPage|WebSite
/blog/manual-inventory-counting-errors-rfid/,blog,How RFID Ends Manual Inventory Counting Errors | Proud Tek Blog,63,154,2212,0,306,4,True,12,0,0,0,0,3,0,4,1,2,1,Peter Zhang,Nancy Wu,2026-07-09T12:00:00Z,13,4,0,2,2,2,best,0,6,Article|BreadcrumbList|FAQPage|Organization|WebPage|WebSite
/blog/medical-device-udi-rfid-combined-implementation/,blog,Medical Device UDI + RFID — A Combined Guide | Proud Tek Blog,61,139,2035,0,334,6,True,12,0,0,0,0,0,0,1,0,0,0,Peter Zhang,Nancy Wu,2026-07-08,10,2,2,3,2,0,,0,0,Article|BreadcrumbList|FAQPage|Organization|WebPage|WebSite
/blog/metal-nfc-cards-business-networking/,blog,Metal NFC Cards: Premium Business Networking | Proud Tek Blog,61,150,2451,0,404,7,True,12,1,2,1,5,77,5,6,0,4,0,Peter Zhang,Nancy Wu,2026-07-09,13,4,1,2,2,8,Best|best,0,0,Article|BreadcrumbList|FAQPage|Organization|WebPage|WebSite
/blog/mifare-classic-vs-desfire-hotel-chips/,blog,MIFARE Classic vs DESFire — Which Hotel Chip? | Proud Tek Blog,62,99,2715,0,654,8,True,12,1,0,2,64,2,1,4,0,3,0,Peter Zhang,Nancy Wu,2026-07-09,15,5,2,2,2,0,,0,0,Article|BreadcrumbList|FAQPage|Organization|WebPage|WebSite
/blog/nfc-business-cards-guide/,blog,NFC Business Cards: The Complete Guide | Proud Tek Blog,55,133,2528,0,499,7,True,12,1,2,1,16,24,3,5,0,3,0,Peter Zhang,Nancy Wu,2026-07-08,17,2,0,2,2,4,Best|best,0,0,Article|BreadcrumbList|FAQPage|Organization|WebPage|WebSite
/blog/nfc-card-clone-security-prevention/,blog,NFC Card Cloning — Risks and Prevention | Proud Tek Blog,56,128,2483,0,480,5,True,12,0,8,0,52,0,0,7,0,5,1,Peter Zhang,Nancy Wu,2026-07-09T10:00:00Z,14,2,0,2,2,1,Best,0,0,Article|BreadcrumbList|FAQPage|HowTo|Organization|WebPage|WebSite
/blog/nfc-christmas-gift-tags/,blog,NFC Christmas Gift Tags with Video Messages | Proud Tek Blog,60,118,2444,0,401,5,True,12,0,2,1,19,8,1,0,0,6,0,Peter Zhang,Nancy Wu,2026-07-09,16,3,1,3,2,2,best|leading,0,0,Article|BreadcrumbList|FAQPage|Organization|WebPage|WebSite
/blog/nfc-door-locks-rfid-cards/,blog,How NFC Door Locks Work with RFID Cards | Proud Tek Blog,56,153,2192,0,412,5,True,12,1,4,0,18,0,0,1,0,2,0,Peter Zhang,Nancy Wu,2026-07-09T00:00:00Z,12,4,1,2,2,3,Best|best,0,0,Article|BreadcrumbList|FAQPage|Organization|WebPage|WebSite
/blog/nfc-product-authentication/,blog,NFC Tags for Product Authentication | Proud Tek Blog,52,103,2384,0,450,7,True,12,1,0,1,22,2,0,0,0,14,0,Peter Zhang,Nancy Wu,2026-07-09,15,5,3,2,2,2,Best,0,0,Article|BreadcrumbList|FAQPage|Organization|WebPage|WebSite
/blog/nfc-smart-rings-guide/,blog,NFC Smart Rings: Wearable Contactless Tech | Proud Tek Blog,59,141,2486,0,449,7,True,12,1,7,0,19,7,9,6,0,3,0,Peter Zhang,Nancy Wu,2026-07-08,11,2,0,2,2,5,Best|best,0,0,Article|BreadcrumbList|FAQPage|Organization|WebPage|WebSite
/blog/nfc-stickers-marketing-campaigns/,blog,NFC Stickers for Marketing Campaigns | Proud Tek Blog,53,135,2464,0,434,7,True,12,1,0,0,11,3,1,1,1,2,0,Peter Zhang,Nancy Wu,2026-07-09,13,2,0,2,2,1,Best,0,0,Article|BreadcrumbList|FAQPage|Organization|WebPage|WebSite
/blog/nfc-tag-not-scanning-iphone-fix/,blog,NFC Tag Not Scanning on iPhone? Quick Fixes | Proud Tek Blog,60,134,2730,0,470,5,True,12,0,2,7,29,5,0,3,0,10,0,Peter Zhang,Nancy Wu,2026-07-09,12,5,3,2,2,2,best,0,0,Article|BreadcrumbList|FAQPage|Organization|WebPage|WebSite
/blog/nfc-tap-google-review/,blog,NFC Tap-to-Google-Review — Reviews in One Tap | Proud Tek Blog,62,148,2288,0,373,5,True,12,0,0,0,9,1,0,0,0,2,0,Peter Zhang,Nancy Wu,2026-07-09T12:00:00Z,12,5,0,2,2,3,Best|best|leading,0,0,Article|BreadcrumbList|FAQPage|HowTo|Organization|WebPage|WebSite
/blog/nfc-wedding-favor-tags/,blog,NFC Wedding Favor Tags with Photo Sharing | Proud Tek Blog,58,146,2471,0,377,5,True,12,0,1,0,8,5,0,0,0,3,0,Peter Zhang,Nancy Wu,2026-07-09T12:00:00Z,14,4,0,3,2,0,,0,0,Article|BreadcrumbList|FAQPage|Organization|WebPage|WebSite
/blog/nfc-wine-spirits-eu-epr-compliance/,blog,NFC for Wine and Spirits — EU EPR Compliance | Proud Tek Blog,61,149,2572,0,454,6,True,12,1,0,0,16,6,0,4,0,6,0,Peter Zhang,Nancy Wu,2026-07-08,12,2,2,3,2,1,leading,0,0,Article|BreadcrumbList|FAQPage|Organization|WebPage|WebSite
/blog/pharmaceutical-cold-chain-rfid-temperature-logging/,blog,Pharmaceutical Cold Chain RFID for Vaccines | Proud Tek Blog,60,141,2107,0,341,6,True,12,0,0,1,0,0,0,1,0,5,0,Peter Zhang,Nancy Wu,2026-07-08,10,2,0,3,2,1,Best,0,0,Article|BreadcrumbList|FAQPage|Organization|WebPage|WebSite
/blog/rain-rfid-2026-trends/,blog,UHF RAIN RFID in 2026 — Trends and Mandates | Proud Tek Blog,60,137,2742,0,546,6,True,12,0,0,3,13,4,0,4,0,2,0,Peter Zhang,Nancy Wu,2026-07-08,14,4,1,2,2,0,,0,0,Article|BreadcrumbList|FAQPage|HowTo|Organization|WebPage|WebSite
/blog/rfid-asset-tracking-cost-benefit/,blog,RFID Asset Tracking Cost-Benefit Analysis | Proud Tek Blog,58,150,2144,0,504,5,True,12,0,0,0,0,1,0,4,0,1,1,Peter Zhang,Nancy Wu,2026-07-09T12:00:00Z,13,4,0,3,2,0,,0,0,Article|BreadcrumbList|FAQPage|Organization|WebPage|WebSite
/blog/rfid-asset-tracking-warehouses/,blog,RFID Asset Tracking for Warehouses | Proud Tek Blog,51,126,2764,0,638,7,True,12,1,4,2,4,8,2,12,0,2,0,Peter Zhang,Nancy Wu,2026-07-09T10:00:00Z,15,4,1,2,2,2,Best,0,4,Article|BreadcrumbList|FAQPage|Organization|WebPage|WebSite
/blog/rfid-blood-bank-tracking-fda-21-cfr-part-11/,blog,RFID Blood Bank Tracking — 21 CFR Part 11 | Proud Tek Blog,58,135,2167,0,329,6,True,12,0,0,0,0,6,0,1,1,5,0,Peter Zhang,Nancy Wu,2026-07-08,12,2,1,3,2,0,,0,0,Article|BreadcrumbList|FAQPage|Organization|WebPage|WebSite
/blog/rfid-card-demagnetized-myth-explained/,blog,Can an RFID Card Be Demagnetized? The Real Fix | Proud Tek Blog,63,134,2851,0,566,5,True,12,0,8,1,11,10,0,13,0,18,1,Peter Zhang,Nancy Wu,2026-07-09,14,4,4,2,2,1,Best,0,0,Article|BreadcrumbList|FAQPage|HowTo|Organization|WebPage|WebSite
/blog/rfid-card-how-it-works/,blog,How Does an RFID Card Work? The Tech Inside | Proud Tek Blog,60,143,2714,0,459,5,True,12,0,13,1,58,6,1,5,0,5,0,Peter Zhang,Nancy Wu,2026-07-08,14,3,2,3,2,2,Best|number one,0,0,Article|BreadcrumbList|FAQPage|Organization|WebPage|WebSite
/blog/rfid-card-materials-pvc-pet-abs-wood/,blog,RFID Card Materials — From PVC to Paper | Proud Tek Blog,56,148,3056,0,471,7,True,12,1,2,2,19,144,1,6,0,6,0,Peter Zhang,Nancy Wu,2026-07-08,12,2,1,2,2,8,Best|best,0,0,Article|BreadcrumbList|FAQPage|Organization|WebPage|WebSite
/blog/rfid-conference-badges-guide/,blog,RFID Conference Badges — Attendee Tracking | Proud Tek Blog,59,152,2332,0,415,5,True,12,0,0,0,3,10,0,4,0,1,0,Peter Zhang,Nancy Wu,2026-07-09T12:00:00Z,14,5,0,3,2,2,leading|seamless,0,0,Article|BreadcrumbList|FAQPage|HowTo|Organization|WebPage|WebSite
/blog/rfid-data-encoding-memory/,blog,RFID Data Encoding and Memory Structures | Proud Tek Blog,57,148,3250,0,527,6,True,12,1,2,7,56,1,0,4,0,3,0,Peter Zhang,Nancy Wu,2026-07-08,16,2,2,2,2,1,best,0,0,Article|BreadcrumbList|FAQPage|HowTo|Organization|WebPage|WebSite
/blog/rfid-elevator-floor-access/,blog,RFID Elevator and Floor Access Control | Proud Tek Blog,55,149,2773,0,410,5,True,12,1,2,0,22,4,0,7,0,1,0,Peter Zhang,Nancy Wu,2026-07-09,12,4,0,2,2,2,Best,0,0,Article|BreadcrumbList|FAQPage|Organization|WebPage|WebSite
/blog/rfid-event-access-control-setup/,blog,How to Set Up RFID Event Access Control | Proud Tek Blog,56,109,2320,0,409,6,True,12,1,1,0,7,0,1,12,0,2,0,Peter Zhang,Nancy Wu,2026-07-07,15,2,0,2,2,1,Best,0,1,Article|BreadcrumbList|FAQPage|HowTo|Organization|WebPage|WebSite
/blog/rfid-event-wristband-revenue-impact/,blog,How RFID Wristbands Lift Event Revenue | Proud Tek Blog,55,132,2189,0,355,5,True,12,3,0,0,0,4,0,0,0,0,0,Peter Zhang,Nancy Wu,2026-08-25,11,6,0,3,2,4,Best|best,0,0,Article|BreadcrumbList|FAQPage|Organization|WebPage|WebSite
/blog/rfid-frequencies-lf-hf-uhf-explained/,blog,RFID Frequencies Explained: LF vs HF vs UHF | Proud Tek Blog,60,100,3321,0,491,7,True,12,1,43,4,16,34,10,13,0,2,0,Peter Zhang,Nancy Wu,2026-07-08,19,2,1,2,1,2,Best|best,0,0,Article|BreadcrumbList|FAQPage|Organization|WebPage|WebSite
/blog/rfid-healthcare-patient-tracking/,blog,RFID in Healthcare: Patient and Asset Tracking | Proud Tek Blog,63,139,2376,0,307,5,True,12,1,3,0,0,2,1,4,0,2,0,Peter Zhang,Nancy Wu,2026-07-09T12:00:00Z,17,5,2,2,2,4,Best|best|leading,0,2,Article|BreadcrumbList|FAQPage|HowTo|Organization|WebPage|WebSite
/blog/rfid-hotel-keycard-cost-comparison/,blog,Hotel Key Card Cost Comparison by Technology | Proud Tek Blog,61,136,2763,0,522,6,True,12,1,1,0,9,0,0,2,1,1,1,Peter Zhang,Nancy Wu,2026-07-09,18,4,0,3,2,2,Best,0,0,Article|BreadcrumbList|FAQPage|Organization|WebPage|WebSite
/blog/rfid-interference-metal-environment-solutions/,blog,RFID Interference in Metal — Causes and Fixes | Proud Tek Blog,62,148,2203,0,408,5,True,12,0,4,0,3,72,4,10,0,3,0,Peter Zhang,Nancy Wu,2026-07-08,12,3,0,2,2,1,best,0,0,Article|BreadcrumbList|FAQPage|Organization|WebPage|WebSite
/blog/rfid-inventory-roi-calculator/,blog,RFID Inventory ROI Calculator — Savings Math | Proud Tek Blog,61,151,2317,0,435,5,True,12,0,0,0,0,2,0,2,1,3,0,Peter Zhang,Nancy Wu,2026-07-09,12,4,0,3,2,4,best|leading,0,9,Article|BreadcrumbList|FAQPage|Organization|WebPage|WebSite
/blog/rfid-item-level-tagging-cost-model-apparel/,blog,RFID Item-Level Tagging Cost Model for Apparel | Proud Tek Blog,63,151,2839,0,581,8,True,12,1,0,0,0,2,0,2,0,4,0,Peter Zhang,Nancy Wu,2026-07-08,12,4,0,3,2,4,Best|best,0,0,Article|BreadcrumbList|FAQPage|Organization|WebPage|WebSite
/blog/rfid-key-fob-access-control/,blog,RFID Key Fob Access Control Systems Explained | Proud Tek Blog,62,104,2886,0,575,7,True,12,1,23,0,28,14,4,22,0,3,0,Peter Zhang,Nancy Wu,2026-07-08,16,2,0,2,2,4,Best|superior,0,0,Article|BreadcrumbList|FAQPage|Organization|WebPage|WebSite
/blog/rfid-laundry-system-roi/,blog,How RFID Laundry Systems Save Money | Proud Tek Blog,52,113,2994,0,600,7,True,12,1,0,0,1,8,0,6,1,3,0,Peter Zhang,Nancy Wu,2026-07-08,14,2,0,2,2,1,leading,0,0,Article|BreadcrumbList|FAQPage|Organization|WebPage|WebSite
/blog/rfid-laundry-tags-buyers-guide/,blog,RFID Laundry Tags: Complete Buyer's Guide | Proud Tek Blog,58,138,2737,0,502,7,True,12,1,2,1,0,18,1,12,0,1,0,Peter Zhang,Nancy Wu,2026-07-08,18,2,1,2,2,5,Best|best|leading,0,1,Article|BreadcrumbList|FAQPage|Organization|WebPage|WebSite
/blog/rfid-led-tags-warehouse-location/,blog,RFID LED Tags for Warehouse Item Location | Proud Tek Blog,58,118,2849,0,624,7,True,12,1,0,0,0,8,1,10,1,2,0,Peter Zhang,Nancy Wu,2026-07-09,14,4,0,2,2,2,best|leading,0,1,Article|BreadcrumbList|FAQPage|Organization|WebPage|WebSite
/blog/rfid-logistics-supply-chain/,blog,RFID in Logistics and Supply Chain | Proud Tek Blog,51,152,2517,0,625,7,True,12,1,0,0,0,1,0,11,0,0,0,Peter Zhang,Nancy Wu,2026-07-09,11,3,0,2,2,1,Best,0,8,Article|BreadcrumbList|FAQPage|Organization|WebPage|WebSite
/blog/rfid-manufacturer-iso-9001-14001-certification-verification/,blog,Verifying ISO 9001/14001 RFID Manufacturers | Proud Tek Blog,60,143,2366,0,385,6,True,12,1,0,0,0,0,0,0,0,5,0,Peter Zhang,Nancy Wu,2026-07-08,12,2,1,4,2,1,best,0,0,Article|BreadcrumbList|FAQPage|HowTo|Organization|WebPage|WebSite
/blog/rfid-marathon-race-timing-setup/,blog,RFID Marathon Timing Chip Setup Guide | Proud Tek Blog,54,117,2359,0,395,5,True,12,0,1,0,0,1,1,2,0,1,1,Peter Zhang,Nancy Wu,2026-07-09T16:00:00Z,13,5,0,3,2,2,Best|best,0,7,Article|BreadcrumbList|FAQPage|Organization|WebPage|WebSite
/blog/rfid-market-trends-forecast/,blog,RFID Market Trends and Forecast 2025–2030 | Proud Tek Blog,58,128,2467,0,430,6,True,12,1,1,0,9,1,0,4,0,0,0,Peter Zhang,Nancy Wu,2026-07-10T12:00:00Z,17,4,3,2,1,0,,0,0,Article|BreadcrumbList|FAQPage|Organization|WebPage|WebSite
/blog/rfid-oem-white-label-program-guide/,blog,RFID OEM White-Label — Your Brand on Our Tags | Proud Tek Blog,62,122,2665,0,372,6,True,12,0,0,1,9,17,0,9,1,5,0,Peter Zhang,Nancy Wu,2026-07-09T00:00:00Z,15,4,3,4,3,0,,0,0,Article|BreadcrumbList|FAQPage|Organization|WebPage|WebSite
/blog/rfid-reader-not-detecting-tags-troubleshooting/,blog,RFID Reader Not Detecting Tags? A Field Guide | Proud Tek Blog,62,148,2921,0,505,5,True,12,0,10,2,0,13,2,31,0,4,0,Peter Zhang,Nancy Wu,2026-07-09,16,4,2,2,2,0,,0,0,Article|BreadcrumbList|FAQPage|Organization|WebPage|WebSite
/blog/rfid-reseller-program-distributor-margin-math/,blog,RFID Reseller Program — Distributor Margins | Proud Tek Blog,60,137,2060,0,347,6,True,12,0,0,0,3,3,0,1,0,1,0,Peter Zhang,Nancy Wu,2026-07-09,16,4,1,5,4,0,,0,0,Article|BreadcrumbList|FAQPage|Organization|WebPage|WebSite
/blog/rfid-retail-inventory-management/,blog,RFID for Retail Inventory Management | Proud Tek Blog,53,140,2781,0,471,7,True,12,1,1,0,0,3,0,8,0,5,0,Peter Zhang,Nancy Wu,2026-07-09T00:00:00Z,15,6,1,2,2,4,Best|leading,0,0,Article|BreadcrumbList|FAQPage|HowTo|Organization|WebPage|WebSite
/blog/rfid-retail-shrinkage-reduction-data/,blog,RFID Retail Shrinkage Reduction — The Data | Proud Tek Blog,59,95,2745,0,571,7,True,12,0,0,0,0,0,0,1,0,2,0,Peter Zhang,Nancy Wu,2026-07-09T12:00:00Z,14,5,0,3,2,0,,0,0,Article|BreadcrumbList|FAQPage|Organization|WebPage|WebSite
/blog/rfid-rfp-template-questions-suppliers/,blog,RFID RFP Template — 10 Supplier Questions | Proud Tek Blog,58,132,2409,0,416,6,True,12,0,0,0,4,2,0,2,0,6,0,Peter Zhang,Nancy Wu,2026-07-09T14:30:00Z,17,4,0,5,4,4,Best|best,0,1,Article|BreadcrumbList|FAQPage|Organization|WebPage|WebSite
/blog/rfid-shipping-air-vs-sea-freight-cost-tradeoff/,blog,RFID Tag Shipping — Air vs Sea Freight Costs | Proud Tek Blog,61,151,2399,0,455,6,True,12,0,0,0,0,0,0,1,0,4,0,Peter Zhang,Nancy Wu,2026-07-09,12,4,0,4,2,4,Best|best,0,0,Article|BreadcrumbList|FAQPage|Organization|WebPage|WebSite
/blog/rfid-ski-pass-card-season/,blog,RFID Ski Pass Cards — 2026-2027 Season Guide | Proud Tek Blog,61,124,2244,0,399,5,True,12,0,1,0,8,4,2,4,0,6,0,Peter Zhang,Nancy Wu,2026-07-09T16:00:00Z,13,4,0,3,2,0,,0,0,Article|BreadcrumbList|FAQPage|Organization|WebPage|WebSite
/blog/rfid-surgical-sponge-counting-fda-aorn/,blog,RFID Surgical Sponge Counting — FDA and AORN | Proud Tek Blog,61,123,2430,0,346,6,True,12,0,0,0,0,1,2,1,0,6,0,Peter Zhang,Nancy Wu,2026-07-09,13,4,1,3,2,2,leading,0,0,Article|BreadcrumbList|FAQPage|Organization|WebPage|WebSite
/blog/rfid-sustainability-circular-economy/,blog,RFID Tracking for the Circular Economy | Proud Tek Blog,55,153,2262,0,431,5,True,12,0,0,0,1,10,0,3,0,0,0,Peter Zhang,Nancy Wu,2026-07-09,13,4,3,2,1,1,leading,0,0,Article|BreadcrumbList|FAQPage|Organization|WebPage|WebSite
/blog/rfid-system-cost-small-business/,blog,Is RFID Too Expensive for Small Business? | Proud Tek Blog,58,109,2344,0,429,5,True,12,0,0,0,0,4,0,5,0,8,1,Peter Zhang,Nancy Wu,2026-07-08,11,2,0,2,1,2,Best,0,0,Article|BreadcrumbList|FAQPage|Organization|WebPage|WebSite
/blog/rfid-tag-lifespan-duration/,blog,How Long Does an RFID Tag Last? | Proud Tek Blog,48,104,2307,0,421,5,True,12,0,1,1,0,33,3,5,2,5,0,Nancy Wu,Peter Zhang,2026-07-11T12:00:00Z,17,2,1,3,2,0,,0,2,Article|BreadcrumbList|FAQPage|Organization|WebPage|WebSite
/blog/rfid-tag-moq-negotiation-strategy/,blog,RFID Tag MOQ Strategy — Negotiating Below MOQ | Proud Tek Blog,62,135,2217,0,398,6,True,12,0,0,0,7,11,0,2,0,0,0,Peter Zhang,Nancy Wu,2026-07-09T12:00:00Z,18,5,2,4,3,0,,0,0,Article|BreadcrumbList|FAQPage|Organization|WebPage|WebSite
/blog/rfid-tag-read-range-optimization/,blog,RFID Tag Read Range Too Short? How to Fix It | Proud Tek Blog,61,142,2395,0,443,5,True,12,0,1,1,6,24,8,17,2,2,0,Peter Zhang,Nancy Wu,2026-07-09T12:00:00Z,15,6,3,2,2,0,,0,0,Article|BreadcrumbList|FAQPage|Organization|WebPage|WebSite
/blog/rfid-tag-wholesale-quote-reading-guide/,blog,RFID Tag Wholesale Pricing — Reading a Quote | Proud Tek Blog,61,141,2408,0,383,6,True,12,0,0,0,16,7,0,0,0,3,0,Peter Zhang,Nancy Wu,2026-07-09,18,4,2,5,4,0,,0,0,Article|BreadcrumbList|FAQPage|Organization|WebPage|WebSite
/blog/rfid-vs-manual-counting-savings/,blog,RFID vs. Manual Counting — What You Save | Proud Tek Blog,57,146,2353,0,478,5,True,12,0,0,0,0,1,0,4,1,1,0,Peter Zhang,Nancy Wu,2026-07-09T18:00:00Z,13,4,1,3,2,0,,0,0,Article|BreadcrumbList|FAQPage|Organization|WebPage|WebSite
/blog/rfid-vs-qr-codes-events/,blog,RFID vs QR Codes for Event Management | Proud Tek Blog,54,121,2241,0,381,6,True,12,1,0,0,1,3,0,2,0,6,0,Peter Zhang,Nancy Wu,2026-07-09T13:10:47Z,13,2,0,2,2,0,,0,0,Article|BreadcrumbList|FAQPage|Organization|WebPage|WebSite
/blog/rfid-warehouse-labor-savings/,blog,RFID Warehouse Labor Savings — Picking Data | Proud Tek Blog,60,114,2314,0,413,5,True,12,0,0,0,0,1,0,2,1,2,0,Peter Zhang,Nancy Wu,2026-07-09,14,2,0,3,2,0,,0,10,Article|BreadcrumbList|FAQPage|Organization|WebPage|WebSite
/blog/rfid-windshield-tags-vehicle-id/,blog,RFID Windshield Tags for Vehicle ID | Proud Tek Blog,52,147,2750,0,596,7,True,12,1,2,2,9,7,5,11,1,2,0,Peter Zhang,Nancy Wu,2026-07-09,13,5,2,2,2,3,best|leading,0,0,Article|BreadcrumbList|FAQPage|Organization|WebPage|WebSite
/blog/rfid-wristbands-festivals-events/,blog,RFID Wristbands for Festivals and Events | Proud Tek Blog,57,104,3061,0,462,7,True,12,1,0,2,4,18,2,3,0,5,0,Peter Zhang,Nancy Wu,2026-07-09,18,0,0,2,2,4,Best|best,0,2,Article|BreadcrumbList|FAQPage|Organization|WebPage|WebSite
/blog/rfid-wristbands-hotels-resorts/,blog,RFID Wristbands for Hotels and Resorts | Proud Tek Blog,55,148,2486,0,579,7,True,12,1,5,0,10,12,0,3,0,1,0,Peter Zhang,Nancy Wu,2026-07-09T12:00:00Z,18,2,0,2,2,1,Best,0,0,Article|BreadcrumbList|FAQPage|Organization|WebPage|WebSite
/blog/target-rfid-t2-t3-supplier-requirements/,blog,Target RFID T2/T3 — What Suppliers Must Tag | Proud Tek Blog,60,130,2736,0,500,8,True,12,0,0,4,2,3,0,0,0,1,0,Peter Zhang,Nancy Wu,2026-07-09T12:00:00Z,18,5,0,3,2,0,,0,0,Article|BreadcrumbList|FAQPage|Organization|WebPage|WebSite
/blog/total-cost-rfid-system-breakdown/,blog,Total Cost of an RFID System — Full Breakdown | Proud Tek Blog,62,131,2283,0,466,5,True,12,0,0,0,0,1,0,5,0,0,0,Peter Zhang,Nancy Wu,2026-07-09,12,4,0,3,1,0,,0,0,Article|BreadcrumbList|FAQPage|Organization|WebPage|WebSite
/blog/uhf-rfid-wristbands-long-range/,blog,UHF RFID Wristbands for Long-Range Tracking | Proud Tek Blog,60,153,2090,0,507,7,True,12,1,3,2,0,6,4,12,0,5,0,Peter Zhang,Nancy Wu,2026-08-25,11,5,0,2,2,1,best,0,0,Article|BreadcrumbList|FAQPage|Organization|WebPage|WebSite
/blog/uhf-vs-hf-rfid-frequency-choice/,blog,UHF vs HF RFID: Which Frequency to Choose? | Proud Tek Blog,59,139,3065,0,485,7,True,12,1,20,8,27,11,9,3,0,5,0,Peter Zhang,Nancy Wu,2026-07-09,15,4,4,2,1,1,leading,0,0,Article|BreadcrumbList|FAQPage|Organization|WebPage|WebSite
/blog/warehouse-inventory-shrinkage-rfid-solution/,blog,How RFID Cuts Warehouse Inventory Shrinkage | Proud Tek Blog,60,142,2589,0,447,6,True,12,1,0,0,0,3,0,2,0,1,1,Peter Zhang,Nancy Wu,2026-07-09T12:00:00Z,13,7,1,2,2,7,Best|Leading|best,0,9,Article|BreadcrumbList|FAQPage|Organization|WebPage|WebSite
/blog/waterproof-rfid-tags-outdoor/,blog,How to Waterproof RFID Tags for Outdoor Use | Proud Tek Blog,60,122,2475,0,417,5,True,12,1,2,0,3,21,2,6,0,2,0,Nancy Wu,Peter Zhang,2026-07-11T00:00:00Z,12,4,2,2,2,1,best,0,1,Article|BreadcrumbList|FAQPage|Organization|WebPage|WebSite
/blog/what-is-mifare-complete-guide/,blog,What Is MIFARE? A Complete Guide | Proud Tek Blog,49,142,3154,0,510,7,True,12,1,3,2,150,1,0,9,0,7,0,Peter Zhang,Nancy Wu,2026-07-09T12:00:00Z,21,4,3,2,2,0,,0,0,Article|BreadcrumbList|FAQPage|HowTo|Organization|WebPage|WebSite
/blog/which-nfc-chip-most-memory/,blog,Which NFC Chip Has the Most Memory? | Proud Tek Blog,52,151,2311,0,471,5,True,12,1,0,6,91,0,0,0,0,5,0,Peter Zhang,Nancy Wu,2026-07-09T00:00:00Z,17,4,4,3,2,2,Best|best,0,0,Article|BreadcrumbList|FAQPage|Organization|WebPage|WebSite
/blog/wooden-nfc-cards-eco-branding/,blog,Wooden NFC Cards for Eco-Friendly Branding | Proud Tek Blog,59,114,2381,0,380,6,True,12,1,2,1,0,71,0,2,0,4,0,Peter Zhang,Nancy Wu,2026-07-09,14,4,0,2,2,6,Best|best,0,0,Article|BreadcrumbList|FAQPage|Organization|WebPage|WebSite
/case-studies/hospitality-hotel-key-card-rollout/,case-studies,28-Property Hotel Key Card Rollout — 2.4M/Year | Proud Tek,58,152,2656,0,336,4,True,12,1,6,0,34,6,0,2,3,1,0,Peter Zhang,Nancy Wu,2026-07-12,22,3,3,2,1,0,,0,0,Article|BreadcrumbList|FAQPage|Organization|WebPage|WebSite
/case-studies/,case-studies,Case Studies — Real RFID & NFC Deployments | Proud Tek,54,168,728,0,0,0,False,32,0,1,0,5,4,3,0,1,0,0,,,,9,0,0,2,2,0,,0,6,BreadcrumbList|CollectionPage
/case-studies/industrial-laundry-pps-rfid-tag/,case-studies,250+ Wash Cycles — Industrial Laundry PPS Tags | Proud Tek,58,149,2110,0,261,4,True,12,1,3,7,10,37,0,17,7,1,0,Nancy Wu,Peter Zhang,2026-07-12,16,4,3,2,1,1,leading,0,15,Article|BreadcrumbList|FAQPage|Organization|WebPage|WebSite
/case-studies/library-icode-slix2-self-service/,case-studies,47-Branch ICODE SLIX2 Self-Service Migration | Proud Tek,56,154,2329,0,268,4,True,12,1,12,6,27,6,2,2,6,1,0,Peter Zhang,Nancy Wu,2026-07-12,18,4,4,2,1,1,best,0,0,Article|BreadcrumbList|FAQPage|Organization|WebPage|WebSite
/case-studies/music-festival-uhf-wristband/,case-studies,"180,000 UHF Wristbands — Cashless Festival Entry | Proud Tek",60,152,2436,0,356,4,True,12,1,0,6,20,15,3,4,3,6,0,Peter Zhang,Nancy Wu,2026-07-12,21,4,4,2,1,0,,0,4,Article|BreadcrumbList|FAQPage|Organization|WebPage|WebSite
/case-studies/pharmaceutical-dscsa-uhf-rfid/,case-studies,DSCSA UHF Labels at 380M Units/Year — Pharma | Proud Tek,56,149,2001,0,260,4,True,12,1,0,7,15,4,1,1,3,3,0,Peter Zhang,Nancy Wu,2026-07-12,15,4,4,2,1,1,top tier,0,10,Article|BreadcrumbList|FAQPage|Organization|WebPage|WebSite
/case-studies/restaurant-google-review-nfc-card/,case-studies,3.1× Review Lift — Restaurant NFC Card Program | Proud Tek,58,151,2485,0,281,4,True,12,1,0,6,30,5,0,1,3,0,0,Peter Zhang,Nancy Wu,2026-07-12,19,4,2,2,1,1,Best,0,0,Article|BreadcrumbList|FAQPage|Organization|WebPage|WebSite
/case-studies/retail-apparel-uhf-rfid-source-tagging/,case-studies,UHF Source-Tagging at 11M Tags/Year — Apparel | Proud Tek,57,154,2487,0,274,4,True,12,1,0,5,30,4,0,4,4,4,0,Peter Zhang,Nancy Wu,2026-07-12,20,4,4,2,1,0,,0,0,Article|BreadcrumbList|FAQPage|Organization|WebPage|WebSite
/compare/125khz-vs-13.56mhz-rfid/,compare,125 kHz Vs 13.56 MHz RFID — LF Vs HF Compared | Proud Tek,57,134,4183,0,702,7,True,12,1,95,2,119,1,1,19,0,4,1,Peter Zhang,Nancy Wu,2026-06-10T18:00:00Z,26,8,3,2,1,1,Best,0,0,Article|BreadcrumbList|FAQPage|Organization|WebPage|WebSite
/compare/acr1252u-vs-omnikey-5022/,compare,ACR1252U vs HID Omnikey 5022 — Which NFC Encoder? | Proud Tek,61,123,3454,0,494,7,True,12,1,3,2,74,1,0,9,0,3,1,Peter Zhang,Nancy Wu,2026-06-10T18:00:00Z,16,10,2,2,2,2,Best|best,0,0,Article|BreadcrumbList|FAQPage|Organization|WebPage|WebSite
/compare/active-vs-passive-rfid/,compare,Active RFID vs Passive RFID — Range and Cost | Proud Tek,56,132,2969,0,674,7,True,12,0,14,5,5,4,10,11,0,3,0,Peter Zhang,Nancy Wu,2026-07-02,16,8,6,2,1,0,,0,0,Article|BreadcrumbList|FAQPage|Organization|WebPage|WebSite
/compare/chip-vs-chip/,compare,"Chip vs Chip Comparisons — MIFARE, NTAG & UCODE | Proud Tek",59,196,160,0,0,0,False,35,0,1,1,14,0,0,0,0,0,0,,,,4,0,0,0,0,0,,0,0,BreadcrumbList|CollectionPage
/compare/em4100-vs-t5577/,compare,"EM4100 vs T5577 — The Practical 125 kHz LF Chip Comparison for Access, Cloning, Hotel Retrofit and Migration | Proud Tek",120,154,2536,0,436,6,True,14,1,37,0,112,2,4,11,0,3,0,Peter Zhang,Nancy Wu,2026-07-07T00:00:00Z,14,0,0,4,2,1,Best,0,0,Article|BreadcrumbList|FAQPage|HowTo|Organization|WebPage|WebSite
/compare/form-factor-material/,compare,Form Factor & Material Comparisons — Cards to Labels | Proud Tek,64,216,348,0,0,0,False,35,0,0,0,2,10,0,0,0,0,0,,,,11,0,0,0,0,0,,0,0,BreadcrumbList|CollectionPage
/compare/frequency-tech/,compare,"Frequency & Technology Comparisons — LF, HF & UHF | Proud Tek",61,203,295,0,0,0,False,37,0,4,2,0,0,0,0,0,0,0,,,,9,0,0,0,0,0,,0,0,BreadcrumbList|CollectionPage
/compare/google-review-nfc-card-vs-nfc-sticker/,compare,Google Review NFC Card vs NFC Sticker | Proud Tek,49,135,2751,0,526,7,True,12,0,1,3,6,7,0,1,0,4,0,Peter Zhang,Nancy Wu,2026-07-02,17,10,5,2,2,2,best,0,0,Article|BreadcrumbList|FAQPage|Organization|WebPage|WebSite
/compare/hf-vs-uhf-rfid-for-asset-tracking/,compare,HF Vs UHF RFID For Asset Tracking — Which Band? | Proud Tek,59,142,3701,0,664,7,True,12,1,13,6,18,21,4,22,0,2,0,Peter Zhang,Nancy Wu,2026-06-10T18:00:00Z,20,7,6,2,2,4,Best|best,0,2,Article|BreadcrumbList|FAQPage|Organization|WebPage|WebSite
/compare/hotel-key-cards-vs-hotel-wristbands/,compare,Hotel Key Cards vs Hotel Wristbands — Which Fits? | Proud Tek,61,134,3087,0,452,7,True,12,1,2,2,14,31,0,2,0,9,0,Peter Zhang,Nancy Wu,2026-07-02,19,8,4,2,2,4,Best|best,0,0,Article|BreadcrumbList|FAQPage|HowTo|Organization|WebPage|WebSite
/compare/impinj-r700-vs-zebra-fx9600/,compare,Impinj R700 vs Zebra FX9600 — UHF Reader Comparison | Proud Tek,63,120,3034,0,477,6,True,12,1,5,6,1,2,0,31,0,2,1,Peter Zhang,Nancy Wu,2026-06-10T18:00:00Z,17,10,6,2,2,2,Best|best,0,0,Article|BreadcrumbList|FAQPage|Organization|WebPage|WebSite
/compare/,compare,RFID & NFC Comparisons — 29 Side-by-Side Pages | Proud Tek,58,151,780,0,0,0,False,22,0,6,3,16,10,0,0,0,0,0,,,,26,0,0,0,0,0,,0,0,BreadcrumbList|CollectionPage
/compare/keyfob-vs-card-vs-wristband-access-control/,compare,Keyfob Vs Card Vs Wristband For Access Control | Proud Tek,58,144,3445,0,689,7,True,12,1,7,3,18,30,1,4,0,6,0,Peter Zhang,Nancy Wu,2026-07-02,20,8,6,2,2,3,Best|best,0,0,Article|BreadcrumbList|FAQPage|Organization|WebPage|WebSite
/compare/metal-vs-wood-vs-pvc-nfc-business-cards/,compare,Metal vs Wood vs PVC NFC Business Cards | Proud Tek,51,85,3246,0,688,7,True,12,0,0,2,18,126,5,11,1,0,0,Peter Zhang,Nancy Wu,2026-07-12,19,8,6,2,2,3,Best|best,0,0,Article|BreadcrumbList|FAQPage|HowTo|Organization|WebPage|WebSite
/compare/mifare-classic-vs-plus-vs-desfire-hotel-locks/,compare,MIFARE Classic vs Plus vs DESFire for Hotel Locks | Proud Tek,61,87,3141,0,607,7,True,12,2,0,1,86,3,0,8,0,2,0,Peter Zhang,Nancy Wu,2026-06-11T11:00:00Z,22,11,7,2,2,3,Best|best,0,0,Article|BreadcrumbList|FAQPage|Organization|WebPage|WebSite
/compare/mifare-plus-ev2-vs-desfire-ev3/,compare,MIFARE Plus vs MIFARE DESFire — Family-Level Decision Guide for HF 13.56 MHz Cards | Proud Tek,94,129,4529,0,664,7,True,8,1,3,7,143,0,0,17,0,3,0,Peter Zhang,Nancy Wu,2026-03-21,21,7,7,2,2,2,Best,0,0,Article|BreadcrumbList|FAQPage|Organization|WebPage|WebSite
/compare/nfc-review-card-vs-qr-review-stand/,compare,NFC Review Card vs QR Review Stand — Which Wins? | Proud Tek,60,149,2874,0,631,7,True,12,0,0,2,2,11,0,0,1,6,0,Peter Zhang,Nancy Wu,2026-07-02,16,8,4,2,2,2,best,0,0,Article|BreadcrumbList|FAQPage|HowTo|Organization|WebPage|WebSite
/compare/nfc-vs-bluetooth/,compare,NFC vs Bluetooth — Short-Range Wireless Compared | Proud Tek,60,121,3304,0,718,7,True,12,0,11,4,17,3,5,6,0,6,0,Peter Zhang,Nancy Wu,2026-07-12,17,8,3,2,1,1,best,0,0,Article|BreadcrumbList|FAQPage|Organization|WebPage|WebSite
/compare/ntag213-vs-ntag215-vs-ntag216/,compare,NTAG213 vs NTAG215 vs NTAG216 — Which to Buy | Proud Tek,56,144,3487,0,506,7,True,12,1,1,8,150,5,0,3,1,4,0,Peter Zhang,Nancy Wu,2026-07-08,29,8,8,2,2,1,Best,0,0,Article|BreadcrumbList|FAQPage|Organization|WebPage|WebSite
/compare/on-metal-nfc-labels-vs-standard-nfc-stickers/,compare,On-Metal NFC Labels vs Standard NFC Stickers | Proud Tek,56,133,2919,0,655,7,True,12,0,5,1,10,146,9,11,0,7,0,Peter Zhang,Nancy Wu,2026-07-02,16,8,5,2,2,2,best,0,0,Article|BreadcrumbList|FAQPage|Organization|WebPage|WebSite
/compare/pps-vs-silicone-vs-textile-rfid-laundry-tags/,compare,PPS vs Silicone vs Textile RFID Laundry Tags — Guide | Proud Tek,64,143,3154,0,481,7,True,12,1,0,2,13,86,2,12,2,6,0,Peter Zhang,Nancy Wu,2026-07-11,17,10,7,2,2,6,Best|best,0,0,Article|BreadcrumbList|FAQPage|Organization|WebPage|WebSite
/compare/pvc-vs-wood-vs-pla-hotel-key-cards/,compare,PVC vs Wood vs PLA Hotel Key Cards — Which to Pick | Proud Tek,62,144,3432,0,521,7,True,12,1,1,3,3,117,1,11,0,4,0,Peter Zhang,Nancy Wu,2026-06-10T18:00:00Z,15,7,3,2,2,1,Best,0,0,Article|BreadcrumbList|FAQPage|Organization|WebPage|WebSite
/compare/reader-vs-reader/,compare,RFID Reader Comparisons — Desktop NFC & Fixed UHF | Proud Tek,61,197,93,0,0,0,False,30,0,1,0,0,0,0,0,0,1,0,,,,2,0,0,0,0,0,,0,0,BreadcrumbList|CollectionPage
/compare/rfid-vs-barcode/,compare,RFID vs Barcode — Which to Choose for Tracking | Proud Tek,58,138,3370,0,727,7,True,12,0,4,6,0,18,0,6,0,3,0,Peter Zhang,Nancy Wu,2026-07-11,16,7,7,2,1,0,,0,6,Article|BreadcrumbList|FAQPage|Organization|WebPage|WebSite
/compare/rfid-vs-ble-asset-tracking/,compare,RFID vs BLE for Asset Tracking — Which to Choose | Proud Tek,60,133,2916,0,671,7,True,12,0,1,1,0,2,2,6,0,5,0,Peter Zhang,Nancy Wu,2026-07-02,16,8,4,2,1,1,best,0,0,Article|BreadcrumbList|FAQPage|Organization|WebPage|WebSite
/compare/rfid-vs-magnetic-hotel-key-cards/,compare,RFID vs Magnetic Stripe Hotel Key Cards | Proud Tek,51,111,3150,0,527,7,True,12,1,6,6,50,10,1,3,0,4,0,Peter Zhang,Nancy Wu,2026-06-11T10:00:00Z,15,12,8,2,2,2,Best|best,0,0,Article|BreadcrumbList|FAQPage|Organization|WebPage|WebSite
/compare/rfid-vs-qr-code/,compare,RFID vs QR Code — Tracking and Authentication | Proud Tek,57,135,3381,0,751,7,True,12,0,5,5,24,9,2,3,0,9,0,Peter Zhang,Nancy Wu,2026-07-02,16,8,8,2,1,0,,0,0,Article|BreadcrumbList|FAQPage|Organization|WebPage|WebSite
/compare/rfid-wristband-vs-rfid-card/,compare,RFID Wristband Vs RFID Card — Which Form Factor? | Proud Tek,60,103,3721,0,680,7,True,12,1,10,5,49,70,2,14,0,7,0,Peter Zhang,Nancy Wu,2026-06-10T18:00:00Z,21,7,6,2,1,3,Best|best,0,0,Article|BreadcrumbList|FAQPage|Organization|WebPage|WebSite
/compare/rfid-wristbands-hotels-vs-events-vs-resorts/,compare,RFID Wristbands For Hotels Vs Events Vs Resorts | Proud Tek,59,148,3926,0,671,7,True,12,1,0,1,59,66,0,4,0,10,0,Peter Zhang,Nancy Wu,2026-07-02,20,8,3,2,2,1,Best,0,0,Article|BreadcrumbList|FAQPage|Organization|WebPage|WebSite
/compare/silicone-vs-fabric-vs-woven-rfid-wristbands/,compare,Silicone vs Fabric vs Woven RFID Wristbands | Proud Tek,55,105,3948,0,580,8,True,12,1,2,4,46,98,0,7,0,7,0,Peter Zhang,Nancy Wu,2026-07-09T00:00:00Z,17,9,6,2,2,3,Best|best,0,0,Article|BreadcrumbList|FAQPage|Organization|WebPage|WebSite
/compare/ucode8-vs-ucode9-vs-monza-r6-vs-higgs9/,compare,NXP UCODE 8 vs UCODE 9 vs Impinj Monza R6 vs Alien Higgs-9 — The Complete UHF RFID Chip Comparison | Proud Tek,110,86,4053,0,667,7,True,12,3,13,30,174,14,3,12,1,4,0,Peter Zhang,Nancy Wu,2026-06-11T11:00:00Z,24,15,14,2,1,2,Best|best,0,1,Article|BreadcrumbList|FAQPage|Organization|WebPage|WebSite
/compare/uhf-vs-hf-rfid-laundry-tags/,compare,UHF vs HF RFID Laundry Tags — Frequency Decision | Proud Tek,60,116,3297,0,481,7,True,12,1,25,4,28,23,7,20,0,2,0,Peter Zhang,Nancy Wu,2026-06-10T18:00:00Z,17,10,9,2,2,4,Best,0,1,Article|BreadcrumbList|FAQPage|HowTo|Organization|WebPage|WebSite
/compare/uhf-vs-hf-rfid/,compare,UHF RFID Vs HF RFID — Frequency Comparison | Proud Tek,54,122,4300,0,738,7,True,12,1,46,13,58,21,1,21,1,1,1,Peter Zhang,Nancy Wu,2026-06-11T11:00:00Z,31,7,6,2,1,2,Best|best,0,1,Article|BreadcrumbList|FAQPage|Organization|WebPage|WebSite
/compatibility/be-tech-hotel-key-cards/,compatibility,Be-Tech Hotel Key Cards — Compatibility Guide | Proud Tek Blog,62,111,4160,0,719,8,True,12,1,7,11,58,9,1,1,0,1,0,Peter Zhang,Nancy Wu,2026-06-10T18:00:00Z,25,20,1,2,2,1,Best,0,0,Article|BreadcrumbList|FAQPage|HowTo|Organization|WebPage|WebSite
/compatibility/hafele-dialock-hotel-key-cards/,compatibility,Hafele Dialock Hotel Key Cards — Compatibility Guide | Proud Tek Blog,69,98,4223,0,676,8,True,12,1,4,7,86,10,2,17,0,0,0,Peter Zhang,Nancy Wu,2026-06-10T18:00:00Z,26,22,2,2,2,1,Best,0,0,Article|BreadcrumbList|FAQPage|Organization|WebPage|WebSite
/compatibility/,compatibility,Hotel Lock Compatibility — Vendor Key Card Guides | Proud Tek,61,190,268,0,0,0,False,41,0,0,0,2,0,0,0,0,0,0,,,,7,0,0,0,0,0,,0,0,BreadcrumbList|CollectionPage
/compatibility/miwa-hotel-key-cards/,compatibility,MIWA Hotel Key Cards — Compatibility Guide | Proud Tek Blog,59,105,4356,0,673,8,True,12,1,2,8,114,8,2,13,0,3,0,Peter Zhang,Nancy Wu,2026-06-10T18:00:00Z,26,24,2,2,2,1,Best,0,0,Article|BreadcrumbList|FAQPage|Organization|WebPage|WebSite
/compatibility/onity-hotel-key-cards/,compatibility,Onity Hotel Key Cards — Compatibility Guide | Proud Tek Blog,60,153,4958,0,757,8,True,12,2,4,7,54,11,2,14,0,3,0,Peter Zhang,Nancy Wu,2026-06-10T18:00:00Z,26,23,2,2,2,1,Best,0,0,Article|BreadcrumbList|FAQPage|Organization|WebPage|WebSite
/compatibility/saflok-hotel-key-cards/,compatibility,Saflok Hotel Key Cards — Compatibility Guide | Proud Tek Blog,61,149,4412,0,830,9,True,12,2,2,5,100,9,3,4,0,2,0,Peter Zhang,Nancy Wu,2026-06-10T18:00:00Z,26,21,3,2,2,1,Best,0,0,Article|BreadcrumbList|FAQPage|Organization|WebPage|WebSite
/compatibility/salto-hotel-key-cards/,compatibility,SALTO Hotel Key Cards — Compatibility Guide | Proud Tek Blog,60,153,4540,0,786,9,True,12,2,1,2,87,13,3,21,0,2,0,Peter Zhang,Nancy Wu,2026-06-10T18:00:00Z,26,23,2,2,2,2,Best,0,0,Article|BreadcrumbList|FAQPage|Organization|WebPage|WebSite
/compatibility/vingcard-hotel-key-cards/,compatibility,Vingcard Hotel Key Cards — Compatibility Guide | Proud Tek Blog,63,149,5386,0,883,9,True,12,2,3,3,82,14,1,21,0,6,0,Peter Zhang,Nancy Wu,2026-06-10T18:00:00Z,26,32,2,2,2,1,Best,0,0,Article|BreadcrumbList|FAQPage|Organization|WebPage|WebSite
/contact/access-control-keyfobs/,contact,Keyfob And Access Control Inquiry | Proud Tek,45,133,783,0,67,2,True,12,0,0,0,0,0,0,1,0,0,0,Peter Zhang,Nancy Wu,,17,1,0,4,2,5,Best|best,0,0,Article|BreadcrumbList|ContactPage|FAQPage|Organization|WebSite
/contact/custom-rfid-cards/,contact,Custom RFID Card Inquiry | Proud Tek,36,108,808,0,67,2,True,12,0,0,0,14,0,0,0,0,0,0,Peter Zhang,Nancy Wu,,20,1,0,4,2,4,Best|best,0,0,Article|BreadcrumbList|ContactPage|FAQPage|Organization|WebSite
/contact/event-rfid/,contact,Event RFID Project Inquiry | Proud Tek,38,124,804,0,67,2,True,12,0,0,0,0,0,0,0,0,0,0,Peter Zhang,Nancy Wu,,19,1,0,4,2,4,Best|best,0,0,Article|BreadcrumbList|ContactPage|FAQPage|Organization|WebSite
/contact/hotel-rfid/,contact,Hotel RFID Project Inquiry | Proud Tek,38,138,827,0,67,2,True,12,0,0,0,0,1,0,0,0,0,0,Peter Zhang,Nancy Wu,2026-06-10T02:42:32Z,22,1,0,4,2,4,Best|best,0,0,Article|BreadcrumbList|ContactPage|FAQPage|Organization|WebSite
/contact/,contact,Contact Proud Tek,17,88,199,0,0,0,False,0,0,0,0,0,0,0,0,0,0,0,Peter Zhang,Nancy Wu,2026-04-28,9,1,0,9,9,4,Best,0,0,Article|BreadcrumbList|ContactPage|FAQPage|Organization|WebSite
/contact/laundry-rfid/,contact,Laundry RFID Project Inquiry | Proud Tek,40,99,816,0,67,2,True,12,0,0,0,0,6,0,2,0,0,0,Nancy Wu,Peter Zhang,2026-06-10T01:00:47Z,21,1,0,4,2,4,Best|best,0,0,Article|BreadcrumbList|ContactPage|FAQPage|Organization|WebSite
/contact/nfc-branding-cards/,contact,NFC Card And Review Card Inquiry | Proud Tek,44,116,829,0,67,2,True,12,0,0,0,0,8,0,0,0,0,0,Peter Zhang,Nancy Wu,,22,1,0,4,2,4,Best|best,0,0,Article|BreadcrumbList|ContactPage|FAQPage|Organization|WebSite
/contact/rfid-labels-tags/,contact,RFID Labels And Tags Inquiry | Proud Tek,40,90,829,0,67,2,True,12,0,0,0,0,8,0,1,0,0,0,Peter Zhang,Nancy Wu,2026-06-10T01:00:47Z,22,1,0,4,2,5,Best|best,0,0,Article|BreadcrumbList|ContactPage|FAQPage|Organization|WebSite
/contact/rfid-readers/,contact,RFID Reader Project Inquiry | Proud Tek,39,124,807,0,67,2,True,12,0,0,0,0,0,0,2,0,1,0,Peter Zhang,Nancy Wu,,23,1,0,4,2,3,Best,0,0,Article|BreadcrumbList|ContactPage|FAQPage|Organization|WebSite
/contact/vehicle-rfid/,contact,Vehicle RFID Project Inquiry | Proud Tek,40,106,800,0,67,2,True,12,0,0,0,0,0,0,2,0,0,0,Peter Zhang,Nancy Wu,,19,1,0,4,2,4,Best|best,0,0,Article|BreadcrumbList|ContactPage|FAQPage|Organization|WebSite
/faq/,faq,RFID FAQ | Proud Tek,20,115,686,0,611,19,True,17,0,0,0,0,0,0,1,0,0,0,Peter Zhang,Nancy Wu,2026-06-11T11:00:00Z,0,0,0,0,0,1,best,0,0,Article|BreadcrumbList|FAQPage|Organization|WebPage|WebSite
/glossary/,glossary,RFID & NFC glossary | Proud Tek,31,147,1072,0,0,0,False,0,0,16,29,48,1,4,2,0,0,0,,,,21,0,0,1,1,1,top-tier,0,0,BreadcrumbList|DefinedTermSet|Organization|WebPage|WebSite
/guides/buying-reference/,guides,"RFID Buyer's References — Cost, Readers, Lifespan & NFC | Proud Tek",67,256,460,0,0,0,False,38,0,0,0,3,6,0,2,0,2,0,,,,5,0,0,0,0,0,,0,0,BreadcrumbList|CollectionPage
/guides/california-rfid-privacy-law/,guides,California RFID Privacy Law — Compliance Guide | Proud Tek Blog,63,144,6913,0,1175,9,True,12,0,0,1,21,0,1,2,4,11,1,Peter Zhang,Nancy Wu,2026-07-02,17,13,1,3,1,0,,0,0,Article|BreadcrumbList|FAQPage|Organization|WebPage|WebSite
/guides/chip-encyclopedias/,guides,RFID & NFC Chip Encyclopedias — Memory Maps & Costs | Proud Tek,63,233,1041,0,0,0,False,41,0,6,3,71,2,1,1,0,0,0,,,,10,0,0,0,0,1,best,0,0,BreadcrumbList|CollectionPage
/guides/compliance-regulatory/,guides,RFID Compliance & Regulatory Guides — Walmart to CE | Proud Tek,63,244,707,0,0,0,False,39,0,2,0,3,2,0,1,2,0,0,,,,8,0,0,0,0,0,,0,1,BreadcrumbList|CollectionPage
/guides/em4100-em4305-t5577-lf-chip-encyclopedia/,guides,"EM4100 / EM4305 / T5577 — LF 125 kHz Chip Technical Encyclopedia (Read-Only, Writable, Emulator) | Proud Tek Blog",113,130,5828,0,1036,7,True,9,1,48,5,191,7,12,23,0,6,0,Peter Zhang,Nancy Wu,2026-07-02,21,10,3,2,1,0,,0,0,Article|BreadcrumbList|FAQPage|Organization|WebPage|WebSite
/guides/epc-gen2-uhf-rfid/,guides,EPC Gen2 UHF RFID Protocol — Technical Guide | Proud Tek Blog,61,139,5917,0,1344,8,True,12,0,19,26,16,1,0,28,0,5,2,Peter Zhang,Nancy Wu,2026-07-02,17,8,6,2,1,1,leading,0,0,Article|BreadcrumbList|FAQPage|Organization|WebPage|WebSite
/guides/eu-digital-product-passport-2027/,guides,EU Digital Product Passport 2027 — RFID/NFC Guide | Proud Tek Blog,66,137,6422,0,1209,8,True,12,0,0,3,38,3,0,9,1,3,1,Peter Zhang,Nancy Wu,2026-07-02,18,11,10,2,1,4,best|leading,0,1,Article|BreadcrumbList|FAQPage|Organization|WebPage|WebSite
/guides/fda-rfid-pharmaceutical-tracking/,guides,FDA RFID Pharmaceutical Tracking — DSCSA Compliance | Proud Tek Blog,68,113,6284,0,633,8,True,12,0,4,4,32,7,1,10,2,5,0,Peter Zhang,Nancy Wu,2026-06-11T11:00:00Z,19,11,8,3,1,4,best,0,1,Article|BreadcrumbList|FAQPage|Organization|WebPage|WebSite
/guides/google-review-card-design-and-copy/,guides,Google Review Card Design And Copy Guide | Proud Tek Blog,57,125,7690,0,874,9,True,12,0,0,3,10,13,0,15,0,28,0,Peter Zhang,Nancy Wu,2026-07-02,16,10,5,2,2,3,best,0,0,Article|BreadcrumbList|FAQPage|Organization|WebPage|WebSite
/guides/google-review-card-placement-guide/,guides,Google Review Card Placement Guide | Proud Tek Blog,51,148,7348,0,776,9,True,12,1,7,2,10,44,4,9,0,10,0,Peter Zhang,Nancy Wu,2026-07-02,17,8,5,2,2,4,best,0,0,Article|BreadcrumbList|FAQPage|Organization|WebPage|WebSite
/guides/google-review-card-staff-prompt-playbook/,guides,Google Review Card Staff Prompt Playbook | Proud Tek Blog,57,123,8426,0,849,9,True,12,0,0,1,1,5,0,0,0,19,0,Peter Zhang,Nancy Wu,2026-07-02,16,10,3,2,2,5,Leading|best|leading,0,0,Article|BreadcrumbList|FAQPage|Organization|WebPage|WebSite
/guides/google-review-cards-for-auto-dealerships/,guides,Google Review Cards For Auto Dealerships | Proud Tek Blog,57,131,6383,0,849,9,True,12,0,0,0,0,4,0,0,1,11,0,Peter Zhang,Nancy Wu,2026-07-02,17,9,1,2,2,2,best,0,0,Article|BreadcrumbList|FAQPage|Organization|WebPage|WebSite
/guides/google-review-cards-for-dental-groups/,guides,Google Review Cards For Dental Groups | Proud Tek Blog,54,139,6666,0,865,9,True,12,0,0,0,1,1,0,0,0,17,0,Peter Zhang,Nancy Wu,2026-07-02,16,10,2,2,2,1,best,0,0,Article|BreadcrumbList|FAQPage|Organization|WebPage|WebSite
/guides/google-review-cards-for-fitness-franchises/,guides,Google Review Cards For Fitness Franchises | Proud Tek Blog,59,99,6589,0,830,9,True,12,0,0,1,1,9,0,2,4,15,0,Peter Zhang,Nancy Wu,2026-06-02T04:46:09Z,17,10,3,2,2,2,best,0,0,Article|BreadcrumbList|FAQPage|Organization|WebPage|WebSite
/guides/google-review-cards-for-hotel-groups/,guides,Google Review Cards For Hotel Groups | Proud Tek Blog,53,140,6728,0,836,9,True,12,0,0,1,1,6,0,1,1,14,0,Peter Zhang,Nancy Wu,2026-07-02,16,10,3,2,2,3,best|top-tier,0,0,Article|BreadcrumbList|FAQPage|Organization|WebPage|WebSite
/guides/google-review-cards-for-multi-location-brands/,guides,Google Review Cards For Multi-Location Brands | Proud Tek Blog,62,144,8049,0,915,9,True,12,1,0,0,0,6,0,0,5,21,0,Peter Zhang,Nancy Wu,2026-07-02,16,7,0,2,2,5,Best|best,0,0,Article|BreadcrumbList|FAQPage|Organization|WebPage|WebSite
/guides/google-review-cards-for-restaurant-franchises/,guides,Google Review Cards For Restaurant Franchises | Proud Tek Blog,62,143,6465,0,786,9,True,12,0,0,1,0,1,0,0,1,22,0,Peter Zhang,Nancy Wu,2026-07-02,16,8,2,2,2,5,Best|best,0,0,Article|BreadcrumbList|FAQPage|Organization|WebPage|WebSite
/guides/google-review-cards-for-salon-chains/,guides,Google Review Cards For Salon Chains | Proud Tek Blog,53,135,6479,0,818,9,True,12,0,0,0,1,26,0,4,1,9,0,Peter Zhang,Nancy Wu,2026-07-02,16,8,2,2,2,1,best,0,0,Article|BreadcrumbList|FAQPage|Organization|WebPage|WebSite
/guides/google-review-cards/,guides,Google Review NFC Cards — Design & Placement Guides | Proud Tek,63,225,893,0,0,0,False,33,0,0,0,0,0,0,1,0,0,0,,,,11,0,0,0,0,3,best,0,0,BreadcrumbList|CollectionPage
/guides/google-review-nfc-card-setup/,guides,Google Review NFC Card Setup Guide | Proud Tek Blog,51,138,7154,0,1654,9,True,12,0,0,0,14,2,1,8,4,28,0,Peter Zhang,Nancy Wu,2026-07-02,18,12,2,2,2,2,Best|leading,0,0,Article|BreadcrumbList|FAQPage|Organization|WebPage|WebSite
/guides/gs1-epc-encoding-guide/,guides,GS1 EPC Encoding Guide — SGTIN-96 and SSCC-96 | Proud Tek Blog,62,135,7603,0,1114,8,True,12,0,0,5,7,3,0,8,0,7,0,Peter Zhang,Nancy Wu,2026-07-02,17,8,8,3,1,2,Best|best,0,0,Article|BreadcrumbList|FAQPage|HowTo|Organization|WebPage|WebSite
/guides/hotel-key-card-artwork-and-printing-checklist/,guides,Hotel Key Card Artwork And Printing Checklist | Proud Tek Blog,62,134,6628,0,1244,9,True,12,0,0,2,3,41,0,13,3,9,0,Peter Zhang,Nancy Wu,2026-07-09,19,10,5,2,2,1,leading,0,0,Article|BreadcrumbList|FAQPage|HowTo|Organization|WebPage|WebSite
/guides/hotel-key-card-encoding/,guides,Hotel Key Card Encoding Guide | Proud Tek Blog,46,144,6769,0,1308,9,True,12,1,2,1,82,5,0,4,1,13,0,Peter Zhang,Nancy Wu,2026-07-10,20,11,3,2,2,2,Best|best,0,0,Article|BreadcrumbList|FAQPage|HowTo|Organization|WebPage|WebSite
/guides/hotel-key-card-material-selection/,guides,Hotel Key Card Material Selection Guide | Proud Tek Blog,56,144,6479,0,1228,9,True,12,1,0,4,5,194,1,20,0,15,0,Peter Zhang,Nancy Wu,2026-07-02,18,11,4,2,2,4,Best|best,0,0,Article|BreadcrumbList|FAQPage|Organization|WebPage|WebSite
/guides/hotel-key-card-sample-planning/,guides,Hotel Key Card Sample Planning Guide | Proud Tek Blog,53,128,6668,0,1164,9,True,12,1,2,3,16,38,0,29,0,8,0,Peter Zhang,Nancy Wu,2026-07-02,18,13,4,2,2,3,best|leading,0,0,Article|BreadcrumbList|FAQPage|Organization|WebPage|WebSite
/guides/hotel-keycards/,guides,Hotel Keycard Buyer's Guides — Artwork to Samples | Proud Tek,61,220,353,0,0,0,False,31,0,0,0,2,7,0,0,0,0,0,,,,4,0,0,0,0,0,,0,0,BreadcrumbList|CollectionPage
/guides/icode-slix-chip-encyclopedia/,guides,"ICODE SLIX / SLIX2 — HF ISO 15693 Chip Technical Encyclopedia (Memory, EAS, Library Deployment) | Proud Tek Blog",112,127,5733,0,583,7,True,10,1,15,19,98,24,10,21,0,3,0,Nancy Wu,Peter Zhang,2026-07-11,22,11,9,2,1,0,,0,0,Article|BreadcrumbList|FAQPage|HowTo|Organization|WebPage|WebSite
/guides/,guides,RFID & NFC Buying Guides — 51 Operational Playbooks | Proud Tek,63,209,4361,0,0,0,False,22,0,12,14,82,17,1,10,2,1,2,,,,51,0,0,0,0,4,best,0,1,BreadcrumbList|CollectionPage
/guides/integration-tools/,guides,"RFID Integration & Tooling Guides — SDKs, ERP, NFC | Proud Tek",62,215,633,0,0,0,False,35,0,0,0,2,0,0,4,0,0,1,,,,7,0,0,0,0,0,,0,0,BreadcrumbList|CollectionPage
/guides/iso-14443-explained/,guides,ISO/IEC 14443 Explained — HF Proximity Protocol | Proud Tek Blog,64,124,7045,0,831,7,True,12,0,20,51,119,3,3,11,1,4,2,Peter Zhang,Nancy Wu,2026-07-02,20,6,6,3,1,1,best,0,0,Article|BreadcrumbList|FAQPage|Organization|WebPage|WebSite
/guides/iso-18000-6c-uhf-rfid-standard/,guides,ISO 18000-6C / ISO 18000-63 UHF RFID Buyer's Guide | Proud Tek Blog,67,129,6767,0,1011,8,True,12,0,28,35,20,23,5,39,3,7,1,Peter Zhang,Nancy Wu,2026-07-02,18,8,6,3,1,0,,0,3,Article|BreadcrumbList|FAQPage|Organization|WebPage|WebSite
/guides/item-level-rfid-tagging-mandate/,guides,Item-Level RFID Tagging for Retail — Supplier Guide | Proud Tek Blog,68,127,6363,0,848,9,True,12,0,5,4,10,25,3,21,3,4,2,Peter Zhang,Nancy Wu,2026-06-11T11:00:00Z,19,10,6,3,1,1,best,0,3,Article|BreadcrumbList|FAQPage|Organization|WebPage|WebSite
/guides/mifare-classic-1k-4k-chip-encyclopedia/,guides,MIFARE Classic 1K / 4K — HF Chip Encyclopedia | Proud Tek Blog,62,135,5893,0,572,7,True,12,1,8,7,76,18,3,17,0,8,0,Peter Zhang,Nancy Wu,2026-07-11,22,8,5,2,1,0,,0,0,Article|BreadcrumbList|FAQPage|Organization|WebPage|WebSite
/guides/mifare-desfire-ev3-commands-reference/,guides,MIFARE DESFire EV3 — Command Set Reference | Proud Tek Blog,59,147,5824,0,601,7,True,12,1,4,14,128,6,1,15,1,5,0,Peter Zhang,Nancy Wu,2026-06-10T18:00:00Z,20,9,8,2,1,1,best,0,0,Article|BreadcrumbList|FAQPage|Organization|WebPage|WebSite
/guides/mifare-ultralight-c-chip-encyclopedia/,guides,MIFARE Ultralight C — HF Chip Encyclopedia | Proud Tek Blog,59,143,6318,0,1040,7,True,12,1,5,7,72,23,1,14,2,14,0,Peter Zhang,Nancy Wu,2026-07-02,19,9,6,2,1,0,,0,0,Article|BreadcrumbList|FAQPage|HowTo|Organization|WebPage|WebSite
/guides/monza-r6-family-chip-encyclopedia/,guides,"Impinj Monza R6 Family — UHF Chip Technical Encyclopedia (R6, R6-P, R6-A, M730, M750, M775, M800) | Proud Tek Blog",114,126,6432,0,1230,7,True,11,1,9,11,116,10,5,30,0,7,3,Peter Zhang,Nancy Wu,2026-05-10,20,12,11,2,1,3,best|superior,0,0,Article|BreadcrumbList|FAQPage|Organization|WebPage|WebSite
/guides/nfc-business-card-iphone-android-compatibility/,guides,NFC Business Card iPhone And Android Compatibility | Proud Tek Blog,67,98,7452,0,1169,9,True,12,1,1,2,13,27,9,18,0,12,0,Peter Zhang,Nancy Wu,2026-06-10T18:00:00Z,16,11,3,2,2,3,best,0,0,Article|BreadcrumbList|FAQPage|Organization|WebPage|WebSite
/guides/nfc-ndef-format-explained/,guides,NFC NDEF Format Explained — Records and Encoding | Proud Tek Blog,65,112,6457,0,1077,8,True,12,0,2,7,69,0,0,9,0,8,0,Peter Zhang,Nancy Wu,2026-07-02,17,7,5,3,1,1,leading,0,0,Article|BreadcrumbList|FAQPage|HowTo|Organization|WebPage|WebSite
/guides/nfc-rohs-reach-compliance/,guides,NFC and RFID RoHS & REACH Compliance Guide | Proud Tek Blog,59,87,6082,0,1011,8,True,12,0,0,2,4,62,0,14,4,4,0,Peter Zhang,Nancy Wu,2026-06-10T18:00:00Z,17,13,10,3,1,0,,0,1,Article|BreadcrumbList|FAQPage|HowTo|Organization|WebPage|WebSite
/guides/nfc-tag-programming-android-guide/,guides,NFC Tag Programming on Android — Developer Guide | Proud Tek Blog,65,141,6113,0,934,8,True,12,0,1,4,140,0,3,3,0,6,3,Peter Zhang,Nancy Wu,2026-07-02,19,10,4,3,1,1,best,0,0,Article|BreadcrumbList|FAQPage|HowTo|Organization|WebPage|WebSite
/guides/nfc-tag-programming-iphone/,guides,Programming NFC Tags with iPhone — Core NFC Guide | Proud Tek Blog,66,135,6392,0,956,8,True,12,0,1,7,85,4,1,9,0,12,3,Peter Zhang,Nancy Wu,2026-07-02,19,10,3,3,1,2,Best|seamlessly,0,0,Article|BreadcrumbList|FAQPage|HowTo|Organization|WebPage|WebSite
/guides/ntag21x-family-memory-map-commands/,guides,NTAG21x Family — Memory Map and Commands | Proud Tek Blog,57,107,6322,0,604,7,True,12,1,5,11,161,7,0,5,0,8,0,Peter Zhang,Nancy Wu,2026-06-11T10:00:00Z,23,11,8,2,1,0,,0,1,Article|BreadcrumbList|FAQPage|HowTo|Organization|WebPage|WebSite
/guides/ntag424-dna-sun-cmac-authentication/,guides,NTAG424 DNA SUN + CMAC Authentication | Proud Tek Blog,54,148,6709,0,494,7,True,12,1,4,18,112,2,2,6,0,9,1,Peter Zhang,Nancy Wu,2026-07-02,21,9,7,2,1,1,best,0,0,Article|BreadcrumbList|FAQPage|Organization|WebPage|WebSite
/guides/python-rfid-reader-library/,guides,Python RFID Reader Library Guide | Proud Tek Blog,49,143,5909,0,767,7,True,12,0,12,9,93,2,1,28,0,5,2,Peter Zhang,Nancy Wu,2026-07-02,18,11,5,3,1,4,best|premier,0,0,Article|BreadcrumbList|FAQPage|Organization|WebPage|WebSite
/guides/rain-rfid-explained/,guides,RAIN RFID Explained — The Brand Behind UHF RFID | Proud Tek Blog,64,127,7719,0,1352,8,True,12,0,18,27,37,6,4,31,2,4,0,Peter Zhang,Nancy Wu,2026-07-02,18,10,7,2,1,4,Leading|best,0,0,Article|BreadcrumbList|FAQPage|Organization|WebPage|WebSite
/guides/rfid-card-cost/,guides,"RFID Card Cost Guide — Chip, Material and Volume Price Breakdown | Proud Tek Blog",81,137,3414,0,500,5,True,6,0,2,0,56,40,0,4,0,1,0,Peter Zhang,Nancy Wu,2026-07-02,27,1,0,3,2,0,,0,0,Article|BreadcrumbList|FAQPage|Organization|WebPage|WebSite
/guides/rfid-ce-marking-europe/,guides,RFID CE Marking in Europe — Compliance Guide | Proud Tek Blog,61,121,7220,0,1002,7,True,12,0,41,9,0,0,2,24,0,5,1,Peter Zhang,Nancy Wu,2026-07-02,17,13,9,3,1,0,,0,0,Article|BreadcrumbList|FAQPage|Organization|WebPage|WebSite
/guides/rfid-food-safety-traceability/,guides,RFID for Food Safety & FSMA 204 Traceability | Proud Tek Blog,61,128,6333,0,986,8,True,12,0,0,2,0,8,0,6,7,4,1,Peter Zhang,Nancy Wu,2026-07-02,18,9,6,3,1,0,,0,5,Article|BreadcrumbList|FAQPage|Organization|WebPage|WebSite
/guides/rfid-oracle-netsuite-integration/,guides,RFID Integration with Oracle NetSuite — ERP Guide | Proud Tek Blog,66,125,6293,0,875,8,True,12,0,2,1,0,1,0,14,0,3,1,Peter Zhang,Nancy Wu,2026-06-11T10:00:00Z,17,8,3,3,1,0,,0,0,Article|BreadcrumbList|FAQPage|HowTo|Organization|WebPage|WebSite
/guides/rfid-reader-writer-selection/,guides,How To Choose RFID Readers And Writers | Proud Tek Blog,55,146,6851,0,822,8,True,12,0,14,17,19,9,4,43,1,18,0,Peter Zhang,Nancy Wu,2026-07-02,24,8,1,2,2,2,best|leading,0,0,Article|BreadcrumbList|FAQPage|HowTo|Organization|WebPage|WebSite
/guides/rfid-sap-wms-integration/,guides,RFID Integration with SAP WMS and S/4HANA EWM | Proud Tek Blog,62,142,6011,0,1046,8,True,12,0,2,1,2,2,0,4,0,1,3,Peter Zhang,Nancy Wu,2026-07-02,17,8,4,3,1,3,best,0,0,Article|BreadcrumbList|FAQPage|Organization|WebPage|WebSite
/guides/rfid-shopify-inventory-integration/,guides,RFID Integration with Shopify — Inventory Sync | Proud Tek Blog,63,149,6419,0,1029,9,True,12,0,2,1,3,0,0,6,0,8,1,Peter Zhang,Nancy Wu,2026-07-02,17,11,4,3,1,0,,0,0,Article|BreadcrumbList|FAQPage|Organization|WebPage|WebSite
/guides/rfid-tag-card-wristband-lifespan/,guides,"How Long RFID Tags, Cards And Wristbands Last | Proud Tek Blog",62,133,7567,0,987,9,True,12,1,0,9,29,81,2,51,4,3,0,Nancy Wu,Peter Zhang,2026-07-11,21,11,8,3,1,2,best,0,0,Article|BreadcrumbList|FAQPage|Organization|WebPage|WebSite
/guides/rfid-wristband-cost/,guides,"RFID Wristband Cost Guide — Material, Chip and Volume Price Breakdown | Proud Tek Blog",86,138,2731,0,492,5,True,6,0,0,0,36,37,0,2,0,3,0,Peter Zhang,Nancy Wu,2026-07-02,21,2,0,3,2,0,,0,0,Article|BreadcrumbList|FAQPage|Organization|WebPage|WebSite
/guides/standards-encoding/,guides,RFID Standards & Encoding Guides — EPC Gen2 to NDEF | Proud Tek,63,221,539,0,0,0,False,37,0,4,13,7,0,0,1,0,0,1,,,,6,0,0,0,0,0,,0,0,BreadcrumbList|CollectionPage
/guides/ucode-8-uhf-chip-encyclopedia/,guides,"NXP UCODE 8 — UHF Chip Technical Encyclopedia (Memory, Commands, Cost Profile, Deployment) | Proud Tek Blog",107,100,6637,0,1143,7,True,9,1,14,14,236,13,7,29,2,4,0,Peter Zhang,Nancy Wu,2026-06-11T10:00:00Z,20,10,9,2,1,4,best,0,0,Article|BreadcrumbList|FAQPage|Organization|WebPage|WebSite
/guides/ucode-9-uhf-chip-encyclopedia/,guides,"NXP UCODE 9 — UHF Chip Technical Encyclopedia (Memory, Commands, Sensitivity, Deployment) | Proud Tek Blog",106,136,6278,0,1118,7,True,8,1,19,19,189,22,8,42,3,4,0,Peter Zhang,Nancy Wu,2026-06-11T10:00:00Z,20,9,8,2,1,8,best,0,2,Article|BreadcrumbList|FAQPage|Organization|WebPage|WebSite
/guides/uhf-rfid-reader-api-guide/,guides,UHF RFID Reader API Guide — LLRP and Vendor SDKs | Proud Tek Blog,65,131,6089,0,871,7,True,12,0,2,4,5,4,0,44,1,6,2,Peter Zhang,Nancy Wu,2026-07-02,18,11,7,3,1,0,,0,0,Article|BreadcrumbList|FAQPage|Organization|WebPage|WebSite
/guides/walmart-rfid-tagging-mandate/,guides,Walmart RFID Tagging Mandate 2026 — Supplier Guide | Proud Tek Blog,67,150,6925,0,685,8,True,12,0,2,2,12,19,2,14,2,5,2,Peter Zhang,Nancy Wu,2026-07-10,22,11,6,3,1,4,best,0,4,Article|BreadcrumbList|FAQPage|HowTo|Organization|WebPage|WebSite
/,home,Custom RFID & NFC Manufacturer in China since 2008 | Proud Tek,62,149,1446,0,0,0,False,11,0,3,0,17,1,0,3,2,0,0,Peter Zhang,Nancy Wu,2026-06-10T18:00:00Z,52,0,0,8,3,8,BEST|Unmatched|cutting-edge|premier|seamless|state-of-the-art|superior,6,0,Article|FAQPage|Organization|VideoObject|WebPage|WebSite
/industries/aerospace-aviation-mro/,industries,RFID for Aerospace & MRO — ATA Spec 2000 | Proud Tek Blog,57,133,3020,0,636,5,True,12,0,1,0,34,32,1,3,0,0,2,Peter Zhang,Nancy Wu,2026-06-10T18:00:00Z,24,10,1,2,1,3,best,0,0,Article|BreadcrumbList|FAQPage|HowTo|Organization|WebPage|WebSite
/industries/agriculture/,industries,RFID for Agriculture — ISO 11784/11785 Livestock | Proud Tek Blog,65,117,3393,0,780,5,True,12,0,11,3,1,11,1,1,0,0,1,Peter Zhang,Nancy Wu,2026-06-10T18:00:00Z,26,10,6,2,1,0,,0,0,Article|BreadcrumbList|FAQPage|HowTo|Organization|WebPage|WebSite
/industries/automotive-tire-oem/,industries,RFID for Automotive & Tire OEM — UHF Tire Labels | Proud Tek Blog,65,151,3020,0,613,5,True,12,0,1,1,15,8,0,4,5,1,1,Peter Zhang,Nancy Wu,2026-06-10T18:00:00Z,26,10,3,2,1,0,,0,6,Article|BreadcrumbList|FAQPage|HowTo|Organization|WebPage|WebSite
/industries/brand-protection/,industries,Brand Protection NFC — Anti-Counterfeit Tags | Proud Tek Blog,61,152,3261,0,840,10,True,12,1,1,10,57,0,0,5,1,4,2,Peter Zhang,Nancy Wu,2026-06-11T11:00:00Z,31,10,6,2,1,1,best,0,0,Article|BreadcrumbList|FAQPage|HowTo|Organization|WebPage|WebSite
/industries/cold-chain-food-traceability/,industries,RFID for Cold Chain & Food Traceability — FSMA 204 | Proud Tek Blog,67,154,3634,0,706,5,True,12,0,0,2,26,5,0,2,0,1,2,Peter Zhang,Nancy Wu,2026-06-10T18:00:00Z,25,10,6,2,1,0,,0,0,Article|BreadcrumbList|FAQPage|HowTo|Organization|WebPage|WebSite
/industries/data-center-it-asset-tracking/,industries,RFID for Data Center IT Assets — On-Metal UHF | Proud Tek Blog,62,105,3184,0,695,5,True,12,0,0,9,26,32,3,4,0,0,1,Peter Zhang,Nancy Wu,2026-06-10T18:00:00Z,24,10,2,2,1,0,,0,0,Article|BreadcrumbList|FAQPage|HowTo|Organization|WebPage|WebSite
/industries/education/,industries,RFID for Education — Student IDs & Attendance | Proud Tek Blog,62,131,3329,0,925,10,True,12,1,11,9,57,2,1,6,0,2,4,Peter Zhang,Nancy Wu,2026-06-10T18:00:00Z,30,10,7,2,1,2,best,0,0,Article|BreadcrumbList|FAQPage|HowTo|Organization|WebPage|WebSite
/industries/eu-compliance/,industries,"RFID for EU Compliance — ESPR, DPP & EUDR | Proud Tek Blog",58,122,3330,0,843,5,True,12,0,0,10,23,5,0,2,0,4,0,Peter Zhang,Nancy Wu,2026-06-11T11:00:00Z,25,10,9,2,1,0,,0,0,Article|BreadcrumbList|FAQPage|HowTo|Organization|WebPage|WebSite
/industries/events-venues/,industries,RFID for Events & Venues — Wristbands & Cashless | Proud Tek Blog,65,146,3335,0,794,5,True,12,0,1,1,40,29,0,2,0,1,1,Peter Zhang,Nancy Wu,2026-06-11T11:00:00Z,34,10,2,2,1,0,,0,0,Article|BreadcrumbList|FAQPage|HowTo|Organization|WebPage|WebSite
/industries/fitness/,industries,RFID for Fitness — 24/7 Gym Member Access | Proud Tek Blog,58,141,2935,0,774,5,True,12,0,3,2,39,18,0,3,0,0,0,Peter Zhang,Nancy Wu,2026-06-10T18:00:00Z,28,10,5,2,1,0,,0,0,Article|BreadcrumbList|FAQPage|HowTo|Organization|WebPage|WebSite
/industries/government-defense-supply-chain/,industries,RFID for Defense Supply Chains — MIL-STD-129R | Proud Tek Blog,62,152,2982,0,627,5,True,12,0,0,0,22,18,0,3,0,0,2,Peter Zhang,Nancy Wu,2026-06-10T18:00:00Z,26,10,1,2,1,1,best,0,5,Article|BreadcrumbList|FAQPage|HowTo|Organization|WebPage|WebSite
/industries/healthcare/,industries,RFID for Healthcare — Patient ID & Instruments | Proud Tek Blog,63,151,2924,0,830,10,True,12,1,2,5,10,10,0,3,0,3,7,Peter Zhang,Nancy Wu,2026-07-11T11:00:00Z,32,10,5,2,1,1,leading,0,0,Article|BreadcrumbList|FAQPage|HowTo|Organization|WebPage|WebSite
/industries/hospitality/,industries,RFID for Hospitality — Key Cards & Linen Tags | Proud Tek Blog,62,153,4086,0,833,10,True,12,2,4,12,100,24,1,5,0,3,3,Nancy Wu,Peter Zhang,2026-08-30,40,10,3,2,1,3,Best|Leading|best,0,0,Article|BreadcrumbList|FAQPage|HowTo|Organization|WebPage|WebSite
/industries/,industries,Complete guide to RFID & NFC by industry — a buyer's hub for 21 verticals | Proud Tek Blog,90,143,5108,0,1177,11,True,12,1,15,21,54,24,4,3,1,2,1,Peter Zhang,Nancy Wu,2026-07-11,105,15,12,2,1,0,,0,0,Article|BreadcrumbList|CollectionPage|FAQPage|ItemList|Organization|WebSite
/industries/industrial/,industries,RFID for Industrial Manufacturing — MES Integration | Proud Tek Blog,68,148,3088,0,733,5,True,12,0,2,7,0,35,1,5,0,0,1,Peter Zhang,Nancy Wu,2026-06-10T18:00:00Z,25,10,6,2,1,0,,0,0,Article|BreadcrumbList|FAQPage|HowTo|Organization|WebPage|WebSite
/industries/laundry-services/,industries,"RFID for Laundry Services — Operators, Segments & Solutions Map | Proud Tek Blog",80,139,1991,0,461,4,True,12,0,1,2,0,18,0,4,2,0,0,Nancy Wu,Peter Zhang,2026-07-11,27,6,2,2,1,0,,0,0,Article|BreadcrumbList|FAQPage|Organization|WebPage|WebSite
/industries/libraries/,industries,RFID for Libraries — ISO 28560 Self-Service | Proud Tek Blog,60,152,3237,0,787,5,True,12,0,4,14,20,6,2,1,0,3,0,Peter Zhang,Nancy Wu,2026-06-10T18:00:00Z,20,10,7,2,1,0,,0,0,Article|BreadcrumbList|FAQPage|HowTo|Organization|WebPage|WebSite
/industries/logistics/,industries,"RFID for Logistics — Portals, Seals & RTI | Proud Tek Blog",58,144,3139,0,576,5,True,12,0,2,11,1,9,0,1,1,0,1,Peter Zhang,Nancy Wu,2026-06-11T11:00:00Z,32,10,5,2,1,0,,0,9,Article|BreadcrumbList|FAQPage|HowTo|Organization|WebPage|WebSite
/industries/luxury-brands/,industries,Luxury Brand NFC — Tap-to-Verify & DPP | Proud Tek Blog,55,103,2993,0,902,10,True,12,1,1,5,31,1,0,4,0,6,2,Peter Zhang,Nancy Wu,2026-06-11T11:00:00Z,31,10,7,2,1,0,,0,0,Article|BreadcrumbList|FAQPage|HowTo|Organization|WebPage|WebSite
/industries/pharmaceutical/,industries,Pharmaceutical RFID — DSCSA + EU FMD + GS1 SGTIN-198 + Cold Chain + NTAG 424 DNA | Proud Tek Blog,97,147,3482,0,863,5,True,14,0,0,1,43,1,0,2,0,0,1,Peter Zhang,Nancy Wu,2026-06-11T11:00:00Z,29,10,7,2,1,0,,0,0,Article|BreadcrumbList|FAQPage|HowTo|Organization|WebPage|WebSite
/industries/retail-apparel/,industries,RFID for Retail & Apparel — Walmart-Mandate Ready | Proud Tek Blog,66,153,3071,0,637,5,True,12,0,2,3,10,4,1,2,0,0,2,Peter Zhang,Nancy Wu,2026-06-11T11:00:00Z,34,10,5,2,1,1,best,0,2,Article|BreadcrumbList|FAQPage|HowTo|Organization|WebPage|WebSite
/industries/water-parks/,industries,"RFID Wristbands for Water Parks — Cashless, Lockers & Gate Access | Proud Tek Blog",82,154,1212,0,216,4,True,12,0,0,0,5,4,0,1,0,3,1,Peter Zhang,Nancy Wu,2026-08-30,13,0,0,2,1,0,,0,0,Article|BreadcrumbList|FAQPage|Organization|WebPage|WebSite
/lp/bulk-rfid-cards/,lp,"Bulk RFID Cards — Volume Pricing, 1K to 1M+ | Proud Tek",55,134,2921,0,446,6,True,12,1,4,4,38,8,0,4,0,4,0,Peter Zhang,Nancy Wu,2026-07-13,28,4,3,4,2,2,Best|best,0,0,Article|BreadcrumbList|FAQPage|Organization|WebPage|WebSite
/lp/custom-rfid-card-printing/,lp,Custom RFID Card Printing — Full-Color Branding | Proud Tek,59,141,2642,0,426,5,True,12,2,2,10,10,13,1,0,0,2,0,Peter Zhang,Nancy Wu,2026-07-13,23,4,4,2,1,0,,0,0,Article|BreadcrumbList|FAQPage|Organization|WebPage|WebSite
/lp/,lp,Campaign Landing Pages — Manufacturer-Direct RFID | Proud Tek,61,141,814,0,153,3,True,12,0,0,0,0,0,0,0,0,0,0,Peter Zhang,Nancy Wu,2026-06-10T18:00:00Z,19,0,0,2,1,0,,0,0,Article|BreadcrumbList|FAQPage|Organization|WebPage|WebSite
/lp/nfc-tag-manufacturer-china/,lp,NFC Tag Manufacturer in China — Stickers & Inlays | Proud Tek,61,134,2784,0,460,6,True,12,1,6,10,49,25,0,11,0,3,1,Peter Zhang,Nancy Wu,2026-07-13,25,6,4,4,2,1,Best,0,0,Article|BreadcrumbList|FAQPage|Organization|WebPage|WebSite
/lp/rfid-card-encoding-service/,lp,"RFID Card Encoding Service — MIFARE, DESFire, NDEF & EPC Pre-Encoded | Proud Tek",80,112,2954,0,482,5,True,12,1,1,2,64,1,0,6,0,0,0,Peter Zhang,Nancy Wu,2026-07-13,22,4,4,3,2,0,,0,0,Article|BreadcrumbList|FAQPage|Organization|WebPage|WebSite
/lp/rfid-card-manufacturer-china/,lp,RFID Card Manufacturer in China — Factory-Direct | Proud Tek,60,151,2670,0,391,5,True,12,1,12,12,27,55,0,4,0,1,0,Peter Zhang,Nancy Wu,2026-07-13,28,4,4,2,1,1,best,0,0,Article|BreadcrumbList|FAQPage|Organization|WebPage|WebSite
/lp/rfid-label-manufacturer/,lp,RFID Label Manufacturer — Custom UHF & HF Labels | Proud Tek,60,119,2629,0,460,6,True,12,1,7,8,22,20,0,4,1,2,0,Nancy Wu,Peter Zhang,2026-07-13,25,5,5,4,2,0,,0,0,Article|BreadcrumbList|FAQPage|Organization|WebPage|WebSite
/lp/rfid-manufacturer-shenzhen/,lp,RFID Manufacturer in Shenzhen — Factory-Direct | Proud Tek,58,115,2809,0,510,5,True,12,1,6,7,32,14,0,12,0,1,0,Peter Zhang,Nancy Wu,2026-07-13,30,7,5,5,2,2,Best|best,0,0,Article|BreadcrumbList|FAQPage|Organization|WebPage|WebSite
/lp/rfid-smart-card-manufacturer/,lp,RFID Smart Card Manufacturer — Secure Contactless | Proud Tek,61,147,2804,0,412,6,True,12,1,2,23,91,0,0,6,0,0,1,Peter Zhang,Nancy Wu,2026-07-13,27,5,5,4,2,1,Best,0,0,Article|BreadcrumbList|FAQPage|Organization|WebPage|WebSite
/lp/rfid-tag-factory/,lp,"UHF RFID Tag Manufacturer — RAIN RFID Tags for Retail, Logistics & Industry | Proud Tek",87,102,1028,0,164,3,True,8,0,3,2,5,17,6,2,0,0,1,Peter Zhang,Nancy Wu,,11,0,0,2,1,0,,0,0,Article|BreadcrumbList|FAQPage|Organization|WebPage|WebSite
/lp/rfid-tag-wholesale/,lp,RFID Tag Wholesale — Distributor Volume Pricing | Proud Tek,59,125,1983,0,323,6,True,12,0,1,0,4,10,0,0,0,2,1,Peter Zhang,Nancy Wu,2026-06-11T11:00:00Z,18,0,0,2,1,3,best,0,0,Article|BreadcrumbList|FAQPage|Organization|WebPage|WebSite
/lp/rfid-wristband-manufacturer/,lp,"RFID Wristband Manufacturer — Silicone, Woven, Tyvek & UHF Bands | Proud Tek",76,153,3114,0,518,6,True,12,1,10,7,49,58,0,10,0,2,0,Peter Zhang,Nancy Wu,2026-07-13,29,5,5,6,2,1,Best,0,0,Article|BreadcrumbList|FAQPage|Organization|WebPage|WebSite
/markets/africa/,markets,RFID Manufacturer for Africa — Band-Correct by Country | Proud Tek,66,145,3127,0,514,7,True,12,3,57,7,11,1,0,5,0,5,2,Peter Zhang,Nancy Wu,2026-07-12,22,7,3,2,1,0,,0,0,Article|BreadcrumbList|FAQPage|Organization|WebPage|WebSite
/markets/australia/,markets,RFID Access Control Cards for Australia | Proud Tek,51,98,2269,0,382,6,True,12,3,45,3,16,0,0,10,0,1,2,Peter Zhang,Nancy Wu,2026-07-12,11,6,3,2,1,0,,0,0,Article|BreadcrumbList|FAQPage|Organization|WebPage|WebSite
/markets/brazil/,markets,RFID Manufacturer for Brazil — Factory-Direct China | Proud Tek,63,91,3426,0,540,6,True,12,3,59,6,4,1,0,12,0,5,2,Peter Zhang,Nancy Wu,2026-07-12,21,7,2,2,1,0,,0,0,Article|BreadcrumbList|FAQPage|Organization|WebPage|WebSite
/markets/dubai-uae/,markets,RFID Supplier for Dubai & the UAE — Factory-Direct China | Proud Tek,68,94,3061,0,476,6,True,12,3,68,4,15,2,0,24,0,2,2,Peter Zhang,Nancy Wu,2026-07-12,20,7,2,2,1,0,,0,0,Article|BreadcrumbList|FAQPage|Organization|WebPage|WebSite
/markets/germany/,markets,RFID & NFC Manufacturer for Germany — Factory-Direct | Proud Tek,64,150,3647,0,566,8,True,12,4,29,5,12,5,0,19,1,2,2,Peter Zhang,Nancy Wu,2026-07-11T10:00:00Z,24,12,11,2,1,1,best,0,0,Article|BreadcrumbList|FAQPage|Organization|WebPage|WebSite
/markets/,markets,Proud Tek Markets: Country and Regional Buyer Pages,51,117,926,0,191,4,True,12,0,3,0,1,0,0,0,0,4,1,Peter Zhang,Nancy Wu,2026-04-28,22,0,0,3,1,0,,0,0,Article|BreadcrumbList|FAQPage|Organization|WebPage|WebSite
/markets/india/,markets,RFID Manufacturer for India — Factory-Direct China | Proud Tek,62,153,3513,0,549,6,True,12,3,57,13,30,3,0,16,0,1,2,Peter Zhang,Nancy Wu,2026-07-12,25,8,2,2,1,0,,0,0,Article|BreadcrumbList|FAQPage|Organization|WebPage|WebSite
/markets/japan/,markets,"NFC Supplier for Japan — Tags, Cards & Inlays | Proud Tek",57,107,3100,0,510,6,True,12,3,53,9,31,2,0,4,0,3,2,Peter Zhang,Nancy Wu,2026-07-12,23,7,2,2,1,0,,0,0,Article|BreadcrumbList|FAQPage|Organization|WebPage|WebSite
/markets/south-africa/,markets,RFID Card & UHF Tag Supplier for South Africa | Proud Tek,57,149,2813,0,551,6,True,12,3,50,5,23,0,1,17,0,3,1,Peter Zhang,Nancy Wu,2026-07-12,15,6,2,2,1,0,,0,0,Article|BreadcrumbList|FAQPage|Organization|WebPage|WebSite
/markets/uk/,markets,RFID Manufacturer for the UK — Factory-Direct China | Proud Tek,63,151,3919,0,638,8,True,12,5,39,2,13,10,0,11,0,3,1,Peter Zhang,Nancy Wu,2026-07-11T10:00:00Z,25,8,1,2,1,1,best,0,0,Article|BreadcrumbList|FAQPage|Organization|WebPage|WebSite
/markets/usa/,markets,RFID Manufacturer for USA — Factory-Direct China | Proud Tek,60,148,3067,0,470,7,True,12,3,27,7,7,3,0,11,0,7,1,Peter Zhang,Nancy Wu,2026-07-11T10:00:00Z,22,7,2,2,1,0,,0,0,Article|BreadcrumbList|FAQPage|Organization|WebPage|WebSite
/products/all/,products,Products | Proud Tek,20,128,7563,0,0,0,True,0,0,51,39,121,92,15,27,0,0,4,Peter Zhang,Nancy Wu,2026-04-28,406,0,0,1,1,3,seamless,0,3,Article|BreadcrumbList|CollectionPage|FAQPage|Organization|WebSite
/products/nfc-ring/,products,NFC Rings — NTAG213 Wearable Smart Rings | Proud Tek,52,153,1067,0,175,4,True,12,1,1,7,15,6,0,2,0,3,0,Peter Zhang,Nancy Wu,2026-08-30,11,0,0,2,1,0,,0,0,Article|BreadcrumbList|CollectionPage|FAQPage|Organization|WebSite
/products/rfid-cards/dual-frequency-rfid-card/,products,Dual-Frequency RFID Cards — LF + HF / HF + UHF | RFID Card Manufacturer | Proud Tek,83,257,3062,0,381,5,True,12,1,38,25,79,9,5,9,1,4,0,Peter Zhang,Nancy Wu,2026-06-10T17:00:00Z,22,10,9,3,1,0,,0,0,Article|BreadcrumbList|FAQPage|Organization|Product|WebPage|WebSite
/products/rfid-cards/em4100-rfid-card/,products,EM4100 Proximity Cards — 125 kHz Read-Only | RFID Card Manufacturer | Proud Tek,79,257,3533,0,545,7,True,12,1,53,7,132,14,5,19,1,6,0,Peter Zhang,Nancy Wu,2026-07-18T00:00:00Z,20,6,3,3,1,1,Best,0,0,Article|BreadcrumbList|FAQPage|Organization|Product|WebPage|WebSite
/products/rfid-cards/fido2-card/,products,FIDO2 Cards — Phishing-Resistant Login + DESFire Badge In One | RFID Card Manufacturer | Proud Tek,98,265,1216,0,246,4,True,7,1,0,0,17,2,0,6,0,0,0,Peter Zhang,Nancy Wu,2026-08-30,12,3,0,3,1,0,,0,0,Article|BreadcrumbList|FAQPage|Organization|Product|WebPage|WebSite
/products/rfid-cards/icode-slix-card/,products,ICODE SLIX Cards — Library & Document Tracking | RFID Card Manufacturer | Proud Tek,83,249,2997,0,313,4,True,12,0,14,68,40,4,14,13,0,4,0,Peter Zhang,Nancy Wu,2026-07-18T00:00:00Z,14,12,7,3,1,0,,0,0,Article|BreadcrumbList|FAQPage|Organization|Product|WebPage|WebSite
/products/rfid-cards/,products,Complete guide to RFID cards | Proud Tek,40,127,4281,0,846,8,True,12,1,40,46,156,55,10,7,0,5,1,Peter Zhang,Nancy Wu,2026-07-02,94,5,5,2,2,2,Best|seamless,0,0,Article|BreadcrumbList|CollectionPage|FAQPage|Organization|WebSite
/products/rfid-cards/java-card/,products,Java Card (JCOP) Smart Cards — Multi-Application Platform | RFID Card Manufacturer | Proud Tek,94,268,1509,0,240,4,True,12,1,0,4,14,2,0,2,0,0,0,Peter Zhang,Nancy Wu,2026-08-30,12,2,0,3,1,1,Best,0,0,Article|BreadcrumbList|FAQPage|Organization|Product|WebPage|WebSite
/products/rfid-cards/legic-card/,products,LEGIC Cards — Cards & Keyfobs For LEGIC Access Platforms | RFID Keyfob Manufacturer | Proud Tek,95,260,1246,0,183,4,True,7,0,3,1,56,2,0,9,0,1,0,Peter Zhang,Nancy Wu,2026-08-30,11,1,0,3,1,0,,0,0,Article|BreadcrumbList|FAQPage|Organization|Product|WebPage|WebSite
/products/rfid-cards/mifare-classic-1k-card/,products,MIFARE Classic 1K Cards — Bulk 13.56 MHz Access | RFID Card Manufacturer | Proud Tek,84,246,3888,0,669,7,True,12,1,9,19,92,2,0,22,0,4,0,Peter Zhang,Nancy Wu,2026-07-18T00:00:00Z,36,9,6,3,1,0,,0,0,Article|BreadcrumbList|FAQPage|Organization|Product|WebPage|WebSite
/products/rfid-cards/mifare-desfire-ev3-card/,products,MIFARE DESFire EV3 Cards — AES-128 Transit & Access | RFID Card Manufacturer | Proud Tek,88,219,4075,0,644,8,True,12,1,8,28,128,2,0,19,1,3,0,Peter Zhang,Nancy Wu,2026-07-18T00:00:00Z,37,12,6,3,1,1,Best,0,0,Article|BreadcrumbList|FAQPage|Organization|Product|WebPage|WebSite
/products/rfid-cards/mifare-plus-se-card/,products,MIFARE Plus SE Cards — AES-128 Classic Upgrade Path | RFID Card Manufacturer | Proud Tek,88,228,3743,0,603,7,True,12,1,5,15,65,2,0,38,1,6,0,Peter Zhang,Nancy Wu,2026-07-18T00:00:00Z,27,10,6,3,1,0,,0,0,Article|BreadcrumbList|FAQPage|Organization|Product|WebPage|WebSite
/products/rfid-cards/mifare-ultralight-c-card/,products,MIFARE Ultralight C Cards — 3DES Disposable NFC | RFID Card Manufacturer | Proud Tek,84,256,2805,0,427,6,True,12,0,1,17,33,11,0,5,1,2,1,Peter Zhang,Nancy Wu,2026-07-18T00:00:00Z,19,5,4,3,1,0,,0,0,Article|BreadcrumbList|FAQPage|Organization|Product|WebPage|WebSite
/products/rfid-cards/nfc-card-custom-printing/,products,Custom-Printed NFC Cards — Full-Color CMYK | RFID Card Manufacturer | Proud Tek,79,139,3808,0,493,8,True,12,3,20,15,42,7,2,8,0,4,2,Peter Zhang,Nancy Wu,2026-07-11T16:00:00Z,25,7,7,3,1,4,Best|Top-tier,0,0,Article|BreadcrumbList|FAQPage|Organization|Product|WebPage|WebSite
/products/rfid-cards/nfc-warranty-card/,products,NFC Warranty Cards — Tap-to-Register Activation | RFID Card Manufacturer | Proud Tek,84,257,2710,0,166,3,True,12,0,1,3,15,17,0,1,0,4,1,Peter Zhang,Nancy Wu,2026-06-10T17:00:00Z,12,10,8,3,1,0,,0,0,Article|BreadcrumbList|FAQPage|Organization|Product|WebPage|WebSite
/products/rfid-cards/ntag424-dna-tt-card/,products,NTAG 424 DNA TT Cards — Tamper-Detect NFC | RFID Card Manufacturer | Proud Tek,78,224,3693,0,574,7,True,12,1,3,10,56,1,0,4,0,7,0,Peter Zhang,Nancy Wu,2026-06-10T17:00:00Z,20,11,8,3,1,0,,0,0,Article|BreadcrumbList|FAQPage|Organization|Product|WebPage|WebSite
/products/rfid-cards/rfid-bamboo-card/,products,RFID Bamboo Card — FSC-Certified Moso Bamboo | RFID Card Manufacturer | Proud Tek,81,269,2656,0,236,4,True,12,0,4,14,27,82,0,9,0,2,1,Peter Zhang,Nancy Wu,2026-06-10T17:00:00Z,16,5,3,3,1,0,,0,0,Article|BreadcrumbList|FAQPage|Organization|Product|WebPage|WebSite
/products/rfid-cards/rfid-blocking-card/,products,RFID Blocking Cards — Passive & Active Shielding | RFID Card Manufacturer | Proud Tek,85,238,3326,0,383,4,True,12,0,19,23,11,14,0,7,2,2,0,Peter Zhang,Nancy Wu,2026-06-10T17:00:00Z,13,9,3,3,1,0,,0,0,Article|BreadcrumbList|FAQPage|Organization|Product|WebPage|WebSite
/products/rfid-cards/rfid-card-assa-abloy-compatible/,products,Assa Abloy / VingCard-Compatible Hotel Key Cards | RFID Card Manufacturer | Proud Tek,85,248,3913,0,525,7,True,12,2,9,21,74,10,0,3,1,1,3,Peter Zhang,Nancy Wu,2026-07-11T10:00:00Z,27,12,6,3,1,0,,0,0,Article|BreadcrumbList|FAQPage|Organization|Product|WebPage|WebSite
/products/rfid-cards/rfid-card-magnetic-stripe-combo/,products,RFID + Magstripe Combo Card — Legacy Reader Bridge | RFID Reader Supplier | Proud Tek,85,252,3819,0,496,7,True,12,1,8,40,34,11,0,3,2,1,0,Peter Zhang,Nancy Wu,2026-07-11,23,14,8,3,1,0,,0,0,Article|BreadcrumbList|FAQPage|Organization|Product|WebPage|WebSite
/products/rfid-cards/rfid-employee-badge/,products,RFID Employee Badge — Photo-ID Access Card | RFID Card Manufacturer | Proud Tek,79,248,3048,0,362,4,True,12,0,3,31,52,15,0,7,0,1,1,Peter Zhang,Nancy Wu,2026-06-11T11:00:00Z,15,7,3,3,1,0,,0,0,Article|BreadcrumbList|FAQPage|Organization|Product|WebPage|WebSite
/products/rfid-cards/rfid-gift-card/,products,RFID Gift Cards — Contactless Stored-Value Cards | RFID Card Manufacturer | Proud Tek,85,251,3776,0,579,7,True,12,1,4,8,42,4,0,3,0,4,2,Peter Zhang,Nancy Wu,2026-07-12,18,10,6,3,1,0,,0,0,Article|BreadcrumbList|FAQPage|Organization|Product|WebPage|WebSite
/products/rfid-cards/rfid-loyalty-card/,products,RFID Loyalty Cards — NFC Reward Cards For Retail | RFID Card Manufacturer | Proud Tek,85,248,3621,0,594,7,True,12,1,2,9,47,18,0,6,0,2,1,Peter Zhang,Nancy Wu,2026-07-12,18,10,7,3,1,0,,0,0,Article|BreadcrumbList|FAQPage|Organization|Product|WebPage|WebSite
/products/rfid-cards/rfid-membership-card/,products,RFID Membership Cards — Tap-and-Go Access | RFID Card Manufacturer | Proud Tek,78,224,2722,0,192,3,True,12,1,5,8,42,17,0,4,0,3,1,Peter Zhang,Nancy Wu,2026-06-10T17:00:00Z,15,10,10,3,1,4,Best|best|seamless,0,0,Article|BreadcrumbList|FAQPage|Organization|Product|WebPage|WebSite
/products/rfid-cards/rfid-metal-business-card/,products,RFID Metal Business Card — 316L Stainless Steel | RFID Card Manufacturer | Proud Tek,84,266,3170,0,381,5,True,12,0,5,4,30,70,2,10,0,1,0,Peter Zhang,Nancy Wu,2026-06-10T17:00:00Z,18,10,6,3,1,1,top-tier,0,0,Article|BreadcrumbList|FAQPage|Organization|Product|WebPage|WebSite
/products/rfid-cards/rfid-parking-card/,products,RFID Parking Cards — Hands-Free Permit Access | RFID Card Manufacturer | Proud Tek,82,229,2417,0,194,3,True,12,1,14,21,34,1,3,12,0,2,1,Peter Zhang,Nancy Wu,2026-06-10T17:00:00Z,14,7,7,3,1,1,Best,0,0,Article|BreadcrumbList|FAQPage|Organization|Product|WebPage|WebSite
/products/rfid-cards/rfid-student-id-card/,products,RFID Student ID Cards — One-Card Campus Credential | RFID Card Manufacturer | Proud Tek,87,245,3231,0,373,4,True,12,0,1,18,60,9,0,11,0,2,0,Peter Zhang,Nancy Wu,2026-06-10T17:00:00Z,14,10,5,3,1,0,,0,0,Article|BreadcrumbList|FAQPage|Organization|Product|WebPage|WebSite
/products/rfid-cards/rfid-wooden-card/,products,RFID Wooden Card — FSC Hardwood Veneer | RFID Card Manufacturer | Proud Tek,75,264,2467,0,240,4,True,12,0,3,10,28,38,0,4,0,1,1,Peter Zhang,Nancy Wu,2026-06-11T11:00:00Z,18,5,3,3,1,0,,0,0,Article|BreadcrumbList|FAQPage|Organization|Product|WebPage|WebSite
/products/rfid-cards/standard-rfid-wood-card/,products,Standard RFID Wood Card — FSC-Certified Body | RFID Card Manufacturer | Proud Tek,81,259,2725,0,423,8,True,12,2,5,4,31,84,6,6,0,2,0,Peter Zhang,Nancy Wu,2026-07-11,33,5,3,4,2,2,Best,0,0,Article|BreadcrumbList|FAQPage|Organization|Product|WebPage|WebSite
/products/rfid-cards/transparent-nfc-card/,products,Transparent NFC Cards — Visible-Antenna Design | RFID Card Manufacturer | Proud Tek,83,262,3003,0,350,5,True,12,0,2,13,47,32,0,3,0,2,1,Peter Zhang,Nancy Wu,2026-07-02,21,10,7,3,1,0,,0,0,Article|BreadcrumbList|FAQPage|Organization|Product|WebPage|WebSite
/products/rfid-cards/uhf-rfid-card/,products,UHF RFID Cards — EPC Gen2v2 Long-Range Access | RFID Card Manufacturer | Proud Tek,82,215,3105,0,308,4,True,12,0,15,27,41,18,12,17,0,4,0,Peter Zhang,Nancy Wu,2026-06-10T17:00:00Z,17,10,7,3,1,0,,0,0,Article|BreadcrumbList|FAQPage|Organization|Product|WebPage|WebSite
/products/rfid-cards/wooden-nfc-business-card-engraved/,products,Wooden NFC Business Card — Laser-Engraved vCard | RFID Card Manufacturer | Proud Tek,84,231,3115,0,337,5,True,12,0,3,10,31,40,1,3,0,0,0,Peter Zhang,Nancy Wu,2026-06-10T17:00:00Z,17,10,6,3,1,0,,0,0,Article|BreadcrumbList|FAQPage|Organization|Product|WebPage|WebSite
/products/rfid-keyfobs/dual-frequency-key-fob/,products,"Dual-Frequency Key Fobs — One Credential, LF + HF | RFID Keyfob Manufacturer | Proud Tek",88,231,2801,0,356,5,True,12,0,24,13,37,9,0,10,0,1,0,Peter Zhang,Nancy Wu,2026-07-13,18,10,8,3,2,0,,0,0,Article|BreadcrumbList|FAQPage|Organization|Product|WebPage|WebSite
/products/rfid-keyfobs/em4305-keyfob/,products,EM4305 Keyfob — 125 kHz Rewritable Access Fob | RFID Keyfob Manufacturer | Proud Tek,84,252,2854,0,479,6,True,12,1,31,5,89,18,1,5,0,2,0,Peter Zhang,Nancy Wu,2026-07-18T00:00:00Z,19,7,2,3,2,5,Best|seamless,0,0,Article|BreadcrumbList|FAQPage|Organization|Product|WebPage|WebSite
/products/rfid-keyfobs/,products,Complete guide to RFID keyfobs | Proud Tek,42,143,3457,0,743,8,True,12,1,60,20,160,67,9,12,1,5,1,Peter Zhang,Nancy Wu,2026-07-02,58,5,5,2,2,2,Best|seamless,0,0,Article|BreadcrumbList|CollectionPage|FAQPage|Organization|WebSite
/products/rfid-keyfobs/mifare-desfire-keyfob/,products,MIFARE DESFire Keyfob — AES-128 Secure NFC Fob | RFID Keyfob Manufacturer | Proud Tek,85,244,2767,0,393,5,True,12,0,6,19,74,6,2,7,0,4,0,Peter Zhang,Nancy Wu,2026-07-18T00:00:00Z,18,12,8,3,2,1,seamless,0,0,Article|BreadcrumbList|FAQPage|Organization|Product|WebPage|WebSite
/products/rfid-keyfobs/nfc-epoxy-key-tag/,products,NFC Epoxy Key Tag — Custom Die-Cut Resin-Domed Tag | RFID Keyfob Manufacturer | Proud Tek,89,228,3822,0,617,5,True,12,0,5,7,69,63,1,7,1,1,0,Peter Zhang,Nancy Wu,2026-07-02,30,5,4,3,2,0,,0,1,Article|BreadcrumbList|FAQPage|Organization|Product|WebPage|WebSite
/products/rfid-keyfobs/nfc-wood-keychain-tag/,products,NFC Wood & Bamboo Keychain Tag — FSC Eco-Credential | RFID Keyfob Manufacturer | Proud Tek,90,232,3618,0,411,4,True,14,0,4,4,32,80,1,5,0,6,2,Peter Zhang,Proud Tek Engineering Team,2026-07-02,21,13,8,3,2,0,,0,0,Article|BreadcrumbList|FAQPage|Organization|Product|WebPage|WebSite
/products/rfid-keyfobs/rfid-abs-keyfob/,products,ABS RFID Keyfob — IP68 Ultrasonic-Welded Credential | RFID Keyfob Manufacturer | Proud Tek,90,253,3656,0,565,7,True,14,0,32,7,88,60,0,7,0,2,0,Peter Zhang,Proud Tek Engineering Team,2026-07-18T00:00:00Z,29,11,6,3,2,0,,0,0,Article|BreadcrumbList|FAQPage|Organization|Product|WebPage|WebSite
/products/rfid-keyfobs/rfid-coin-keyfob/,products,RFID Coin Keyfob — Vending & Laundry Token | RFID Keyfob Manufacturer | Proud Tek,81,267,3343,0,587,7,True,12,1,3,9,60,23,0,7,0,3,0,Nancy Wu,Peter Zhang,2026-07-12,21,12,8,3,2,2,Seamless|seamless,0,0,Article|BreadcrumbList|FAQPage|Organization|Product|WebPage|WebSite
/products/rfid-keyfobs/rfid-coin-tag/,products,"RFID Coin Tag / Token — Laundry, Casino, Locker Disc | RFID Keyfob Manufacturer | Proud Tek",91,247,3703,0,672,6,True,12,0,23,5,108,50,1,16,0,3,0,Nancy Wu,Peter Zhang,2026-07-02,30,6,6,3,2,0,,0,1,Article|BreadcrumbList|FAQPage|Organization|Product|WebPage|WebSite
/products/rfid-keyfobs/rfid-epoxy-keyfob/,products,Epoxy RFID Keyfob — IP68 Outdoor-Rated Credential | RFID Keyfob Manufacturer | Proud Tek,88,242,3829,0,538,7,True,14,3,9,2,50,71,0,19,0,1,0,Peter Zhang,Proud Tek Engineering Team,2026-07-11,25,10,6,3,2,6,Seamless|seamless,0,0,Article|BreadcrumbList|FAQPage|Organization|Product|WebPage|WebSite
/products/rfid-keyfobs/rfid-leather-keyfob/,products,RFID Leather Keyfob — Premium Hospitality Credential | RFID Keyfob Manufacturer | Proud Tek,91,259,3610,0,529,5,True,14,0,4,4,28,19,1,4,2,5,0,Peter Zhang,Proud Tek Engineering Team,2026-07-02,18,12,8,3,2,0,,0,0,Article|BreadcrumbList|FAQPage|Organization|Product|WebPage|WebSite
/products/rfid-keyfobs/rfid-metal-keyfob/,products,Metal RFID Keyfob — Stainless & Zinc Premium Fob | RFID Keyfob Manufacturer | Proud Tek,87,251,3825,0,560,7,True,14,3,15,2,37,67,4,13,1,1,0,Peter Zhang,Proud Tek Engineering Team,2026-07-18T00:00:00Z,22,8,1,3,2,0,,0,0,Article|BreadcrumbList|FAQPage|Organization|Product|WebPage|WebSite
/products/rfid-keyfobs/rfid-silicone-keyfob/,products,RFID Silicone Keyfob — Medical & Food-Contact IP68 | RFID Keyfob Manufacturer | Proud Tek,89,245,3198,0,450,5,True,14,0,4,3,29,75,3,5,0,4,0,Peter Zhang,Proud Tek Engineering Team,2026-07-18T00:00:00Z,19,7,5,3,2,1,seamless,0,0,Article|BreadcrumbList|FAQPage|Organization|Product|WebPage|WebSite
/products/rfid-keyfobs/rfid-wooden-keyfob/,products,"RFID Wooden Keyfob — FSC Wood, NTAG Or MIFARE Chip | RFID Keyfob Manufacturer | Proud Tek",89,261,1157,0,176,4,True,12,0,1,0,21,31,3,3,0,2,0,Peter Zhang,Nancy Wu,2026-07-02,18,1,0,4,2,1,Best,0,0,Article|BreadcrumbList|FAQPage|Organization|Product|WebPage|WebSite
/products/rfid-keyfobs/rfid-wristwatch-tag/,products,RFID Watch Tag — Wearable NFC Access Device | RFID Keyfob Manufacturer | Proud Tek,82,268,3806,0,649,8,True,12,3,23,14,65,40,5,14,2,1,0,Peter Zhang,Nancy Wu,2026-07-12,24,10,7,3,2,0,,0,0,Article|BreadcrumbList|FAQPage|Organization|Product|WebPage|WebSite
/products/rfid-keyfobs/t5577-keyfob/,products,T5577 Keyfob — Multi-Protocol 125 kHz RFID Fob | RFID Keyfob Manufacturer | Proud Tek,85,239,3748,0,722,8,True,12,2,38,6,91,28,2,12,0,3,4,Peter Zhang,Nancy Wu,2026-07-18T00:00:00Z,20,9,3,3,2,2,seamless,0,0,Article|BreadcrumbList|FAQPage|Organization|Product|WebPage|WebSite
/products/rfid-labels/alien-higgs-9-uhf-inlay/,products,Alien Higgs-9 UHF Inlay — 688-bit User Memory | RFID Label Manufacturer | Proud Tek,83,129,3696,0,562,6,True,12,1,5,15,86,4,5,18,0,4,0,Peter Zhang,Nancy Wu,2026-07-12,25,10,7,3,2,0,,0,0,Article|BreadcrumbList|FAQPage|Organization|Product|WebPage|WebSite
/products/rfid-labels/impinj-m700-uhf-inlay/,products,"Impinj M700-Series UHF Inlays — RAIN RFID, -22.7 dBm | RFID Label Manufacturer | Proud Tek",90,263,3612,0,537,6,True,12,0,4,15,19,18,8,27,1,0,0,Peter Zhang,Nancy Wu,2026-07-13,24,10,6,3,2,1,best,0,2,Article|BreadcrumbList|FAQPage|Organization|Product|WebPage|WebSite
/products/rfid-labels/impinj-m730-uhf-inlay/,products,Impinj M730 UHF Inlay — Retail Source Tagging | RFID Label Manufacturer | Proud Tek,83,265,3501,0,392,6,True,12,2,4,21,39,20,4,19,1,2,1,Peter Zhang,Nancy Wu,2026-07-12,23,7,6,3,2,1,Best,0,0,Article|BreadcrumbList|FAQPage|Organization|Product|WebPage|WebSite
/products/rfid-labels/impinj-m750-uhf-inlay/,products,Impinj M750 UHF Inlay — 32-bit User Memory | RFID Label Manufacturer | Proud Tek,80,237,3819,0,527,6,True,12,2,4,16,57,7,4,16,0,3,1,Peter Zhang,Nancy Wu,2026-07-12,27,8,5,4,2,0,,0,0,Article|BreadcrumbList|FAQPage|Organization|Product|WebPage|WebSite
/products/rfid-labels/impinj-m800-uhf-inlay/,products,Impinj M800 UHF Inlay — Gen2X RAIN RFID | RFID Label Manufacturer | Proud Tek,77,261,3537,0,613,6,True,12,1,5,7,24,9,7,27,1,0,0,Peter Zhang,Nancy Wu,2026-07-12,28,12,8,3,2,0,,0,0,Article|BreadcrumbList|FAQPage|Organization|Product|WebPage|WebSite
/products/rfid-labels/,products,Complete guide to RFID labels & inlays | Proud Tek,50,146,5843,0,848,8,True,12,1,41,31,129,43,9,19,2,0,1,Peter Zhang,Nancy Wu,2026-07-02,147,5,5,2,2,3,Best|Leading|best,0,2,Article|BreadcrumbList|CollectionPage|FAQPage|Organization|WebSite
/products/rfid-labels/long-range-uhf-windshield-sticker/,products,Long-Range UHF RFID Windshield Sticker — Toll & Yard | RFID Label Manufacturer | Proud Tek,90,246,3653,0,560,5,True,12,0,10,16,32,2,16,12,0,4,1,Peter Zhang,Nancy Wu,2026-07-18T00:00:00Z,18,10,5,3,2,3,Best|leading,0,7,Article|BreadcrumbList|FAQPage|Organization|Product|WebPage|WebSite
/products/rfid-labels/nfc-anti-metal-sticker/,products,NFC Anti-Metal Sticker — Ferrite-Backed On-Metal Tag | RFID Label Manufacturer | Proud Tek,90,269,3338,0,361,5,True,12,1,0,8,44,98,33,12,0,6,0,Peter Zhang,Nancy Wu,2026-07-18T00:00:00Z,19,7,5,3,2,2,Best|best,0,0,Article|BreadcrumbList|FAQPage|Organization|Product|WebPage|WebSite
/products/rfid-labels/nfc-art-provenance-tag/,products,NFC Art Provenance Tag — NTAG 424 DNA Authenticity | RFID Label Manufacturer | Proud Tek,88,252,3624,0,548,5,True,12,0,0,2,15,5,0,2,0,2,0,Peter Zhang,Nancy Wu,2026-07-02,15,10,2,3,2,0,,0,0,Article|BreadcrumbList|FAQPage|Organization|Product|WebPage|WebSite
/products/rfid-labels/nfc-battery-passport-tag/,products,NFC Battery Passport Tags — EU 2023/1542 Ready | RFID Label Manufacturer | Proud Tek,84,264,3884,0,693,7,True,12,1,2,4,22,27,3,4,0,2,0,Peter Zhang,Nancy Wu,2026-07-12,23,8,6,3,2,0,,0,0,Article|BreadcrumbList|FAQPage|Organization|Product|WebPage|WebSite
/products/rfid-labels/nfc-cannabis-tracking-label/,products,NFC Cannabis Tracking Label — Metrc Seed-to-Sale | RFID Label Manufacturer | Proud Tek,86,265,3725,0,595,5,True,12,0,0,8,24,10,0,3,0,3,0,Peter Zhang,Nancy Wu,2026-07-02,17,8,1,3,2,0,,0,0,Article|BreadcrumbList|FAQPage|Organization|Product|WebPage|WebSite
/products/rfid-labels/nfc-cosmetics-authentication-label/,products,NFC Cosmetics Authentication Labels — Tap-to-Verify | RFID Label Manufacturer | Proud Tek,89,268,3413,0,607,7,True,12,2,3,4,21,16,6,5,0,3,0,Peter Zhang,Nancy Wu,2026-07-12,23,7,7,3,2,0,,0,0,Article|BreadcrumbList|FAQPage|Organization|Product|WebPage|WebSite
/products/rfid-labels/nfc-digital-product-passport-tag/,products,NFC Digital Product Passport Tags — ESPR 2024/1781 | RFID Label Manufacturer | Proud Tek,88,257,4049,0,706,7,True,12,1,1,17,38,1,0,7,4,5,1,Peter Zhang,Nancy Wu,2026-07-12,27,11,10,3,2,0,,0,0,Article|BreadcrumbList|FAQPage|Organization|Product|WebPage|WebSite
/products/rfid-labels/nfc-dry-inlay/,products,NFC Dry Inlays — Adhesive-Free PET For Lamination | RFID Label Manufacturer | Proud Tek,87,231,3454,0,374,5,True,12,2,6,22,58,56,5,11,0,0,0,Peter Zhang,Nancy Wu,2026-07-13,16,10,6,3,2,0,,0,0,Article|BreadcrumbList|FAQPage|Organization|Product|WebPage|WebSite
/products/rfid-labels/nfc-electronics-warranty-label/,products,NFC Electronics Warranty Label — One-Tap Activation | RFID Label Manufacturer | Proud Tek,89,263,3793,0,591,5,True,12,0,0,5,15,6,0,4,0,2,0,Peter Zhang,Nancy Wu,2026-06-10T17:00:00Z,15,10,7,3,2,0,,0,0,Article|BreadcrumbList|FAQPage|Organization|Product|WebPage|WebSite
/products/rfid-labels/nfc-event-ticket-sticker/,products,NFC Event Ticket Sticker — Tap-to-Validate Entry | RFID Label Manufacturer | Proud Tek,86,263,3597,0,535,5,True,12,0,1,2,41,6,0,5,0,8,0,Peter Zhang,Nancy Wu,2026-06-10T17:00:00Z,19,6,4,3,2,3,Premier|best,0,0,Article|BreadcrumbList|FAQPage|Organization|Product|WebPage|WebSite
/products/rfid-labels/nfc-food-traceability-label/,products,NFC Food Traceability Label — FSMA 204 Ready | RFID Label Manufacturer | Proud Tek,82,254,4004,0,545,5,True,12,0,0,5,25,11,0,1,0,4,0,Peter Zhang,Nancy Wu,2026-07-02,19,10,8,3,2,0,,0,0,Article|BreadcrumbList|FAQPage|Organization|Product|WebPage|WebSite
/products/rfid-labels/nfc-gaming-collectible-tag/,products,NFC Gaming & Collectible Tag — NTAG215 Amiibo-Ready | RFID Label Manufacturer | Proud Tek,89,252,3346,0,750,5,True,12,0,4,4,73,27,3,9,1,4,0,Peter Zhang,Nancy Wu,2026-07-02,18,10,5,3,2,0,,0,0,Article|BreadcrumbList|FAQPage|Organization|Product|WebPage|WebSite
/products/rfid-labels/nfc-luxury-handbag-tag/,products,NFC Luxury Handbag Tags — NTAG 424 DNA SUN | RFID Label Manufacturer | Proud Tek,80,243,3937,0,616,7,True,12,1,4,6,41,25,0,6,8,3,0,Peter Zhang,Nancy Wu,2026-07-12,30,12,8,3,2,0,,0,0,Article|BreadcrumbList|FAQPage|Organization|Product|WebPage|WebSite
/products/rfid-labels/nfc-olive-oil-authentication-label/,products,NFC Olive Oil Authentication Labels — PDO/PGI EVOO | RFID Label Manufacturer | Proud Tek,88,248,4048,0,758,7,True,12,1,1,2,22,5,0,11,0,2,0,Peter Zhang,Nancy Wu,2026-07-12,24,10,9,3,2,1,Best,0,0,Article|BreadcrumbList|FAQPage|Organization|Product|WebPage|WebSite
/products/rfid-labels/nfc-pharmaceutical-label/,products,NFC Pharmaceutical Labels — DSCSA Anti-Counterfeit | RFID Label Manufacturer | Proud Tek,88,257,3561,0,606,7,True,12,1,0,0,30,3,0,4,0,14,0,Peter Zhang,Nancy Wu,2026-07-12,21,10,6,3,2,0,,0,0,Article|BreadcrumbList|FAQPage|Organization|Product|WebPage|WebSite
/products/rfid-labels/nfc-shelf-label/,products,NFC Shelf Label — NTAG213/216 Tap-to-Page | RFID Label Manufacturer | Proud Tek,79,243,3137,0,525,5,True,12,0,5,1,17,4,1,3,0,6,0,Peter Zhang,Nancy Wu,2026-07-02,16,10,5,3,2,0,,0,0,Article|BreadcrumbList|FAQPage|Organization|Product|WebPage|WebSite
/products/rfid-labels/nfc-smart-poster-tag/,products,NFC Smart Poster Tags — Tap-to-Interact Signage | RFID Label Manufacturer | Proud Tek,85,243,3391,0,503,5,True,12,1,1,4,8,18,2,1,4,5,0,Peter Zhang,Nancy Wu,2026-07-02,16,10,5,3,2,2,Best|Leading,0,0,Article|BreadcrumbList|FAQPage|Organization|Product|WebPage|WebSite
/products/rfid-labels/nfc-sneaker-authentication-tag/,products,NFC Sneaker Authentication Tags — NTAG 424 DNA SUN | RFID Label Manufacturer | Proud Tek,88,248,3614,0,624,7,True,12,2,2,5,36,0,0,5,0,5,2,Peter Zhang,Nancy Wu,2026-07-12,30,6,3,3,2,0,,0,0,Article|BreadcrumbList|FAQPage|Organization|Product|WebPage|WebSite
/products/rfid-labels/nfc-social-media-tag/,products,NFC Social Media Tag — Tap-to-Follow Any Profile | RFID Label Manufacturer | Proud Tek,86,235,3200,0,466,5,True,12,2,1,4,9,11,0,1,0,4,0,Peter Zhang,Nancy Wu,2026-06-10T17:00:00Z,14,10,4,3,2,1,Best,0,0,Article|BreadcrumbList|FAQPage|Organization|Product|WebPage|WebSite
/products/rfid-labels/nfc-spirits-authentication-label/,products,NFC Spirits Authentication Labels — NTAG 424 DNA TT | RFID Label Manufacturer | Proud Tek,89,225,3702,0,615,7,True,12,2,1,7,23,5,0,4,0,10,0,Peter Zhang,Nancy Wu,2026-07-12,26,6,4,3,2,0,,0,0,Article|BreadcrumbList|FAQPage|Organization|Product|WebPage|WebSite
/products/rfid-labels/nfc-table-stand/,products,NFC Table Stands & Counter Displays — Tap-to-Review | RFID Label Manufacturer | Proud Tek,89,252,3212,0,419,5,True,12,1,1,4,13,21,0,1,0,0,0,Peter Zhang,Nancy Wu,2026-06-10T17:00:00Z,17,10,5,3,2,0,,0,0,Article|BreadcrumbList|FAQPage|Organization|Product|WebPage|WebSite
/products/rfid-labels/nfc-tap-to-pay-sticker/,products,NFC Tap-to-Pay Sticker — Apple Pay + Google Pay | RFID Label Manufacturer | Proud Tek,85,256,3366,0,442,5,True,12,0,0,0,32,3,0,3,0,3,0,Peter Zhang,Nancy Wu,2026-06-10T17:00:00Z,15,6,4,3,2,1,best,0,0,Article|BreadcrumbList|FAQPage|Organization|Product|WebPage|WebSite
/products/rfid-labels/nfc-warranty-seal-tag/,products,NFC Warranty Seal Tags — Destructible-Vinyl Seal | RFID Label Manufacturer | Proud Tek,86,264,3510,0,618,5,True,12,1,0,3,26,1,0,5,0,9,0,Peter Zhang,Nancy Wu,2026-06-10T17:00:00Z,14,10,5,3,2,0,,0,0,Article|BreadcrumbList|FAQPage|Organization|Product|WebPage|WebSite
/products/rfid-labels/nfc-wet-inlay/,products,NFC Wet Inlays — PSA Roll Stock For Label Converters | RFID Label Manufacturer | Proud Tek,90,257,3677,0,444,5,True,12,2,4,24,72,16,6,3,0,1,1,Peter Zhang,Nancy Wu,2026-07-13,16,10,9,3,2,1,Best,0,2,Article|BreadcrumbList|FAQPage|Organization|Product|WebPage|WebSite
/products/rfid-labels/nfc-wine-bottle-tag/,products,NFC Wine Bottle Tags — NTAG 424 DNA Capsule | RFID Label Manufacturer | Proud Tek,81,239,3502,0,486,5,True,12,1,2,3,29,14,1,6,0,7,1,Peter Zhang,Nancy Wu,2026-06-10T17:00:00Z,13,10,10,3,2,2,Best|best,0,0,Article|BreadcrumbList|FAQPage|Organization|Product|WebPage|WebSite
/products/rfid-labels/ntag213-nfc-sticker/,products,NTAG213 NFC Stickers — 144-Byte Entry-Tier | RFID Label Manufacturer | Proud Tek,80,234,3168,0,288,5,True,12,1,3,13,71,14,2,9,0,3,0,Peter Zhang,Nancy Wu,2026-07-18T00:00:00Z,17,10,6,3,2,1,Best,0,0,Article|BreadcrumbList|FAQPage|Organization|Product|WebPage|WebSite
/products/rfid-labels/ntag215-nfc-sticker/,products,NTAG215 NFC Stickers — 504-Byte Amiibo-Compatible | RFID Label Manufacturer | Proud Tek,87,268,3170,0,267,5,True,12,0,1,10,91,11,8,8,0,0,0,Peter Zhang,Nancy Wu,2026-07-18T00:00:00Z,19,10,4,3,2,0,,0,0,Article|BreadcrumbList|FAQPage|Organization|Product|WebPage|WebSite
/products/rfid-labels/ntag216-nfc-sticker/,products,NTAG216 NFC Stickers — 888-Byte High-Memory | RFID Label Manufacturer | Proud Tek,81,231,3464,0,335,5,True,12,1,2,14,95,8,2,3,0,2,0,Peter Zhang,Nancy Wu,2026-07-18T00:00:00Z,20,10,5,3,2,0,,0,0,Article|BreadcrumbList|FAQPage|Organization|Product|WebPage|WebSite
/products/rfid-labels/ntag424-dna-tamper-evident-tag/,products,NTAG 424 DNA Tamper-Evident Tags — AES-128 NFC | RFID Label Manufacturer | Proud Tek,84,211,3807,0,506,7,True,12,1,2,15,63,9,2,4,0,10,1,Peter Zhang,Nancy Wu,2026-07-18T00:00:00Z,20,10,8,3,2,0,,0,0,Article|BreadcrumbList|FAQPage|Organization|Product|WebPage|WebSite
/products/rfid-labels/rfid-airline-baggage-tag/,products,RFID Airline Baggage Tag — IATA Resolution 753 | RFID Label Manufacturer | Proud Tek,84,251,3383,0,636,5,True,12,1,2,13,11,3,2,7,0,2,0,Peter Zhang,Nancy Wu,2026-07-02,15,10,3,3,2,0,,0,19,Article|BreadcrumbList|FAQPage|Organization|Product|WebPage|WebSite
/products/rfid-labels/rfid-asset-label/,products,RFID Asset Label — IT & Fixed-Asset Tracking | RFID Label Manufacturer | Proud Tek,82,254,3615,0,628,5,True,12,0,2,4,9,20,4,13,0,3,0,Peter Zhang,Nancy Wu,2026-06-10T17:00:00Z,18,10,3,3,2,0,,0,0,Article|BreadcrumbList|FAQPage|Organization|Product|WebPage|WebSite
/products/rfid-labels/rfid-book-spine-label/,products,RFID Book Spine Label — ISO 28560-2 Library Tag | RFID Label Manufacturer | Proud Tek,85,236,3395,0,739,5,True,12,0,5,14,22,10,2,4,1,5,0,Peter Zhang,Nancy Wu,2026-07-02,16,10,7,3,2,0,,0,0,Article|BreadcrumbList|FAQPage|Organization|Product|WebPage|WebSite
/products/rfid-labels/rfid-cryogenic-specimen-label/,products,RFID Cryogenic Specimen Labels — LN2 −196 °C Rated | RFID Label Manufacturer | Proud Tek,88,246,3406,0,590,5,True,12,1,1,11,16,3,3,11,0,4,0,Peter Zhang,Nancy Wu,2026-07-02,15,10,5,3,2,14,Best|best,0,2,Article|BreadcrumbList|FAQPage|Organization|Product|WebPage|WebSite
/products/rfid-labels/rfid-document-tracking-label/,products,RFID Document Tracking Label — Chain-of-Custody | RFID Label Manufacturer | Proud Tek,85,252,3471,0,466,5,True,12,1,5,4,20,19,5,9,0,2,0,Peter Zhang,Nancy Wu,2026-07-02,17,10,4,3,2,1,leading,0,0,Article|BreadcrumbList|FAQPage|Organization|Product|WebPage|WebSite
/products/rfid-labels/rfid-dry-inlay/,products,RFID Dry Inlay (UHF) — No-Adhesive Lamination Stock | RFID Label Manufacturer | Proud Tek,89,226,3689,0,704,5,True,12,0,6,12,68,84,1,13,0,1,0,Peter Zhang,Nancy Wu,2026-07-13,22,6,5,3,2,1,best,0,0,Article|BreadcrumbList|FAQPage|Organization|Product|WebPage|WebSite
/products/rfid-labels/rfid-frozen-food-label/,products,RFID Frozen Food Label — Cryo Adhesive To -40 °C | RFID Label Manufacturer | Proud Tek,86,250,3321,0,621,5,True,12,0,0,1,19,17,5,12,0,0,0,Peter Zhang,Nancy Wu,2026-07-02,16,12,7,3,2,2,best,0,0,Article|BreadcrumbList|FAQPage|Organization|Product|WebPage|WebSite
/products/rfid-labels/rfid-garment-source-tag/,products,RFID Garment Source Tag — Pre-Encoded ASN-Ready | RFID Label Manufacturer | Proud Tek,85,150,3449,0,515,5,True,12,1,2,10,11,6,1,3,2,0,0,Peter Zhang,Nancy Wu,2026-06-11T11:00:00Z,16,10,6,3,2,2,Best|best,0,5,Article|BreadcrumbList|FAQPage|Organization|Product|WebPage|WebSite
/products/rfid-labels/rfid-medication-vial-label/,products,RFID Medication Vial & Syringe Labels — ADC Restock | RFID Label Manufacturer | Proud Tek,89,245,3325,0,507,5,True,12,1,2,3,17,5,3,3,0,0,0,Peter Zhang,Nancy Wu,2026-07-02,20,10,7,3,2,0,,0,2,Article|BreadcrumbList|FAQPage|Organization|Product|WebPage|WebSite
/products/rfid-labels/rfid-plant-nursery-label/,products,RFID Plant Nursery Label — UV-Stable 12 Mo Outdoor | RFID Label Manufacturer | Proud Tek,88,242,3266,0,621,5,True,12,0,1,0,9,13,2,10,1,0,0,Peter Zhang,Nancy Wu,2026-07-02,15,10,4,3,2,1,leading,0,0,Article|BreadcrumbList|FAQPage|Organization|Product|WebPage|WebSite
/products/rfid-labels/rfid-shipping-label/,products,RFID Shipping Label — 4×6 In GS1-128 + SSCC-96 | RFID Label Manufacturer | Proud Tek,84,258,3058,0,610,5,True,12,1,2,8,11,2,1,8,0,1,0,Peter Zhang,Nancy Wu,2026-06-10T17:00:00Z,15,5,5,3,2,0,,0,4,Article|BreadcrumbList|FAQPage|Organization|Product|WebPage|WebSite
/products/rfid-labels/rfid-specimen-slide-label/,products,RFID Specimen Slide Label — Histology & Cytology | RFID Label Manufacturer | Proud Tek,86,258,3430,0,474,5,True,12,0,1,5,14,2,0,2,0,0,0,Peter Zhang,Nancy Wu,2026-07-02,14,12,5,3,2,0,,0,1,Article|BreadcrumbList|FAQPage|Organization|Product|WebPage|WebSite
/products/rfid-labels/rfid-tamper-evident-label/,products,RFID Tamper-Evident Label — Destructible Antenna | RFID Label Manufacturer | Proud Tek,86,253,3580,0,471,5,True,12,0,0,3,43,6,0,7,0,3,0,Peter Zhang,Nancy Wu,2026-07-02,18,10,7,3,2,1,Best,0,0,Article|BreadcrumbList|FAQPage|Organization|Product|WebPage|WebSite
/products/rfid-labels/rfid-wet-inlay/,products,RFID Wet Inlay (UHF) — PSA Glassine-Liner Roll | RFID Label Manufacturer | Proud Tek,84,258,3834,0,714,5,True,12,0,4,9,52,41,1,7,0,3,0,Peter Zhang,Nancy Wu,2026-07-13,21,10,8,3,2,2,best,0,1,Article|BreadcrumbList|FAQPage|Organization|Product|WebPage|WebSite
/products/rfid-labels/uhf-rfid-apparel-hang-tag-retail/,products,UHF RFID Apparel Hang Tag — Walmart Mandate Ready | RFID Label Manufacturer | Proud Tek,87,258,3184,0,530,5,True,12,0,1,10,25,8,0,3,0,1,0,Peter Zhang,Nancy Wu,2026-06-10T17:00:00Z,18,10,8,3,2,0,,0,1,Article|BreadcrumbList|FAQPage|Organization|Product|WebPage|WebSite
/products/rfid-labels/uhf-rfid-blank-label/,products,UHF RFID Blank Label — Print-and-Encode Roll | RFID Label Manufacturer | Proud Tek,82,257,3325,0,507,5,True,12,2,2,8,16,6,2,4,3,1,0,Peter Zhang,Nancy Wu,2026-07-02,17,10,5,3,2,9,Best|best|leading,0,9,Article|BreadcrumbList|FAQPage|Organization|Product|WebPage|WebSite
/products/rfid-labels/uhf-rfid-blood-bag-label/,products,UHF RFID Blood Bag Label — ISBT 128 Compatible | RFID Label Manufacturer | Proud Tek,84,232,3765,0,475,5,True,12,0,4,4,13,11,2,4,0,2,0,Peter Zhang,Nancy Wu,2026-07-02,16,10,6,3,2,2,leading,0,0,Article|BreadcrumbList|FAQPage|Organization|Product|WebPage|WebSite
/products/rfid-labels/uhf-rfid-inlay/,products,UHF RFID Inlay — Roll-to-Roll Tag Component | RFID Label Manufacturer | Proud Tek,81,262,3590,0,664,5,True,12,0,7,10,28,32,4,9,2,0,0,Peter Zhang,Nancy Wu,2026-07-13,21,10,8,3,2,2,best,0,1,Article|BreadcrumbList|FAQPage|Organization|Product|WebPage|WebSite
/products/rfid-labels/uhf-rfid-jewelry-label/,products,UHF RFID Jewelry Label — Barbell Inventory Tag | RFID Label Manufacturer | Proud Tek,84,262,3057,0,603,5,True,12,0,9,6,8,14,3,3,0,2,0,Peter Zhang,Nancy Wu,2026-07-02,15,12,5,3,2,0,,0,0,Article|BreadcrumbList|FAQPage|Organization|Product|WebPage|WebSite
/products/rfid-labels/uhf-rfid-pallet-label/,products,UHF RFID Pallet Label — Dock-Door Portal Reads | RFID Label Manufacturer | Proud Tek,84,230,3721,0,550,5,True,12,0,16,13,8,17,5,10,0,3,0,Peter Zhang,Nancy Wu,2026-06-10T17:00:00Z,17,10,7,3,2,0,,0,0,Article|BreadcrumbList|FAQPage|Organization|Product|WebPage|WebSite
/products/rfid-labels/uhf-rfid-paper-label/,products,UHF RFID Paper Label — Printable Adhesive Roll | RFID Label Manufacturer | Proud Tek,84,259,3467,0,498,5,True,12,2,6,8,19,22,7,4,0,0,0,Peter Zhang,Nancy Wu,2026-07-02,18,10,6,3,2,1,Best,0,6,Article|BreadcrumbList|FAQPage|Organization|Product|WebPage|WebSite
/products/rfid-labels/uhf-rfid-retail-price-label/,products,UHF RFID Retail Price Label — GS1 Sunrise 2027 | RFID Label Manufacturer | Proud Tek,84,258,3455,0,516,5,True,12,0,6,7,14,9,1,5,0,1,0,Peter Zhang,Nancy Wu,2026-07-02,16,12,7,3,2,0,,0,0,Article|BreadcrumbList|FAQPage|Organization|Product|WebPage|WebSite
/products/rfid-labels/uhf-rfid-tire-label/,products,UHF RFID Tire Label — Vulcanization-Resistant | RFID Label Manufacturer | Proud Tek,83,243,3922,0,594,5,True,12,0,6,1,6,8,5,2,0,2,0,Peter Zhang,Nancy Wu,2026-07-02,17,12,5,3,2,0,,0,3,Article|BreadcrumbList|FAQPage|Organization|Product|WebPage|WebSite
/products/rfid-labels/uhf-rfid-windshield-label/,products,UHF RFID Windshield Label — Gate & Parking Access | RFID Label Manufacturer | Proud Tek,87,266,3242,0,621,5,True,12,0,16,18,13,4,6,13,0,4,0,Peter Zhang,Nancy Wu,2026-06-10T17:00:00Z,17,10,6,3,2,0,,0,1,Article|BreadcrumbList|FAQPage|Organization|Product|WebPage|WebSite
/products/rfid-readers/desktop-nfc-reader-encoder/,products,Desktop NFC Reader / Encoder — PC/SC Card Issuance | RFID Reader Supplier | Proud Tek,85,257,3722,0,368,5,True,12,0,10,10,106,0,2,4,0,2,1,Peter Zhang,Nancy Wu,2026-06-10T17:00:00Z,30,12,7,3,2,1,best,0,0,Article|BreadcrumbList|FAQPage|Organization|Product|WebPage|WebSite
/products/rfid-readers/fixed-uhf-rfid-reader/,products,Fixed UHF RFID Reader — Portal & Dock-Door | RFID Reader Supplier | Proud Tek,77,240,3200,0,365,4,True,12,0,20,11,0,4,1,29,0,0,1,Peter Zhang,Nancy Wu,2026-06-10T17:00:00Z,26,5,4,3,2,0,,0,1,Article|BreadcrumbList|FAQPage|Organization|Product|WebPage|WebSite
/products/rfid-readers/handheld-uhf-rfid-reader/,products,Handheld UHF RFID Reader — Sled & Pistol-Grip | RFID Reader Supplier | Proud Tek,80,262,3700,0,298,4,True,12,0,14,8,2,4,3,4,0,1,0,Peter Zhang,Nancy Wu,2026-06-11T01:25:48Z,29,14,5,3,2,0,,0,0,Article|BreadcrumbList|FAQPage|Organization|Product|WebPage|WebSite
/products/rfid-readers/,products,Complete guide to RFID readers | Proud Tek,42,120,4086,0,807,8,True,12,1,39,21,10,2,8,27,0,9,1,Peter Zhang,Nancy Wu,2026-07-02,49,0,0,2,2,1,Best,0,0,Article|BreadcrumbList|CollectionPage|FAQPage|Organization|WebSite
/products/rfid-tags/anti-metal-uhf-it-asset-tag/,products,Anti-Metal UHF IT Asset Tag — Ferrite-Backed Rack ID | RFID Tag Manufacturer | Proud Tek,88,258,4639,0,438,5,True,12,1,1,50,21,38,7,3,1,1,0,Peter Zhang,Nancy Wu,2026-07-18,16,5,2,3,1,1,Best,0,0,Article|BreadcrumbList|FAQPage|Organization|Product|WebPage|WebSite
/products/rfid-tags/high-temperature-rfid-tag-200c/,products,High-Temperature RFID Tag 200 °C — Industrial UHF | RFID Tag Manufacturer | Proud Tek,85,256,3843,0,440,4,True,12,2,5,8,21,45,2,5,1,0,2,Nancy Wu,Peter Zhang,2026-07-02,19,10,3,3,1,1,Best,0,2,Article|BreadcrumbList|FAQPage|Organization|Product|WebPage|WebSite
/products/rfid-tags/,products,Complete guide to RFID tags | Proud Tek,39,143,5705,0,800,8,True,12,1,31,17,42,110,16,19,0,3,2,Peter Zhang,Nancy Wu,2026-07-11,168,5,4,2,2,2,Best|best,0,1,Article|BreadcrumbList|CollectionPage|FAQPage|Organization|WebSite
/products/rfid-tags/nfc-pet-tag/,products,NFC PET Tags — Tap-to-Scan Companion-Animal ID | RFID Tag Manufacturer | Proud Tek,82,252,3872,0,475,5,True,12,3,7,15,71,9,1,3,0,0,0,Peter Zhang,Nancy Wu,2026-07-02,18,10,5,3,1,1,Best,0,0,Article|BreadcrumbList|FAQPage|Organization|Product|WebPage|WebSite
/products/rfid-tags/rfid-aircraft-part-tag/,products,RFID Aircraft Part Tags — MRO Lifecycle Traceability | RFID Tag Manufacturer | Proud Tek,88,241,3436,0,333,3,True,12,2,5,6,11,20,6,7,0,0,0,Peter Zhang,Nancy Wu,2026-06-10T17:00:00Z,13,10,3,3,1,0,,0,0,Article|BreadcrumbList|FAQPage|Organization|Product|WebPage|WebSite
/products/rfid-tags/rfid-ammo-can-tag/,products,RFID Ammo Can Tag — Military Ammunition Container ID | RFID Tag Manufacturer | Proud Tek,88,244,4314,0,382,4,True,12,0,2,2,31,21,4,1,0,2,0,Peter Zhang,Nancy Wu,2026-07-17,18,10,1,3,1,0,,0,0,Article|BreadcrumbList|FAQPage|Organization|Product|WebPage|WebSite
/products/rfid-tags/rfid-anchor-bolt-tag/,products,RFID Anchor Bolt Tag — Structural Fastener ID | RFID Tag Manufacturer | Proud Tek,81,228,5156,0,690,6,True,12,5,2,1,22,29,1,4,0,3,0,Peter Zhang,Nancy Wu,2026-07-17,20,10,2,3,1,0,,0,0,Article|BreadcrumbList|FAQPage|Organization|Product|WebPage|WebSite
/products/rfid-tags/rfid-animal-ear-tag/,products,RFID Animal Ear Tags — ISO-Compliant Livestock ID | RFID Tag Manufacturer | Proud Tek,85,228,3213,0,246,3,True,12,1,10,0,2,0,3,10,0,2,0,Peter Zhang,Nancy Wu,2026-06-10T17:00:00Z,15,10,5,3,2,0,,0,0,Article|BreadcrumbList|FAQPage|Organization|Product|WebPage|WebSite
/products/rfid-tags/rfid-anti-metal-tag/,products,RFID Anti-Metal Tags — UHF Tracking On Steel Assets | RFID Tag Manufacturer | Proud Tek,87,212,2829,0,441,6,True,12,1,2,3,7,98,17,17,0,3,0,Peter Zhang,Nancy Wu,2026-06-10T17:00:00Z,27,7,4,3,2,2,Best|best,0,0,Article|BreadcrumbList|FAQPage|Organization|Product|WebPage|WebSite
/products/rfid-tags/rfid-blood-bag-tag/,products,RFID Blood Bag Tags — Blood Guard Tracking & Transfusion Safety | RFID Tag Manufacturer | Proud Tek,99,257,2801,0,464,5,True,6,1,1,7,8,4,2,4,0,1,0,Peter Zhang,Nancy Wu,2026-08-30,15,5,2,3,1,0,,0,0,Article|BreadcrumbList|FAQPage|Organization|Product|WebPage|WebSite
/products/rfid-tags/rfid-bolt-seal/,products,RFID Bolt Seals — High-Security Container Seals | RFID Tag Manufacturer | Proud Tek,83,269,2606,0,450,5,True,12,1,2,4,12,3,5,5,0,2,0,Peter Zhang,Nancy Wu,2026-06-10T17:00:00Z,13,10,6,3,2,2,Leading|best,0,0,Article|BreadcrumbList|FAQPage|Organization|Product|WebPage|WebSite
/products/rfid-tags/rfid-bolt-tag/,products,RFID Bolt Tag — Hex-Bolt UHF For Steel & Bridges | RFID Tag Manufacturer | Proud Tek,84,227,4812,0,487,4,True,12,0,3,3,13,17,7,5,2,0,0,Peter Zhang,Nancy Wu,2026-07-18T00:00:00Z,17,7,1,3,1,0,,0,5,Article|BreadcrumbList|FAQPage|Organization|Product|WebPage|WebSite
/products/rfid-tags/rfid-cable-seal-tag/,products,RFID Cable Seal Tag — Tamper-Evident Bonded Cargo | RFID Tag Manufacturer | Proud Tek,85,250,3644,0,474,7,True,12,3,3,4,21,4,6,8,0,9,0,Peter Zhang,Nancy Wu,2026-07-11,24,9,5,3,1,1,top-tier,0,0,Article|BreadcrumbList|FAQPage|Organization|Product|WebPage|WebSite
/products/rfid-tags/rfid-cable-tie-tag/,products,RFID Cable Tie Tags — Asset ID For Pipes & Cables | RFID Tag Manufacturer | Proud Tek,85,218,2375,0,413,6,True,12,1,2,2,11,31,8,9,1,3,0,Peter Zhang,Nancy Wu,2026-06-10T17:00:00Z,18,9,7,3,2,2,Best|best,0,0,Article|BreadcrumbList|FAQPage|Organization|Product|WebPage|WebSite
/products/rfid-tags/rfid-ceramic-tag/,products,RFID Ceramic Tag — Foundry & Heat-Treat Survivable | RFID Tag Manufacturer | Proud Tek,86,268,4479,0,439,4,True,12,0,4,2,15,50,5,6,1,2,0,Peter Zhang,Nancy Wu,2026-06-10T17:00:00Z,18,7,2,3,1,0,,0,25,Article|BreadcrumbList|FAQPage|Organization|Product|WebPage|WebSite
/products/rfid-tags/rfid-coin-tag/,products,RFID Coin Tag — Small HF/UHF Asset & Loyalty Disc | RFID Tag Manufacturer | Proud Tek,85,246,3594,0,523,8,True,14,2,5,5,21,39,5,5,0,2,0,Nancy Wu,Proud Tek Engineering Team,2026-07-11T17:00:00Z,23,8,6,3,2,1,Best,0,0,Article|BreadcrumbList|FAQPage|Organization|Product|WebPage|WebSite
/products/rfid-tags/rfid-concrete-embed-tag/,products,RFID Concrete Embed Tag — Cast-In UHF For Precast | RFID Tag Manufacturer | Proud Tek,85,267,4180,0,537,7,True,12,3,2,5,19,9,5,12,1,2,0,Peter Zhang,Nancy Wu,2026-07-11,22,12,3,3,1,1,top-tier,0,0,Article|BreadcrumbList|FAQPage|Organization|Product|WebPage|WebSite
/products/rfid-tags/rfid-drum-tag/,products,RFID Drum Tag — UHF For Chemical & Hazmat Drums | RFID Tag Manufacturer | Proud Tek,83,260,4223,0,586,7,True,12,2,0,1,13,17,5,15,0,5,0,Peter Zhang,Nancy Wu,2026-07-11,24,12,4,3,1,0,,0,0,Article|BreadcrumbList|FAQPage|Organization|Product|WebPage|WebSite
/products/rfid-tags/rfid-ear-tag-livestock/,products,RFID Ear Tag Livestock — USDA & EU Herd Traceability | RFID Tag Manufacturer | Proud Tek,88,242,5329,0,602,4,True,12,0,12,1,30,7,4,4,0,4,0,Peter Zhang,Nancy Wu,2026-07-02,16,10,3,3,1,0,,0,0,Article|BreadcrumbList|FAQPage|Organization|Product|WebPage|WebSite
/products/rfid-tags/rfid-epoxy-tag/,products,RFID Epoxy Tag — Industrial Resin Encapsulation | RFID Tag Manufacturer | Proud Tek,83,239,4339,0,449,4,True,12,0,3,3,20,66,5,2,0,1,0,Peter Zhang,Nancy Wu,2026-07-18T00:00:00Z,17,10,5,3,1,1,seamless,0,4,Article|BreadcrumbList|FAQPage|Organization|Product|WebPage|WebSite
/products/rfid-tags/rfid-eyelet-tag/,products,RFID Eyelet Tag — Grommet-Mount For Canvas & Leather | RFID Tag Manufacturer | Proud Tek,88,262,4021,0,537,6,True,14,1,10,7,8,20,5,8,10,5,0,Nancy Wu,Proud Tek Engineering Team,2026-07-12,25,10,5,3,2,0,,0,2,Article|BreadcrumbList|FAQPage|Organization|Product|WebPage|WebSite
/products/rfid-tags/rfid-fire-extinguisher-tag/,products,RFID Fire Extinguisher Tag — Inspection & AHJ Audit | RFID Tag Manufacturer | Proud Tek,87,268,4156,0,701,8,True,12,1,7,6,47,13,4,3,0,4,0,Peter Zhang,Nancy Wu,2026-07-12,18,6,2,3,1,0,,0,0,Article|BreadcrumbList|FAQPage|Organization|Product|WebPage|WebSite
/products/rfid-tags/rfid-fish-tag/,products,RFID Fish Tag (PIT) — Aquaculture & Fisheries ID | RFID Tag Manufacturer | Proud Tek,84,248,3647,0,412,4,True,12,1,3,0,6,0,10,5,0,2,1,Peter Zhang,Nancy Wu,2026-06-10T17:00:00Z,14,10,5,3,1,1,Best,0,0,Article|BreadcrumbList|FAQPage|Organization|Product|WebPage|WebSite
/products/rfid-tags/rfid-flag-tag/,products,RFID Flag Tag — Protruding UHF For Pipe & Rebar | RFID Tag Manufacturer | Proud Tek,83,246,4012,0,532,8,True,12,3,2,10,27,38,14,21,0,1,0,Peter Zhang,Nancy Wu,2026-07-11T10:00:00Z,25,13,6,3,1,1,Seamless,0,0,Article|BreadcrumbList|FAQPage|Organization|Product|WebPage|WebSite
/products/rfid-tags/rfid-gas-cylinder-tag/,products,RFID Gas Cylinder Tags — Fill Tracking & Inventory | RFID Tag Manufacturer | Proud Tek,86,230,2479,0,413,5,True,12,1,1,2,7,19,6,4,0,2,1,Peter Zhang,Nancy Wu,2026-06-10T17:00:00Z,13,9,5,3,2,1,Best,0,0,Article|BreadcrumbList|FAQPage|Organization|Product|WebPage|WebSite
/products/rfid-tags/rfid-glass-capsule-tag/,products,RFID Glass Capsule Tags — PET Microchip & Animal ID | RFID Tag Manufacturer | Proud Tek,87,202,3020,0,226,3,True,12,1,5,0,2,1,4,3,0,3,0,Peter Zhang,Nancy Wu,2026-06-10T17:00:00Z,13,10,7,3,1,0,,0,0,Article|BreadcrumbList|FAQPage|Organization|Product|WebPage|WebSite
/products/rfid-tags/rfid-guard-tour-tag/,products,RFID Guard Tour Checkpoint Tags — Patrol Records | RFID Tag Manufacturer | Proud Tek,84,243,3392,0,281,3,True,12,1,1,12,29,39,2,5,0,5,0,Peter Zhang,Nancy Wu,2026-06-10T17:00:00Z,16,5,2,3,1,1,Best,0,0,Article|BreadcrumbList|FAQPage|Organization|Product|WebPage|WebSite
/products/rfid-tags/rfid-hang-tag/,products,RFID Hang Tag — Item-Level UHF Swing Tag | RFID Tag Manufacturer | Proud Tek,76,229,3861,0,500,6,True,14,1,8,5,19,21,3,11,1,1,0,Peter Zhang,Proud Tek Engineering Team,2026-07-12,25,8,6,3,2,0,,0,0,Article|BreadcrumbList|FAQPage|Organization|Product|WebPage|WebSite
/products/rfid-tags/rfid-helmet-tag/,products,RFID Helmet Tag — PPE Compliance & Inspection ID | RFID Tag Manufacturer | Proud Tek,84,242,4904,0,439,4,True,12,0,2,4,29,14,1,2,0,4,0,Peter Zhang,Nancy Wu,2026-07-02,14,10,2,3,1,0,,0,0,Article|BreadcrumbList|FAQPage|Organization|Product|WebPage|WebSite
/products/rfid-tags/rfid-high-temp-silicone-tag/,products,High-Temp Silicone RFID Tag — Autoclave Survivable | RFID Tag Manufacturer | Proud Tek,86,264,4583,0,427,4,True,12,0,6,6,20,59,6,3,0,1,0,Peter Zhang,Nancy Wu,2026-07-02,18,7,1,3,1,0,,0,9,Article|BreadcrumbList|FAQPage|Organization|Product|WebPage|WebSite
/products/rfid-tags/rfid-high-temperature-ceramic-tag/,products,RFID High-Temperature Ceramic Tags — Ovens To 800 °C | RFID Tag Manufacturer | Proud Tek,88,267,2668,0,474,5,True,12,2,1,4,3,43,2,6,0,3,0,Peter Zhang,Nancy Wu,2026-06-10T17:00:00Z,15,10,4,3,2,0,,0,0,Article|BreadcrumbList|FAQPage|Organization|Product|WebPage|WebSite
/products/rfid-tags/rfid-hose-tag/,products,RFID Hose Tag — Inspection & Test-Record UHF | RFID Tag Manufacturer | Proud Tek,80,233,4216,0,397,4,True,12,0,2,2,22,19,1,1,1,3,0,Peter Zhang,Nancy Wu,2026-07-02,15,10,2,3,1,0,,0,0,Article|BreadcrumbList|FAQPage|Organization|Product|WebPage|WebSite
/products/rfid-tags/rfid-ibc-chemical-drum-tag/,products,RFID IBC & Chemical Drum Tags — Hazmat Tracking | RFID Tag Manufacturer | Proud Tek,83,268,3008,0,434,5,True,12,1,1,4,7,26,5,8,0,2,0,Peter Zhang,Nancy Wu,2026-06-10T17:00:00Z,13,10,4,3,2,0,,0,0,Article|BreadcrumbList|FAQPage|Organization|Product|WebPage|WebSite
/products/rfid-tags/rfid-jewelry-tag/,products,RFID Jewelry Tags — Item-Level High-Value Inventory | RFID Tag Manufacturer | Proud Tek,87,261,3164,0,464,5,True,12,1,1,7,8,15,5,8,0,1,1,Peter Zhang,Nancy Wu,2026-07-02,18,10,6,3,2,1,Best,0,0,Article|BreadcrumbList|FAQPage|Organization|Product|WebPage|WebSite
/products/rfid-tags/rfid-keg-tag/,products,"RFID Keg Tags — Stop Keg Loss, Real-Time Fleet View | RFID Tag Manufacturer | Proud Tek",87,264,3115,0,318,3,True,12,1,4,7,7,18,3,10,0,3,0,Peter Zhang,Nancy Wu,2026-06-10T17:00:00Z,13,10,4,3,1,6,Best|best,0,0,Article|BreadcrumbList|FAQPage|Organization|Product|WebPage|WebSite
/products/rfid-tags/rfid-library-book-tag/,products,"RFID Library Tags — Checkout, Inventory, Anti-Theft | RFID Tag Manufacturer | Proud Tek",87,258,3292,0,507,5,True,12,1,3,9,15,3,3,5,0,1,0,Peter Zhang,Nancy Wu,2026-07-02,20,10,7,3,2,3,Best,0,0,Article|BreadcrumbList|FAQPage|Organization|Product|WebPage|WebSite
/products/rfid-tags/rfid-livestock-leg-band/,products,RFID Livestock Leg Band — Poultry & Dairy Animal ID | RFID Tag Manufacturer | Proud Tek,87,223,5625,0,586,4,True,12,1,12,1,28,11,3,2,0,3,0,Peter Zhang,Nancy Wu,2026-07-17,16,10,3,3,1,3,seamless,0,0,Article|BreadcrumbList|FAQPage|Organization|Product|WebPage|WebSite
/products/rfid-tags/rfid-magnet-mount-tag/,products,RFID Magnet Mount Tag — Repositionable On-Metal UHF | RFID Tag Manufacturer | Proud Tek,87,236,4135,0,448,5,True,12,0,0,2,12,24,1,9,1,6,1,Peter Zhang,Nancy Wu,2026-07-18T00:00:00Z,13,10,3,3,1,1,best,0,5,Article|BreadcrumbList|FAQPage|Organization|Product|WebPage|WebSite
/products/rfid-tags/rfid-manhole-cover-tag/,products,RFID Manhole Cover Tag — Utility Access-Point ID | RFID Tag Manufacturer | Proud Tek,84,263,3497,0,454,6,True,12,0,2,4,21,18,4,9,0,3,0,Peter Zhang,Nancy Wu,2026-06-10T17:00:00Z,21,10,2,3,1,0,,0,0,Article|BreadcrumbList|FAQPage|Organization|Product|WebPage|WebSite
/products/rfid-tags/rfid-mining-asset-tag/,products,RFID Mining Asset Tag — Explosion-Proof UHF | RFID Tag Manufacturer | Proud Tek,79,261,3698,0,528,6,True,12,1,0,3,8,19,5,2,0,2,0,Peter Zhang,Nancy Wu,2026-07-12,20,10,4,3,1,2,top-tier,0,0,Article|BreadcrumbList|FAQPage|Organization|Product|WebPage|WebSite
/products/rfid-tags/rfid-nail-tag/,products,RFID Nail Tag — Hammer-In UHF For Pallets & Timber | RFID Tag Manufacturer | Proud Tek,86,248,4935,0,534,4,True,12,1,2,3,12,42,7,4,0,1,0,Peter Zhang,Nancy Wu,2026-07-18T00:00:00Z,21,12,1,3,1,1,best,0,2,Article|BreadcrumbList|FAQPage|Organization|Product|WebPage|WebSite
/products/rfid-tags/rfid-oil-gas-pipe-tag/,products,RFID Oil & Gas Pipe Tag — Traceable Pipe-Joint ID | RFID Tag Manufacturer | Proud Tek,85,223,4744,0,685,8,True,12,1,4,2,31,29,3,2,0,2,0,Peter Zhang,Nancy Wu,2026-07-12,19,7,0,3,1,1,seamless,0,0,Article|BreadcrumbList|FAQPage|Organization|Product|WebPage|WebSite
/products/rfid-tags/rfid-pallet-runner-tag/,products,RFID Pallet Runner Tag — Embedded UHF For Pooling | RFID Tag Manufacturer | Proud Tek,85,253,3792,0,625,7,True,12,3,3,6,8,10,4,18,1,0,0,Peter Zhang,Nancy Wu,2026-07-11,25,9,7,3,1,0,,0,5,Article|BreadcrumbList|FAQPage|Organization|Product|WebPage|WebSite
/products/rfid-tags/rfid-pallet-tag/,products,RFID Pallet Tags — Dock-Door ID & Warehouse Tracking | RFID Tag Manufacturer | Proud Tek,88,243,2326,0,405,6,True,12,1,3,8,12,19,5,8,0,1,0,Peter Zhang,Nancy Wu,2026-06-10T17:00:00Z,17,9,8,3,2,1,Best,0,0,Article|BreadcrumbList|FAQPage|Organization|Product|WebPage|WebSite
/products/rfid-tags/rfid-parking-token/,products,RFID Parking Token — NFC / UHF Barrier Credential | RFID Tag Manufacturer | Proud Tek,85,265,4821,0,693,7,True,12,1,11,51,121,20,8,7,0,2,0,Peter Zhang,Nancy Wu,2026-07-12,20,12,8,3,1,0,,0,0,Article|BreadcrumbList|FAQPage|Organization|Product|WebPage|WebSite
/products/rfid-tags/rfid-pcb-screw-mount-tag/,products,RFID PCB Screw-Mount Tag — Chassis-Permanent UHF | RFID Tag Manufacturer | Proud Tek,84,258,3796,0,649,7,True,14,1,2,8,15,25,5,10,0,3,0,Peter Zhang,Proud Tek Engineering Team,2026-07-12,23,7,5,3,2,0,,0,0,Article|BreadcrumbList|FAQPage|Organization|Product|WebPage|WebSite
/products/rfid-tags/rfid-pcb-tag/,products,RFID PCB Tag — Thin On-Metal UHF For IT Assets | RFID Tag Manufacturer | Proud Tek,82,247,4036,0,577,7,True,14,1,11,15,17,49,7,17,0,6,0,Peter Zhang,Proud Tek Engineering Team,2026-07-12,23,12,5,3,2,0,,0,0,Article|BreadcrumbList|FAQPage|Organization|Product|WebPage|WebSite
/products/rfid-tags/rfid-pps-laundry-chip/,products,RFID PPS Laundry Chip — Ultra-Small Textile Embed | RFID Tag Manufacturer | Proud Tek,85,262,5626,0,581,4,True,12,0,5,6,19,55,3,8,13,5,1,Nancy Wu,Peter Zhang,2026-07-11,17,10,5,3,1,0,,0,11,Article|BreadcrumbList|FAQPage|Organization|Product|WebPage|WebSite
/products/rfid-tags/rfid-race-timing-tag/,products,RFID Race Timing Tags — Sub-Second Sports Precision | RFID Tag Manufacturer | Proud Tek,87,256,3448,0,258,3,True,12,1,3,7,18,9,1,8,0,3,0,Peter Zhang,Nancy Wu,2026-06-11T01:23:28Z,13,12,3,3,1,4,Best|leading,0,0,Article|BreadcrumbList|FAQPage|Organization|Product|WebPage|WebSite
/products/rfid-tags/rfid-returnable-container-tag/,products,RFID Returnable Container Tags — Cut RTI Loss 50-80% | RFID Tag Manufacturer | Proud Tek,88,267,2576,0,423,5,True,12,1,1,10,11,9,2,8,0,1,0,Peter Zhang,Nancy Wu,2026-06-10T17:00:00Z,14,6,5,3,2,0,,0,0,Article|BreadcrumbList|FAQPage|Organization|Product|WebPage|WebSite
/products/rfid-tags/rfid-screw-tag/,products,RFID Screw Tag — Threaded Screw-Head UHF Asset ID | RFID Tag Manufacturer | Proud Tek,85,247,4401,0,494,5,True,12,0,0,3,11,39,1,7,0,4,1,Peter Zhang,Nancy Wu,2026-07-18T00:00:00Z,16,6,1,3,1,0,,0,4,Article|BreadcrumbList|FAQPage|Organization|Product|WebPage|WebSite
/products/rfid-tags/rfid-silicone-flexible-tag/,products,RFID Silicone Flexible Tag — Bend-to-10 Mm Radius | RFID Tag Manufacturer | Proud Tek,85,262,4614,0,685,7,True,12,6,7,8,20,43,5,10,1,4,0,Nancy Wu,Peter Zhang,2026-07-17,19,6,2,3,1,1,best,0,5,Article|BreadcrumbList|FAQPage|Organization|Product|WebPage|WebSite
/products/rfid-tags/rfid-surgical-instrument-tag/,products,RFID Surgical Instrument Tags — Automated SPD Counts | RFID Tag Manufacturer | Proud Tek,88,260,2909,0,502,5,True,12,2,2,2,3,18,2,9,0,0,0,Peter Zhang,Nancy Wu,2026-07-02,13,12,6,3,1,2,Best,0,0,Article|BreadcrumbList|FAQPage|Organization|Product|WebPage|WebSite
/products/rfid-tags/rfid-tamper-seal-tag/,products,RFID Tamper-Evident Seal Tags — Cargo Audit Trail | RFID Tag Manufacturer | Proud Tek,85,245,3051,0,434,5,True,12,1,3,7,5,6,4,12,0,6,0,Peter Zhang,Nancy Wu,2026-07-02,15,10,7,3,2,0,,0,0,Article|BreadcrumbList|FAQPage|Organization|Product|WebPage|WebSite
/products/rfid-tags/rfid-temperature-sensor-tag/,products,RFID Temperature Sensor Tags — Passive Cold Chain | RFID Tag Manufacturer | Proud Tek,85,206,3209,0,265,3,True,12,1,6,20,4,4,0,7,0,2,0,Peter Zhang,Nancy Wu,2026-06-10T17:00:00Z,13,12,4,3,1,1,Best,0,0,Article|BreadcrumbList|FAQPage|Organization|Product|WebPage|WebSite
/products/rfid-tags/rfid-textile-laundry-tag/,products,RFID Textile Laundry Tags — Sewn-In Linen Tracking | RFID Tag Manufacturer | Proud Tek,86,256,3652,0,760,9,True,12,2,2,6,12,26,6,15,6,3,0,Nancy Wu,Peter Zhang,2026-07-11,25,11,9,3,2,1,Best,0,0,Article|BreadcrumbList|FAQPage|Organization|Product|WebPage|WebSite
/products/rfid-tags/rfid-tire-tag/,products,RFID Tire Tags — Embedded Lifecycle Tire Passport | RFID Tag Manufacturer | Proud Tek,85,257,3620,0,265,3,True,12,1,3,4,9,10,5,5,0,3,0,Peter Zhang,Nancy Wu,2026-06-10T17:00:00Z,14,10,5,3,1,3,Best|leading,0,0,Article|BreadcrumbList|FAQPage|Organization|Product|WebPage|WebSite
/products/rfid-tags/rfid-tool-tag/,products,RFID Tool Tag — FOD-Ready Tool Crib & Shadow Board | RFID Tag Manufacturer | Proud Tek,86,242,4633,0,386,4,True,12,0,2,14,34,24,2,2,0,3,0,Peter Zhang,Nancy Wu,2026-07-17,19,10,2,3,1,0,,0,0,Article|BreadcrumbList|FAQPage|Organization|Product|WebPage|WebSite
/products/rfid-tags/rfid-tool-tracking-tag/,products,RFID Tool Tracking Tag — Calibration & Metrology ID | RFID Tag Manufacturer | Proud Tek,87,259,4256,0,415,4,True,12,0,2,21,28,14,3,2,0,3,0,Peter Zhang,Nancy Wu,2026-07-17,16,5,1,3,1,0,,0,0,Article|BreadcrumbList|FAQPage|Organization|Product|WebPage|WebSite
/products/rfid-tags/rfid-tree-tag/,products,RFID Tree Tag — Forestry & Urban-Tree Inventory ID | RFID Tag Manufacturer | Proud Tek,86,243,3270,0,422,4,True,12,1,3,1,19,12,6,4,0,1,1,Peter Zhang,Nancy Wu,2026-07-02,16,7,0,3,1,1,Best,0,0,Article|BreadcrumbList|FAQPage|Organization|Product|WebPage|WebSite
/products/rfid-tags/rfid-utility-pole-tag/,products,RFID Utility Pole Tag — Electric & Telecom Pole ID | RFID Tag Manufacturer | Proud Tek,86,265,3517,0,470,6,True,12,0,4,3,11,20,2,6,0,1,0,Peter Zhang,Nancy Wu,2026-06-10T17:00:00Z,22,12,2,3,1,0,,0,0,Article|BreadcrumbList|FAQPage|Organization|Product|WebPage|WebSite
/products/rfid-tags/rfid-valve-tag/,products,RFID Valve Tag — Process-Plant Valve ID & LOTO | RFID Tag Manufacturer | Proud Tek,82,250,4117,0,448,5,True,12,1,4,2,31,22,5,2,0,2,0,Peter Zhang,Nancy Wu,2026-07-12,17,7,0,3,1,1,leading,0,0,Article|BreadcrumbList|FAQPage|Organization|Product|WebPage|WebSite
/products/rfid-tags/rfid-waste-bin-tag/,products,RFID Waste Bin Tags — PAYT Billing & Route Analytics | RFID Tag Manufacturer | Proud Tek,88,233,3358,0,290,3,True,12,1,10,4,4,4,3,4,0,2,0,Peter Zhang,Nancy Wu,2026-06-10T17:00:00Z,15,7,3,3,1,0,,0,0,Article|BreadcrumbList|FAQPage|Organization|Product|WebPage|WebSite
/products/rfid-tags/rfid-weapon-tracking-tag/,products,RFID Weapon Tracking Tag — Armory Accountability | RFID Tag Manufacturer | Proud Tek,84,253,4034,0,366,4,True,12,0,2,3,35,11,3,1,1,3,0,Peter Zhang,Nancy Wu,2026-07-02,18,10,2,3,1,0,,0,0,Article|BreadcrumbList|FAQPage|Organization|Product|WebPage|WebSite
/products/rfid-tags/rfid-wedge-tag/,products,RFID Wedge Tag — Clip-On UHF For Pipe & Cable Tray | RFID Tag Manufacturer | Proud Tek,86,248,4361,0,506,5,True,12,0,1,1,11,5,2,2,4,2,2,Peter Zhang,Nancy Wu,2026-07-18T00:00:00Z,15,10,3,3,1,0,,0,0,Article|BreadcrumbList|FAQPage|Organization|Product|WebPage|WebSite
/products/rfid-tags/rfid-zip-tie-tag/,products,RFID Zip Tie Tag — Cable & Harness Identification | RFID Tag Manufacturer | Proud Tek,85,227,2114,0,320,5,True,12,0,1,3,7,14,5,1,1,2,0,Peter Zhang,Nancy Wu,2026-06-10T17:00:00Z,17,9,5,3,2,0,,0,0,Article|BreadcrumbList|FAQPage|Organization|Product|WebPage|WebSite
/products/rfid-tags/uhf-rfid-apparel-hang-tag/,products,UHF RFID Apparel Hang Tags — Retail Source Tagging | RFID Tag Manufacturer | Proud Tek,86,243,2957,0,452,5,True,12,1,2,7,13,5,5,5,0,1,0,Peter Zhang,Nancy Wu,2026-07-02,18,10,8,3,2,3,Best|seamless,0,0,Article|BreadcrumbList|FAQPage|Organization|Product|WebPage|WebSite
/products/rfid-tags/uhf-rfid-hard-tag/,products,UHF RFID Hard Tags — Dual EAS + RFID Anti-Theft | RFID Tag Manufacturer | Proud Tek,83,252,2716,0,498,5,True,12,1,11,12,10,1,1,6,1,2,0,Peter Zhang,Nancy Wu,2026-07-02,13,7,4,3,2,1,unmatched,0,0,Article|BreadcrumbList|FAQPage|Organization|Product|WebPage|WebSite
/products/rfid-tags/uhf-rfid-woven-care-label/,products,UHF RFID Woven Care Labels — Permanent Sewn-In ID | RFID Label Manufacturer | Proud Tek,87,246,2938,0,464,5,True,12,1,1,5,12,2,6,9,12,1,0,Peter Zhang,Nancy Wu,2026-06-10T17:00:00Z,14,10,9,3,2,1,seamlessly,0,0,Article|BreadcrumbList|FAQPage|Organization|Product|WebPage|WebSite
/products/rfid-tags/waterproof-uhf-rfid-outdoor-tag/,products,Waterproof UHF RFID Outdoor Tag — IP68/IP69K Rugged | RFID Tag Manufacturer | Proud Tek,87,242,4319,0,573,5,True,12,3,7,3,28,24,6,9,2,0,0,Peter Zhang,Nancy Wu,2026-07-02,19,10,5,3,1,2,Best,0,0,Article|BreadcrumbList|FAQPage|Organization|Product|WebPage|WebSite
/products/rfid-wristbands/cashless-payment-rfid-wristband/,products,Cashless-Payment RFID Wristbands — DESFire EV3 Bands | RFID Wristband Manufacturer | Proud Tek,94,235,3066,0,531,6,True,12,1,3,4,64,16,0,3,0,1,2,Peter Zhang,Nancy Wu,2026-06-10T17:00:00Z,24,10,5,3,2,2,Best|leading,0,0,Article|BreadcrumbList|FAQPage|Organization|Product|WebPage|WebSite
/products/rfid-wristbands/elastic-rfid-wristband/,products,Elastic RFID Wristbands — Stretch-Fit No-Clasp Bands | RFID Wristband Manufacturer | Proud Tek,94,260,2826,0,404,6,True,12,0,3,2,27,14,2,7,0,0,0,Peter Zhang,Nancy Wu,2026-07-02,23,10,7,3,2,0,,0,0,Article|BreadcrumbList|FAQPage|Organization|Product|WebPage|WebSite
/products/rfid-wristbands/fabric-rfid-wristband/,products,Fabric / Woven RFID Wristbands — Sublimation Print | RFID Wristband Manufacturer | Proud Tek,92,260,2603,0,432,6,True,12,0,5,5,26,33,0,4,0,6,0,Peter Zhang,Nancy Wu,2026-07-18T00:00:00Z,24,8,6,3,2,0,,0,0,Article|BreadcrumbList|FAQPage|Organization|Product|WebPage|WebSite
/products/rfid-wristbands/hospital-patient-id-wristband/,products,RFID Hospital Patient-ID Wristbands — Bedside Scans | RFID Wristband Manufacturer | Proud Tek,93,239,2884,0,427,6,True,12,1,6,5,12,4,3,4,0,0,0,Peter Zhang,Nancy Wu,2026-06-11T11:00:00Z,21,10,6,3,2,1,Best,0,0,Article|BreadcrumbList|FAQPage|Organization|Product|WebPage|WebSite
/products/rfid-wristbands/,products,Complete guide to RFID wristbands | Proud Tek,45,141,3429,0,743,8,True,12,1,33,14,51,75,3,2,0,3,0,Peter Zhang,Nancy Wu,2026-07-02,65,5,4,2,2,1,Best,0,0,Article|BreadcrumbList|CollectionPage|FAQPage|Organization|WebSite
/products/rfid-wristbands/nfc-fitness-wristband/,products,NFC Fitness Wristbands — Tap Check-In & Cashless Gym | RFID Wristband Manufacturer | Proud Tek,94,256,3009,0,464,6,True,12,0,3,3,42,20,0,7,0,1,1,Peter Zhang,Nancy Wu,2026-07-18T00:00:00Z,25,10,5,3,2,1,Best,0,0,Article|BreadcrumbList|FAQPage|Organization|Product|WebPage|WebSite
/products/rfid-wristbands/nfc-medical-alert-wristband/,products,NFC Medical Alert Wristbands — Tap-to-Read Profile | RFID Wristband Manufacturer | Proud Tek,92,226,2902,0,477,6,True,12,0,2,3,22,12,0,3,0,2,0,Peter Zhang,Nancy Wu,2026-07-02,21,10,6,3,2,0,,0,0,Article|BreadcrumbList|FAQPage|Organization|Product|WebPage|WebSite
/products/rfid-wristbands/paper-rfid-wristband/,products,Paper RFID Wristbands — Lowest-Cost Disposable NFC | RFID Wristband Manufacturer | Proud Tek,92,136,2752,0,419,6,True,12,0,5,4,30,99,0,4,0,4,0,Peter Zhang,Nancy Wu,2026-07-18T00:00:00Z,25,10,6,3,2,0,,0,0,Article|BreadcrumbList|FAQPage|Organization|Product|WebPage|WebSite
/products/rfid-wristbands/pvc-rfid-wristband/,products,PVC RFID Wristbands — IP67 Waterproof Snap Closure | RFID Wristband Manufacturer | Proud Tek,92,261,3120,0,512,6,True,12,1,6,2,34,76,0,3,1,0,0,Peter Zhang,Nancy Wu,2026-07-02,23,10,7,3,2,1,Best,0,0,Article|BreadcrumbList|FAQPage|Organization|Product|WebPage|WebSite
/products/rfid-wristbands/rfid-adjustable-silicone-wristband/,products,Adjustable Silicone RFID Wristbands — Watch-Buckle | RFID Wristband Manufacturer | Proud Tek,92,256,2464,0,386,5,True,12,0,15,8,40,33,2,1,0,0,0,Peter Zhang,Nancy Wu,2026-07-18T00:00:00Z,27,5,5,3,2,0,,0,0,Article|BreadcrumbList|FAQPage|Organization|Product|WebPage|WebSite
/products/rfid-wristbands/rfid-child-wristband/,products,RFID Child Safety Wristbands — Parent-Child Pairing | RFID Wristband Manufacturer | Proud Tek,93,269,3072,0,486,6,True,12,0,3,5,14,32,0,3,0,3,0,Peter Zhang,Nancy Wu,2026-07-02,24,10,5,3,2,0,,0,0,Article|BreadcrumbList|FAQPage|Organization|Product|WebPage|WebSite
/products/rfid-wristbands/rfid-nylon-wristband/,products,RFID Nylon Wristbands — Reusable Hotel & Gym Bands | RFID Wristband Manufacturer | Proud Tek,92,239,2622,0,345,6,True,12,0,3,2,23,56,1,5,0,8,0,Nancy Wu,Peter Zhang,2026-07-02,23,5,5,3,2,1,Best,0,0,Article|BreadcrumbList|FAQPage|Organization|Product|WebPage|WebSite
/products/rfid-wristbands/rfid-prison-wristband/,products,RFID Inmate Wristbands — Tamper-Evident Corrections | RFID Wristband Manufacturer | Proud Tek,93,251,2760,0,499,6,True,12,0,3,9,24,3,0,6,0,1,0,Peter Zhang,Nancy Wu,2026-07-02,23,6,5,3,2,0,,0,0,Article|BreadcrumbList|FAQPage|Organization|Product|WebPage|WebSite
/products/rfid-wristbands/rfid-tyvek-wristband/,products,Tyvek RFID Wristbands — Disposable VOID-on-Removal | RFID Wristband Manufacturer | Proud Tek,92,238,2982,0,452,6,True,12,1,6,4,39,61,0,10,0,1,0,Nancy Wu,Peter Zhang,2026-07-18T00:00:00Z,26,10,6,3,2,1,Best,0,0,Article|BreadcrumbList|FAQPage|Organization|Product|WebPage|WebSite
/products/rfid-wristbands/rfid-vinyl-wristband/,products,RFID Vinyl Wristbands — Snap-Lock Multi-Day Bands | RFID Wristband Manufacturer | Proud Tek,91,249,2998,0,387,6,True,12,0,5,7,42,23,0,1,0,4,0,Peter Zhang,Nancy Wu,2026-07-02,22,10,6,3,2,0,,0,0,Article|BreadcrumbList|FAQPage|Organization|Product|WebPage|WebSite
/products/rfid-wristbands/rfid-waterpark-wristband/,products,Water Park RFID Wristbands — IP68 Fully-Submersible | RFID Wristband Manufacturer | Proud Tek,93,247,2996,0,535,6,True,12,0,5,2,34,47,0,5,0,1,0,Peter Zhang,Nancy Wu,2026-07-02,24,10,7,3,2,3,Best,0,0,Article|BreadcrumbList|FAQPage|Organization|Product|WebPage|WebSite
/products/rfid-wristbands/rfid-wristband-qr-nfc/,products,RFID Wristbands With QR + NFC — Hybrid Credential | RFID Wristband Manufacturer | Proud Tek,91,249,2990,0,472,6,True,12,0,4,13,29,48,0,11,0,7,0,Peter Zhang,Nancy Wu,2026-07-02,22,10,6,3,2,0,,0,0,Article|BreadcrumbList|FAQPage|Organization|Product|WebPage|WebSite
/products/rfid-wristbands/silicone-wristband-mifare-classic/,products,Silicone RFID Wristbands — MIFARE Classic & DESFire | RFID Wristband Manufacturer | Proud Tek,93,250,2929,0,479,6,True,12,1,6,4,55,41,2,11,0,1,1,Peter Zhang,Nancy Wu,2026-06-10T17:00:00Z,26,10,8,3,2,0,,0,0,Article|BreadcrumbList|FAQPage|Organization|Product|WebPage|WebSite
/products/rfid-wristbands/uhf-rfid-wristband/,products,UHF RFID Wristbands — Long-Range EPC Gen2 Bands | RFID Wristband Manufacturer | Proud Tek,89,265,2753,0,439,5,True,12,1,20,16,26,25,7,21,2,5,2,Peter Zhang,Nancy Wu,2026-07-18T00:00:00Z,27,6,5,3,2,2,Best|best,0,0,Article|BreadcrumbList|FAQPage|Organization|Product|WebPage|WebSite
/research/2026-rfid-industry-adoption-index/,research,Proud Tek 2026 RFID Industry Adoption Index — N=200 buyer survey across 20 industries,85,118,1894,0,408,5,True,12,1,0,0,0,0,0,2,15,3,0,Peter Zhang,Nancy Wu,2026-06-11T10:00:00Z,13,7,1,3,1,0,,0,0,Article|BreadcrumbList|FAQPage|Organization|WebPage|WebSite
/research/,research,Proud Tek Research — primary RFID and NFC industry studies,58,148,1573,0,366,5,True,12,1,0,0,0,0,0,1,20,3,0,Peter Zhang,Nancy Wu,2026-06-11T10:00:00Z,12,5,1,0,0,0,,0,0,Article|BreadcrumbList|FAQPage|Organization|WebPage|WebSite
/resources/,resources,"Resources hub — RFID & NFC guides, comparisons and vendor compatibility | Proud Tek",83,123,1197,0,248,3,True,8,0,2,3,10,1,0,1,0,0,0,Peter Zhang,Nancy Wu,2026-03-09,36,0,0,3,1,0,,0,0,Article|BreadcrumbList|FAQPage|Organization|WebPage|WebSite
/rfq/,rfq,Request a quote for custom RFID & NFC manufacturing | Proud Tek,63,142,576,0,0,0,False,42,0,3,0,16,2,0,2,0,1,0,,,,2,2,0,0,0,0,,0,0,BreadcrumbList|Organization|WebPage|WebSite
/sample-pack/,sample-pack,"Free RFID & NFC Sample Pack — Cards, Tags & Labels | Proud Tek",62,115,2815,0,442,6,True,12,1,18,9,86,15,1,21,0,1,1,Peter Zhang,Nancy Wu,2026-07-13,28,4,4,5,2,0,,0,0,Article|BreadcrumbList|FAQPage|Organization|WebPage|WebSite
/solutions/digital-product-passport/,solutions,"Digital Product Passport (2026): EU ESPR 2024/1781 Implementation — Textiles 2027, Batteries Feb 2027, GS1 Digital Link, CIRPASS-2 Reference Architecture, NTAG 424 DNA Procurement Guide | Proud Tek Blog",202,148,4351,0,730,8,True,21,2,0,0,33,1,0,0,0,2,0,Peter Zhang,Nancy Wu,2026-06-11T11:00:00Z,27,20,13,3,1,0,,0,0,Article|BreadcrumbList|FAQPage|Organization|WebPage|WebSite
/solutions/google-review-cards-for-checkout-counters/,solutions,Google Review NFC Cards for Checkout Counters | Proud Tek Blog,62,128,5599,0,717,8,True,12,0,1,1,4,7,0,0,0,15,0,Peter Zhang,Nancy Wu,2026-06-10T18:00:00Z,20,23,2,2,2,10,Best|best,0,0,Article|BreadcrumbList|FAQPage|HowTo|Organization|WebPage|WebSite
/solutions/google-review-cards-for-clinics/,solutions,Google Review NFC Cards for Clinics — HIPAA-Aware | Proud Tek Blog,66,136,5771,0,864,8,True,12,0,0,0,6,10,0,0,0,14,0,Peter Zhang,Nancy Wu,2026-07-02,22,22,3,2,2,5,Best|best,0,0,Article|BreadcrumbList|FAQPage|HowTo|Organization|WebPage|WebSite
/solutions/google-review-cards-for-front-desks/,solutions,Google Review NFC Cards for Front Desks | Proud Tek Blog,56,122,5027,0,739,8,True,12,0,0,1,4,34,0,0,0,12,0,Peter Zhang,Nancy Wu,2026-07-02,23,20,3,2,2,6,Best|best,1,0,Article|BreadcrumbList|FAQPage|HowTo|Organization|WebPage|WebSite
/solutions/google-review-cards-for-gyms-and-fitness-studios/,solutions,Google Review NFC Cards for Gyms & Studios | Proud Tek Blog,59,154,5070,0,765,8,True,12,0,0,0,7,8,0,0,0,3,0,Peter Zhang,Nancy Wu,2026-06-10T18:00:00Z,21,21,1,2,2,8,Best|best,0,0,Article|BreadcrumbList|FAQPage|HowTo|Organization|WebPage|WebSite
/solutions/google-review-cards-for-hotels/,solutions,Google Review NFC Cards for Hotels | Proud Tek Blog,51,123,5280,0,1417,8,True,12,0,0,1,8,27,0,0,0,3,0,Peter Zhang,Nancy Wu,2026-07-02,22,20,4,2,2,9,Best|Premier|best,0,0,Article|BreadcrumbList|FAQPage|HowTo|Organization|WebPage|WebSite
/solutions/google-review-cards-for-pickup-counters/,solutions,Google Review NFC Cards for Pickup Counters | Proud Tek Blog,60,132,5192,0,798,8,True,12,0,0,0,6,14,0,0,0,12,0,Peter Zhang,Nancy Wu,2026-07-02,20,21,2,2,2,6,Best|best,0,0,Article|BreadcrumbList|FAQPage|HowTo|Organization|WebPage|WebSite
/solutions/google-review-cards-for-restaurants/,solutions,Google Review NFC Cards for Restaurants | Proud Tek Blog,56,128,5589,0,1125,7,True,12,0,0,1,8,19,0,1,0,6,0,Peter Zhang,Nancy Wu,2026-07-02,23,17,4,2,2,4,Best|best,0,0,Article|BreadcrumbList|FAQPage|HowTo|Organization|WebPage|WebSite
/solutions/google-review-cards-for-retail-stores/,solutions,Google Review NFC Cards for Retail Stores | Proud Tek Blog,58,120,5768,0,1333,8,True,12,0,0,1,7,20,0,0,0,3,0,Peter Zhang,Nancy Wu,2026-07-02,20,21,4,2,2,18,Best|best|leading,0,0,Article|BreadcrumbList|FAQPage|HowTo|Organization|WebPage|WebSite
/solutions/google-review-cards-for-salons-and-spas/,solutions,Google Review NFC Cards for Salons & Spas | Proud Tek Blog,58,151,5516,0,808,8,True,12,0,0,0,6,15,0,0,0,4,0,Peter Zhang,Nancy Wu,2026-06-10T18:00:00Z,21,20,2,2,2,9,Best|best,0,0,Article|BreadcrumbList|FAQPage|HowTo|Organization|WebPage|WebSite
/solutions/google-review-cards-for-tabletop-prompts/,solutions,Google Review NFC Tabletop Prompts | Proud Tek Blog,51,150,5440,0,695,6,True,12,0,0,3,8,25,0,0,0,5,0,Peter Zhang,Nancy Wu,2026-06-10T18:00:00Z,25,22,5,2,2,5,Best|best,0,0,Article|BreadcrumbList|FAQPage|HowTo|Organization|WebPage|WebSite
/solutions/google-review-nfc-card/,solutions,Google Review NFC Cards — Tap-to-Review Programme | Proud Tek Blog,66,147,5316,0,929,9,True,12,3,1,2,36,35,1,2,1,11,0,Peter Zhang,Nancy Wu,2026-07-02,42,22,1,3,1,5,Best|best|leading,0,0,Article|BreadcrumbList|FAQPage|Organization|WebPage|WebSite
/solutions/hotel-key-cards/,solutions,"Hotel Key Cards — Lock-Compatible RFID (MIFARE, DESFire) | Proud Tek Blog",73,151,5460,0,994,9,True,12,1,4,13,106,50,1,9,0,1,0,Peter Zhang,Nancy Wu,2026-06-11T11:00:00Z,51,23,3,2,2,1,best,0,0,Article|BreadcrumbList|FAQPage|HowTo|Organization|WebPage|WebSite
/solutions/hotel-rfid-access-control/,solutions,Hotel RFID Access Control — Whole-Property Guide | Proud Tek Blog,65,153,5243,0,1099,9,True,12,3,14,4,19,0,2,25,0,1,0,Peter Zhang,Nancy Wu,2026-06-10T18:00:00Z,35,22,0,2,2,0,,0,0,Article|BreadcrumbList|FAQPage|Organization|WebPage|WebSite
/solutions/,solutions,Proud Tek RFID & NFC Solutions — 37 use-case landing pages,58,157,1213,0,0,0,False,18,0,0,0,12,2,0,0,0,0,0,,,,37,0,0,0,0,0,,0,0,BreadcrumbList|CollectionPage
/solutions/nfc-brand-authentication/,solutions,"NFC Brand Authentication (2026): Mass-Market NTAG 424 DNA SUN + NTAG 213 TagTamper for Apparel, Sneakers, Electronics, Cosmetics, Food, Pharma — OECD $467B Counterfeit Market, EU DPP Readiness, GS1 Sunrise 2027 | Proud Tek Blog",227,144,5463,0,950,9,True,27,2,2,3,80,17,1,3,0,4,0,Peter Zhang,Nancy Wu,2026-06-11T11:00:00Z,30,22,12,3,1,0,,0,0,Article|BreadcrumbList|FAQPage|Organization|WebPage|WebSite
/solutions/nfc-business-card-programs/,solutions,NFC Business Card Programs — Enterprise Rollout | Proud Tek Blog,64,90,4186,0,725,8,True,12,2,0,0,22,25,0,0,0,1,0,Peter Zhang,Nancy Wu,2026-06-10T18:00:00Z,33,20,3,3,1,0,,0,0,Article|BreadcrumbList|FAQPage|Organization|WebPage|WebSite
/solutions/nfc-business-card/,solutions,"NFC Business Cards — Custom Chip, Material & Encoding | Proud Tek Blog",70,150,4968,0,992,9,True,12,2,3,5,74,69,4,3,0,9,0,Peter Zhang,Nancy Wu,2026-06-10T18:00:00Z,38,21,6,2,2,4,Best,0,0,Article|BreadcrumbList|FAQPage|HowTo|Organization|WebPage|WebSite
/solutions/nfc-luxury-authentication/,solutions,NFC Luxury Authentication (2026): NTAG 424 DNA SUN + Tamper-Tag (TT) + EU Digital Product Passport (ESPR 2024/1781) + Aura Blockchain / Arianee / VeChain Procurement Guide | Proud Tek Blog,188,147,5373,0,1057,9,True,23,2,0,0,45,8,1,0,0,6,0,Peter Zhang,Nancy Wu,2026-07-11,29,24,10,3,1,6,Best|best|leading,0,0,Article|BreadcrumbList|FAQPage|Organization|WebPage|WebSite
/solutions/rfid-access-control/,solutions,"RFID Access Control — Cards, Fobs & Readers | Proud Tek Blog",60,147,7137,0,821,8,True,12,5,28,8,107,12,1,16,0,3,1,Peter Zhang,Nancy Wu,2026-07-11,39,19,3,2,2,2,best|leading,0,0,Article|BreadcrumbList|FAQPage|HowTo|Organization|WebPage|WebSite
/solutions/rfid-asset-tracking-labels/,solutions,"RFID Asset Tracking Labels (2026): IT Assets, Lab Equipment, Fleet, Returnable Containers — Impinj M730/M750/M800/M850, NXP UCODE 9, GS1 GIAI-96, ServiceNow ITAM + SAP PM + IBM Maximo Procurement Guide | Proud Tek Blog",218,129,4241,0,751,8,True,25,2,5,14,40,59,0,9,0,1,0,Peter Zhang,Nancy Wu,2026-05-11,33,21,9,3,1,2,best,0,0,Article|BreadcrumbList|FAQPage|HowTo|Organization|WebPage|WebSite
/solutions/rfid-attendance-system/,solutions,RFID Attendance System — HR & Payroll Sync | Proud Tek Blog,59,146,6838,0,783,8,True,12,0,11,5,57,19,0,11,0,3,0,Peter Zhang,Nancy Wu,2026-07-02,21,21,6,2,1,1,Best,0,0,Article|BreadcrumbList|FAQPage|HowTo|Organization|WebPage|WebSite
/solutions/rfid-event-access-control/,solutions,RFID Event Access Control — Festivals to Stadiums | Proud Tek Blog,66,152,5678,0,1203,8,True,12,0,1,3,61,37,0,4,0,2,1,Peter Zhang,Nancy Wu,2026-06-10T18:00:00Z,26,21,4,2,2,2,Premier|superior,0,0,Article|BreadcrumbList|FAQPage|HowTo|Organization|WebPage|WebSite
/solutions/rfid-event-wristbands/,solutions,"RFID Event Wristbands — Chip, Material & Cashless Guide | Proud Tek Blog",72,150,5452,0,890,9,True,12,3,5,5,67,88,0,6,0,7,0,Peter Zhang,Nancy Wu,2026-06-11T11:00:00Z,38,26,5,2,2,3,Best|Leading|leading,0,0,Article|BreadcrumbList|FAQPage|HowTo|Organization|WebPage|WebSite
/solutions/rfid-inventory-tracking/,solutions,RFID Inventory Tracking — Retail Cycle Counting | Proud Tek Blog,64,134,3926,0,564,8,True,12,2,5,13,8,6,1,4,0,0,0,Peter Zhang,Nancy Wu,2026-06-11T11:00:00Z,34,20,7,3,1,2,Leading|leading,0,1,Article|BreadcrumbList|FAQPage|HowTo|Organization|WebPage|WebSite
/solutions/rfid-keyfobs-access-control/,solutions,"RFID Keyfobs for Access Control (2026): HID iCLASS Seos / MIFARE DESFire EV3 / SALTO Neo / Schlage / Aliro 1.0 Compatibility, Commercial Office + Multi-Tenant + Gym Procurement Guide | Proud Tek Blog",199,140,3932,0,700,8,True,24,3,16,3,69,23,0,11,0,3,0,Peter Zhang,Nancy Wu,2026-07-02,28,19,2,2,2,0,,0,0,Article|BreadcrumbList|FAQPage|Organization|WebPage|WebSite
/solutions/rfid-laundry-management/,solutions,RFID Laundry Management — One Thread Across the Wash Cycle | Proud Tek Blog,75,147,2853,0,630,5,True,12,0,1,3,0,27,0,12,1,0,0,Peter Zhang,Nancy Wu,2026-07-11,21,13,4,2,2,0,,0,0,Article|BreadcrumbList|FAQPage|Organization|WebPage|WebSite
/solutions/rfid-laundry-tags/,solutions,"RFID Laundry Tags (2026): PPS / Silicone / Textile Decision Matrix — ISO 15797, TRSA Hygienically Clean, UCODE 9 / ICODE SLIX2, ANSI/AAMI ST79 Procurement Guide | Proud Tek Blog",177,138,4320,0,797,9,True,22,3,6,5,43,49,2,20,9,2,0,Nancy Wu,Peter Zhang,2026-06-09T13:33:07Z,26,23,6,2,2,6,Best|best,0,0,Article|BreadcrumbList|FAQPage|Organization|WebPage|WebSite
/solutions/rfid-laundry-tracking/,solutions,"RFID Laundry Tracking — Item-Level Lifecycle, 20–40% Linen-Loss Reduction + TRSA / EU ESPR DPP Compliance | Proud Tek Blog",122,150,5705,0,638,6,True,14,0,1,4,6,23,1,18,2,0,0,Nancy Wu,Peter Zhang,2026-07-11,14,20,12,2,1,4,Premier,0,0,Article|BreadcrumbList|FAQPage|HowTo|Organization|WebPage|WebSite
/solutions/rfid-library-management/,solutions,RFID Library Management — ISO 28560 Tags | Proud Tek Blog,57,134,5866,0,794,7,True,12,0,4,3,30,1,1,8,0,1,0,Peter Zhang,Nancy Wu,2026-07-02,13,20,9,2,1,0,,0,1,Article|BreadcrumbList|FAQPage|HowTo|Organization|WebPage|WebSite
/solutions/rfid-parking-management/,solutions,RFID Parking Management — UHF Windshield Tags | Proud Tek Blog,62,122,5457,0,1166,8,True,12,0,5,7,23,8,6,5,2,1,0,Peter Zhang,Nancy Wu,2026-07-02,18,19,7,2,1,4,Best|best,0,0,Article|BreadcrumbList|FAQPage|HowTo|Organization|WebPage|WebSite
/solutions/rfid-patient-tracking/,solutions,RFID Patient Tracking — Hospital ID Wristbands | Proud Tek Blog,63,135,4997,0,625,7,True,12,0,2,2,2,15,1,2,0,1,1,Peter Zhang,Nancy Wu,2026-06-11T11:00:00Z,18,21,9,2,1,1,Best,0,0,Article|BreadcrumbList|FAQPage|HowTo|Organization|WebPage|WebSite
/solutions/rfid-race-timing/,solutions,RFID Race Timing — UHF Bib & Shoe Tags | Proud Tek Blog,55,153,5571,0,624,6,True,12,0,8,1,4,2,0,4,0,0,1,Peter Zhang,Nancy Wu,2026-06-10T18:00:00Z,12,23,3,2,1,1,best,0,2,Article|BreadcrumbList|FAQPage|HowTo|Organization|WebPage|WebSite
/solutions/rfid-readers-and-encoding/,solutions,RFID Readers and Card Encoding — Buyer's Guide | Proud Tek Blog,63,138,6030,0,700,6,True,12,0,59,18,46,2,3,12,0,0,0,Peter Zhang,Nancy Wu,2026-07-02,29,21,10,2,2,2,Best|best,0,0,Article|BreadcrumbList|FAQPage|HowTo|Organization|WebPage|WebSite
/solutions/rfid-supply-chain-management/,solutions,"RFID Supply Chain Management — Tags, Readers & GS1 EPCIS | Proud Tek Blog",73,141,7518,0,1000,9,True,12,0,1,9,7,12,1,3,0,2,0,Peter Zhang,Nancy Wu,2026-08-30,22,22,11,2,1,0,,0,1,Article|BreadcrumbList|FAQPage|HowTo|Organization|WebPage|WebSite
/solutions/rfid-tool-tracking/,solutions,RFID Tool Tracking — Calibration & FOD Control | Proud Tek Blog,63,148,5872,0,739,7,True,12,0,1,14,1,52,5,7,0,0,0,Peter Zhang,Nancy Wu,2026-07-02,14,20,6,2,1,3,Best|best,0,0,Article|BreadcrumbList|FAQPage|HowTo|Organization|WebPage|WebSite
/solutions/rfid-warehouse-management/,solutions,RFID Warehouse Management — UHF Receiving & Picking | Proud Tek Blog,68,100,4270,0,727,8,True,12,4,6,14,21,23,2,12,0,0,0,Peter Zhang,Nancy Wu,2026-06-11T11:00:00Z,36,20,8,3,1,2,Best,0,1,Article|BreadcrumbList|FAQPage|HowTo|Organization|WebPage|WebSite
/solutions/vehicle-rfid-identification/,solutions,Vehicle RFID Identification — Parking to Tolling | Proud Tek Blog,65,145,5203,0,1020,7,True,12,0,8,22,4,11,6,8,0,0,1,Peter Zhang,Nancy Wu,2026-07-02,19,17,6,2,2,0,,0,0,Article|BreadcrumbList|FAQPage|HowTo|Organization|WebPage|WebSite
/tools/rfid-tag-cost-estimator/,tools,RFID & NFC cost estimator | Proud Tek,37,153,413,0,0,0,False,50,1,0,0,11,8,0,1,0,2,0,,,,7,0,0,1,1,0,,0,0,BreadcrumbList|Organization|WebPage|WebSite
