URL,Status,Indexability,Google coverage (URL Inspection 2026-09-02),Last crawl (Google),Canonical,Page type,Primary entity (H1),Primary intent,Main words,SVG words,Collapsed <details> words,Internal inlinks (all),Internal inlinks (in-content),Outlinks internal,Outlinks external,Schema,Last modified (sitemap),dateModified (JSON-LD),Duplicate cluster,Conversion action,Title len,Desc len,og:image,Risk,Recommendation
/,200,indexable,Submitted and indexed,2026-09-02,https://proudtek.com/,home,Custom RFID & NFC Manufacturer in China,navigational,1446,0,0,543,1,26,0,Article|FAQPage|Organization|VideoObject|WebPage|WebSite,2026-03-16,2026-06-10T18:00:00Z,,"/contact/,/rfq/,/sample-pack/",62,149,.jpg,competing CTAs; title>60,IMPROVE
/2024/12/22/rfid-laundry-tags/,built but edge-301→/solutions/rfid-laundry-tags/,noindex (canonical→/solutions/rfid-laundry-tags/),n/a (noindex),,https://proudtek.com/solutions/rfid-laundry-tags/,legacy-post,This page has moved,legacy,81,0,0,0,0,2,0,,,,T-dup,/contact/laundry-rfid/,50,143,.png,,KEEP (legacy: noindex+canonical+edge 301; file is dead weight)
/2024/12/24/rfid-event-wristband/,built but edge-301→/solutions/rfid-event-access-control/,noindex (canonical→/solutions/rfid-event-access-control/),n/a (noindex),,https://proudtek.com/solutions/rfid-event-access-control/,legacy-post,This page has moved,legacy,79,0,0,0,0,2,0,,,,,/contact/event-rfid/,50,130,.png,,KEEP (legacy: noindex+canonical+edge 301; file is dead weight)
/2024/12/24/rfid-wooden-card/,built but edge-301→/compare/metal-vs-wood-vs-pvc-nfc-business-cards/,noindex (canonical→/compare/metal-vs-wood-vs-pvc-nfc-business-cards/),n/a (noindex),,https://proudtek.com/compare/metal-vs-wood-vs-pvc-nfc-business-cards/,legacy-post,This page has moved,legacy,81,0,0,0,0,2,0,,,,,/contact/nfc-branding-cards/,58,147,.png,,KEEP (legacy: noindex+canonical+edge 301; file is dead weight)
/2024/12/25/rfid-hotel-key-card/,built but edge-301→/solutions/hotel-key-cards/,noindex (canonical→/solutions/hotel-key-cards/),n/a (noindex),,https://proudtek.com/solutions/hotel-key-cards/,legacy-post,This page has moved,legacy,80,0,0,0,0,2,0,,,,T-dup,/contact/hotel-rfid/,53,137,.png,,KEEP (legacy: noindex+canonical+edge 301; file is dead weight)
/2025/11/04/mifare_plus_card/,built but edge-301→/compare/mifare-plus-ev2-vs-desfire-ev3/,noindex (canonical→/compare/mifare-plus-ev2-vs-desfire-ev3/),n/a (noindex),,https://proudtek.com/compare/mifare-plus-ev2-vs-desfire-ev3/,legacy-post,This page has moved,legacy,83,0,0,0,0,2,0,,,,,/contact/custom-rfid-cards/,49,146,.png,,KEEP (legacy: noindex+canonical+edge 301; file is dead weight)
/404.html,200,noindex (canonical→/404/),n/a (noindex),,https://proudtek.com/404/,error,Page not found,n/a,48,0,0,0,0,11,0,,,,,/contact/,26,124,.jpg,,KEEP (intentional noindex)
/about/,200,indexable,Crawled - currently not indexed,2026-05-08,https://proudtek.com/about/,about,About Proud Tek,trust,2524,0,481,536,5,13,5,AboutPage|Article|BreadcrumbList|FAQPage|Organization|WebSite,2026-07-11,2026-07-11T18:00:00Z,,"/contact/,/rfq/",15,132,.jpg,,KEEP
/about/certifications/,200,indexable,Discovered - currently not indexed,,https://proudtek.com/about/certifications/,about,Proud Tek Certifications,trust,2217,0,456,539,16,10,7,Article|BreadcrumbList|FAQPage|Organization|WebPage|WebSite,2026-08-11,2026-08-11T00:00:00Z,,"/contact/,/rfq/",101,109,.svg,title>60; og:image SVG,IMPROVE
/about/corrections/,200,indexable,Discovered - currently not indexed,,https://proudtek.com/about/corrections/,about,Corrections Log,trust,1098,0,206,536,7,4,0,Article|BreadcrumbList|FAQPage|Organization|WebPage|WebSite,2026-04-17,2026-04-17,,,27,89,.webp,no CTA in content,IMPROVE
/about/disclosures/,200,indexable,Discovered - currently not indexed,,https://proudtek.com/about/disclosures/,about,Disclosures & Affiliations,trust,1377,0,221,536,8,5,0,Article|BreadcrumbList|FAQPage|Organization|WebPage|WebSite,2026-07-05,2026-07-05,,,38,146,.svg,no CTA in content; og:image SVG,IMPROVE
/about/editorial-policy/,200,indexable,Discovered - currently not indexed,,https://proudtek.com/about/editorial-policy/,about,Editorial Policy,trust,1266,0,181,536,6,4,0,Article|BreadcrumbList|FAQPage|Organization|WebPage|WebSite,2026-04-17,2026-04-17,,,28,147,.webp,no CTA in content,IMPROVE
/about/factory/,200,indexable,Discovered - currently not indexed,,https://proudtek.com/about/factory/,about,Inside the Proud Tek Factory,trust,1971,0,331,539,16,9,3,Article|BreadcrumbList|FAQPage|Organization|WebPage|WebSite,2026-07-11,2026-07-11T11:00:00Z,,"/contact/,/rfq/",49,147,.webp,,KEEP
/about/leadership/,200,indexable,Discovered - currently not indexed,,https://proudtek.com/about/leadership/,about,Proud Tek Leadership and Engineering Team,trust,1804,0,288,536,1,8,1,Article|BreadcrumbList|FAQPage|Organization|WebPage|WebSite,2026-05-12,2026-05-12,,"/contact/,/rfq/",41,148,.svg,og:image SVG,IMPROVE
/about/methodology/,200,indexable,Discovered - currently not indexed,,https://proudtek.com/about/methodology/,about,Testing Methodology,trust,1436,0,233,536,7,8,0,Article|BreadcrumbList|FAQPage|Organization|WebPage|WebSite,2026-06-11,2026-06-11T11:00:00Z,,,31,106,.svg,no CTA in content; og:image SVG,IMPROVE
/about/privacy-policy/,200,indexable,Discovered - currently not indexed,,https://proudtek.com/about/privacy-policy/,about,Privacy Policy,trust,1259,0,173,536,1,5,0,Article|BreadcrumbList|FAQPage|Organization|WebPage|WebSite,2026-07-05,2026-07-05T00:00:00Z,,/rfq/,26,151,.svg,og:image SVG,IMPROVE
/about/review-board/,200,indexable,Discovered - currently not indexed,,https://proudtek.com/about/review-board/,about,Editorial & Review Board,trust,1593,0,245,539,514,5,0,Article|BreadcrumbList|FAQPage|Organization|WebPage|WebSite,2026-06-10,2026-06-10,,,36,95,.webp,no CTA in content,IMPROVE
/about/terms-of-use/,200,indexable,Discovered - currently not indexed,,https://proudtek.com/about/terms-of-use/,about,Terms of Use,trust,1385,0,170,536,1,5,0,Article|BreadcrumbList|FAQPage|Organization|WebPage|WebSite,2026-07-05,2026-07-05T00:00:00Z,,/rfq/,24,143,.svg,og:image SVG,IMPROVE
/blog/,200,indexable,Submitted and indexed,2026-08-30,https://proudtek.com/blog/,blog-index,RFID & NFC Knowledge Base,informational,3384,0,0,537,2,113,0,Blog|BreadcrumbList,2026-03-16,,,,59,153,,no CTA in content,IMPROVE
/blog/access-card-copied-security-upgrade/,200,indexable,Discovered - currently not indexed,,https://proudtek.com/blog/access-card-copied-security-upgrade/,blog-post,Access Card Copied? How to Upgrade Security,informational,2303,0,419,67,5,10,4,Article|BreadcrumbList|FAQPage|Organization|WebPage|WebSite,2026-07-07,2026-07-07,,"/contact/access-control-keyfobs/,/rfq/",60,150,.svg,og:image SVG,IMPROVE
/blog/ai-rfid-inventory-management/,200,indexable,Discovered - currently not indexed,,https://proudtek.com/blog/ai-rfid-inventory-management/,blog-post,AI and RFID Inventory Management for Retail,informational,2534,0,543,44,3,7,4,Article|BreadcrumbList|FAQPage|Organization|WebPage|WebSite,2026-07-08,2026-07-08,,"/contact/rfid-labels-tags/,/rfq/",60,138,.svg,og:image SVG,IMPROVE
/blog/anti-counterfeit-nfc-luxury-bags/,200,indexable,Discovered - currently not indexed,,https://proudtek.com/blog/anti-counterfeit-nfc-luxury-bags/,blog-post,Anti-Counterfeit NFC for Luxury Bags,informational,2128,0,372,39,5,6,2,Article|BreadcrumbList|FAQPage|Organization|WebPage|WebSite,2026-07-06,2026-07-06,,"/contact/nfc-branding-cards/,/rfq/",53,104,.svg,og:image SVG,IMPROVE
/blog/anti-counterfeiting-rfid-events/,200,indexable,Discovered - currently not indexed,,https://proudtek.com/blog/anti-counterfeiting-rfid-events/,blog-post,Anti-Counterfeiting RFID Solutions for Events,informational,2314,0,405,9,4,10,5,Article|BreadcrumbList|FAQPage|Organization|WebPage|WebSite,2026-07-09,2026-07-09T12:00:00Z,,"/contact/event-rfid/,/rfq/",62,136,.svg,title>60; og:image SVG,IMPROVE
/blog/autoclave-compatible-rfid-tags-sterile-environments/,200,indexable,Discovered - currently not indexed,,https://proudtek.com/blog/autoclave-compatible-rfid-tags-sterile-environments/,blog-post,Autoclave-Compatible RFID Tags,informational,2092,0,453,4,4,8,2,Article|BreadcrumbList|FAQPage|Organization|WebPage|WebSite,2026-07-07,2026-07-07T12:00:00Z,,"/contact/rfid-labels-tags/,/rfq/",63,123,.svg,title>60; og:image SVG,IMPROVE
/blog/barcode-labels-peeling-warehouse-rfid-solution/,200,indexable,Discovered - currently not indexed,,https://proudtek.com/blog/barcode-labels-peeling-warehouse-rfid-solution/,blog-post,Warehouse Barcode Labels Peeling? The RFID Fix,informational,2072,0,466,10,3,10,4,Article|BreadcrumbList|FAQPage|Organization|WebPage|WebSite,2026-07-09,2026-07-09T18:00:00Z,,"/contact/rfid-labels-tags/,/rfq/",63,150,.svg,title>60; og:image SVG,IMPROVE
/blog/best-rfid-card-for-hotels/,200,indexable,Discovered - currently not indexed,,https://proudtek.com/blog/best-rfid-card-for-hotels/,blog-post,What Is the Best RFID Card for Hotels?,informational,2854,0,517,8,7,11,7,Article|BreadcrumbList|FAQPage|Organization|WebPage|WebSite,2026-07-10,2026-07-10T12:00:00Z,,"/contact/hotel-rfid/,/rfq/",55,151,.svg,og:image SVG,IMPROVE
/blog/brand-protection-rfid-spot-counterfeits/,200,indexable,Discovered - currently not indexed,,https://proudtek.com/blog/brand-protection-rfid-spot-counterfeits/,blog-post,Brand Protection RFID,informational,2073,0,376,7,3,7,2,Article|BreadcrumbList|FAQPage|HowTo|Organization|WebPage|WebSite,2026-07-07,2026-07-07,,"/contact/nfc-branding-cards/,/rfq/",62,92,.svg,title>60; og:image SVG,IMPROVE
/blog/case-study-3pl-rfid-99-percent-inventory-accuracy/,200,indexable,Submitted and indexed,2026-07-09,https://proudtek.com/blog/case-study-3pl-rfid-99-percent-inventory-accuracy/,blog-post,Case Study,informational,2349,0,467,9,5,9,2,Article|BreadcrumbList|FAQPage|Organization|WebPage|WebSite,2026-07-07,2026-07-07T10:00:00Z,,"/contact/rfid-labels-tags/,/rfq/",62,149,.jpg,title>60,IMPROVE
/blog/case-study-apparel-brand-walmart-rfid-mandate-99-read-rate/,200,indexable,Discovered - currently not indexed,,https://proudtek.com/blog/case-study-apparel-brand-walmart-rfid-mandate-99-read-rate/,blog-post,Case Study,informational,2551,0,446,12,8,8,2,Article|BreadcrumbList|FAQPage|HowTo|Organization|WebPage|WebSite,2026-06-11,2026-06-11T10:00:00Z,,"/contact/rfid-labels-tags/,/rfq/",61,147,.jpg,title>60,IMPROVE
/blog/case-study-boutique-hotel-rfid-keycard-cost-reduction/,200,indexable,Discovered - currently not indexed,,https://proudtek.com/blog/case-study-boutique-hotel-rfid-keycard-cost-reduction/,blog-post,Case Study,informational,2275,0,439,7,3,9,2,Article|BreadcrumbList|FAQPage|Organization|WebPage|WebSite,2026-07-07,2026-07-07,,"/contact/hotel-rfid/,/contact/nfc-branding-cards/,/rfq/",61,110,.svg,competing CTAs; title>60; og:image SVG,IMPROVE
/blog/case-study-regional-hospital-rfid-surgical-sponge-rss-prevention/,200,indexable,Discovered - currently not indexed,,https://proudtek.com/blog/case-study-regional-hospital-rfid-surgical-sponge-rss-prevention/,blog-post,Case Study,informational,2293,0,353,8,4,9,2,Article|BreadcrumbList|FAQPage|Organization|WebPage|WebSite,2026-07-07,2026-07-07T10:00:00Z,,"/contact/rfid-labels-tags/,/rfq/",60,153,.svg,og:image SVG,IMPROVE
/blog/case-study-restaurant-group-nfc-review-cards-google-reviews-320-percent/,200,indexable,Discovered - currently not indexed,,https://proudtek.com/blog/case-study-restaurant-group-nfc-review-cards-google-reviews-320-percent/,blog-post,Case Study,informational,1870,0,307,7,3,8,2,Article|BreadcrumbList|FAQPage|Organization|WebPage|WebSite,2026-07-07,2026-07-07T10:00:00Z,,"/contact/nfc-branding-cards/,/rfq/",60,116,.svg,og:image SVG,IMPROVE
/blog/china-rfid-factory-audit-checklist/,200,indexable,Discovered - currently not indexed,,https://proudtek.com/blog/china-rfid-factory-audit-checklist/,blog-post,China RFID Factory Audit,informational,2204,0,345,17,14,9,4,Article|BreadcrumbList|FAQPage|Organization|WebPage|WebSite,2026-07-07,2026-07-07T12:00:00Z,,"/contact/custom-rfid-cards/,/contact/rfid-labels-tags/,/rfq/",59,148,.jpg,competing CTAs,IMPROVE
/blog/coconut-shell-rfid-wristbands-eco/,200,indexable,Discovered - currently not indexed,,https://proudtek.com/blog/coconut-shell-rfid-wristbands-eco/,blog-post,Coconut Shell RFID Wristbands for Eco Events,informational,2144,0,377,3,2,7,2,Article|BreadcrumbList|FAQPage|Organization|WebPage|WebSite,2026-07-09,2026-07-09T12:00:00Z,,"/contact/event-rfid/,/rfq/",61,124,.svg,title>60; og:image SVG,IMPROVE
/blog/cost-per-rfid-tag-2026/,200,indexable,Discovered - currently not indexed,,https://proudtek.com/blog/cost-per-rfid-tag-2026/,blog-post,Cost Per RFID Tag in 2026,informational,2652,0,464,8,8,14,2,Article|BreadcrumbList|FAQPage|Organization|WebPage|WebSite,2026-07-08,2026-07-08,,"/contact/rfid-labels-tags/,/rfq/",58,113,.svg,og:image SVG,IMPROVE
/blog/department-store-rfid-smart-shelf-eas/,200,indexable,Discovered - currently not indexed,,https://proudtek.com/blog/department-store-rfid-smart-shelf-eas/,blog-post,Department Store RFID,informational,2093,0,393,2,2,7,2,Article|BreadcrumbList|FAQPage|Organization|WebPage|WebSite,2026-07-07,2026-07-07,,"/contact/rfid-labels-tags/,/rfq/",60,100,.svg,og:image SVG,IMPROVE
/blog/desfire-ev1-vs-ev2-vs-ev3/,200,indexable,Discovered - currently not indexed,,https://proudtek.com/blog/desfire-ev1-vs-ev2-vs-ev3/,blog-post,DESFire EV1 vs EV2 vs EV3 Security Levels,informational,2402,0,486,11,7,8,4,Article|BreadcrumbList|FAQPage|Organization|WebPage|WebSite,2026-06-04,2026-06-04T04:19:35Z,,"/contact/custom-rfid-cards/,/rfq/",58,152,.jpg,,KEEP
/blog/difference-nfc-rfid-explained/,200,indexable,Discovered - currently not indexed,,https://proudtek.com/blog/difference-nfc-rfid-explained/,blog-post,What Is the Difference Between NFC and RFID?,informational,2333,0,385,3,3,6,2,Article|BreadcrumbList|FAQPage|Organization|WebPage|WebSite,2026-07-07,2026-07-07T12:00:00Z,,/rfq/,61,100,.svg,title>60; og:image SVG,IMPROVE
/blog/digital-product-passports-nfc/,200,indexable,Discovered - currently not indexed,,https://proudtek.com/blog/digital-product-passports-nfc/,blog-post,Digital Product Passports and NFC Tags,informational,2588,0,452,9,9,13,4,Article|BreadcrumbList|FAQPage|Organization|WebPage|WebSite,2026-07-09,2026-07-09T12:00:00Z,,"/contact/nfc-branding-cards/,/rfq/",55,146,.svg,og:image SVG,IMPROVE
/blog/dscsa-phase-3-pharmaceutical-wholesaler-compliance/,200,indexable,Discovered - currently not indexed,,https://proudtek.com/blog/dscsa-phase-3-pharmaceutical-wholesaler-compliance/,blog-post,DSCSA Phase 3,informational,2314,0,370,5,3,6,2,Article|BreadcrumbList|FAQPage|Organization|WebPage|WebSite,2026-06-10,2026-06-10T18:00:00Z,,"/contact/rfid-labels-tags/,/rfq/",63,152,.jpg,title>60,IMPROVE
/blog/eco-friendly-rfid-sustainable-cards/,200,indexable,Discovered - currently not indexed,,https://proudtek.com/blog/eco-friendly-rfid-sustainable-cards/,blog-post,Eco-Friendly RFID,informational,2342,0,385,3,3,10,2,Article|BreadcrumbList|FAQPage|Organization|WebPage|WebSite,2026-07-09,2026-07-09T12:00:00Z,,"/contact/custom-rfid-cards/,/rfq/",62,143,.svg,title>60; og:image SVG,IMPROVE
/blog/eu-battery-passport-rfid-nfc-implementation/,200,indexable,Discovered - currently not indexed,,https://proudtek.com/blog/eu-battery-passport-rfid-nfc-implementation/,blog-post,EU Battery Passport,informational,2242,0,452,8,7,5,2,Article|BreadcrumbList|FAQPage|Organization|WebPage|WebSite,2026-07-07,2026-07-07T12:00:00Z,,"/contact/nfc-branding-cards/,/rfq/",62,141,.jpg,title>60,IMPROVE
/blog/eu-espr-digital-product-passport-apparel/,200,indexable,Discovered - currently not indexed,,https://proudtek.com/blog/eu-espr-digital-product-passport-apparel/,blog-post,EU ESPR Digital Product Passport for Apparel,informational,2786,0,566,6,5,7,4,Article|BreadcrumbList|FAQPage|Organization|WebPage|WebSite,2026-07-07,2026-07-07T12:00:00Z,,"/contact/nfc-branding-cards/,/rfq/",61,147,.svg,title>60; og:image SVG,IMPROVE
/blog/eu-fmd-vs-dscsa-pharmaceutical-serialization/,200,indexable,Discovered - currently not indexed,,https://proudtek.com/blog/eu-fmd-vs-dscsa-pharmaceutical-serialization/,blog-post,EU FMD vs DSCSA,informational,2102,0,359,3,1,6,2,Article|BreadcrumbList|FAQPage|Organization|WebPage|WebSite,2026-07-07,2026-07-07T18:00:00Z,,"/contact/rfid-labels-tags/,/rfq/",57,149,.svg,og:image SVG,IMPROVE
/blog/google-review-nfc-cards-restaurants/,200,indexable,Discovered - currently not indexed,,https://proudtek.com/blog/google-review-nfc-cards-restaurants/,blog-post,Google Review NFC Cards for Restaurants,informational,2491,0,398,8,4,12,5,Article|BreadcrumbList|FAQPage|Organization|WebPage|WebSite,2026-07-09,2026-07-09,T-dup,"/contact/nfc-branding-cards/,/rfq/",56,141,.svg,duplicate title; og:image SVG,IMPROVE
/blog/hipaa-compliant-patient-id-rfid-wristband/,200,indexable,Discovered - currently not indexed,,https://proudtek.com/blog/hipaa-compliant-patient-id-rfid-wristband/,blog-post,HIPAA-Compliant Patient ID RFID Wristbands,informational,2061,0,385,7,5,6,2,Article|BreadcrumbList|FAQPage|Organization|WebPage|WebSite,2026-07-07,2026-07-07T12:00:00Z,,"/contact/rfid-labels-tags/,/rfq/",59,113,.svg,og:image SVG,IMPROVE
/blog/hospital-linen-rfid-joint-commission-audit/,200,indexable,Discovered - currently not indexed,,https://proudtek.com/blog/hospital-linen-rfid-joint-commission-audit/,blog-post,Hospital Linen RFID,informational,2116,0,353,6,4,7,2,Article|BreadcrumbList|FAQPage|Organization|WebPage|WebSite,2026-07-11,2026-07-11T12:00:00Z,,"/contact/laundry-rfid/,/rfq/",61,150,.svg,title>60; og:image SVG,IMPROVE
/blog/hospital-surgical-instrument-rfid-tracking/,200,indexable,Discovered - currently not indexed,,https://proudtek.com/blog/hospital-surgical-instrument-rfid-tracking/,blog-post,Hospital Surgical Instrument RFID Tracking,informational,2400,0,353,5,4,8,2,Article|BreadcrumbList|FAQPage|Organization|WebPage|WebSite,2026-07-07,2026-07-07T12:00:00Z,,"/contact/rfid-labels-tags/,/rfq/",59,151,.svg,og:image SVG,IMPROVE
/blog/hotel-key-card-not-working-troubleshooting/,200,indexable,Discovered - currently not indexed,,https://proudtek.com/blog/hotel-key-card-not-working-troubleshooting/,blog-post,Hotel Key Card Not Working? Check These First,informational,2901,0,559,8,8,8,7,Article|BreadcrumbList|FAQPage|HowTo|Organization|WebPage|WebSite,2026-07-09,2026-07-09T12:00:00Z,,"/contact/hotel-rfid/,/rfq/",62,141,.svg,title>60; og:image SVG,IMPROVE
/blog/hotel-key-card-suppliers-guide/,200,indexable,Discovered - currently not indexed,,https://proudtek.com/blog/hotel-key-card-suppliers-guide/,blog-post,How to Choose Hotel Key Card Suppliers,informational,2964,0,778,4,4,6,2,Article|BreadcrumbList|FAQPage|Organization|WebPage|WebSite,2026-07-07,2026-07-07,,"/contact/hotel-rfid/,/rfq/",55,145,.svg,og:image SVG,IMPROVE
/blog/hotel-keycard-deactivated-phone-magnet/,200,indexable,Discovered - currently not indexed,,https://proudtek.com/blog/hotel-keycard-deactivated-phone-magnet/,blog-post,Hotel Keycard Deactivated by Phone Magnet?,informational,2796,0,542,6,5,6,3,Article|BreadcrumbList|FAQPage|Organization|WebPage|WebSite,2026-07-09,2026-07-09T10:00:00Z,,"/contact/hotel-rfid/,/rfq/",59,147,.svg,og:image SVG,IMPROVE
/blog/how-far-uhf-rfid-tag-read/,200,indexable,Discovered - currently not indexed,,https://proudtek.com/blog/how-far-uhf-rfid-tag-read/,blog-post,How Far Can a UHF RFID Tag Be Read?,informational,2306,0,478,10,10,8,2,Article|BreadcrumbList|FAQPage|Organization|WebPage|WebSite,2026-07-07,2026-07-07,,"/contact/rfid-readers/,/rfq/",52,146,.svg,og:image SVG,IMPROVE
/blog/how-hotel-rfid-key-cards-work/,200,indexable,Discovered - currently not indexed,,https://proudtek.com/blog/how-hotel-rfid-key-cards-work/,blog-post,How Hotel RFID Key Cards Work,informational,2792,0,638,17,15,11,4,Article|BreadcrumbList|FAQPage|HowTo|Organization|WebPage|WebSite,2026-07-09,2026-07-09,,"/contact/hotel-rfid/,/rfq/",46,154,.svg,og:image SVG,IMPROVE
/blog/how-nfc-tags-work-smartphones/,200,indexable,Discovered - currently not indexed,,https://proudtek.com/blog/how-nfc-tags-work-smartphones/,blog-post,How NFC Tags Work with Smartphones,informational,2658,0,490,5,4,8,2,Article|BreadcrumbList|FAQPage|Organization|WebPage|WebSite,2026-07-07,2026-07-07,,"/contact/nfc-branding-cards/,/rfq/",51,126,.svg,og:image SVG,IMPROVE
/blog/how-rfid-readers-work/,200,indexable,URL is unknown to Google,,https://proudtek.com/blog/how-rfid-readers-work/,blog-post,How RFID Readers Work,informational,2770,0,500,11,5,12,3,Article|BreadcrumbList|FAQPage|HowTo|Organization|WebPage|WebSite,2026-07-08,2026-07-08,,"/contact/rfid-readers/,/rfq/",61,151,.svg,title>60; og:image SVG; unknown to Google,IMPROVE
/blog/how-to-program-nfc-tags/,200,indexable,Discovered - currently not indexed,,https://proudtek.com/blog/how-to-program-nfc-tags/,blog-post,How to Program NFC Tags and Stickers,informational,2731,0,553,7,6,9,2,Article|BreadcrumbList|FAQPage|HowTo|Organization|WebPage|WebSite,2026-07-08,2026-07-08,,"/contact/nfc-branding-cards/,/rfq/",53,151,.svg,og:image SVG,IMPROVE
/blog/item-level-rfid-cosmetics-authentication/,200,indexable,Discovered - currently not indexed,,https://proudtek.com/blog/item-level-rfid-cosmetics-authentication/,blog-post,Item-Level RFID for Cosmetics,informational,2391,0,467,8,4,6,2,Article|BreadcrumbList|FAQPage|Organization|WebPage|WebSite,2026-07-07,2026-07-07,,"/contact/nfc-branding-cards/,/rfq/",61,109,.png,title>60,IMPROVE
/blog/java-cards-smart-card-os-explained/,200,indexable,Discovered - currently not indexed,,https://proudtek.com/blog/java-cards-smart-card-os-explained/,blog-post,Java Cards and Smart Card OS Explained,informational,3051,0,519,2,2,7,3,Article|BreadcrumbList|FAQPage|Organization|WebPage|WebSite,2026-07-08,2026-07-08,,"/contact/custom-rfid-cards/,/rfq/",55,149,.svg,og:image SVG,IMPROVE
/blog/luxury-resale-nfc-authentication/,200,indexable,URL is unknown to Google,,https://proudtek.com/blog/luxury-resale-nfc-authentication/,blog-post,Luxury Resale Authentication with NFC,informational,2262,0,425,8,4,5,2,Article|BreadcrumbList|FAQPage|Organization|WebPage|WebSite,2026-07-08,2026-07-08,,"/contact/nfc-branding-cards/,/rfq/",54,98,.svg,og:image SVG; unknown to Google,IMPROVE
/blog/macys-rfid-vendor-compliance-guide/,200,indexable,Discovered - currently not indexed,,https://proudtek.com/blog/macys-rfid-vendor-compliance-guide/,blog-post,Macy's RFID Vendor Compliance,informational,2571,0,515,7,5,8,4,Article|BreadcrumbList|FAQPage|Organization|WebPage|WebSite,2026-07-08,2026-07-08,,"/contact/rfid-labels-tags/,/rfq/",59,119,.svg,og:image SVG,IMPROVE
/blog/manual-inventory-counting-errors-rfid/,200,indexable,Discovered - currently not indexed,,https://proudtek.com/blog/manual-inventory-counting-errors-rfid/,blog-post,How RFID Ends Manual Inventory Counting Errors,informational,2140,0,306,11,3,9,4,Article|BreadcrumbList|FAQPage|Organization|WebPage|WebSite,2026-07-09,2026-07-09T12:00:00Z,,"/contact/rfid-labels-tags/,/rfq/",63,154,.svg,title>60; og:image SVG,IMPROVE
/blog/medical-device-udi-rfid-combined-implementation/,200,indexable,Discovered - currently not indexed,,https://proudtek.com/blog/medical-device-udi-rfid-combined-implementation/,blog-post,Medical Device UDI + RFID,informational,1963,0,334,5,3,5,2,Article|BreadcrumbList|FAQPage|Organization|WebPage|WebSite,2026-07-08,2026-07-08,,"/contact/rfid-labels-tags/,/rfq/",61,139,.svg,title>60; og:image SVG,IMPROVE
/blog/metal-nfc-cards-business-networking/,200,indexable,Discovered - currently not indexed,,https://proudtek.com/blog/metal-nfc-cards-business-networking/,blog-post,Metal NFC Cards,informational,2379,0,404,8,4,8,4,Article|BreadcrumbList|FAQPage|Organization|WebPage|WebSite,2026-07-09,2026-07-09,,"/contact/nfc-branding-cards/,/rfq/",61,150,.svg,title>60; og:image SVG,IMPROVE
/blog/mifare-classic-vs-desfire-hotel-chips/,200,indexable,Discovered - currently not indexed,,https://proudtek.com/blog/mifare-classic-vs-desfire-hotel-chips/,blog-post,MIFARE Classic vs DESFire,informational,2643,0,654,15,11,9,5,Article|BreadcrumbList|FAQPage|Organization|WebPage|WebSite,2026-07-09,2026-07-09,,"/contact/hotel-rfid/,/rfq/",62,99,.svg,title>60; og:image SVG,IMPROVE
/blog/nfc-business-cards-guide/,200,indexable,Discovered - currently not indexed,,https://proudtek.com/blog/nfc-business-cards-guide/,blog-post,NFC Business Cards,informational,2456,0,499,8,4,10,2,Article|BreadcrumbList|FAQPage|Organization|WebPage|WebSite,2026-07-08,2026-07-08,,"/contact/nfc-branding-cards/,/rfq/",55,133,.svg,og:image SVG,IMPROVE
/blog/nfc-card-clone-security-prevention/,200,indexable,Discovered - currently not indexed,,https://proudtek.com/blog/nfc-card-clone-security-prevention/,blog-post,NFC Card Cloning,informational,2411,0,480,5,3,10,2,Article|BreadcrumbList|FAQPage|HowTo|Organization|WebPage|WebSite,2026-07-09,2026-07-09T10:00:00Z,,"/contact/access-control-keyfobs/,/rfq/",56,128,.svg,og:image SVG,IMPROVE
/blog/nfc-christmas-gift-tags/,200,indexable,Discovered - currently not indexed,,https://proudtek.com/blog/nfc-christmas-gift-tags/,blog-post,NFC Christmas Gift Tags with Video Messages,informational,2372,0,401,2,2,10,3,Article|BreadcrumbList|FAQPage|Organization|WebPage|WebSite,2026-07-09,2026-07-09,,"/contact/nfc-branding-cards/,/rfq/",60,118,.svg,og:image SVG,IMPROVE
/blog/nfc-door-locks-rfid-cards/,200,indexable,URL is unknown to Google,,https://proudtek.com/blog/nfc-door-locks-rfid-cards/,blog-post,How NFC Door Locks Work with RFID Cards,informational,2120,0,412,6,3,7,4,Article|BreadcrumbList|FAQPage|Organization|WebPage|WebSite,2026-07-09,2026-07-09T00:00:00Z,,"/contact/access-control-keyfobs/,/rfq/",56,153,.svg,og:image SVG; unknown to Google,IMPROVE
/blog/nfc-product-authentication/,200,indexable,URL is unknown to Google,,https://proudtek.com/blog/nfc-product-authentication/,blog-post,NFC Tags for Product Authentication,informational,2312,0,450,8,4,11,5,Article|BreadcrumbList|FAQPage|Organization|WebPage|WebSite,2026-07-09,2026-07-09,,"/contact/nfc-branding-cards/,/rfq/",52,103,.svg,og:image SVG; unknown to Google,IMPROVE
/blog/nfc-smart-rings-guide/,200,indexable,Discovered - currently not indexed,,https://proudtek.com/blog/nfc-smart-rings-guide/,blog-post,NFC Smart Rings,informational,2414,0,449,3,3,7,2,Article|BreadcrumbList|FAQPage|Organization|WebPage|WebSite,2026-07-08,2026-07-08,,"/contact/nfc-branding-cards/,/rfq/",59,141,.svg,og:image SVG,IMPROVE
/blog/nfc-stickers-marketing-campaigns/,200,indexable,Discovered - currently not indexed,,https://proudtek.com/blog/nfc-stickers-marketing-campaigns/,blog-post,NFC Stickers for Marketing Campaigns,informational,2392,0,434,6,2,9,2,Article|BreadcrumbList|FAQPage|Organization|WebPage|WebSite,2026-07-09,2026-07-09,,"/contact/nfc-branding-cards/,/rfq/",53,135,.svg,og:image SVG,IMPROVE
/blog/nfc-tag-not-scanning-iphone-fix/,200,indexable,Discovered - currently not indexed,,https://proudtek.com/blog/nfc-tag-not-scanning-iphone-fix/,blog-post,NFC Tag Not Scanning on iPhone? Quick Fixes,informational,2658,0,470,3,3,8,5,Article|BreadcrumbList|FAQPage|Organization|WebPage|WebSite,2026-07-09,2026-07-09,,"/contact/nfc-branding-cards/,/rfq/",60,134,.svg,og:image SVG,IMPROVE
/blog/nfc-tap-google-review/,200,indexable,Discovered - currently not indexed,,https://proudtek.com/blog/nfc-tap-google-review/,blog-post,NFC Tap-to-Google-Review,informational,2216,0,373,2,2,8,5,Article|BreadcrumbList|FAQPage|HowTo|Organization|WebPage|WebSite,2026-07-09,2026-07-09T12:00:00Z,,"/contact/nfc-branding-cards/,/rfq/",62,148,.svg,title>60; og:image SVG,IMPROVE
/blog/nfc-wedding-favor-tags/,200,indexable,URL is unknown to Google,,https://proudtek.com/blog/nfc-wedding-favor-tags/,blog-post,NFC Wedding Favor Tags with Photo Sharing,informational,2399,0,377,2,2,10,4,Article|BreadcrumbList|FAQPage|Organization|WebPage|WebSite,2026-07-09,2026-07-09T12:00:00Z,,"/contact/nfc-branding-cards/,/rfq/",58,146,.svg,og:image SVG; unknown to Google,IMPROVE
/blog/nfc-wine-spirits-eu-epr-compliance/,200,indexable,Discovered - currently not indexed,,https://proudtek.com/blog/nfc-wine-spirits-eu-epr-compliance/,blog-post,NFC for Wine and Spirits,informational,2500,0,454,7,3,6,2,Article|BreadcrumbList|FAQPage|Organization|WebPage|WebSite,2026-07-08,2026-07-08,,"/contact/nfc-branding-cards/,/rfq/",61,149,.svg,title>60; og:image SVG,IMPROVE
/blog/pharmaceutical-cold-chain-rfid-temperature-logging/,200,indexable,Discovered - currently not indexed,,https://proudtek.com/blog/pharmaceutical-cold-chain-rfid-temperature-logging/,blog-post,Pharmaceutical Cold Chain RFID for Vaccines,informational,2035,0,341,4,2,5,2,Article|BreadcrumbList|FAQPage|Organization|WebPage|WebSite,2026-07-08,2026-07-08,,"/contact/rfid-labels-tags/,/rfq/",60,141,.svg,og:image SVG,IMPROVE
/blog/rain-rfid-2026-trends/,200,indexable,Discovered - currently not indexed,,https://proudtek.com/blog/rain-rfid-2026-trends/,blog-post,UHF RAIN RFID in 2026,informational,2670,0,546,3,3,9,4,Article|BreadcrumbList|FAQPage|HowTo|Organization|WebPage|WebSite,2026-07-08,2026-07-08,,"/contact/rfid-labels-tags/,/rfq/",60,137,.svg,og:image SVG,IMPROVE
/blog/rfid-asset-tracking-cost-benefit/,200,indexable,Discovered - currently not indexed,,https://proudtek.com/blog/rfid-asset-tracking-cost-benefit/,blog-post,RFID Asset Tracking Cost-Benefit Analysis,informational,2072,0,504,2,2,8,4,Article|BreadcrumbList|FAQPage|Organization|WebPage|WebSite,2026-07-09,2026-07-09T12:00:00Z,,"/contact/rfid-labels-tags/,/rfq/",58,150,.svg,og:image SVG,IMPROVE
/blog/rfid-asset-tracking-warehouses/,200,indexable,Discovered - currently not indexed,,https://proudtek.com/blog/rfid-asset-tracking-warehouses/,blog-post,RFID Asset Tracking for Warehouses,informational,2692,0,638,12,9,10,4,Article|BreadcrumbList|FAQPage|Organization|WebPage|WebSite,2026-07-09,2026-07-09T10:00:00Z,,"/contact/rfid-labels-tags/,/rfq/",51,126,.svg,og:image SVG,IMPROVE
/blog/rfid-blood-bank-tracking-fda-21-cfr-part-11/,200,indexable,URL is unknown to Google,,https://proudtek.com/blog/rfid-blood-bank-tracking-fda-21-cfr-part-11/,blog-post,RFID Blood Bank Tracking,informational,2095,0,329,4,2,6,2,Article|BreadcrumbList|FAQPage|Organization|WebPage|WebSite,2026-07-08,2026-07-08,,"/contact/rfid-labels-tags/,/rfq/",58,135,.svg,og:image SVG; unknown to Google,IMPROVE
/blog/rfid-card-demagnetized-myth-explained/,200,indexable,URL is unknown to Google,,https://proudtek.com/blog/rfid-card-demagnetized-myth-explained/,blog-post,Can an RFID Card Be Demagnetized? The Real Fix,informational,2779,0,566,2,2,8,4,Article|BreadcrumbList|FAQPage|HowTo|Organization|WebPage|WebSite,2026-07-09,2026-07-09,,"/contact/custom-rfid-cards/,/rfq/",63,134,.svg,title>60; og:image SVG; unknown to Google,IMPROVE
/blog/rfid-card-how-it-works/,200,indexable,Submitted and indexed,2026-07-09,https://proudtek.com/blog/rfid-card-how-it-works/,blog-post,How Does an RFID Card Work? The Tech Inside,informational,2642,0,459,2,2,9,3,Article|BreadcrumbList|FAQPage|Organization|WebPage|WebSite,2026-07-08,2026-07-08,,"/contact/custom-rfid-cards/,/rfq/",60,143,.svg,og:image SVG,IMPROVE
/blog/rfid-card-materials-pvc-pet-abs-wood/,200,indexable,URL is unknown to Google,,https://proudtek.com/blog/rfid-card-materials-pvc-pet-abs-wood/,blog-post,RFID Card Materials,informational,2984,0,471,9,2,8,2,Article|BreadcrumbList|FAQPage|Organization|WebPage|WebSite,2026-07-08,2026-07-08,,"/contact/custom-rfid-cards/,/rfq/",56,148,.svg,og:image SVG; unknown to Google,IMPROVE
/blog/rfid-conference-badges-guide/,200,indexable,Discovered - currently not indexed,,https://proudtek.com/blog/rfid-conference-badges-guide/,blog-post,RFID Conference Badges,informational,2260,0,415,2,2,10,5,Article|BreadcrumbList|FAQPage|HowTo|Organization|WebPage|WebSite,2026-07-09,2026-07-09T12:00:00Z,,"/contact/event-rfid/,/rfq/",59,152,.svg,og:image SVG,IMPROVE
/blog/rfid-data-encoding-memory/,200,indexable,Discovered - currently not indexed,,https://proudtek.com/blog/rfid-data-encoding-memory/,blog-post,RFID Data Encoding and Memory Structures,informational,3178,0,527,8,2,11,2,Article|BreadcrumbList|FAQPage|HowTo|Organization|WebPage|WebSite,2026-07-08,2026-07-08,,"/contact/rfid-readers/,/rfq/",57,148,.svg,og:image SVG,IMPROVE
/blog/rfid-elevator-floor-access/,200,indexable,Discovered - currently not indexed,,https://proudtek.com/blog/rfid-elevator-floor-access/,blog-post,RFID Elevator and Floor Access Control,informational,2701,0,410,6,3,8,4,Article|BreadcrumbList|FAQPage|Organization|WebPage|WebSite,2026-07-09,2026-07-09,,"/contact/access-control-keyfobs/,/rfq/",55,149,.svg,og:image SVG,IMPROVE
/blog/rfid-event-access-control-setup/,200,indexable,Discovered - currently not indexed,,https://proudtek.com/blog/rfid-event-access-control-setup/,blog-post,How to Set Up RFID Event Access Control,informational,2248,0,409,8,6,11,2,Article|BreadcrumbList|FAQPage|HowTo|Organization|WebPage|WebSite,2026-07-07,2026-07-07,,"/contact/event-rfid/,/rfq/",56,109,.svg,og:image SVG,IMPROVE
/blog/rfid-event-wristband-revenue-impact/,200,indexable,Discovered - currently not indexed,,https://proudtek.com/blog/rfid-event-wristband-revenue-impact/,blog-post,How RFID Wristbands Lift Event Revenue,informational,2117,0,355,6,6,7,6,Article|BreadcrumbList|FAQPage|Organization|WebPage|WebSite,2026-08-25,2026-08-25,,"/contact/event-rfid/,/rfq/",55,132,.jpg,,KEEP
/blog/rfid-frequencies-lf-hf-uhf-explained/,200,indexable,Crawled - currently not indexed,2026-07-10,https://proudtek.com/blog/rfid-frequencies-lf-hf-uhf-explained/,blog-post,RFID Frequencies Explained,informational,3249,0,491,17,13,14,2,Article|BreadcrumbList|FAQPage|Organization|WebPage|WebSite,2026-07-08,2026-07-08,,/rfq/,60,100,.svg,og:image SVG,IMPROVE
/blog/rfid-healthcare-patient-tracking/,200,indexable,Discovered - currently not indexed,,https://proudtek.com/blog/rfid-healthcare-patient-tracking/,blog-post,RFID in Healthcare,informational,2304,0,307,4,2,12,5,Article|BreadcrumbList|FAQPage|HowTo|Organization|WebPage|WebSite,2026-07-09,2026-07-09T12:00:00Z,,"/contact/rfid-labels-tags/,/rfq/",63,139,.svg,title>60; og:image SVG,IMPROVE
/blog/rfid-hotel-keycard-cost-comparison/,200,indexable,Discovered - currently not indexed,,https://proudtek.com/blog/rfid-hotel-keycard-cost-comparison/,blog-post,Hotel Key Card Cost Comparison by Technology,informational,2691,0,522,5,5,11,4,Article|BreadcrumbList|FAQPage|Organization|WebPage|WebSite,2026-07-09,2026-07-09,,"/contact/hotel-rfid/,/rfq/",61,136,.svg,title>60; og:image SVG,IMPROVE
/blog/rfid-interference-metal-environment-solutions/,200,indexable,Discovered - currently not indexed,,https://proudtek.com/blog/rfid-interference-metal-environment-solutions/,blog-post,RFID Interference in Metal,informational,2131,0,408,3,3,8,3,Article|BreadcrumbList|FAQPage|Organization|WebPage|WebSite,2026-07-08,2026-07-08,,"/contact/rfid-labels-tags/,/rfq/",62,148,.svg,title>60; og:image SVG,IMPROVE
/blog/rfid-inventory-roi-calculator/,200,indexable,Discovered - currently not indexed,,https://proudtek.com/blog/rfid-inventory-roi-calculator/,blog-post,RFID Inventory ROI Calculator,informational,2245,0,435,10,10,7,4,Article|BreadcrumbList|FAQPage|Organization|WebPage|WebSite,2026-07-09,2026-07-09,,"/contact/rfid-labels-tags/,/rfq/",61,151,.svg,title>60; og:image SVG,IMPROVE
/blog/rfid-item-level-tagging-cost-model-apparel/,200,indexable,Discovered - currently not indexed,,https://proudtek.com/blog/rfid-item-level-tagging-cost-model-apparel/,blog-post,RFID Item-Level Tagging Cost Model for Apparel,informational,2767,0,581,6,5,6,4,Article|BreadcrumbList|FAQPage|Organization|WebPage|WebSite,2026-07-08,2026-07-08,,"/contact/rfid-labels-tags/,/rfq/",63,151,.svg,title>60; og:image SVG,IMPROVE
/blog/rfid-key-fob-access-control/,200,indexable,Crawled - currently not indexed,2026-08-29,https://proudtek.com/blog/rfid-key-fob-access-control/,blog-post,RFID Key Fob Access Control Systems Explained,informational,2814,0,575,6,3,11,2,Article|BreadcrumbList|FAQPage|Organization|WebPage|WebSite,2026-07-08,2026-07-08,,"/contact/access-control-keyfobs/,/rfq/",62,104,.svg,title>60; og:image SVG,IMPROVE
/blog/rfid-laundry-system-roi/,200,indexable,Discovered - currently not indexed,,https://proudtek.com/blog/rfid-laundry-system-roi/,blog-post,How RFID Laundry Systems Save Money,informational,2922,0,600,11,3,8,2,Article|BreadcrumbList|FAQPage|Organization|WebPage|WebSite,2026-07-08,2026-07-08,,"/contact/laundry-rfid/,/rfq/",52,113,.svg,og:image SVG,IMPROVE
/blog/rfid-laundry-tags-buyers-guide/,200,indexable,Discovered - currently not indexed,,https://proudtek.com/blog/rfid-laundry-tags-buyers-guide/,blog-post,RFID Laundry Tags,informational,2665,0,502,8,5,11,2,Article|BreadcrumbList|FAQPage|Organization|WebPage|WebSite,2026-07-08,2026-07-08,,"/contact/laundry-rfid/,/rfq/",58,138,.svg,og:image SVG,IMPROVE
/blog/rfid-led-tags-warehouse-location/,200,indexable,URL is unknown to Google,,https://proudtek.com/blog/rfid-led-tags-warehouse-location/,blog-post,RFID LED Tags for Warehouse Item Location,informational,2777,0,624,3,3,9,4,Article|BreadcrumbList|FAQPage|Organization|WebPage|WebSite,2026-07-09,2026-07-09,,"/contact/rfid-labels-tags/,/rfq/",58,118,.svg,og:image SVG; unknown to Google,IMPROVE
/blog/rfid-logistics-supply-chain/,200,indexable,Discovered - currently not indexed,,https://proudtek.com/blog/rfid-logistics-supply-chain/,blog-post,RFID in Logistics and Supply Chain,informational,2445,0,625,5,3,7,3,Article|BreadcrumbList|FAQPage|Organization|WebPage|WebSite,2026-07-09,2026-07-09,,"/contact/rfid-labels-tags/,/rfq/",51,152,.svg,og:image SVG,IMPROVE
/blog/rfid-manufacturer-iso-9001-14001-certification-verification/,200,indexable,Discovered - currently not indexed,,https://proudtek.com/blog/rfid-manufacturer-iso-9001-14001-certification-verification/,blog-post,Verifying ISO 9001/14001 RFID Manufacturers,informational,2294,0,385,17,11,7,2,Article|BreadcrumbList|FAQPage|HowTo|Organization|WebPage|WebSite,2026-07-08,2026-07-08,,"/contact/rfid-labels-tags/,/rfq/",60,143,.svg,og:image SVG,IMPROVE
/blog/rfid-marathon-race-timing-setup/,200,indexable,Discovered - currently not indexed,,https://proudtek.com/blog/rfid-marathon-race-timing-setup/,blog-post,RFID Marathon Timing Chip Setup Guide,informational,2287,0,395,2,2,8,5,Article|BreadcrumbList|FAQPage|Organization|WebPage|WebSite,2026-07-09,2026-07-09T16:00:00Z,,"/contact/event-rfid/,/rfq/",54,117,.svg,og:image SVG,IMPROVE
/blog/rfid-market-trends-forecast/,200,indexable,Discovered - currently not indexed,,https://proudtek.com/blog/rfid-market-trends-forecast/,blog-post,RFID Market Trends and Forecast 2025,informational,2395,0,430,3,2,12,4,Article|BreadcrumbList|FAQPage|Organization|WebPage|WebSite,2026-07-10,2026-07-10T12:00:00Z,,/rfq/,58,128,.svg,og:image SVG,IMPROVE
/blog/rfid-oem-white-label-program-guide/,200,indexable,URL is unknown to Google,,https://proudtek.com/blog/rfid-oem-white-label-program-guide/,blog-post,RFID OEM White-Label,informational,2593,0,372,9,4,11,4,Article|BreadcrumbList|FAQPage|Organization|WebPage|WebSite,2026-07-09,2026-07-09T00:00:00Z,,"/contact/custom-rfid-cards/,/contact/rfid-labels-tags/,/rfq/",62,122,.svg,competing CTAs; title>60; og:image SVG; unknown to Google,IMPROVE
/blog/rfid-reader-not-detecting-tags-troubleshooting/,200,indexable,Discovered - currently not indexed,,https://proudtek.com/blog/rfid-reader-not-detecting-tags-troubleshooting/,blog-post,RFID Reader Not Detecting Tags? A Field Guide,informational,2849,0,505,3,3,11,4,Article|BreadcrumbList|FAQPage|Organization|WebPage|WebSite,2026-07-09,2026-07-09,,"/contact/rfid-readers/,/rfq/",62,148,.svg,title>60; og:image SVG,IMPROVE
/blog/rfid-reseller-program-distributor-margin-math/,200,indexable,Discovered - currently not indexed,,https://proudtek.com/blog/rfid-reseller-program-distributor-margin-math/,blog-post,RFID Reseller Program,informational,1988,0,347,9,1,13,4,Article|BreadcrumbList|FAQPage|Organization|WebPage|WebSite,2026-07-09,2026-07-09,,"/contact/custom-rfid-cards/,/contact/rfid-labels-tags/,/contact/rfid-readers/,/r",60,137,.svg,competing CTAs; og:image SVG,IMPROVE
/blog/rfid-retail-inventory-management/,200,indexable,Discovered - currently not indexed,,https://proudtek.com/blog/rfid-retail-inventory-management/,blog-post,RFID for Retail Inventory Management,informational,2709,0,471,9,6,10,6,Article|BreadcrumbList|FAQPage|HowTo|Organization|WebPage|WebSite,2026-07-09,2026-07-09T00:00:00Z,,"/contact/rfid-labels-tags/,/rfq/",53,140,.svg,og:image SVG,IMPROVE
/blog/rfid-retail-shrinkage-reduction-data/,200,indexable,Discovered - currently not indexed,,https://proudtek.com/blog/rfid-retail-shrinkage-reduction-data/,blog-post,RFID Retail Shrinkage Reduction,informational,2673,0,571,4,2,9,5,Article|BreadcrumbList|FAQPage|Organization|WebPage|WebSite,2026-07-09,2026-07-09T12:00:00Z,,"/contact/rfid-labels-tags/,/rfq/",59,95,.svg,og:image SVG,IMPROVE
/blog/rfid-rfp-template-questions-suppliers/,200,indexable,Discovered - currently not indexed,,https://proudtek.com/blog/rfid-rfp-template-questions-suppliers/,blog-post,RFID RFP Template,informational,2337,0,416,14,11,14,4,Article|BreadcrumbList|FAQPage|Organization|WebPage|WebSite,2026-07-09,2026-07-09T14:30:00Z,,"/contact/custom-rfid-cards/,/contact/rfid-labels-tags/,/contact/rfid-readers/,/r",58,132,.svg,competing CTAs; og:image SVG,IMPROVE
/blog/rfid-shipping-air-vs-sea-freight-cost-tradeoff/,200,indexable,Discovered - currently not indexed,,https://proudtek.com/blog/rfid-shipping-air-vs-sea-freight-cost-tradeoff/,blog-post,RFID Tag Shipping,informational,2327,0,455,9,9,8,4,Article|BreadcrumbList|FAQPage|Organization|WebPage|WebSite,2026-07-09,2026-07-09,,"/contact/rfid-labels-tags/,/rfq/",61,151,.svg,title>60; og:image SVG,IMPROVE
/blog/rfid-ski-pass-card-season/,200,indexable,Discovered - currently not indexed,,https://proudtek.com/blog/rfid-ski-pass-card-season/,blog-post,RFID Ski Pass Cards,informational,2172,0,399,2,2,8,4,Article|BreadcrumbList|FAQPage|Organization|WebPage|WebSite,2026-07-09,2026-07-09T16:00:00Z,,"/contact/custom-rfid-cards/,/rfq/",61,124,.svg,title>60; og:image SVG,IMPROVE
/blog/rfid-surgical-sponge-counting-fda-aorn/,200,indexable,Discovered - currently not indexed,,https://proudtek.com/blog/rfid-surgical-sponge-counting-fda-aorn/,blog-post,RFID Surgical Sponge Counting,informational,2358,0,346,4,2,7,4,Article|BreadcrumbList|FAQPage|Organization|WebPage|WebSite,2026-07-09,2026-07-09,,"/contact/rfid-labels-tags/,/rfq/",61,123,.svg,title>60; og:image SVG,IMPROVE
/blog/rfid-sustainability-circular-economy/,200,indexable,Discovered - currently not indexed,,https://proudtek.com/blog/rfid-sustainability-circular-economy/,blog-post,RFID Tracking for the Circular Economy,informational,2190,0,431,3,3,10,4,Article|BreadcrumbList|FAQPage|Organization|WebPage|WebSite,2026-07-09,2026-07-09,,/rfq/,55,153,.svg,og:image SVG,IMPROVE
/blog/rfid-system-cost-small-business/,200,indexable,Discovered - currently not indexed,,https://proudtek.com/blog/rfid-system-cost-small-business/,blog-post,Is RFID Too Expensive for Small Business?,informational,2272,0,429,4,3,6,2,Article|BreadcrumbList|FAQPage|Organization|WebPage|WebSite,2026-07-08,2026-07-08,,/rfq/,58,109,.svg,og:image SVG,IMPROVE
/blog/rfid-tag-lifespan-duration/,200,indexable,Discovered - currently not indexed,,https://proudtek.com/blog/rfid-tag-lifespan-duration/,blog-post,How Long Does an RFID Tag Last?,informational,2235,0,421,2,2,11,2,Article|BreadcrumbList|FAQPage|Organization|WebPage|WebSite,2026-07-11,2026-07-11T12:00:00Z,,"/contact/rfid-labels-tags/,/rfq/",48,104,.svg,og:image SVG,IMPROVE
/blog/rfid-tag-moq-negotiation-strategy/,200,indexable,URL is unknown to Google,,https://proudtek.com/blog/rfid-tag-moq-negotiation-strategy/,blog-post,RFID Tag MOQ Strategy,informational,2145,0,398,4,4,14,5,Article|BreadcrumbList|FAQPage|Organization|WebPage|WebSite,2026-07-09,2026-07-09T12:00:00Z,,"/contact/custom-rfid-cards/,/contact/rfid-labels-tags/,/rfq/",62,135,.svg,competing CTAs; title>60; og:image SVG; unknown to Google,IMPROVE
/blog/rfid-tag-read-range-optimization/,200,indexable,Discovered - currently not indexed,,https://proudtek.com/blog/rfid-tag-read-range-optimization/,blog-post,RFID Tag Read Range Too Short? How to Fix It,informational,2323,0,443,2,2,10,6,Article|BreadcrumbList|FAQPage|Organization|WebPage|WebSite,2026-07-09,2026-07-09T12:00:00Z,,"/contact/rfid-readers/,/rfq/",61,142,.svg,title>60; og:image SVG,IMPROVE
/blog/rfid-tag-wholesale-quote-reading-guide/,200,indexable,Discovered - currently not indexed,,https://proudtek.com/blog/rfid-tag-wholesale-quote-reading-guide/,blog-post,RFID Tag Wholesale Pricing,informational,2336,0,383,5,5,12,4,Article|BreadcrumbList|FAQPage|Organization|WebPage|WebSite,2026-07-09,2026-07-09,,"/contact/custom-rfid-cards/,/contact/rfid-labels-tags/,/contact/rfid-readers/,/r",61,141,.svg,competing CTAs; title>60; og:image SVG,IMPROVE
/blog/rfid-vs-manual-counting-savings/,200,indexable,Crawled - currently not indexed,2026-06-13,https://proudtek.com/blog/rfid-vs-manual-counting-savings/,blog-post,RFID vs. Manual Counting,informational,2281,0,478,6,5,8,4,Article|BreadcrumbList|FAQPage|Organization|WebPage|WebSite,2026-07-09,2026-07-09T18:00:00Z,,"/contact/rfid-labels-tags/,/rfq/",57,146,.svg,og:image SVG,IMPROVE
/blog/rfid-vs-qr-codes-events/,200,indexable,Discovered - currently not indexed,,https://proudtek.com/blog/rfid-vs-qr-codes-events/,blog-post,RFID vs QR Codes for Event Management,informational,2169,0,381,7,4,9,2,Article|BreadcrumbList|FAQPage|Organization|WebPage|WebSite,2026-07-09,2026-07-09T13:10:47Z,,"/contact/event-rfid/,/rfq/",54,121,.svg,og:image SVG,IMPROVE
/blog/rfid-warehouse-labor-savings/,200,indexable,Discovered - currently not indexed,,https://proudtek.com/blog/rfid-warehouse-labor-savings/,blog-post,RFID Warehouse Labor Savings,informational,2242,0,413,2,2,10,2,Article|BreadcrumbList|FAQPage|Organization|WebPage|WebSite,2026-07-09,2026-07-09,,"/contact/rfid-labels-tags/,/rfq/",60,114,.svg,og:image SVG,IMPROVE
/blog/rfid-windshield-tags-vehicle-id/,200,indexable,Discovered - currently not indexed,,https://proudtek.com/blog/rfid-windshield-tags-vehicle-id/,blog-post,RFID Windshield Tags for Vehicle ID,informational,2678,0,596,4,4,7,5,Article|BreadcrumbList|FAQPage|Organization|WebPage|WebSite,2026-07-09,2026-07-09,,"/contact/vehicle-rfid/,/rfq/",52,147,.svg,og:image SVG,IMPROVE
/blog/rfid-wristbands-festivals-events/,200,indexable,Discovered - currently not indexed,,https://proudtek.com/blog/rfid-wristbands-festivals-events/,blog-post,RFID Wristbands for Festivals and Events,informational,2989,0,462,10,7,12,0,Article|BreadcrumbList|FAQPage|Organization|WebPage|WebSite,2026-07-09,2026-07-09,,"/contact/event-rfid/,/rfq/",57,104,.svg,og:image SVG,IMPROVE
/blog/rfid-wristbands-hotels-resorts/,200,indexable,Discovered - currently not indexed,,https://proudtek.com/blog/rfid-wristbands-hotels-resorts/,blog-post,RFID Wristbands for Hotels and Resorts,informational,2414,0,579,5,2,11,2,Article|BreadcrumbList|FAQPage|Organization|WebPage|WebSite,2026-07-09,2026-07-09T12:00:00Z,,"/contact/hotel-rfid/,/rfq/",55,148,.svg,og:image SVG,IMPROVE
/blog/target-rfid-t2-t3-supplier-requirements/,200,indexable,Discovered - currently not indexed,,https://proudtek.com/blog/target-rfid-t2-t3-supplier-requirements/,blog-post,Target RFID T2/T3,informational,2664,0,500,7,5,11,5,Article|BreadcrumbList|FAQPage|Organization|WebPage|WebSite,2026-07-09,2026-07-09T12:00:00Z,,"/contact/rfid-labels-tags/,/rfq/",60,130,.svg,og:image SVG,IMPROVE
/blog/total-cost-rfid-system-breakdown/,200,indexable,URL is unknown to Google,,https://proudtek.com/blog/total-cost-rfid-system-breakdown/,blog-post,Total Cost of an RFID System,informational,2211,0,466,3,3,7,4,Article|BreadcrumbList|FAQPage|Organization|WebPage|WebSite,2026-07-09,2026-07-09,,/rfq/,62,131,.svg,title>60; og:image SVG; unknown to Google,IMPROVE
/blog/uhf-rfid-wristbands-long-range/,200,indexable,Discovered - currently not indexed,,https://proudtek.com/blog/uhf-rfid-wristbands-long-range/,blog-post,UHF RFID Wristbands for Long-Range Tracking,informational,2018,0,507,6,2,7,5,Article|BreadcrumbList|FAQPage|Organization|WebPage|WebSite,2026-08-25,2026-08-25,,"/contact/event-rfid/,/rfq/",60,153,.svg,og:image SVG,IMPROVE
/blog/uhf-vs-hf-rfid-frequency-choice/,200,indexable,Discovered - currently not indexed,,https://proudtek.com/blog/uhf-vs-hf-rfid-frequency-choice/,blog-post,UHF vs HF RFID,informational,2993,0,485,6,5,9,4,Article|BreadcrumbList|FAQPage|Organization|WebPage|WebSite,2026-07-09,2026-07-09,,/rfq/,59,139,.svg,og:image SVG,IMPROVE
/blog/warehouse-inventory-shrinkage-rfid-solution/,200,indexable,Discovered - currently not indexed,,https://proudtek.com/blog/warehouse-inventory-shrinkage-rfid-solution/,blog-post,How RFID Cuts Warehouse Inventory Shrinkage,informational,2517,0,447,3,2,8,7,Article|BreadcrumbList|FAQPage|Organization|WebPage|WebSite,2026-07-09,2026-07-09T12:00:00Z,,"/contact/rfid-labels-tags/,/rfq/",60,142,.svg,og:image SVG,IMPROVE
/blog/waterproof-rfid-tags-outdoor/,200,indexable,Discovered - currently not indexed,,https://proudtek.com/blog/waterproof-rfid-tags-outdoor/,blog-post,How to Waterproof RFID Tags for Outdoor Use,informational,2403,0,417,2,2,7,4,Article|BreadcrumbList|FAQPage|Organization|WebPage|WebSite,2026-07-11,2026-07-11T00:00:00Z,,"/contact/rfid-labels-tags/,/rfq/",60,122,.svg,og:image SVG,IMPROVE
/blog/what-is-mifare-complete-guide/,200,indexable,Discovered - currently not indexed,,https://proudtek.com/blog/what-is-mifare-complete-guide/,blog-post,What Is MIFARE? A Complete Guide,informational,3082,0,510,4,3,15,4,Article|BreadcrumbList|FAQPage|HowTo|Organization|WebPage|WebSite,2026-07-09,2026-07-09T12:00:00Z,,"/contact/custom-rfid-cards/,/rfq/",49,142,.svg,og:image SVG,IMPROVE
/blog/which-nfc-chip-most-memory/,200,indexable,Discovered - currently not indexed,,https://proudtek.com/blog/which-nfc-chip-most-memory/,blog-post,Which NFC Chip Has the Most Memory?,informational,2239,0,471,3,3,11,4,Article|BreadcrumbList|FAQPage|Organization|WebPage|WebSite,2026-07-09,2026-07-09T00:00:00Z,,"/contact/custom-rfid-cards/,/rfq/",52,151,.svg,og:image SVG,IMPROVE
/blog/wooden-nfc-cards-eco-branding/,200,indexable,Discovered - currently not indexed,,https://proudtek.com/blog/wooden-nfc-cards-eco-branding/,blog-post,Wooden NFC Cards for Eco-Friendly Branding,informational,2309,0,380,5,4,10,4,Article|BreadcrumbList|FAQPage|Organization|WebPage|WebSite,2026-07-09,2026-07-09,,"/contact/nfc-branding-cards/,/rfq/",59,114,.svg,og:image SVG,IMPROVE
/case-studies/,200,indexable,Soft 404,2026-04-16,https://proudtek.com/case-studies/,case-studies-hub,Real deployments. Measurable results.,evaluation,728,0,0,537,5,9,0,BreadcrumbList|CollectionPage,2026-03-16,,,"/contact/,/rfq/",54,168,,desc>160; Google soft-404,IMPROVE (Google soft-404; make page substantive)
/case-studies/hospitality-hotel-key-card-rollout/,200,indexable,Discovered - currently not indexed,,https://proudtek.com/case-studies/hospitality-hotel-key-card-rollout/,case-study,28-Property Hotel Key Card Rollout,evaluation,2584,0,336,9,3,11,3,Article|BreadcrumbList|FAQPage|Organization|WebPage|WebSite,2026-07-12,2026-07-12,,/sample-pack/,58,152,.jpg,,KEEP
/case-studies/industrial-laundry-pps-rfid-tag/,200,indexable,Discovered - currently not indexed,,https://proudtek.com/case-studies/industrial-laundry-pps-rfid-tag/,case-study,250+ Wash Cycles,evaluation,2038,0,261,9,3,8,4,Article|BreadcrumbList|FAQPage|Organization|WebPage|WebSite,2026-07-12,2026-07-12,,/sample-pack/,58,149,.jpg,,KEEP
/case-studies/library-icode-slix2-self-service/,200,indexable,Discovered - currently not indexed,,https://proudtek.com/case-studies/library-icode-slix2-self-service/,case-study,47-Branch ICODE SLIX2 Self-Service Migration,evaluation,2257,0,268,11,5,8,4,Article|BreadcrumbList|FAQPage|Organization|WebPage|WebSite,2026-07-12,2026-07-12,,/sample-pack/,56,154,.jpg,,KEEP
/case-studies/music-festival-uhf-wristband/,200,indexable,Discovered - currently not indexed,,https://proudtek.com/case-studies/music-festival-uhf-wristband/,case-study,"180,000 UHF Wristbands",evaluation,2364,0,356,8,6,11,4,Article|BreadcrumbList|FAQPage|Organization|WebPage|WebSite,2026-07-12,2026-07-12,,/sample-pack/,60,152,.jpg,,KEEP
/case-studies/pharmaceutical-dscsa-uhf-rfid/,200,indexable,Discovered - currently not indexed,,https://proudtek.com/case-studies/pharmaceutical-dscsa-uhf-rfid/,case-study,DSCSA UHF Labels at 380M Units/Year,evaluation,1929,0,260,5,5,7,4,Article|BreadcrumbList|FAQPage|Organization|WebPage|WebSite,2026-07-12,2026-07-12,,/sample-pack/,56,149,.jpg,,KEEP
/case-studies/restaurant-google-review-nfc-card/,200,indexable,Discovered - currently not indexed,,https://proudtek.com/case-studies/restaurant-google-review-nfc-card/,case-study,3.1× Review Lift,evaluation,2413,0,281,6,5,8,4,Article|BreadcrumbList|FAQPage|Organization|WebPage|WebSite,2026-07-12,2026-07-12,,/sample-pack/,58,151,.jpg,,KEEP
/case-studies/retail-apparel-uhf-rfid-source-tagging/,200,indexable,Discovered - currently not indexed,,https://proudtek.com/case-studies/retail-apparel-uhf-rfid-source-tagging/,case-study,UHF Source-Tagging at 11M Tags/Year,evaluation,2415,0,274,3,3,11,4,Article|BreadcrumbList|FAQPage|Organization|WebPage|WebSite,2026-07-12,2026-07-12,,/sample-pack/,57,154,.jpg,,KEEP
/compare/,200,indexable,Submitted and indexed,2026-08-14,https://proudtek.com/compare/,compare-hub,RFID & NFC Comparison Library,evaluation,780,0,0,537,18,26,0,BreadcrumbList|CollectionPage,2026-03-16,,,,58,151,,no CTA in content,IMPROVE
/compare/125khz-vs-13.56mhz-rfid/,200,indexable,Discovered - currently not indexed,,https://proudtek.com/compare/125khz-vs-13.56mhz-rfid/,comparison,125 kHz Vs 13.56 MHz RFID,evaluation,4111,0,702,49,25,19,8,Article|BreadcrumbList|FAQPage|Organization|WebPage|WebSite,2026-06-10,2026-06-10T18:00:00Z,,/rfq/,57,134,.jpg,,KEEP
/compare/acr1252u-vs-omnikey-5022/,200,indexable,Discovered - currently not indexed,,https://proudtek.com/compare/acr1252u-vs-omnikey-5022/,comparison,ACR1252U vs HID Omnikey 5022,evaluation,3382,0,494,32,4,11,10,Article|BreadcrumbList|FAQPage|Organization|WebPage|WebSite,2026-06-10,2026-06-10T18:00:00Z,,"/contact/rfid-readers/,/rfq/",61,123,.jpg,title>60,IMPROVE
/compare/active-vs-passive-rfid/,200,indexable,Discovered - currently not indexed,,https://proudtek.com/compare/active-vs-passive-rfid/,comparison,Active RFID vs Passive RFID,evaluation,2897,0,674,34,11,11,8,Article|BreadcrumbList|FAQPage|Organization|WebPage|WebSite,2026-07-02,2026-07-02,,/rfq/,56,132,.jpg,,KEEP
/compare/chip-vs-chip/,200,indexable,URL is unknown to Google,,https://proudtek.com/compare/chip-vs-chip/,comparison,💾 Chip vs Chip,evaluation,160,0,0,5,0,4,0,BreadcrumbList|CollectionPage,,,,,59,196,,thin(<250 main words); no CTA in content; desc>160; orphan (0 in-content inlinks); not in sitemap; unknown to Google,IMPROVE (thin)
/compare/em4100-vs-t5577/,200,indexable,Discovered - currently not indexed,,https://proudtek.com/compare/em4100-vs-t5577/,comparison,EM4100 vs T5577,evaluation,2464,0,436,34,6,8,0,Article|BreadcrumbList|FAQPage|HowTo|Organization|WebPage|WebSite,2026-07-07,2026-07-07T00:00:00Z,,"/rfq/,/sample-pack/",120,154,.jpg,title>60,IMPROVE
/compare/form-factor-material/,200,indexable,URL is unknown to Google,,https://proudtek.com/compare/form-factor-material/,comparison,🎨 Form Factor & Material,evaluation,348,0,0,5,0,11,0,BreadcrumbList|CollectionPage,,,,,64,216,,no CTA in content; title>60; desc>160; orphan (0 in-content inlinks); not in sitemap; unknown to Google,IMPROVE (link/sitemap)
/compare/frequency-tech/,200,indexable,URL is unknown to Google,,https://proudtek.com/compare/frequency-tech/,comparison,📊 Frequency & Tech,evaluation,295,0,0,5,0,9,0,BreadcrumbList|CollectionPage,,,,,61,203,,no CTA in content; title>60; desc>160; orphan (0 in-content inlinks); not in sitemap; unknown to Google,IMPROVE (link/sitemap)
/compare/google-review-nfc-card-vs-nfc-sticker/,200,indexable,Discovered - currently not indexed,,https://proudtek.com/compare/google-review-nfc-card-vs-nfc-sticker/,comparison,Google Review NFC Card vs NFC Sticker,evaluation,2679,0,526,53,26,13,10,Article|BreadcrumbList|FAQPage|Organization|WebPage|WebSite,2026-07-02,2026-07-02,,"/contact/nfc-branding-cards/,/rfq/",49,135,.jpg,,KEEP
/compare/hf-vs-uhf-rfid-for-asset-tracking/,200,indexable,Discovered - currently not indexed,,https://proudtek.com/compare/hf-vs-uhf-rfid-for-asset-tracking/,comparison,HF Vs UHF RFID For Asset Tracking,evaluation,3629,0,664,40,14,15,7,Article|BreadcrumbList|FAQPage|Organization|WebPage|WebSite,2026-06-10,2026-06-10T18:00:00Z,,"/contact/rfid-labels-tags/,/rfq/",59,142,.jpg,,KEEP
/compare/hotel-key-cards-vs-hotel-wristbands/,200,indexable,Discovered - currently not indexed,,https://proudtek.com/compare/hotel-key-cards-vs-hotel-wristbands/,comparison,Hotel Key Cards vs Hotel Wristbands,evaluation,3015,0,452,37,14,13,8,Article|BreadcrumbList|FAQPage|HowTo|Organization|WebPage|WebSite,2026-07-02,2026-07-02,,"/contact/hotel-rfid/,/rfq/",61,134,.jpg,title>60,IMPROVE
/compare/impinj-r700-vs-zebra-fx9600/,200,indexable,Discovered - currently not indexed,,https://proudtek.com/compare/impinj-r700-vs-zebra-fx9600/,comparison,Impinj R700 vs Zebra FX9600,evaluation,2962,0,477,37,10,12,10,Article|BreadcrumbList|FAQPage|Organization|WebPage|WebSite,2026-06-10,2026-06-10T18:00:00Z,,"/contact/rfid-readers/,/rfq/",63,120,.jpg,title>60,IMPROVE
/compare/keyfob-vs-card-vs-wristband-access-control/,200,indexable,Discovered - currently not indexed,,https://proudtek.com/compare/keyfob-vs-card-vs-wristband-access-control/,comparison,Keyfob Vs Card Vs Wristband For Access Control,evaluation,3373,0,689,39,13,15,8,Article|BreadcrumbList|FAQPage|Organization|WebPage|WebSite,2026-07-02,2026-07-02,,"/contact/access-control-keyfobs/,/rfq/",58,144,.jpg,,KEEP
/compare/metal-vs-wood-vs-pvc-nfc-business-cards/,200,indexable,Discovered - currently not indexed,,https://proudtek.com/compare/metal-vs-wood-vs-pvc-nfc-business-cards/,comparison,Metal vs Wood vs PVC NFC Business Cards,evaluation,3174,0,688,43,17,13,8,Article|BreadcrumbList|FAQPage|HowTo|Organization|WebPage|WebSite,2026-07-12,2026-07-12,,"/contact/nfc-branding-cards/,/rfq/",51,85,.jpg,,KEEP
/compare/mifare-classic-vs-plus-vs-desfire-hotel-locks/,200,indexable,Discovered - currently not indexed,,https://proudtek.com/compare/mifare-classic-vs-plus-vs-desfire-hotel-locks/,comparison,MIFARE Classic vs Plus vs DESFire for Hotel Locks,evaluation,3069,0,607,112,86,17,11,Article|BreadcrumbList|FAQPage|Organization|WebPage|WebSite,2026-06-11,2026-06-11T11:00:00Z,,"/contact/hotel-rfid/,/rfq/",61,87,.jpg,title>60,IMPROVE
/compare/mifare-plus-ev2-vs-desfire-ev3/,200,indexable,Discovered - currently not indexed,,https://proudtek.com/compare/mifare-plus-ev2-vs-desfire-ev3/,comparison,MIFARE Plus vs MIFARE DESFire,evaluation,4457,0,664,68,45,17,7,Article|BreadcrumbList|FAQPage|Organization|WebPage|WebSite,2026-03-21,2026-03-21,,"/contact/custom-rfid-cards/,/rfq/",94,129,.jpg,title>60,IMPROVE
/compare/nfc-review-card-vs-qr-review-stand/,200,indexable,Discovered - currently not indexed,,https://proudtek.com/compare/nfc-review-card-vs-qr-review-stand/,comparison,NFC Review Card vs QR Review Stand,evaluation,2802,0,631,52,25,12,8,Article|BreadcrumbList|FAQPage|HowTo|Organization|WebPage|WebSite,2026-07-02,2026-07-02,,"/contact/nfc-branding-cards/,/rfq/",60,149,.jpg,,KEEP
/compare/nfc-vs-bluetooth/,200,indexable,Discovered - currently not indexed,,https://proudtek.com/compare/nfc-vs-bluetooth/,comparison,NFC vs Bluetooth,evaluation,3232,0,718,30,5,12,8,Article|BreadcrumbList|FAQPage|Organization|WebPage|WebSite,2026-07-12,2026-07-12,,/rfq/,60,121,.jpg,,KEEP
/compare/ntag213-vs-ntag215-vs-ntag216/,200,indexable,Discovered - currently not indexed,,https://proudtek.com/compare/ntag213-vs-ntag215-vs-ntag216/,comparison,NTAG213 vs NTAG215 vs NTAG216,evaluation,3415,0,506,86,57,25,8,Article|BreadcrumbList|FAQPage|Organization|WebPage|WebSite,2026-07-08,2026-07-08,,"/contact/nfc-branding-cards/,/rfq/",56,144,.svg,og:image SVG,IMPROVE
/compare/on-metal-nfc-labels-vs-standard-nfc-stickers/,200,indexable,Discovered - currently not indexed,,https://proudtek.com/compare/on-metal-nfc-labels-vs-standard-nfc-stickers/,comparison,On-Metal NFC Labels vs Standard NFC Stickers,evaluation,2847,0,655,34,7,12,8,Article|BreadcrumbList|FAQPage|Organization|WebPage|WebSite,2026-07-02,2026-07-02,,"/contact/rfid-labels-tags/,/rfq/",56,133,.jpg,,KEEP
/compare/pps-vs-silicone-vs-textile-rfid-laundry-tags/,200,indexable,Discovered - currently not indexed,,https://proudtek.com/compare/pps-vs-silicone-vs-textile-rfid-laundry-tags/,comparison,PPS vs Silicone vs Textile RFID Laundry Tags,evaluation,3082,0,481,38,12,12,10,Article|BreadcrumbList|FAQPage|Organization|WebPage|WebSite,2026-07-11,2026-07-11,,"/contact/laundry-rfid/,/rfq/",64,143,.jpg,title>60,IMPROVE
/compare/pvc-vs-wood-vs-pla-hotel-key-cards/,200,indexable,URL is unknown to Google,,https://proudtek.com/compare/pvc-vs-wood-vs-pla-hotel-key-cards/,comparison,PVC vs Wood vs PLA Hotel Key Cards,evaluation,3360,0,521,41,15,10,7,Article|BreadcrumbList|FAQPage|Organization|WebPage|WebSite,2026-06-10,2026-06-10T18:00:00Z,,"/contact/hotel-rfid/,/rfq/",62,144,.jpg,title>60; unknown to Google,IMPROVE
/compare/reader-vs-reader/,200,indexable,URL is unknown to Google,,https://proudtek.com/compare/reader-vs-reader/,comparison,📡 Reader vs Reader,evaluation,93,0,0,5,0,2,0,BreadcrumbList|CollectionPage,,,,,61,197,,thin(<250 main words); no CTA in content; title>60; desc>160; orphan (0 in-content inlinks); not in sitemap; unknown to Google,IMPROVE (thin)
/compare/rfid-vs-barcode/,200,indexable,Discovered - currently not indexed,,https://proudtek.com/compare/rfid-vs-barcode/,comparison,RFID vs Barcode,evaluation,3298,0,727,40,14,11,7,Article|BreadcrumbList|FAQPage|Organization|WebPage|WebSite,2026-07-11,2026-07-11,,/rfq/,58,138,.jpg,,KEEP
/compare/rfid-vs-ble-asset-tracking/,200,indexable,Discovered - currently not indexed,,https://proudtek.com/compare/rfid-vs-ble-asset-tracking/,comparison,RFID vs BLE for Asset Tracking,evaluation,2844,0,671,33,5,12,8,Article|BreadcrumbList|FAQPage|Organization|WebPage|WebSite,2026-07-02,2026-07-02,,/rfq/,60,133,.jpg,,KEEP
/compare/rfid-vs-magnetic-hotel-key-cards/,200,indexable,Discovered - currently not indexed,,https://proudtek.com/compare/rfid-vs-magnetic-hotel-key-cards/,comparison,RFID vs Magnetic Stripe Hotel Key Cards,evaluation,3078,0,527,49,24,10,12,Article|BreadcrumbList|FAQPage|Organization|WebPage|WebSite,2026-06-11,2026-06-11T10:00:00Z,,"/contact/hotel-rfid/,/rfq/",51,111,.jpg,,KEEP
/compare/rfid-vs-qr-code/,200,indexable,Submitted and indexed,2026-06-14,https://proudtek.com/compare/rfid-vs-qr-code/,comparison,RFID vs QR Code,evaluation,3309,0,751,35,11,11,8,Article|BreadcrumbList|FAQPage|Organization|WebPage|WebSite,2026-07-02,2026-07-02,,/rfq/,57,135,.jpg,,KEEP
/compare/rfid-wristband-vs-rfid-card/,200,indexable,Discovered - currently not indexed,,https://proudtek.com/compare/rfid-wristband-vs-rfid-card/,comparison,RFID Wristband Vs RFID Card,evaluation,3649,0,680,36,11,15,7,Article|BreadcrumbList|FAQPage|Organization|WebPage|WebSite,2026-06-10,2026-06-10T18:00:00Z,,/rfq/,60,103,.jpg,,KEEP
/compare/rfid-wristbands-hotels-vs-events-vs-resorts/,200,indexable,Discovered - currently not indexed,,https://proudtek.com/compare/rfid-wristbands-hotels-vs-events-vs-resorts/,comparison,RFID Wristbands For Hotels Vs Events Vs Resorts,evaluation,3854,0,671,38,13,15,8,Article|BreadcrumbList|FAQPage|Organization|WebPage|WebSite,2026-07-02,2026-07-02,,"/contact/event-rfid/,/rfq/",59,148,.jpg,,KEEP
/compare/silicone-vs-fabric-vs-woven-rfid-wristbands/,200,indexable,Crawled - currently not indexed,2026-06-13,https://proudtek.com/compare/silicone-vs-fabric-vs-woven-rfid-wristbands/,comparison,Silicone vs Fabric vs Woven RFID Wristbands,evaluation,3876,0,580,49,24,12,9,Article|BreadcrumbList|FAQPage|Organization|WebPage|WebSite,2026-07-09,2026-07-09T00:00:00Z,,"/contact/event-rfid/,/rfq/",55,105,.svg,og:image SVG,IMPROVE
/compare/ucode8-vs-ucode9-vs-monza-r6-vs-higgs9/,200,indexable,Discovered - currently not indexed,,https://proudtek.com/compare/ucode8-vs-ucode9-vs-monza-r6-vs-higgs9/,comparison,NXP UCODE 8 vs UCODE 9 vs Impinj Monza R6 vs Alien Higgs-9,evaluation,3981,0,667,118,90,21,15,Article|BreadcrumbList|FAQPage|Organization|WebPage|WebSite,2026-06-11,2026-06-11T11:00:00Z,,/rfq/,110,86,.jpg,title>60,IMPROVE
/compare/uhf-vs-hf-rfid-laundry-tags/,200,indexable,Discovered - currently not indexed,,https://proudtek.com/compare/uhf-vs-hf-rfid-laundry-tags/,comparison,UHF vs HF RFID Laundry Tags,evaluation,3225,0,481,35,10,12,10,Article|BreadcrumbList|FAQPage|HowTo|Organization|WebPage|WebSite,2026-06-10,2026-06-10T18:00:00Z,,"/contact/laundry-rfid/,/rfq/",60,116,.jpg,,KEEP
/compare/uhf-vs-hf-rfid/,200,indexable,Discovered - currently not indexed,,https://proudtek.com/compare/uhf-vs-hf-rfid/,comparison,UHF RFID Vs HF RFID,evaluation,4228,0,738,55,34,27,7,Article|BreadcrumbList|FAQPage|Organization|WebPage|WebSite,2026-06-11,2026-06-11T11:00:00Z,,/rfq/,54,122,.jpg,,KEEP
/compatibility/,200,indexable,Discovered - currently not indexed,,https://proudtek.com/compatibility/,compatibility-hub,RFID & NFC Hotel Lock Compatibility,evaluation,268,0,0,536,16,7,0,BreadcrumbList|CollectionPage,2026-03-16,,,,61,190,,no CTA in content; title>60; desc>160,IMPROVE
/compatibility/be-tech-hotel-key-cards/,200,indexable,Discovered - currently not indexed,,https://proudtek.com/compatibility/be-tech-hotel-key-cards/,compatibility,Be-Tech Hotel Key Cards,evaluation,4088,0,719,11,4,15,20,Article|BreadcrumbList|FAQPage|HowTo|Organization|WebPage|WebSite,2026-06-10,2026-06-10T18:00:00Z,,"/contact/hotel-rfid/,/rfq/",62,111,.webp,title>60,IMPROVE
/compatibility/hafele-dialock-hotel-key-cards/,200,indexable,Discovered - currently not indexed,,https://proudtek.com/compatibility/hafele-dialock-hotel-key-cards/,compatibility,Hafele Dialock Hotel Key Cards,evaluation,4151,0,676,11,4,16,22,Article|BreadcrumbList|FAQPage|Organization|WebPage|WebSite,2026-06-10,2026-06-10T18:00:00Z,,"/contact/hotel-rfid/,/rfq/",69,98,.webp,title>60,IMPROVE
/compatibility/miwa-hotel-key-cards/,200,indexable,Discovered - currently not indexed,,https://proudtek.com/compatibility/miwa-hotel-key-cards/,compatibility,MIWA Hotel Key Cards,evaluation,4284,0,673,11,4,16,24,Article|BreadcrumbList|FAQPage|Organization|WebPage|WebSite,2026-06-10,2026-06-10T18:00:00Z,,"/contact/hotel-rfid/,/rfq/",59,105,.webp,,KEEP
/compatibility/onity-hotel-key-cards/,200,indexable,Discovered - currently not indexed,,https://proudtek.com/compatibility/onity-hotel-key-cards/,compatibility,Onity Hotel Key Cards,evaluation,4886,0,757,15,8,16,23,Article|BreadcrumbList|FAQPage|Organization|WebPage|WebSite,2026-06-10,2026-06-10T18:00:00Z,,"/contact/hotel-rfid/,/rfq/",60,153,.webp,,KEEP
/compatibility/saflok-hotel-key-cards/,200,indexable,Discovered - currently not indexed,,https://proudtek.com/compatibility/saflok-hotel-key-cards/,compatibility,Saflok Hotel Key Cards,evaluation,4340,0,830,16,9,16,21,Article|BreadcrumbList|FAQPage|Organization|WebPage|WebSite,2026-06-10,2026-06-10T18:00:00Z,,"/contact/hotel-rfid/,/rfq/",61,149,.webp,title>60,IMPROVE
/compatibility/salto-hotel-key-cards/,200,indexable,URL is unknown to Google,,https://proudtek.com/compatibility/salto-hotel-key-cards/,compatibility,SALTO Hotel Key Cards,evaluation,4468,0,786,15,8,16,23,Article|BreadcrumbList|FAQPage|Organization|WebPage|WebSite,2026-06-10,2026-06-10T18:00:00Z,,"/contact/hotel-rfid/,/rfq/",60,153,.webp,unknown to Google,IMPROVE
/compatibility/vingcard-hotel-key-cards/,200,indexable,Discovered - currently not indexed,,https://proudtek.com/compatibility/vingcard-hotel-key-cards/,compatibility,Vingcard Hotel Key Cards,evaluation,5314,0,883,14,7,17,32,Article|BreadcrumbList|FAQPage|Organization|WebPage|WebSite,2026-06-10,2026-06-10T18:00:00Z,,"/contact/hotel-rfid/,/rfq/",63,149,.webp,title>60,IMPROVE
/contact/,200,indexable,Submitted and indexed,2026-07-17,https://proudtek.com/contact/,contact,Talk to a Proud Tek RFID specialist,transactional,199,0,0,595,28,9,1,Article|BreadcrumbList|ContactPage|FAQPage|Organization|WebSite,2026-03-16,2026-04-28,,"/contact/access-control-keyfobs/,/contact/custom-rfid-cards/,/contact/event-rfid",17,88,.png,thin(<250 main words); competing CTAs,IMPROVE (thin)
/contact/access-control-keyfobs/,200,indexable,Submitted and indexed,2026-06-12,https://proudtek.com/contact/access-control-keyfobs/,contact,Keyfob And Access Control Inquiry,transactional,711,0,67,26,18,6,1,Article|BreadcrumbList|ContactPage|FAQPage|Organization|WebSite,2026-06-11,,,"/contact/,/rfq/",45,133,.jpg,,KEEP
/contact/custom-rfid-cards/,200,indexable,Discovered - currently not indexed,,https://proudtek.com/contact/custom-rfid-cards/,contact,Custom RFID Card Inquiry,transactional,736,0,67,77,69,9,1,Article|BreadcrumbList|ContactPage|FAQPage|Organization|WebSite,2026-06-11,,,"/contact/,/rfq/",36,108,.jpg,,KEEP
/contact/event-rfid/,200,indexable,Discovered - currently not indexed,,https://proudtek.com/contact/event-rfid/,contact,Event RFID Project Inquiry,transactional,732,0,67,32,24,8,1,Article|BreadcrumbList|ContactPage|FAQPage|Organization|WebSite,2026-06-11,,,"/contact/,/rfq/",38,124,.jpg,,KEEP
/contact/hotel-rfid/,200,indexable,Discovered - currently not indexed,,https://proudtek.com/contact/hotel-rfid/,contact,Hotel RFID Project Inquiry,transactional,755,0,67,39,36,9,1,Article|BreadcrumbList|ContactPage|FAQPage|Organization|WebSite,2026-06-10,2026-06-10T02:42:32Z,,"/contact/,/rfq/",38,138,.jpg,,KEEP
/contact/laundry-rfid/,200,indexable,Discovered - currently not indexed,,https://proudtek.com/contact/laundry-rfid/,contact,Laundry RFID Project Inquiry,transactional,744,0,67,10,10,9,1,Article|BreadcrumbList|ContactPage|FAQPage|Organization|WebSite,2026-06-10,2026-06-10T01:00:47Z,,"/contact/,/rfq/",40,99,.jpg,,KEEP
/contact/nfc-branding-cards/,200,indexable,Discovered - currently not indexed,,https://proudtek.com/contact/nfc-branding-cards/,contact,NFC Card And Review Card Inquiry,transactional,757,0,67,52,52,10,1,Article|BreadcrumbList|ContactPage|FAQPage|Organization|WebSite,2026-06-11,,,"/contact/,/rfq/",44,116,.jpg,,KEEP
/contact/rfid-labels-tags/,200,indexable,Discovered - currently not indexed,,https://proudtek.com/contact/rfid-labels-tags/,contact,RFID Labels And Tags Inquiry,transactional,757,0,67,127,127,9,1,Article|BreadcrumbList|ContactPage|FAQPage|Organization|WebSite,2026-06-10,2026-06-10T01:00:47Z,,"/contact/,/rfq/",40,90,.jpg,,KEEP
/contact/rfid-readers/,200,indexable,Discovered - currently not indexed,,https://proudtek.com/contact/rfid-readers/,contact,RFID Reader Project Inquiry,transactional,735,0,67,17,17,11,1,Article|BreadcrumbList|ContactPage|FAQPage|Organization|WebSite,2026-06-11,,,"/contact/,/rfq/",39,124,.jpg,,KEEP
/contact/vehicle-rfid/,200,indexable,URL is unknown to Google,,https://proudtek.com/contact/vehicle-rfid/,contact,Vehicle RFID Project Inquiry,transactional,728,0,67,3,3,7,1,Article|BreadcrumbList|ContactPage|FAQPage|Organization|WebSite,2026-06-11,,,"/contact/,/rfq/",40,106,.jpg,unknown to Google,IMPROVE
/faq/,200,indexable,Submitted and indexed,2026-06-13,https://proudtek.com/faq/,faq,RFID FAQ for Buyers,informational,686,0,611,536,9,0,0,Article|BreadcrumbList|FAQPage|Organization|WebPage|WebSite,2026-03-16,2026-06-11T11:00:00Z,,,20,115,.png,no CTA in content,IMPROVE
/glossary/,200,indexable,Discovered - currently not indexed,,https://proudtek.com/glossary/,glossary,RFID & NFC glossary,informational,1072,0,0,1,1,17,0,BreadcrumbList|DefinedTermSet|Organization|WebPage|WebSite,2026-03-16,,,/rfq/,31,147,.png,,KEEP
/guides/,200,indexable,Discovered - currently not indexed,,https://proudtek.com/guides/,guides-hub,RFID & NFC Buying Guides,informational,4361,0,0,537,20,51,0,BreadcrumbList|CollectionPage,2026-03-16,,,,63,209,,no CTA in content; title>60; desc>160,IMPROVE
/guides/buying-reference/,200,indexable,URL is unknown to Google,,https://proudtek.com/guides/buying-reference/,guide,📚 Buying & Reference,informational,460,0,0,8,0,5,0,BreadcrumbList|CollectionPage,,,,,67,256,,no CTA in content; title>60; desc>160; orphan (0 in-content inlinks); not in sitemap; unknown to Google,IMPROVE (link/sitemap)
/guides/california-rfid-privacy-law/,200,indexable,Discovered - currently not indexed,,https://proudtek.com/guides/california-rfid-privacy-law/,guide,California RFID Privacy Law,informational,6841,0,1175,55,5,10,13,Article|BreadcrumbList|FAQPage|Organization|WebPage|WebSite,2026-07-02,2026-07-02,,/rfq/,63,144,.jpg,title>60,IMPROVE
/guides/chip-encyclopedias/,200,indexable,URL is unknown to Google,,https://proudtek.com/guides/chip-encyclopedias/,guide,🔬 Chip Encyclopedias,informational,1041,0,0,8,0,10,0,BreadcrumbList|CollectionPage,,,,,63,233,,no CTA in content; title>60; desc>160; orphan (0 in-content inlinks); not in sitemap; unknown to Google,IMPROVE (link/sitemap)
/guides/compliance-regulatory/,200,indexable,URL is unknown to Google,,https://proudtek.com/guides/compliance-regulatory/,guide,⚖️ Compliance & Regulatory,informational,707,0,0,8,0,8,0,BreadcrumbList|CollectionPage,,,,,63,244,,no CTA in content; title>60; desc>160; orphan (0 in-content inlinks); not in sitemap; unknown to Google,IMPROVE (link/sitemap)
/guides/em4100-em4305-t5577-lf-chip-encyclopedia/,200,indexable,Discovered - currently not indexed,,https://proudtek.com/guides/em4100-em4305-t5577-lf-chip-encyclopedia/,guide,EM4100 / EM4305 / T5577,informational,5756,0,1036,63,13,15,10,Article|BreadcrumbList|FAQPage|Organization|WebPage|WebSite,2026-07-02,2026-07-02,,/rfq/,113,130,.jpg,title>60,IMPROVE
/guides/epc-gen2-uhf-rfid/,200,indexable,Discovered - currently not indexed,,https://proudtek.com/guides/epc-gen2-uhf-rfid/,guide,EPC Gen2 UHF RFID Protocol,informational,5845,0,1344,58,19,11,8,Article|BreadcrumbList|FAQPage|Organization|WebPage|WebSite,2026-07-02,2026-07-02,,/rfq/,61,139,.webp,title>60,IMPROVE
/guides/eu-digital-product-passport-2027/,200,indexable,URL is unknown to Google,,https://proudtek.com/guides/eu-digital-product-passport-2027/,guide,EU Digital Product Passport 2027,informational,6350,0,1209,62,19,12,11,Article|BreadcrumbList|FAQPage|Organization|WebPage|WebSite,2026-07-02,2026-07-02,,/rfq/,66,137,.jpg,title>60; unknown to Google,IMPROVE
/guides/fda-rfid-pharmaceutical-tracking/,200,indexable,Discovered - currently not indexed,,https://proudtek.com/guides/fda-rfid-pharmaceutical-tracking/,guide,FDA RFID Pharmaceutical Tracking,informational,6212,0,633,56,8,13,11,Article|BreadcrumbList|FAQPage|Organization|WebPage|WebSite,2026-06-11,2026-06-11T11:00:00Z,,/rfq/,68,113,.jpg,title>60,IMPROVE
/guides/google-review-card-design-and-copy/,200,indexable,URL is unknown to Google,,https://proudtek.com/guides/google-review-card-design-and-copy/,guide,Google Review Card Design And Copy Guide,informational,7618,0,874,55,11,13,10,Article|BreadcrumbList|FAQPage|Organization|WebPage|WebSite,2026-07-02,2026-07-02,,"/contact/nfc-branding-cards/,/rfq/",57,125,.jpg,unknown to Google,IMPROVE
/guides/google-review-card-placement-guide/,200,indexable,Discovered - currently not indexed,,https://proudtek.com/guides/google-review-card-placement-guide/,guide,Google Review Card Placement Guide,informational,7276,0,776,55,14,15,8,Article|BreadcrumbList|FAQPage|Organization|WebPage|WebSite,2026-07-02,2026-07-02,,"/contact/nfc-branding-cards/,/rfq/",51,148,.jpg,,KEEP
/guides/google-review-card-staff-prompt-playbook/,200,indexable,Discovered - currently not indexed,,https://proudtek.com/guides/google-review-card-staff-prompt-playbook/,guide,Google Review Card Staff Prompt Playbook,informational,8354,0,849,55,14,14,10,Article|BreadcrumbList|FAQPage|Organization|WebPage|WebSite,2026-07-02,2026-07-02,,"/contact/nfc-branding-cards/,/rfq/",57,123,.jpg,,KEEP
/guides/google-review-cards-for-auto-dealerships/,200,indexable,Discovered - currently not indexed,,https://proudtek.com/guides/google-review-cards-for-auto-dealerships/,guide,Google Review Cards For Auto Dealerships,informational,6311,0,849,54,3,15,9,Article|BreadcrumbList|FAQPage|Organization|WebPage|WebSite,2026-07-02,2026-07-02,,"/contact/nfc-branding-cards/,/rfq/",57,131,.jpg,,KEEP
/guides/google-review-cards-for-dental-groups/,200,indexable,Discovered - currently not indexed,,https://proudtek.com/guides/google-review-cards-for-dental-groups/,guide,Google Review Cards For Dental Groups,informational,6594,0,865,54,4,14,10,Article|BreadcrumbList|FAQPage|Organization|WebPage|WebSite,2026-07-02,2026-07-02,,"/contact/nfc-branding-cards/,/rfq/",54,139,.jpg,,KEEP
/guides/google-review-cards-for-fitness-franchises/,200,indexable,Discovered - currently not indexed,,https://proudtek.com/guides/google-review-cards-for-fitness-franchises/,guide,Google Review Cards For Fitness Franchises,informational,6517,0,830,54,3,15,10,Article|BreadcrumbList|FAQPage|Organization|WebPage|WebSite,2026-06-02,2026-06-02T04:46:09Z,,"/contact/nfc-branding-cards/,/rfq/",59,99,.jpg,,KEEP
/guides/google-review-cards-for-hotel-groups/,200,indexable,Discovered - currently not indexed,,https://proudtek.com/guides/google-review-cards-for-hotel-groups/,guide,Google Review Cards For Hotel Groups,informational,6656,0,836,54,4,14,10,Article|BreadcrumbList|FAQPage|Organization|WebPage|WebSite,2026-07-02,2026-07-02,,"/contact/nfc-branding-cards/,/rfq/",53,140,.jpg,,KEEP
/guides/google-review-cards-for-multi-location-brands/,200,indexable,Discovered - currently not indexed,,https://proudtek.com/guides/google-review-cards-for-multi-location-brands/,guide,Google Review Cards For Multi-Location Brands,informational,7977,0,915,54,9,14,7,Article|BreadcrumbList|FAQPage|Organization|WebPage|WebSite,2026-07-02,2026-07-02,,"/contact/nfc-branding-cards/,/rfq/",62,144,.jpg,title>60,IMPROVE
/guides/google-review-cards-for-restaurant-franchises/,200,indexable,Discovered - currently not indexed,,https://proudtek.com/guides/google-review-cards-for-restaurant-franchises/,guide,Google Review Cards For Restaurant Franchises,informational,6393,0,786,54,4,14,8,Article|BreadcrumbList|FAQPage|Organization|WebPage|WebSite,2026-07-02,2026-07-02,,"/contact/nfc-branding-cards/,/rfq/",62,143,.jpg,title>60,IMPROVE
/guides/google-review-cards-for-salon-chains/,200,indexable,Discovered - currently not indexed,,https://proudtek.com/guides/google-review-cards-for-salon-chains/,guide,Google Review Cards For Salon Chains,informational,6407,0,818,54,3,14,8,Article|BreadcrumbList|FAQPage|Organization|WebPage|WebSite,2026-07-02,2026-07-02,,"/contact/nfc-branding-cards/,/rfq/",53,135,.png,,KEEP
/guides/google-review-cards/,200,indexable,URL is unknown to Google,,https://proudtek.com/guides/google-review-cards/,guide,⭐ Google Review Cards,informational,893,0,0,8,0,11,0,BreadcrumbList|CollectionPage,,,,,63,225,,no CTA in content; title>60; desc>160; orphan (0 in-content inlinks); not in sitemap; unknown to Google,IMPROVE (link/sitemap)
/guides/google-review-nfc-card-setup/,200,indexable,Discovered - currently not indexed,,https://proudtek.com/guides/google-review-nfc-card-setup/,guide,Google Review NFC Card Setup Guide,informational,7082,0,1654,62,21,15,12,Article|BreadcrumbList|FAQPage|Organization|WebPage|WebSite,2026-07-02,2026-07-02,,"/contact/nfc-branding-cards/,/rfq/",51,138,.jpg,,KEEP
/guides/gs1-epc-encoding-guide/,200,indexable,Discovered - currently not indexed,,https://proudtek.com/guides/gs1-epc-encoding-guide/,guide,GS1 EPC Encoding Guide,informational,7531,0,1114,61,27,10,8,Article|BreadcrumbList|FAQPage|HowTo|Organization|WebPage|WebSite,2026-07-02,2026-07-02,,/rfq/,62,135,.jpg,title>60,IMPROVE
/guides/hotel-key-card-artwork-and-printing-checklist/,200,indexable,Discovered - currently not indexed,,https://proudtek.com/guides/hotel-key-card-artwork-and-printing-checklist/,guide,Hotel Key Card Artwork And Printing Checklist,informational,6556,0,1244,56,8,14,10,Article|BreadcrumbList|FAQPage|HowTo|Organization|WebPage|WebSite,2026-07-09,2026-07-09,,"/contact/hotel-rfid/,/rfq/",62,134,.svg,title>60; og:image SVG,IMPROVE
/guides/hotel-key-card-encoding/,200,indexable,URL is unknown to Google,,https://proudtek.com/guides/hotel-key-card-encoding/,guide,Hotel Key Card Encoding Guide,informational,6697,0,1308,77,31,13,11,Article|BreadcrumbList|FAQPage|HowTo|Organization|WebPage|WebSite,2026-07-10,2026-07-10,,"/contact/hotel-rfid/,/rfq/",46,144,.svg,og:image SVG; unknown to Google,IMPROVE
/guides/hotel-key-card-material-selection/,200,indexable,Discovered - currently not indexed,,https://proudtek.com/guides/hotel-key-card-material-selection/,guide,Hotel Key Card Material Selection Guide,informational,6407,0,1228,64,18,14,11,Article|BreadcrumbList|FAQPage|Organization|WebPage|WebSite,2026-07-02,2026-07-02,,"/contact/hotel-rfid/,/rfq/",56,144,.jpg,,KEEP
/guides/hotel-key-card-sample-planning/,200,indexable,Discovered - currently not indexed,,https://proudtek.com/guides/hotel-key-card-sample-planning/,guide,Hotel Key Card Sample Planning Guide,informational,6596,0,1164,54,7,14,13,Article|BreadcrumbList|FAQPage|Organization|WebPage|WebSite,2026-07-02,2026-07-02,,"/contact/hotel-rfid/,/rfq/",53,128,.jpg,,KEEP
/guides/hotel-keycards/,200,indexable,URL is unknown to Google,,https://proudtek.com/guides/hotel-keycards/,guide,🏨 Hotel Keycards,informational,353,0,0,8,0,4,0,BreadcrumbList|CollectionPage,,,,,61,220,,no CTA in content; title>60; desc>160; orphan (0 in-content inlinks); not in sitemap; unknown to Google,IMPROVE (link/sitemap)
/guides/icode-slix-chip-encyclopedia/,200,indexable,Discovered - currently not indexed,,https://proudtek.com/guides/icode-slix-chip-encyclopedia/,guide,ICODE SLIX / SLIX2,informational,5661,0,583,58,7,16,11,Article|BreadcrumbList|FAQPage|HowTo|Organization|WebPage|WebSite,2026-07-11,2026-07-11,,/rfq/,112,127,.jpg,title>60,IMPROVE
/guides/integration-tools/,200,indexable,URL is unknown to Google,,https://proudtek.com/guides/integration-tools/,guide,🛠️ Integration & Tools,informational,633,0,0,8,0,7,0,BreadcrumbList|CollectionPage,,,,,62,215,,no CTA in content; title>60; desc>160; orphan (0 in-content inlinks); not in sitemap; unknown to Google,IMPROVE (link/sitemap)
/guides/iso-14443-explained/,200,indexable,Discovered - currently not indexed,,https://proudtek.com/guides/iso-14443-explained/,guide,ISO/IEC 14443 Explained,informational,6973,0,831,62,22,12,6,Article|BreadcrumbList|FAQPage|Organization|WebPage|WebSite,2026-07-02,2026-07-02,,/rfq/,64,124,.jpg,title>60,IMPROVE
/guides/iso-18000-6c-uhf-rfid-standard/,200,indexable,Discovered - currently not indexed,,https://proudtek.com/guides/iso-18000-6c-uhf-rfid-standard/,guide,ISO 18000-6C / ISO 18000-63 UHF RFID Buyer's Guide,informational,6695,0,1011,56,11,11,8,Article|BreadcrumbList|FAQPage|Organization|WebPage|WebSite,2026-07-02,2026-07-02,,/rfq/,67,129,.webp,title>60,IMPROVE
/guides/item-level-rfid-tagging-mandate/,200,indexable,Discovered - currently not indexed,,https://proudtek.com/guides/item-level-rfid-tagging-mandate/,guide,Item-Level RFID Tagging for Retail,informational,6291,0,848,57,12,13,10,Article|BreadcrumbList|FAQPage|Organization|WebPage|WebSite,2026-06-11,2026-06-11T11:00:00Z,,/rfq/,68,127,.jpg,title>60,IMPROVE
/guides/mifare-classic-1k-4k-chip-encyclopedia/,200,indexable,URL is unknown to Google,,https://proudtek.com/guides/mifare-classic-1k-4k-chip-encyclopedia/,guide,MIFARE Classic 1K / 4K,informational,5821,0,572,70,20,14,8,Article|BreadcrumbList|FAQPage|Organization|WebPage|WebSite,2026-07-11,2026-07-11,,/rfq/,62,135,.jpg,title>60; unknown to Google,IMPROVE
/guides/mifare-desfire-ev3-commands-reference/,200,indexable,not inspected,,https://proudtek.com/guides/mifare-desfire-ev3-commands-reference/,guide,MIFARE DESFire EV3,informational,5752,0,601,69,21,13,9,Article|BreadcrumbList|FAQPage|Organization|WebPage|WebSite,2026-06-10,2026-06-10T18:00:00Z,,/rfq/,59,147,.jpg,,KEEP
/guides/mifare-ultralight-c-chip-encyclopedia/,200,indexable,Discovered - currently not indexed,,https://proudtek.com/guides/mifare-ultralight-c-chip-encyclopedia/,guide,MIFARE Ultralight C,informational,6246,0,1040,62,12,13,9,Article|BreadcrumbList|FAQPage|HowTo|Organization|WebPage|WebSite,2026-07-02,2026-07-02,,/rfq/,59,143,.jpg,,KEEP
/guides/monza-r6-family-chip-encyclopedia/,200,indexable,Discovered - currently not indexed,,https://proudtek.com/guides/monza-r6-family-chip-encyclopedia/,guide,Impinj Monza R6 Family,informational,6360,0,1230,64,15,14,12,Article|BreadcrumbList|FAQPage|Organization|WebPage|WebSite,2026-05-10,2026-05-10,,/rfq/,114,126,.jpg,title>60,IMPROVE
/guides/nfc-business-card-iphone-android-compatibility/,200,indexable,Discovered - currently not indexed,,https://proudtek.com/guides/nfc-business-card-iphone-android-compatibility/,guide,NFC Business Card iPhone And Android Compatibility,informational,7380,0,1169,56,7,13,11,Article|BreadcrumbList|FAQPage|Organization|WebPage|WebSite,2026-06-10,2026-06-10T18:00:00Z,,"/contact/nfc-branding-cards/,/rfq/",67,98,.jpg,title>60,IMPROVE
/guides/nfc-ndef-format-explained/,200,indexable,Discovered - currently not indexed,,https://proudtek.com/guides/nfc-ndef-format-explained/,guide,NFC NDEF Format Explained,informational,6385,0,1077,66,25,10,7,Article|BreadcrumbList|FAQPage|HowTo|Organization|WebPage|WebSite,2026-07-02,2026-07-02,,/rfq/,65,112,.jpg,title>60,IMPROVE
/guides/nfc-rohs-reach-compliance/,200,indexable,Discovered - currently not indexed,,https://proudtek.com/guides/nfc-rohs-reach-compliance/,guide,NFC and RFID RoHS & REACH Compliance Guide,informational,6010,0,1011,55,7,10,13,Article|BreadcrumbList|FAQPage|HowTo|Organization|WebPage|WebSite,2026-06-10,2026-06-10T18:00:00Z,,/rfq/,59,87,.jpg,,KEEP
/guides/nfc-tag-programming-android-guide/,200,indexable,Discovered - currently not indexed,,https://proudtek.com/guides/nfc-tag-programming-android-guide/,guide,NFC Tag Programming on Android,informational,6041,0,934,54,7,12,10,Article|BreadcrumbList|FAQPage|HowTo|Organization|WebPage|WebSite,2026-07-02,2026-07-02,,/rfq/,65,141,.jpg,title>60,IMPROVE
/guides/nfc-tag-programming-iphone/,200,indexable,Discovered - currently not indexed,,https://proudtek.com/guides/nfc-tag-programming-iphone/,guide,Programming NFC Tags with iPhone,informational,6320,0,956,54,7,12,10,Article|BreadcrumbList|FAQPage|HowTo|Organization|WebPage|WebSite,2026-07-02,2026-07-02,,/rfq/,66,135,.jpg,title>60,IMPROVE
/guides/ntag21x-family-memory-map-commands/,200,indexable,Discovered - currently not indexed,,https://proudtek.com/guides/ntag21x-family-memory-map-commands/,guide,NTAG21x Family,informational,6250,0,604,66,16,15,11,Article|BreadcrumbList|FAQPage|HowTo|Organization|WebPage|WebSite,2026-06-11,2026-06-11T10:00:00Z,,/rfq/,57,107,.jpg,,KEEP
/guides/ntag424-dna-sun-cmac-authentication/,200,indexable,Discovered - currently not indexed,,https://proudtek.com/guides/ntag424-dna-sun-cmac-authentication/,guide,NTAG424 DNA SUN + CMAC Authentication,informational,6637,0,494,84,40,15,9,Article|BreadcrumbList|FAQPage|Organization|WebPage|WebSite,2026-07-02,2026-07-02,,/rfq/,54,148,.jpg,,KEEP
/guides/python-rfid-reader-library/,200,indexable,Discovered - currently not indexed,,https://proudtek.com/guides/python-rfid-reader-library/,guide,Python RFID Reader Library Guide,informational,5837,0,767,57,10,11,11,Article|BreadcrumbList|FAQPage|Organization|WebPage|WebSite,2026-07-02,2026-07-02,,/rfq/,49,143,.jpg,,KEEP
/guides/rain-rfid-explained/,200,indexable,Discovered - currently not indexed,,https://proudtek.com/guides/rain-rfid-explained/,guide,RAIN RFID Explained,informational,7647,0,1352,58,14,13,10,Article|BreadcrumbList|FAQPage|Organization|WebPage|WebSite,2026-07-02,2026-07-02,,/rfq/,64,127,.webp,title>60,IMPROVE
/guides/rfid-card-cost/,200,indexable,Discovered - currently not indexed,,https://proudtek.com/guides/rfid-card-cost/,guide,RFID Card Cost Guide,informational,3342,0,500,55,6,16,1,Article|BreadcrumbList|FAQPage|Organization|WebPage|WebSite,2026-07-02,2026-07-02,,"/rfq/,/sample-pack/",81,137,.jpg,title>60,IMPROVE
/guides/rfid-ce-marking-europe/,200,indexable,Discovered - currently not indexed,,https://proudtek.com/guides/rfid-ce-marking-europe/,guide,RFID CE Marking in Europe,informational,7148,0,1002,56,8,10,13,Article|BreadcrumbList|FAQPage|Organization|WebPage|WebSite,2026-07-02,2026-07-02,,/rfq/,61,121,.jpg,title>60,IMPROVE
/guides/rfid-food-safety-traceability/,200,indexable,Discovered - currently not indexed,,https://proudtek.com/guides/rfid-food-safety-traceability/,guide,RFID for Food Safety & FSMA 204 Traceability,informational,6261,0,986,53,7,11,9,Article|BreadcrumbList|FAQPage|Organization|WebPage|WebSite,2026-07-02,2026-07-02,,/rfq/,61,128,.jpg,title>60,IMPROVE
/guides/rfid-oracle-netsuite-integration/,200,indexable,Discovered - currently not indexed,,https://proudtek.com/guides/rfid-oracle-netsuite-integration/,guide,RFID Integration with Oracle NetSuite,informational,6221,0,875,53,4,10,8,Article|BreadcrumbList|FAQPage|HowTo|Organization|WebPage|WebSite,2026-06-11,2026-06-11T10:00:00Z,,/rfq/,66,125,.jpg,title>60,IMPROVE
/guides/rfid-reader-writer-selection/,200,indexable,Discovered - currently not indexed,,https://proudtek.com/guides/rfid-reader-writer-selection/,guide,How To Choose RFID Readers And Writers,informational,6779,0,822,66,17,21,8,Article|BreadcrumbList|FAQPage|HowTo|Organization|WebPage|WebSite,2026-07-02,2026-07-02,,"/contact/rfid-readers/,/rfq/",55,146,.jpg,,KEEP
/guides/rfid-sap-wms-integration/,200,indexable,Discovered - currently not indexed,,https://proudtek.com/guides/rfid-sap-wms-integration/,guide,RFID Integration with SAP WMS and S/4HANA EWM,informational,5939,0,1046,54,5,10,8,Article|BreadcrumbList|FAQPage|Organization|WebPage|WebSite,2026-07-02,2026-07-02,,/rfq/,62,142,.jpg,title>60,IMPROVE
/guides/rfid-shopify-inventory-integration/,200,indexable,Discovered - currently not indexed,,https://proudtek.com/guides/rfid-shopify-inventory-integration/,guide,RFID Integration with Shopify,informational,6347,0,1029,53,4,10,11,Article|BreadcrumbList|FAQPage|Organization|WebPage|WebSite,2026-07-02,2026-07-02,,/rfq/,63,149,.jpg,title>60,IMPROVE
/guides/rfid-tag-card-wristband-lifespan/,200,indexable,Discovered - currently not indexed,,https://proudtek.com/guides/rfid-tag-card-wristband-lifespan/,guide,"How Long RFID Tags, Cards And Wristbands Last",informational,7495,0,987,56,9,15,11,Article|BreadcrumbList|FAQPage|Organization|WebPage|WebSite,2026-07-11,2026-07-11,,/rfq/,62,133,.jpg,title>60,IMPROVE
/guides/rfid-wristband-cost/,200,indexable,Discovered - currently not indexed,,https://proudtek.com/guides/rfid-wristband-cost/,guide,RFID Wristband Cost Guide,informational,2659,0,492,54,5,11,2,Article|BreadcrumbList|FAQPage|Organization|WebPage|WebSite,2026-07-02,2026-07-02,,"/rfq/,/sample-pack/",86,138,.jpg,title>60,IMPROVE
/guides/standards-encoding/,200,indexable,URL is unknown to Google,,https://proudtek.com/guides/standards-encoding/,guide,📐 Standards & Encoding,informational,539,0,0,8,0,6,0,BreadcrumbList|CollectionPage,,,,,63,221,,no CTA in content; title>60; desc>160; orphan (0 in-content inlinks); not in sitemap; unknown to Google,IMPROVE (link/sitemap)
/guides/ucode-8-uhf-chip-encyclopedia/,200,indexable,Discovered - currently not indexed,,https://proudtek.com/guides/ucode-8-uhf-chip-encyclopedia/,guide,NXP UCODE 8,informational,6565,0,1143,55,6,14,10,Article|BreadcrumbList|FAQPage|Organization|WebPage|WebSite,2026-06-11,2026-06-11T10:00:00Z,,/rfq/,107,100,.jpg,title>60,IMPROVE
/guides/ucode-9-uhf-chip-encyclopedia/,200,indexable,Discovered - currently not indexed,,https://proudtek.com/guides/ucode-9-uhf-chip-encyclopedia/,guide,NXP UCODE 9,informational,6206,0,1118,62,13,14,9,Article|BreadcrumbList|FAQPage|Organization|WebPage|WebSite,2026-06-11,2026-06-11T10:00:00Z,,/rfq/,106,136,.jpg,title>60,IMPROVE
/guides/uhf-rfid-reader-api-guide/,200,indexable,Discovered - currently not indexed,,https://proudtek.com/guides/uhf-rfid-reader-api-guide/,guide,UHF RFID Reader API Guide,informational,6017,0,871,57,8,11,11,Article|BreadcrumbList|FAQPage|Organization|WebPage|WebSite,2026-07-02,2026-07-02,,/rfq/,65,131,.jpg,title>60,IMPROVE
/guides/walmart-rfid-tagging-mandate/,200,indexable,Discovered - currently not indexed,,https://proudtek.com/guides/walmart-rfid-tagging-mandate/,guide,Walmart RFID Tagging Mandate 2026,informational,6853,0,685,57,12,13,11,Article|BreadcrumbList|FAQPage|HowTo|Organization|WebPage|WebSite,2026-07-10,2026-07-10,,/rfq/,67,150,.svg,title>60; og:image SVG,IMPROVE
/industries/,200,indexable,Discovered - currently not indexed,,https://proudtek.com/industries/,industries-hub,Complete guide to RFID & NFC by industry,commercial,5036,0,1177,536,7,39,15,Article|BreadcrumbList|CollectionPage|FAQPage|ItemList|Organization|WebSite,2026-07-11,2026-07-11,,/rfq/,90,143,.svg,title>60; og:image SVG; 6 img no alt,IMPROVE
/industries/aerospace-aviation-mro/,200,indexable,Discovered - currently not indexed,,https://proudtek.com/industries/aerospace-aviation-mro/,industry,RFID for Aerospace & MRO,commercial,2948,0,636,219,17,16,10,Article|BreadcrumbList|FAQPage|HowTo|Organization|WebPage|WebSite,2026-06-10,2026-06-10T18:00:00Z,,/rfq/,57,133,.jpg,,KEEP
/industries/agriculture/,200,indexable,Discovered - currently not indexed,,https://proudtek.com/industries/agriculture/,industry,RFID for Agriculture,commercial,3321,0,780,536,15,14,10,Article|BreadcrumbList|FAQPage|HowTo|Organization|WebPage|WebSite,2026-06-10,2026-06-10T18:00:00Z,,/rfq/,65,117,.png,title>60,IMPROVE
/industries/automotive-tire-oem/,200,indexable,URL is unknown to Google,,https://proudtek.com/industries/automotive-tire-oem/,industry,RFID for Automotive & Tire OEM,commercial,2948,0,613,186,12,20,10,Article|BreadcrumbList|FAQPage|HowTo|Organization|WebPage|WebSite,2026-06-10,2026-06-10T18:00:00Z,,/rfq/,65,151,.jpg,title>60; unknown to Google,IMPROVE
/industries/brand-protection/,200,indexable,Discovered - currently not indexed,,https://proudtek.com/industries/brand-protection/,industry,Brand Protection NFC,commercial,3189,0,840,536,58,20,10,Article|BreadcrumbList|FAQPage|HowTo|Organization|WebPage|WebSite,2026-06-11,2026-06-11T11:00:00Z,,/rfq/,61,152,.png,title>60,IMPROVE
/industries/cold-chain-food-traceability/,200,indexable,Discovered - currently not indexed,,https://proudtek.com/industries/cold-chain-food-traceability/,industry,RFID for Cold Chain & Food Traceability,commercial,3562,0,706,36,19,18,10,Article|BreadcrumbList|FAQPage|HowTo|Organization|WebPage|WebSite,2026-06-10,2026-06-10T18:00:00Z,,/rfq/,67,154,.jpg,title>60,IMPROVE
/industries/data-center-it-asset-tracking/,200,indexable,Discovered - currently not indexed,,https://proudtek.com/industries/data-center-it-asset-tracking/,industry,RFID for Data Center IT Assets,commercial,3112,0,695,37,18,17,10,Article|BreadcrumbList|FAQPage|HowTo|Organization|WebPage|WebSite,2026-06-10,2026-06-10T18:00:00Z,,/rfq/,62,105,.jpg,title>60,IMPROVE
/industries/education/,200,indexable,Discovered - currently not indexed,,https://proudtek.com/industries/education/,industry,RFID for Education,commercial,3257,0,925,536,43,20,10,Article|BreadcrumbList|FAQPage|HowTo|Organization|WebPage|WebSite,2026-06-10,2026-06-10T18:00:00Z,,/rfq/,62,131,.jpg,title>60,IMPROVE
/industries/eu-compliance/,200,indexable,Discovered - currently not indexed,,https://proudtek.com/industries/eu-compliance/,industry,RFID for EU Compliance,commercial,3258,0,843,536,24,17,10,Article|BreadcrumbList|FAQPage|HowTo|Organization|WebPage|WebSite,2026-06-11,2026-06-11T11:00:00Z,,/rfq/,58,122,.jpg,,KEEP
/industries/events-venues/,200,indexable,Discovered - currently not indexed,,https://proudtek.com/industries/events-venues/,industry,RFID for Events & Venues,commercial,3263,0,794,536,64,27,10,Article|BreadcrumbList|FAQPage|HowTo|Organization|WebPage|WebSite,2026-06-11,2026-06-11T11:00:00Z,,/rfq/,65,146,.jpg,title>60,IMPROVE
/industries/fitness/,200,indexable,Discovered - currently not indexed,,https://proudtek.com/industries/fitness/,industry,RFID for Fitness,commercial,2863,0,774,536,25,19,10,Article|BreadcrumbList|FAQPage|HowTo|Organization|WebPage|WebSite,2026-06-10,2026-06-10T18:00:00Z,,/rfq/,58,141,.png,,KEEP
/industries/government-defense-supply-chain/,200,indexable,Discovered - currently not indexed,,https://proudtek.com/industries/government-defense-supply-chain/,industry,RFID for Defense Supply Chains,commercial,2910,0,627,39,21,19,10,Article|BreadcrumbList|FAQPage|HowTo|Organization|WebPage|WebSite,2026-06-10,2026-06-10T18:00:00Z,,/rfq/,62,152,.jpg,title>60,IMPROVE
/industries/healthcare/,200,indexable,Submitted and indexed,2026-07-10,https://proudtek.com/industries/healthcare/,industry,RFID for Healthcare,commercial,2852,0,830,536,65,23,10,Article|BreadcrumbList|FAQPage|HowTo|Organization|WebPage|WebSite,2026-07-11,2026-07-11T11:00:00Z,,/rfq/,63,151,.webp,title>60,IMPROVE
/industries/hospitality/,200,indexable,Submitted and indexed,2026-07-09,https://proudtek.com/industries/hospitality/,industry,RFID for Hospitality,commercial,4014,0,833,536,66,32,10,Article|BreadcrumbList|FAQPage|HowTo|Organization|WebPage|WebSite,2026-08-30,2026-08-30,,/rfq/,62,153,.svg,title>60; og:image SVG,IMPROVE
/industries/industrial/,200,indexable,Discovered - currently not indexed,,https://proudtek.com/industries/industrial/,industry,RFID for Industrial Manufacturing,commercial,3016,0,733,536,84,15,10,Article|BreadcrumbList|FAQPage|HowTo|Organization|WebPage|WebSite,2026-06-10,2026-06-10T18:00:00Z,,/rfq/,68,148,.webp,title>60,IMPROVE
/industries/laundry-services/,200,indexable,Discovered - currently not indexed,,https://proudtek.com/industries/laundry-services/,industry,RFID for Laundry Services,commercial,1919,0,461,536,18,15,6,Article|BreadcrumbList|FAQPage|Organization|WebPage|WebSite,2026-07-11,2026-07-11,,/rfq/,80,139,.svg,title>60; og:image SVG,IMPROVE
/industries/libraries/,200,indexable,Discovered - currently not indexed,,https://proudtek.com/industries/libraries/,industry,RFID for Libraries,commercial,3165,0,787,536,13,13,10,Article|BreadcrumbList|FAQPage|HowTo|Organization|WebPage|WebSite,2026-06-10,2026-06-10T18:00:00Z,,/rfq/,60,152,.jpg,,KEEP
/industries/logistics/,200,indexable,URL is unknown to Google,,https://proudtek.com/industries/logistics/,industry,RFID for Logistics,commercial,3067,0,576,537,72,21,10,Article|BreadcrumbList|FAQPage|HowTo|Organization|WebPage|WebSite,2026-06-11,2026-06-11T11:00:00Z,,/rfq/,58,144,.jpg,unknown to Google,IMPROVE
/industries/luxury-brands/,200,indexable,Discovered - currently not indexed,,https://proudtek.com/industries/luxury-brands/,industry,Luxury Brand NFC,commercial,2921,0,902,536,47,21,10,Article|BreadcrumbList|FAQPage|HowTo|Organization|WebPage|WebSite,2026-06-11,2026-06-11T11:00:00Z,,/rfq/,55,103,.jpg,,KEEP
/industries/pharmaceutical/,200,indexable,Discovered - currently not indexed,,https://proudtek.com/industries/pharmaceutical/,industry,Pharmaceutical RFID,commercial,3410,0,863,536,22,20,10,Article|BreadcrumbList|FAQPage|HowTo|Organization|WebPage|WebSite,2026-06-11,2026-06-11T11:00:00Z,,/rfq/,97,147,.jpg,title>60,IMPROVE
/industries/retail-apparel/,200,indexable,Discovered - currently not indexed,,https://proudtek.com/industries/retail-apparel/,industry,RFID for Retail & Apparel,commercial,2999,0,637,537,46,22,10,Article|BreadcrumbList|FAQPage|HowTo|Organization|WebPage|WebSite,2026-06-11,2026-06-11T11:00:00Z,,/rfq/,66,153,.jpg,title>60,IMPROVE
/industries/water-parks/,200,indexable,Discovered - currently not indexed,,https://proudtek.com/industries/water-parks/,industry,RFID Wristbands for Water Parks,commercial,1140,0,216,3,2,6,0,Article|BreadcrumbList|FAQPage|Organization|WebPage|WebSite,2026-08-30,2026-08-30,,/rfq/,82,154,.jpg,title>60,IMPROVE
/lp/,200,indexable,Discovered - currently not indexed,,https://proudtek.com/lp/,lp-hub,Campaign Landing Pages,commercial,742,0,153,15,0,16,0,Article|BreadcrumbList|FAQPage|Organization|WebPage|WebSite,2026-06-10,2026-06-10T18:00:00Z,,/rfq/,61,141,.webp,title>60; orphan (0 in-content inlinks),IMPROVE (link/sitemap)
/lp/bulk-rfid-cards/,200,indexable,Discovered - currently not indexed,,https://proudtek.com/lp/bulk-rfid-cards/,landing-page,Bulk RFID Cards,commercial,2849,0,446,15,3,18,4,Article|BreadcrumbList|FAQPage|Organization|WebPage|WebSite,2026-07-13,2026-07-13,,"/rfq/,/sample-pack/",55,134,.jpg,,NEEDS_MANUAL_REVIEW (keyword-variant risk; see Phase 6)
/lp/custom-rfid-card-printing/,200,indexable,Discovered - currently not indexed,,https://proudtek.com/lp/custom-rfid-card-printing/,landing-page,Custom RFID Card Printing,commercial,2570,0,426,25,14,11,4,Article|BreadcrumbList|FAQPage|Organization|WebPage|WebSite,2026-07-13,2026-07-13,,/rfq/,59,141,.jpg,,NEEDS_MANUAL_REVIEW (keyword-variant risk; see Phase 6)
/lp/nfc-tag-manufacturer-china/,200,indexable,Discovered - currently not indexed,,https://proudtek.com/lp/nfc-tag-manufacturer-china/,landing-page,NFC Tag Manufacturer in China,commercial,2712,0,460,17,5,14,6,Article|BreadcrumbList|FAQPage|Organization|WebPage|WebSite,2026-07-13,2026-07-13,,"/rfq/,/sample-pack/",61,134,.jpg,title>60,NEEDS_MANUAL_REVIEW (keyword-variant risk; see Phase 6)
/lp/nfc-tag-supplier/,built but edge-301→/lp/nfc-tag-manufacturer-china/,noindex (canonical→/lp/nfc-tag-manufacturer-china/),n/a (noindex),,https://proudtek.com/lp/nfc-tag-manufacturer-china/,landing-page,NFC Tag Supplier,commercial,2470,0,382,7,3,11,4,Article,,2026-07-13,,"/rfq/,/sample-pack/",45,86,.png,,KEEP (legacy: noindex+canonical+edge 301; file is dead weight)
/lp/rfid-card-encoding-service/,200,indexable,Discovered - currently not indexed,,https://proudtek.com/lp/rfid-card-encoding-service/,landing-page,RFID Card Encoding Service,commercial,2882,0,482,7,7,13,4,Article|BreadcrumbList|FAQPage|Organization|WebPage|WebSite,2026-07-13,2026-07-13,,"/rfq/,/sample-pack/",80,112,.jpg,title>60,NEEDS_MANUAL_REVIEW (keyword-variant risk; see Phase 6)
/lp/rfid-card-manufacturer-china/,200,indexable,Discovered - currently not indexed,,https://proudtek.com/lp/rfid-card-manufacturer-china/,landing-page,RFID Card Manufacturer in China,commercial,2598,0,391,8,8,14,4,Article|BreadcrumbList|FAQPage|Organization|WebPage|WebSite,2026-07-13,2026-07-13,,/rfq/,60,151,.jpg,,NEEDS_MANUAL_REVIEW (keyword-variant risk; see Phase 6)
/lp/rfid-factory-direct-china/,built but edge-301→/lp/rfid-manufacturer-shenzhen/,noindex (canonical→/lp/rfid-manufacturer-shenzhen/),n/a (noindex),,https://proudtek.com/lp/rfid-manufacturer-shenzhen/,landing-page,RFID Card Factory Direct from China,commercial,2726,0,497,0,0,9,6,Article,,2026-07-13,T-dup,"/rfq/,/sample-pack/",45,86,.png,,KEEP (legacy: noindex+canonical+edge 301; file is dead weight)
/lp/rfid-label-manufacturer/,200,indexable,Discovered - currently not indexed,,https://proudtek.com/lp/rfid-label-manufacturer/,landing-page,RFID Label Manufacturer,commercial,2557,0,460,7,7,12,5,Article|BreadcrumbList|FAQPage|Organization|WebPage|WebSite,2026-07-13,2026-07-13,,"/rfq/,/sample-pack/",60,119,.jpg,,NEEDS_MANUAL_REVIEW (keyword-variant risk; see Phase 6)
/lp/rfid-manufacturer-shenzhen/,200,indexable,Discovered - currently not indexed,,https://proudtek.com/lp/rfid-manufacturer-shenzhen/,landing-page,RFID Manufacturer in Shenzhen,commercial,2737,0,510,1,1,14,7,Article|BreadcrumbList|FAQPage|Organization|WebPage|WebSite,2026-07-13,2026-07-13,,"/rfq/,/sample-pack/",58,115,.jpg,,NEEDS_MANUAL_REVIEW (keyword-variant risk; see Phase 6)
/lp/rfid-smart-card-manufacturer/,200,indexable,Discovered - currently not indexed,,https://proudtek.com/lp/rfid-smart-card-manufacturer/,landing-page,RFID Smart Card Manufacturer,commercial,2732,0,412,4,4,13,5,Article|BreadcrumbList|FAQPage|Organization|WebPage|WebSite,2026-07-13,2026-07-13,,"/rfq/,/sample-pack/",61,147,.jpg,title>60,NEEDS_MANUAL_REVIEW (keyword-variant risk; see Phase 6)
/lp/rfid-solution-provider/,built but edge-301→/lp/rfid-manufacturer-shenzhen/,noindex (canonical→/lp/rfid-manufacturer-shenzhen/),n/a (noindex),,https://proudtek.com/lp/rfid-manufacturer-shenzhen/,landing-page,RFID Solution Provider,commercial,2373,0,445,2,2,16,4,Article,,2026-07-13,T-dup,"/rfq/,/sample-pack/",45,86,.png,,KEEP (legacy: noindex+canonical+edge 301; file is dead weight)
/lp/rfid-tag-factory/,200,indexable,URL is unknown to Google,,https://proudtek.com/lp/rfid-tag-factory/,landing-page,UHF RFID Tag Manufacturer,commercial,956,0,164,15,15,8,0,Article|BreadcrumbList|FAQPage|Organization|WebPage|WebSite,2026-06-11,,,/rfq/,87,102,.webp,title>60; unknown to Google,NEEDS_MANUAL_REVIEW (keyword-variant risk; see Phase 6)
/lp/rfid-tag-wholesale/,200,indexable,Discovered - currently not indexed,,https://proudtek.com/lp/rfid-tag-wholesale/,landing-page,RFID Tag Wholesale,commercial,1911,0,323,2,2,15,0,Article|BreadcrumbList|FAQPage|Organization|WebPage|WebSite,2026-06-11,2026-06-11T11:00:00Z,,/rfq/,59,125,.jpg,,NEEDS_MANUAL_REVIEW (keyword-variant risk; see Phase 6)
/lp/rfid-wristband-manufacturer/,200,indexable,Discovered - currently not indexed,,https://proudtek.com/lp/rfid-wristband-manufacturer/,landing-page,RFID Wristband Manufacturer,commercial,3042,0,518,7,7,13,5,Article|BreadcrumbList|FAQPage|Organization|WebPage|WebSite,2026-07-13,2026-07-13,,"/rfq/,/sample-pack/",76,153,.jpg,title>60,NEEDS_MANUAL_REVIEW (keyword-variant risk; see Phase 6)
/markets/,200,indexable,Discovered - currently not indexed,,https://proudtek.com/markets/,markets-hub,Proud Tek Markets,commercial,854,0,191,10,0,17,0,Article|BreadcrumbList|FAQPage|Organization|WebPage|WebSite,2026-04-28,2026-04-28,,/rfq/,51,117,.webp,orphan (0 in-content inlinks),IMPROVE (link/sitemap)
/markets/africa/,200,indexable,URL is unknown to Google,,https://proudtek.com/markets/africa/,market-page,RFID Manufacturer for Africa,commercial,3055,0,514,536,1,14,7,Article|BreadcrumbList|FAQPage|Organization|WebPage|WebSite,2026-07-12,2026-07-12,,/rfq/,66,145,.webp,title>60; unknown to Google,NEEDS_MANUAL_REVIEW (keyword-variant risk; see Phase 6)
/markets/australia/,200,indexable,Discovered - currently not indexed,,https://proudtek.com/markets/australia/,market-page,RFID Access Control Cards for Australia,commercial,2197,0,382,536,1,6,6,Article|BreadcrumbList|FAQPage|Organization|WebPage|WebSite,2026-07-12,2026-07-12,,/rfq/,51,98,.webp,,NEEDS_MANUAL_REVIEW (keyword-variant risk; see Phase 6)
/markets/brazil/,200,indexable,Discovered - currently not indexed,,https://proudtek.com/markets/brazil/,market-page,RFID Manufacturer for Brazil,commercial,3354,0,540,536,1,13,7,Article|BreadcrumbList|FAQPage|Organization|WebPage|WebSite,2026-07-12,2026-07-12,,/rfq/,63,91,.webp,title>60,NEEDS_MANUAL_REVIEW (keyword-variant risk; see Phase 6)
/markets/dubai-uae/,200,indexable,Discovered - currently not indexed,,https://proudtek.com/markets/dubai-uae/,market-page,RFID Supplier for Dubai & the UAE,commercial,2989,0,476,536,1,11,7,Article|BreadcrumbList|FAQPage|Organization|WebPage|WebSite,2026-07-12,2026-07-12,,/rfq/,68,94,.webp,title>60,NEEDS_MANUAL_REVIEW (keyword-variant risk; see Phase 6)
/markets/germany/,200,indexable,Discovered - currently not indexed,,https://proudtek.com/markets/germany/,market-page,RFID & NFC Manufacturer for Germany,commercial,3575,0,566,536,1,15,12,Article|BreadcrumbList|FAQPage|Organization|WebPage|WebSite,2026-07-11,2026-07-11T10:00:00Z,,/rfq/,64,150,.webp,title>60,NEEDS_MANUAL_REVIEW (keyword-variant risk; see Phase 6)
/markets/india/,200,indexable,Discovered - currently not indexed,,https://proudtek.com/markets/india/,market-page,RFID Manufacturer for India,commercial,3441,0,549,536,1,16,8,Article|BreadcrumbList|FAQPage|Organization|WebPage|WebSite,2026-07-12,2026-07-12,,/rfq/,62,153,.webp,title>60,NEEDS_MANUAL_REVIEW (keyword-variant risk; see Phase 6)
/markets/japan/,200,indexable,Discovered - currently not indexed,,https://proudtek.com/markets/japan/,market-page,NFC Supplier for Japan,commercial,3028,0,510,536,1,14,7,Article|BreadcrumbList|FAQPage|Organization|WebPage|WebSite,2026-07-12,2026-07-12,,/rfq/,57,107,.webp,,NEEDS_MANUAL_REVIEW (keyword-variant risk; see Phase 6)
/markets/south-africa/,200,indexable,Discovered - currently not indexed,,https://proudtek.com/markets/south-africa/,market-page,RFID Card & UHF Tag Supplier for South Africa,commercial,2741,0,551,536,1,9,6,Article|BreadcrumbList|FAQPage|Organization|WebPage|WebSite,2026-07-12,2026-07-12,,/rfq/,57,149,.webp,,NEEDS_MANUAL_REVIEW (keyword-variant risk; see Phase 6)
/markets/uk/,200,indexable,URL is unknown to Google,,https://proudtek.com/markets/uk/,market-page,RFID Manufacturer for the UK,commercial,3847,0,638,536,1,14,8,Article|BreadcrumbList|FAQPage|Organization|WebPage|WebSite,2026-07-11,2026-07-11T10:00:00Z,,/rfq/,63,151,.webp,title>60; unknown to Google,NEEDS_MANUAL_REVIEW (keyword-variant risk; see Phase 6)
/markets/usa/,200,indexable,Discovered - currently not indexed,,https://proudtek.com/markets/usa/,market-page,RFID Manufacturer for USA,commercial,2995,0,470,536,1,14,7,Article|BreadcrumbList|FAQPage|Organization|WebPage|WebSite,2026-07-11,2026-07-11T10:00:00Z,,/rfq/,60,148,.webp,,NEEDS_MANUAL_REVIEW (keyword-variant risk; see Phase 6)
/product/125-khz-rfid-card/,built but edge-301→/products/rfid-cards/em4100-rfid-card/,noindex (canonical→/products/rfid-cards/em4100-rfid-card/),n/a (noindex),,https://proudtek.com/products/rfid-cards/em4100-rfid-card/,legacy-product,This page has moved,legacy,75,0,0,0,0,2,0,,,,T-dup,/contact/custom-rfid-cards/,35,86,.png,,KEEP (legacy: noindex+canonical+edge 301; file is dead weight)
/product/125khz-rfid-sticker/,built but edge-301→/products/rfid-labels/,noindex (canonical→/products/rfid-labels/),n/a (noindex),,https://proudtek.com/products/rfid-labels/,legacy-product,This page has moved,legacy,74,0,0,0,0,2,0,,,,,/contact/custom-rfid-cards/,30,86,.png,,KEEP (legacy: noindex+canonical+edge 301; file is dead weight)
/product/acr122u/,built but edge-301→/products/rfid-readers/desktop-nfc-reader-encoder/,noindex (canonical→/products/rfid-readers/desktop-nfc-reader-encoder/),n/a (noindex),,https://proudtek.com/products/rfid-readers/desktop-nfc-reader-encoder/,legacy-product,This page has moved,legacy,76,0,0,0,0,2,0,,,,T-dup,/contact/custom-rfid-cards/,45,86,.png,,KEEP (legacy: noindex+canonical+edge 301; file is dead weight)
/product/blank-rfid-card/,built but edge-301→/products/rfid-cards/nfc-card-custom-printing/,noindex (canonical→/products/rfid-cards/nfc-card-custom-printing/),n/a (noindex),,https://proudtek.com/products/rfid-cards/nfc-card-custom-printing/,legacy-product,This page has moved,legacy,76,0,0,0,0,2,0,,,,T-dup,/contact/custom-rfid-cards/,43,86,.png,,KEEP (legacy: noindex+canonical+edge 301; file is dead weight)
/product/bluetooth-rfid-scanner/,built but edge-301→/products/rfid-readers/handheld-uhf-rfid-reader/,noindex (canonical→/products/rfid-readers/handheld-uhf-rfid-reader/),n/a (noindex),,https://proudtek.com/products/rfid-readers/handheld-uhf-rfid-reader/,legacy-product,This page has moved,legacy,76,0,0,0,0,2,0,,,,,/contact/custom-rfid-cards/,43,86,.png,,KEEP (legacy: noindex+canonical+edge 301; file is dead weight)
/product/car-transponder-chip/,built but edge-301→/solutions/vehicle-rfid-identification/,noindex (canonical→/solutions/vehicle-rfid-identification/),n/a (noindex),,https://proudtek.com/solutions/vehicle-rfid-identification/,legacy-product,This page has moved,legacy,75,0,0,1,1,2,0,,,,,/contact/custom-rfid-cards/,46,86,.png,,KEEP (legacy: noindex+canonical+edge 301; file is dead weight)
/product/clamshell-card/,built but edge-301→/products/rfid-cards/,noindex (canonical→/products/rfid-cards/),n/a (noindex),,https://proudtek.com/products/rfid-cards/,legacy-product,This page has moved,legacy,74,0,0,0,0,2,0,,,,T-dup,/contact/custom-rfid-cards/,29,86,.png,,KEEP (legacy: noindex+canonical+edge 301; file is dead weight)
/product/coconut-shell-rfid-wristband/,built but edge-301→/products/rfid-wristbands/,noindex (canonical→/products/rfid-wristbands/),n/a (noindex),,https://proudtek.com/products/rfid-wristbands/,legacy-product,This page has moved,legacy,74,0,0,1,1,2,0,,,,T-dup,/contact/custom-rfid-cards/,34,86,.png,,KEEP (legacy: noindex+canonical+edge 301; file is dead weight)
/product/combi-card/,built but edge-301→/products/rfid-cards/rfid-dual-frequency-card/,noindex (canonical→/products/rfid-cards/dual-frequency-rfid-card/),n/a (noindex),,https://proudtek.com/products/rfid-cards/dual-frequency-rfid-card/,legacy-product,This page has moved,legacy,76,0,0,0,0,2,0,,,,T-dup,/contact/custom-rfid-cards/,43,86,.png,,KEEP (legacy: noindex+canonical+edge 301; file is dead weight)
/product/desfire-tag/,built but edge-301→/products/rfid-cards/mifare-desfire-ev3-card/,noindex (canonical→/products/rfid-cards/mifare-desfire-ev3-card/),n/a (noindex),,https://proudtek.com/products/rfid-cards/mifare-desfire-ev3-card/,legacy-product,This page has moved,legacy,76,0,0,0,0,2,0,,,,T-dup,/contact/custom-rfid-cards/,42,86,.png,,KEEP (legacy: noindex+canonical+edge 301; file is dead weight)
/product/dual-interface-card/,built but edge-301→/products/rfid-cards/rfid-dual-frequency-card/,noindex (canonical→/products/rfid-cards/dual-frequency-rfid-card/),n/a (noindex),,https://proudtek.com/products/rfid-cards/dual-frequency-rfid-card/,legacy-product,This page has moved,legacy,76,0,0,0,0,2,0,,,,T-dup,/contact/custom-rfid-cards/,43,86,.png,,KEEP (legacy: noindex+canonical+edge 301; file is dead weight)
/product/eco_rfid_card/,built but edge-301→/products/rfid-cards/rfid-bamboo-card/,noindex (canonical→/products/rfid-cards/rfid-bamboo-card/),n/a (noindex),,https://proudtek.com/products/rfid-cards/rfid-bamboo-card/,legacy-product,This page has moved,legacy,75,0,0,0,0,2,0,,,,T-dup,/contact/custom-rfid-cards/,35,86,.png,,KEEP (legacy: noindex+canonical+edge 301; file is dead weight)
/product/em4200-card/,built but edge-301→/products/rfid-cards/em4100-rfid-card/,noindex (canonical→/products/rfid-cards/em4100-rfid-card/),n/a (noindex),,https://proudtek.com/products/rfid-cards/em4100-rfid-card/,legacy-product,This page has moved,legacy,75,0,0,0,0,2,0,,,,T-dup,/contact/custom-rfid-cards/,35,86,.png,,KEEP (legacy: noindex+canonical+edge 301; file is dead weight)
/product/em4305-card/,built but edge-301→/products/rfid-cards/em4100-rfid-card/,noindex (canonical→/products/rfid-cards/em4100-rfid-card/),n/a (noindex),,https://proudtek.com/products/rfid-cards/em4100-rfid-card/,legacy-product,This page has moved,legacy,75,0,0,0,0,2,0,,,,T-dup,/contact/custom-rfid-cards/,35,86,.png,,KEEP (legacy: noindex+canonical+edge 301; file is dead weight)
/product/felica-card/,built but edge-301→/products/rfid-cards/,noindex (canonical→/products/rfid-cards/),n/a (noindex),,https://proudtek.com/products/rfid-cards/,legacy-product,This page has moved,legacy,74,0,0,0,0,2,0,,,,T-dup,/contact/custom-rfid-cards/,29,86,.png,,KEEP (legacy: noindex+canonical+edge 301; file is dead weight)
/product/google-review-nfc-card/,built but edge-301→/solutions/google-review-nfc-card/,noindex (canonical→/solutions/google-review-nfc-card/),n/a (noindex),,https://proudtek.com/solutions/google-review-nfc-card/,legacy-product,This page has moved,legacy,76,0,0,0,0,2,0,,,,,/contact/custom-rfid-cards/,41,86,.png,,KEEP (legacy: noindex+canonical+edge 301; file is dead weight)
/product/hitag-2-card/,built but edge-301→/products/rfid-cards/,noindex (canonical→/products/rfid-cards/),n/a (noindex),,https://proudtek.com/products/rfid-cards/,legacy-product,This page has moved,legacy,74,0,0,0,0,2,0,,,,T-dup,/contact/custom-rfid-cards/,29,86,.png,,KEEP (legacy: noindex+canonical+edge 301; file is dead weight)
/product/hotel-key-cards/,built but edge-301→/solutions/hotel-key-cards/,noindex (canonical→/solutions/hotel-key-cards/),n/a (noindex),,https://proudtek.com/solutions/hotel-key-cards/,legacy-product,This page has moved,legacy,80,0,0,1,1,2,0,,,,T-dup,/contact/hotel-rfid/,53,137,.png,,KEEP (legacy: noindex+canonical+edge 301; file is dead weight)
/product/inkjet-pvc-id-card/,built but edge-301→/products/rfid-cards/nfc-card-custom-printing/,noindex (canonical→/products/rfid-cards/nfc-card-custom-printing/),n/a (noindex),,https://proudtek.com/products/rfid-cards/nfc-card-custom-printing/,legacy-product,This page has moved,legacy,76,0,0,0,0,2,0,,,,T-dup,/contact/custom-rfid-cards/,43,86,.png,,KEEP (legacy: noindex+canonical+edge 301; file is dead weight)
/product/java-card/,built but edge-301→/products/rfid-cards/java-card/,noindex (canonical→/products/rfid-cards/),n/a (noindex),,https://proudtek.com/products/rfid-cards/,legacy-product,This page has moved,legacy,74,0,0,0,0,2,0,,,,T-dup,/contact/custom-rfid-cards/,29,86,.png,,KEEP (legacy: noindex+canonical+edge 301; file is dead weight)
/product/legic-card/,built but edge-301→/products/rfid-cards/,noindex (canonical→/products/rfid-cards/),n/a (noindex),,https://proudtek.com/products/rfid-cards/,legacy-product,This page has moved,legacy,74,0,0,0,0,2,0,,,,T-dup,/contact/custom-rfid-cards/,29,86,.png,,KEEP (legacy: noindex+canonical+edge 301; file is dead weight)
/product/metal-nfc-card/,built but edge-301→/products/rfid-cards/rfid-metal-business-card/,noindex (canonical→/products/rfid-cards/rfid-metal-business-card/),n/a (noindex),,https://proudtek.com/products/rfid-cards/rfid-metal-business-card/,legacy-product,This page has moved,legacy,76,0,0,0,0,2,0,,,,,/contact/custom-rfid-cards/,43,86,.png,,KEEP (legacy: noindex+canonical+edge 301; file is dead weight)
/product/mifare-4k-card/,built but edge-301→/products/rfid-cards/mifare-classic-1k-card/,noindex (canonical→/products/rfid-cards/mifare-classic-1k-card/),n/a (noindex),,https://proudtek.com/products/rfid-cards/mifare-classic-1k-card/,legacy-product,This page has moved,legacy,76,0,0,0,0,2,0,,,,T-dup,/contact/custom-rfid-cards/,41,86,.png,,KEEP (legacy: noindex+canonical+edge 301; file is dead weight)
/product/mifare-classic-card/,built but edge-301→/products/rfid-cards/mifare-classic-1k-card/,noindex (canonical→/products/rfid-cards/mifare-classic-1k-card/),n/a (noindex),,https://proudtek.com/products/rfid-cards/mifare-classic-1k-card/,legacy-product,This page has moved,legacy,76,0,0,1,1,2,0,,,,T-dup,/contact/custom-rfid-cards/,41,86,.png,,KEEP (legacy: noindex+canonical+edge 301; file is dead weight)
/product/mifare-desfire-cards/,built but edge-301→/products/rfid-cards/mifare-desfire-ev3-cards/,noindex (canonical→/products/rfid-cards/mifare-desfire-ev3-card/),n/a (noindex),,https://proudtek.com/products/rfid-cards/mifare-desfire-ev3-card/,legacy-product,This page has moved,legacy,76,0,0,1,1,2,0,,,,T-dup,/contact/custom-rfid-cards/,42,86,.png,,KEEP (legacy: noindex+canonical+edge 301; file is dead weight)
/product/mifare-desfire-ev2-cards/,built but edge-301→/products/rfid-cards/mifare-desfire-ev3-card/,noindex (canonical→/products/rfid-cards/mifare-desfire-ev3-card/),n/a (noindex),,https://proudtek.com/products/rfid-cards/mifare-desfire-ev3-card/,legacy-product,This page has moved,legacy,76,0,0,1,1,2,0,,,,T-dup,/contact/custom-rfid-cards/,42,86,.png,,KEEP (legacy: noindex+canonical+edge 301; file is dead weight)
/product/mifare-plus-card/,built but edge-301→/products/rfid-cards/mifare-plus-se-card/,noindex (canonical→/products/rfid-cards/mifare-plus-se-card/),n/a (noindex),,https://proudtek.com/products/rfid-cards/mifare-plus-se-card/,legacy-product,This page has moved,legacy,76,0,0,0,0,2,0,,,,,/contact/custom-rfid-cards/,38,86,.png,,KEEP (legacy: noindex+canonical+edge 301; file is dead weight)
/product/mifare-stickers/,built but edge-301→/products/rfid-labels/ntag213-nfc-sticker/,noindex (canonical→/products/rfid-labels/ntag213-nfc-sticker/),n/a (noindex),,https://proudtek.com/products/rfid-labels/ntag213-nfc-sticker/,legacy-product,This page has moved,legacy,75,0,0,0,0,2,0,,,,T-dup,/contact/custom-rfid-cards/,38,86,.png,,KEEP (legacy: noindex+canonical+edge 301; file is dead weight)
/product/nfc-business-card/,built but edge-301→/solutions/nfc-business-card/,noindex (canonical→/solutions/nfc-business-card/),n/a (noindex),,https://proudtek.com/solutions/nfc-business-card/,legacy-product,This page has moved,legacy,75,0,0,0,0,2,0,,,,,/contact/custom-rfid-cards/,36,86,.png,,KEEP (legacy: noindex+canonical+edge 301; file is dead weight)
/product/nfc-cards/,built but edge-301→/products/rfid-cards/,noindex (canonical→/products/rfid-cards/),n/a (noindex),,https://proudtek.com/products/rfid-cards/,legacy-product,This page has moved,legacy,74,0,0,0,0,2,0,,,,T-dup,/contact/custom-rfid-cards/,29,86,.png,,KEEP (legacy: noindex+canonical+edge 301; file is dead weight)
/product/nfc-reader-writer-with-free-sdks/,built but edge-301→/products/rfid-readers/desktop-nfc-reader-encoder/,noindex (canonical→/products/rfid-readers/desktop-nfc-reader-encoder/),n/a (noindex),,https://proudtek.com/products/rfid-readers/desktop-nfc-reader-encoder/,legacy-product,This page has moved,legacy,76,0,0,0,0,2,0,,,,T-dup,/contact/custom-rfid-cards/,45,86,.png,,KEEP (legacy: noindex+canonical+edge 301; file is dead weight)
/product/nfc-ring/,built but edge-301→/products/rfid-wristbands/,noindex (canonical→/products/rfid-wristbands/),n/a (noindex),,https://proudtek.com/products/rfid-wristbands/,legacy-product,This page has moved,legacy,74,0,0,0,0,2,0,,,,T-dup,/contact/custom-rfid-cards/,34,86,.png,,KEEP (legacy: noindex+canonical+edge 301; file is dead weight)
/product/nfc-sticker/,built but edge-301→/products/rfid-labels/ntag213-nfc-sticker/,noindex (canonical→/products/rfid-labels/ntag213-nfc-sticker/),n/a (noindex),,https://proudtek.com/products/rfid-labels/ntag213-nfc-sticker/,legacy-product,This page has moved,legacy,75,0,0,0,0,2,0,,,,T-dup,/contact/custom-rfid-cards/,38,86,.png,,KEEP (legacy: noindex+canonical+edge 301; file is dead weight)
/product/nfc-stickers/,built but edge-301→/products/rfid-labels/ntag213-nfc-sticker/,noindex (canonical→/products/rfid-labels/ntag213-nfc-sticker/),n/a (noindex),,https://proudtek.com/products/rfid-labels/ntag213-nfc-sticker/,legacy-product,This page has moved,legacy,75,0,0,0,0,2,0,,,,T-dup,/contact/custom-rfid-cards/,38,86,.png,,KEEP (legacy: noindex+canonical+edge 301; file is dead weight)
/product/pps-rfid-laundry-tag/,built but edge-301→/products/rfid-tags/rfid-pps-laundry-chip/,noindex (canonical→/products/rfid-tags/rfid-pps-laundry-chip/),n/a (noindex),,https://proudtek.com/products/rfid-tags/rfid-pps-laundry-chip/,legacy-product,This page has moved,legacy,76,0,0,2,2,2,0,,,,,/contact/custom-rfid-cards/,40,86,.png,,KEEP (legacy: noindex+canonical+edge 301; file is dead weight)
/product/printed-rfid-cards/,built but edge-301→/products/rfid-cards/nfc-card-custom-printing/,noindex (canonical→/products/rfid-cards/nfc-card-custom-printing/),n/a (noindex),,https://proudtek.com/products/rfid-cards/nfc-card-custom-printing/,legacy-product,This page has moved,legacy,76,0,0,0,0,2,0,,,,T-dup,/contact/custom-rfid-cards/,43,86,.png,,KEEP (legacy: noindex+canonical+edge 301; file is dead weight)
/product/proximity-fobs/,built but edge-301→/products/rfid-keyfobs/,noindex (canonical→/products/rfid-keyfobs/),n/a (noindex),,https://proudtek.com/products/rfid-keyfobs/,legacy-product,This page has moved,legacy,74,0,0,0,0,2,0,,,,T-dup,/contact/custom-rfid-cards/,31,86,.png,,KEEP (legacy: noindex+canonical+edge 301; file is dead weight)
/product/rfid-event-wristband/,built but edge-301→/solutions/rfid-event-wristbands/,noindex (canonical→/solutions/rfid-event-wristbands/),n/a (noindex),,https://proudtek.com/solutions/rfid-event-wristbands/,legacy-product,This page has moved,legacy,75,0,0,1,1,2,0,,,,T-dup,/contact/custom-rfid-cards/,40,86,.png,,KEEP (legacy: noindex+canonical+edge 301; file is dead weight)
/product/rfid-key-fob/,built but edge-301→/products/rfid-keyfobs/,noindex (canonical→/products/rfid-keyfobs/),n/a (noindex),,https://proudtek.com/products/rfid-keyfobs/,legacy-product,This page has moved,legacy,74,0,0,0,0,2,0,,,,T-dup,/contact/custom-rfid-cards/,31,86,.png,,KEEP (legacy: noindex+canonical+edge 301; file is dead weight)
/product/rfid-laundry-tags/,built but edge-301→/solutions/rfid-laundry-tags/,noindex (canonical→/solutions/rfid-laundry-tags/),n/a (noindex),,https://proudtek.com/solutions/rfid-laundry-tags/,legacy-product,This page has moved,legacy,81,0,0,2,2,2,0,,,,T-dup,/contact/laundry-rfid/,50,143,.png,,KEEP (legacy: noindex+canonical+edge 301; file is dead weight)
/product/rfid-paper-card/,built but edge-301→/products/rfid-cards/rfid-bamboo-card/,noindex (canonical→/products/rfid-cards/rfid-bamboo-card/),n/a (noindex),,https://proudtek.com/products/rfid-cards/rfid-bamboo-card/,legacy-product,This page has moved,legacy,75,0,0,0,0,2,0,,,,T-dup,/contact/custom-rfid-cards/,35,86,.png,,KEEP (legacy: noindex+canonical+edge 301; file is dead weight)
/product/rfid-silicone-laundry-tag/,built but edge-301→/products/rfid-tags/rfid-high-temp-silicone-tag/,noindex (canonical→/products/rfid-tags/rfid-high-temp-silicone-tag/),n/a (noindex),,https://proudtek.com/products/rfid-tags/rfid-high-temp-silicone-tag/,legacy-product,This page has moved,legacy,77,0,0,2,2,2,0,,,,,/contact/custom-rfid-cards/,46,86,.png,,KEEP (legacy: noindex+canonical+edge 301; file is dead weight)
/product/rfid-silicone-wristbands/,built but edge-301→/products/rfid-wristbands/rfid-adjustable-silicone-wristband/,noindex (canonical→/products/rfid-wristbands/rfid-adjustable-silicone-wristband/),n/a (noindex),,https://proudtek.com/products/rfid-wristbands/rfid-adjustable-silicone-wristband/,legacy-product,This page has moved,legacy,76,0,0,1,1,2,0,,,,,/contact/custom-rfid-cards/,53,86,.png,,KEEP (legacy: noindex+canonical+edge 301; file is dead weight)
/product/rfid-sticker-on-headlight/,built but edge-301→/products/rfid-labels/long-range-uhf-windshield-sticker/,noindex (canonical→/products/rfid-labels/long-range-uhf-windshield-sticker/),n/a (noindex),,https://proudtek.com/products/rfid-labels/long-range-uhf-windshield-sticker/,legacy-product,This page has moved,legacy,77,0,0,0,0,2,0,,,,T-dup,/contact/custom-rfid-cards/,52,86,.png,,KEEP (legacy: noindex+canonical+edge 301; file is dead weight)
/product/rfid-tag-with-led-light/,built but edge-301→/products/rfid-tags/,noindex (canonical→/products/rfid-tags/),n/a (noindex),,https://proudtek.com/products/rfid-tags/,legacy-product,This page has moved,legacy,74,0,0,0,0,2,0,,,,,/contact/custom-rfid-cards/,28,86,.png,,KEEP (legacy: noindex+canonical+edge 301; file is dead weight)
/product/rfid-windshield-tag/,built but edge-301→/products/rfid-labels/long-range-uhf-windshield-sticker/,noindex (canonical→/products/rfid-labels/long-range-uhf-windshield-sticker/),n/a (noindex),,https://proudtek.com/products/rfid-labels/long-range-uhf-windshield-sticker/,legacy-product,This page has moved,legacy,77,0,0,2,2,2,0,,,,T-dup,/contact/custom-rfid-cards/,52,86,.png,,KEEP (legacy: noindex+canonical+edge 301; file is dead weight)
/product/rfid-wristbands-for-events/,built but edge-301→/solutions/rfid-event-wristbands/,noindex (canonical→/solutions/rfid-event-wristbands/),n/a (noindex),,https://proudtek.com/solutions/rfid-event-wristbands/,legacy-product,This page has moved,legacy,75,0,0,1,1,2,0,,,,T-dup,/contact/custom-rfid-cards/,40,86,.png,,KEEP (legacy: noindex+canonical+edge 301; file is dead weight)
/product/rfid-wristbands-for-hotels/,built but edge-301→/solutions/rfid-event-wristbands/,noindex (canonical→/solutions/rfid-event-wristbands/),n/a (noindex),,https://proudtek.com/solutions/rfid-event-wristbands/,legacy-product,This page has moved,legacy,75,0,0,1,1,2,0,,,,T-dup,/contact/custom-rfid-cards/,40,86,.png,,KEEP (legacy: noindex+canonical+edge 301; file is dead weight)
/product/t5577-card/,built but edge-301→/products/rfid-cards/em4100-rfid-card/,noindex (canonical→/products/rfid-cards/em4100-rfid-card/),n/a (noindex),,https://proudtek.com/products/rfid-cards/em4100-rfid-card/,legacy-product,This page has moved,legacy,75,0,0,0,0,2,0,,,,T-dup,/contact/custom-rfid-cards/,35,86,.png,,KEEP (legacy: noindex+canonical+edge 301; file is dead weight)
/product/uhf-wristband/,built but edge-301→/products/rfid-wristbands/uhf-rfid-wristband/,noindex (canonical→/products/rfid-wristbands/uhf-rfid-wristband/),n/a (noindex),,https://proudtek.com/products/rfid-wristbands/uhf-rfid-wristband/,legacy-product,This page has moved,legacy,75,0,0,1,1,2,0,,,,,/contact/custom-rfid-cards/,37,86,.png,,KEEP (legacy: noindex+canonical+edge 301; file is dead weight)
/product/wooden-rfid-card/,built but edge-301→/products/rfid-cards/rfid-wooden-card/,noindex (canonical→/products/rfid-cards/rfid-wooden-card/),n/a (noindex),,https://proudtek.com/products/rfid-cards/rfid-wooden-card/,legacy-product,This page has moved,legacy,75,0,0,0,0,2,0,,,,,/contact/custom-rfid-cards/,35,86,.png,,KEEP (legacy: noindex+canonical+edge 301; file is dead weight)
/products/all/,200,indexable,Submitted and indexed,2026-08-21,https://proudtek.com/products/all/,product-category,Products,commercial,7563,0,0,537,14,201,0,Article|BreadcrumbList|CollectionPage|FAQPage|Organization|WebSite,2026-03-16,2026-04-28,,/rfq/,20,128,.png,,KEEP
/products/all/page/2/,200,noindex,n/a (noindex),,https://proudtek.com/products/all/page/2/,product,Redirecting,commercial,0,0,0,0,0,0,0,BreadcrumbList|FAQPage|Organization|Product|WebPage|WebSite,,,T-dup,,48,256,.png,,KEEP (intentional noindex)
/products/all/page/3/,200,noindex,n/a (noindex),,https://proudtek.com/products/all/page/3/,product,Redirecting,commercial,0,0,0,0,0,0,0,BreadcrumbList|FAQPage|Organization|Product|WebPage|WebSite,,,T-dup,,48,256,.png,,KEEP (intentional noindex)
/products/all/page/4/,200,noindex,n/a (noindex),,https://proudtek.com/products/all/page/4/,product,Redirecting,commercial,0,0,0,0,0,0,0,BreadcrumbList|FAQPage|Organization|Product|WebPage|WebSite,,,T-dup,,48,256,.png,,KEEP (intentional noindex)
/products/nfc-ring/,200,indexable,Discovered - currently not indexed,,https://proudtek.com/products/nfc-ring/,product,NFC Rings,commercial,995,0,175,1,1,7,0,Article|BreadcrumbList|CollectionPage|FAQPage|Organization|WebSite,2026-08-30,2026-08-30,,/rfq/,52,153,.jpg,,KEEP
/products/rfid-cards/,200,indexable,Submitted and indexed,2026-09-02,https://proudtek.com/products/rfid-cards/,product-category,Complete guide to RFID cards,commercial,4209,0,846,545,92,51,5,Article|BreadcrumbList|CollectionPage|FAQPage|Organization|WebSite,2026-07-02,2026-07-02,,"/contact/custom-rfid-cards/,/rfq/",40,127,.jpg,,KEEP
/products/rfid-cards/dual-frequency-rfid-card/,200,indexable,Discovered - currently not indexed,,https://proudtek.com/products/rfid-cards/dual-frequency-rfid-card/,product,Dual-Frequency RFID Cards,commercial,2990,0,381,14,14,17,10,Article|BreadcrumbList|FAQPage|Organization|Product|WebPage|WebSite,2026-06-10,2026-06-10T17:00:00Z,,/rfq/,83,257,.jpg,title>60; desc>160,IMPROVE
/products/rfid-cards/em4100-rfid-card/,200,indexable,Discovered - currently not indexed,,https://proudtek.com/products/rfid-cards/em4100-rfid-card/,product,EM4100 Proximity Cards,commercial,3461,0,545,23,23,13,6,Article|BreadcrumbList|FAQPage|Organization|Product|WebPage|WebSite,2026-07-18,2026-07-18T00:00:00Z,,/rfq/,79,257,.jpg,title>60; desc>160,IMPROVE
/products/rfid-cards/fido2-card/,200,indexable,Discovered - currently not indexed,,https://proudtek.com/products/rfid-cards/fido2-card/,product,FIDO2 Cards,commercial,1144,0,246,3,3,8,3,Article|BreadcrumbList|FAQPage|Organization|Product|WebPage|WebSite,2026-08-30,2026-08-30,,/rfq/,98,265,.jpg,title>60; desc>160,IMPROVE
/products/rfid-cards/icode-slix-card/,200,indexable,Discovered - currently not indexed,,https://proudtek.com/products/rfid-cards/icode-slix-card/,product,ICODE SLIX Cards,commercial,2925,0,313,5,5,9,12,Article|BreadcrumbList|FAQPage|Organization|Product|WebPage|WebSite,2026-07-18,2026-07-18T00:00:00Z,,/rfq/,83,249,.jpg,title>60; desc>160,IMPROVE
/products/rfid-cards/java-card/,200,indexable,Submitted and indexed,2026-09-02,https://proudtek.com/products/rfid-cards/java-card/,product,Java Card (JCOP) Smart Cards,commercial,1437,0,240,3,3,7,2,Article|BreadcrumbList|FAQPage|Organization|Product|WebPage|WebSite,2026-08-30,2026-08-30,,/rfq/,94,268,.jpg,title>60; desc>160,IMPROVE
/products/rfid-cards/legic-card/,200,indexable,Discovered - currently not indexed,,https://proudtek.com/products/rfid-cards/legic-card/,product,LEGIC Cards,commercial,1174,0,183,2,2,7,1,Article|BreadcrumbList|FAQPage|Organization|Product|WebPage|WebSite,2026-08-30,2026-08-30,,/rfq/,95,260,.jpg,title>60; desc>160,IMPROVE
/products/rfid-cards/mifare-classic-1k-card/,200,indexable,Submitted and indexed,2026-08-24,https://proudtek.com/products/rfid-cards/mifare-classic-1k-card/,product,MIFARE Classic 1K Cards,commercial,3816,0,669,538,50,20,9,Article|BreadcrumbList|FAQPage|Organization|Product|WebPage|WebSite,2026-07-18,2026-07-18T00:00:00Z,,/rfq/,84,246,.jpg,title>60; desc>160,IMPROVE
/products/rfid-cards/mifare-desfire-ev3-card/,200,indexable,Submitted and indexed,2026-08-24,https://proudtek.com/products/rfid-cards/mifare-desfire-ev3-card/,product,MIFARE DESFire EV3 Cards,commercial,4003,0,644,540,74,20,12,Article|BreadcrumbList|FAQPage|Organization|Product|WebPage|WebSite,2026-07-18,2026-07-18T00:00:00Z,,/rfq/,88,219,.jpg,title>60; desc>160,IMPROVE
/products/rfid-cards/mifare-plus-se-card/,200,indexable,Discovered - currently not indexed,,https://proudtek.com/products/rfid-cards/mifare-plus-se-card/,product,MIFARE Plus SE Cards,commercial,3671,0,603,32,32,15,10,Article|BreadcrumbList|FAQPage|Organization|Product|WebPage|WebSite,2026-07-18,2026-07-18T00:00:00Z,,/rfq/,88,228,.png,title>60; desc>160,IMPROVE
/products/rfid-cards/mifare-ultralight-c-card/,200,indexable,URL is unknown to Google,,https://proudtek.com/products/rfid-cards/mifare-ultralight-c-card/,product,MIFARE Ultralight C Cards,commercial,2733,0,427,9,9,13,5,Article|BreadcrumbList|FAQPage|Organization|Product|WebPage|WebSite,2026-07-18,2026-07-18T00:00:00Z,,/rfq/,84,256,.jpg,title>60; desc>160; unknown to Google,IMPROVE
/products/rfid-cards/nfc-card-custom-printing/,200,indexable,Discovered - currently not indexed,,https://proudtek.com/products/rfid-cards/nfc-card-custom-printing/,product,Custom-Printed NFC Cards,commercial,3736,0,493,40,40,19,7,Article|BreadcrumbList|FAQPage|Organization|Product|WebPage|WebSite,2026-07-11,2026-07-11T16:00:00Z,,/rfq/,79,139,.jpg,title>60,IMPROVE
/products/rfid-cards/nfc-warranty-card/,200,indexable,Discovered - currently not indexed,,https://proudtek.com/products/rfid-cards/nfc-warranty-card/,product,NFC Warranty Cards,commercial,2638,0,166,3,3,6,10,Article|BreadcrumbList|FAQPage|Organization|Product|WebPage|WebSite,2026-06-10,2026-06-10T17:00:00Z,,/rfq/,84,257,.jpg,title>60; desc>160,IMPROVE
/products/rfid-cards/ntag424-dna-tt-card/,200,indexable,Discovered - currently not indexed,,https://proudtek.com/products/rfid-cards/ntag424-dna-tt-card/,product,NTAG 424 DNA TT Cards,commercial,3621,0,574,21,21,13,11,Article|BreadcrumbList|FAQPage|Organization|Product|WebPage|WebSite,2026-06-10,2026-06-10T17:00:00Z,,/rfq/,78,224,.jpg,title>60; desc>160,IMPROVE
/products/rfid-cards/page/2/,200,noindex,n/a (noindex),,https://proudtek.com/products/rfid-cards/page/2/,product,RFID cards,commercial,902,0,0,0,0,9,0,BreadcrumbList|FAQPage|Organization|Product|WebPage|WebSite,,,,,47,259,.png,,KEEP (intentional noindex)
/products/rfid-cards/rfid-bamboo-card/,200,indexable,Discovered - currently not indexed,,https://proudtek.com/products/rfid-cards/rfid-bamboo-card/,product,RFID Bamboo Card,commercial,2584,0,236,20,20,10,5,Article|BreadcrumbList|FAQPage|Organization|Product|WebPage|WebSite,2026-06-10,2026-06-10T17:00:00Z,,/rfq/,81,269,.jpg,title>60; desc>160,IMPROVE
/products/rfid-cards/rfid-blocking-card/,200,indexable,Discovered - currently not indexed,,https://proudtek.com/products/rfid-cards/rfid-blocking-card/,product,RFID Blocking Cards,commercial,3254,0,383,5,5,8,9,Article|BreadcrumbList|FAQPage|Organization|Product|WebPage|WebSite,2026-06-10,2026-06-10T17:00:00Z,,/rfq/,85,238,.png,title>60; desc>160,IMPROVE
/products/rfid-cards/rfid-card-assa-abloy-compatible/,200,indexable,Discovered - currently not indexed,,https://proudtek.com/products/rfid-cards/rfid-card-assa-abloy-compatible/,product,Assa Abloy / VingCard-Compatible Hotel Key Cards,commercial,3841,0,525,9,9,17,12,Article|BreadcrumbList|FAQPage|Organization|Product|WebPage|WebSite,2026-07-11,2026-07-11T10:00:00Z,,/rfq/,85,248,.jpg,title>60; desc>160,IMPROVE
/products/rfid-cards/rfid-card-magnetic-stripe-combo/,200,indexable,Discovered - currently not indexed,,https://proudtek.com/products/rfid-cards/rfid-card-magnetic-stripe-combo/,product,RFID + Magstripe Combo Card,commercial,3747,0,496,7,7,14,14,Article|BreadcrumbList|FAQPage|Organization|Product|WebPage|WebSite,2026-07-11,2026-07-11,,/rfq/,85,252,.jpg,title>60; desc>160,IMPROVE
/products/rfid-cards/rfid-employee-badge/,200,indexable,Discovered - currently not indexed,,https://proudtek.com/products/rfid-cards/rfid-employee-badge/,product,RFID Employee Badge,commercial,2976,0,362,536,11,10,7,Article|BreadcrumbList|FAQPage|Organization|Product|WebPage|WebSite,2026-06-11,2026-06-11T11:00:00Z,,/rfq/,79,248,.jpg,title>60; desc>160,IMPROVE
/products/rfid-cards/rfid-gift-card/,200,indexable,Discovered - currently not indexed,,https://proudtek.com/products/rfid-cards/rfid-gift-card/,product,RFID Gift Cards,commercial,3704,0,579,5,5,11,10,Article|BreadcrumbList|FAQPage|Organization|Product|WebPage|WebSite,2026-07-12,2026-07-12,,/rfq/,85,251,.jpg,title>60; desc>160,IMPROVE
/products/rfid-cards/rfid-loyalty-card/,200,indexable,Discovered - currently not indexed,,https://proudtek.com/products/rfid-cards/rfid-loyalty-card/,product,RFID Loyalty Cards,commercial,3549,0,594,6,6,11,10,Article|BreadcrumbList|FAQPage|Organization|Product|WebPage|WebSite,2026-07-12,2026-07-12,,/rfq/,85,248,.jpg,title>60; desc>160,IMPROVE
/products/rfid-cards/rfid-membership-card/,200,indexable,Discovered - currently not indexed,,https://proudtek.com/products/rfid-cards/rfid-membership-card/,product,RFID Membership Cards,commercial,2650,0,192,10,10,9,10,Article|BreadcrumbList|FAQPage|Organization|Product|WebPage|WebSite,2026-06-10,2026-06-10T17:00:00Z,,/rfq/,78,224,.webp,title>60; desc>160,IMPROVE
/products/rfid-cards/rfid-metal-business-card/,200,indexable,Discovered - currently not indexed,,https://proudtek.com/products/rfid-cards/rfid-metal-business-card/,product,RFID Metal Business Card,commercial,3098,0,381,22,22,12,10,Article|BreadcrumbList|FAQPage|Organization|Product|WebPage|WebSite,2026-06-10,2026-06-10T17:00:00Z,,/rfq/,84,266,.jpg,title>60; desc>160,IMPROVE
/products/rfid-cards/rfid-parking-card/,200,indexable,Discovered - currently not indexed,,https://proudtek.com/products/rfid-cards/rfid-parking-card/,product,RFID Parking Cards,commercial,2345,0,194,6,6,9,7,Article|BreadcrumbList|FAQPage|Organization|Product|WebPage|WebSite,2026-06-10,2026-06-10T17:00:00Z,,/rfq/,82,229,.jpg,title>60; desc>160,IMPROVE
/products/rfid-cards/rfid-student-id-card/,200,indexable,Discovered - currently not indexed,,https://proudtek.com/products/rfid-cards/rfid-student-id-card/,product,RFID Student ID Cards,commercial,3159,0,373,9,9,9,10,Article|BreadcrumbList|FAQPage|Organization|Product|WebPage|WebSite,2026-06-10,2026-06-10T17:00:00Z,,/rfq/,87,245,.jpg,title>60; desc>160,IMPROVE
/products/rfid-cards/rfid-wooden-card/,200,indexable,Discovered - currently not indexed,,https://proudtek.com/products/rfid-cards/rfid-wooden-card/,product,RFID Wooden Card,commercial,2395,0,240,22,22,12,5,Article|BreadcrumbList|FAQPage|Organization|Product|WebPage|WebSite,2026-06-11,2026-06-11T11:00:00Z,,/rfq/,75,264,.jpg,title>60; desc>160,IMPROVE
/products/rfid-cards/standard-rfid-wood-card/,200,indexable,Discovered - currently not indexed,,https://proudtek.com/products/rfid-cards/standard-rfid-wood-card/,product,Standard RFID Wood Card,commercial,2653,0,423,6,6,21,5,Article|BreadcrumbList|FAQPage|Organization|Product|WebPage|WebSite,2026-07-11,2026-07-11,,"/contact/custom-rfid-cards/,/rfq/",81,259,.webp,title>60; desc>160,IMPROVE
/products/rfid-cards/transparent-nfc-card/,200,indexable,Discovered - currently not indexed,,https://proudtek.com/products/rfid-cards/transparent-nfc-card/,product,Transparent NFC Cards,commercial,2931,0,350,4,4,15,10,Article|BreadcrumbList|FAQPage|Organization|Product|WebPage|WebSite,2026-07-02,2026-07-02,,/rfq/,83,262,.jpg,title>60; desc>160,IMPROVE
/products/rfid-cards/uhf-rfid-card/,200,indexable,Discovered - currently not indexed,,https://proudtek.com/products/rfid-cards/uhf-rfid-card/,product,UHF RFID Cards,commercial,3033,0,308,5,5,13,10,Article|BreadcrumbList|FAQPage|Organization|Product|WebPage|WebSite,2026-06-10,2026-06-10T17:00:00Z,,/rfq/,82,215,.jpg,title>60; desc>160,IMPROVE
/products/rfid-cards/wooden-nfc-business-card-engraved/,200,indexable,Discovered - currently not indexed,,https://proudtek.com/products/rfid-cards/wooden-nfc-business-card-engraved/,product,Wooden NFC Business Card,commercial,3043,0,337,13,13,11,10,Article|BreadcrumbList|FAQPage|Organization|Product|WebPage|WebSite,2026-06-10,2026-06-10T17:00:00Z,,/rfq/,84,231,.jpg,title>60; desc>160,IMPROVE
/products/rfid-keyfobs/,200,indexable,Submitted and indexed,2026-08-21,https://proudtek.com/products/rfid-keyfobs/,product-category,Complete guide to RFID keyfobs,commercial,3385,0,743,539,29,29,5,Article|BreadcrumbList|CollectionPage|FAQPage|Organization|WebSite,2026-07-02,2026-07-02,,"/contact/access-control-keyfobs/,/rfq/",42,143,.jpg,,KEEP
/products/rfid-keyfobs/dual-frequency-key-fob/,200,indexable,Discovered - currently not indexed,,https://proudtek.com/products/rfid-keyfobs/dual-frequency-key-fob/,product,Dual-Frequency Key Fobs,commercial,2729,0,356,6,6,14,10,Article|BreadcrumbList|FAQPage|Organization|Product|WebPage|WebSite,2026-07-13,2026-07-13,,"/contact/access-control-keyfobs/,/rfq/",88,231,.png,title>60; desc>160,IMPROVE
/products/rfid-keyfobs/em4305-keyfob/,200,indexable,Discovered - currently not indexed,,https://proudtek.com/products/rfid-keyfobs/em4305-keyfob/,product,EM4305 Keyfob,commercial,2782,0,479,7,7,11,7,Article|BreadcrumbList|FAQPage|Organization|Product|WebPage|WebSite,2026-07-18,2026-07-18T00:00:00Z,,"/contact/access-control-keyfobs/,/rfq/",84,252,.jpg,title>60; desc>160,IMPROVE
/products/rfid-keyfobs/mifare-desfire-keyfob/,200,indexable,Discovered - currently not indexed,,https://proudtek.com/products/rfid-keyfobs/mifare-desfire-keyfob/,product,MIFARE DESFire Keyfob,commercial,2695,0,393,15,15,12,12,Article|BreadcrumbList|FAQPage|Organization|Product|WebPage|WebSite,2026-07-18,2026-07-18T00:00:00Z,,"/contact/access-control-keyfobs/,/rfq/",85,244,.jpg,title>60; desc>160,IMPROVE
/products/rfid-keyfobs/nfc-epoxy-key-tag/,200,indexable,Discovered - currently not indexed,,https://proudtek.com/products/rfid-keyfobs/nfc-epoxy-key-tag/,product,NFC Epoxy Key Tag,commercial,3750,0,617,10,10,21,5,Article|BreadcrumbList|FAQPage|Organization|Product|WebPage|WebSite,2026-07-02,2026-07-02,,"/contact/access-control-keyfobs/,/rfq/",89,228,.jpg,title>60; desc>160,IMPROVE
/products/rfid-keyfobs/nfc-wood-keychain-tag/,200,indexable,Discovered - currently not indexed,,https://proudtek.com/products/rfid-keyfobs/nfc-wood-keychain-tag/,product,NFC Wood & Bamboo Keychain Tag,commercial,3546,0,411,6,6,16,13,Article|BreadcrumbList|FAQPage|Organization|Product|WebPage|WebSite,2026-07-02,2026-07-02,,"/contact/,/rfq/",90,232,.jpg,title>60; desc>160,IMPROVE
/products/rfid-keyfobs/rfid-abs-keyfob/,200,indexable,Discovered - currently not indexed,,https://proudtek.com/products/rfid-keyfobs/rfid-abs-keyfob/,product,ABS RFID Keyfob,commercial,3584,0,565,20,20,19,11,Article|BreadcrumbList|FAQPage|Organization|Product|WebPage|WebSite,2026-07-18,2026-07-18T00:00:00Z,,"/contact/,/rfq/",90,253,.jpg,title>60; desc>160,IMPROVE
/products/rfid-keyfobs/rfid-coin-keyfob/,200,indexable,Discovered - currently not indexed,,https://proudtek.com/products/rfid-keyfobs/rfid-coin-keyfob/,product,RFID Coin Keyfob,commercial,3271,0,587,5,5,14,12,Article|BreadcrumbList|FAQPage|Organization|Product|WebPage|WebSite,2026-07-12,2026-07-12,,"/contact/access-control-keyfobs/,/rfq/",81,267,.jpg,title>60; desc>160,IMPROVE
/products/rfid-keyfobs/rfid-coin-tag/,200,indexable,Discovered - currently not indexed,,https://proudtek.com/products/rfid-keyfobs/rfid-coin-tag/,product,RFID Coin Tag / Token,commercial,3631,0,672,6,6,21,6,Article|BreadcrumbList|FAQPage|Organization|Product|WebPage|WebSite,2026-07-02,2026-07-02,,"/contact/rfid-labels-tags/,/rfq/",91,247,.jpg,title>60; desc>160,IMPROVE
/products/rfid-keyfobs/rfid-epoxy-keyfob/,200,indexable,Discovered - currently not indexed,,https://proudtek.com/products/rfid-keyfobs/rfid-epoxy-keyfob/,product,Epoxy RFID Keyfob,commercial,3757,0,538,8,8,15,10,Article|BreadcrumbList|FAQPage|Organization|Product|WebPage|WebSite,2026-07-11,2026-07-11,,"/contact/,/rfq/",88,242,.jpg,title>60; desc>160,IMPROVE
/products/rfid-keyfobs/rfid-leather-keyfob/,200,indexable,Discovered - currently not indexed,,https://proudtek.com/products/rfid-keyfobs/rfid-leather-keyfob/,product,RFID Leather Keyfob,commercial,3538,0,529,6,6,12,12,Article|BreadcrumbList|FAQPage|Organization|Product|WebPage|WebSite,2026-07-02,2026-07-02,,"/contact/,/rfq/",91,259,.jpg,title>60; desc>160,IMPROVE
/products/rfid-keyfobs/rfid-metal-keyfob/,200,indexable,Discovered - currently not indexed,,https://proudtek.com/products/rfid-keyfobs/rfid-metal-keyfob/,product,Metal RFID Keyfob,commercial,3753,0,560,8,8,14,8,Article|BreadcrumbList|FAQPage|Organization|Product|WebPage|WebSite,2026-07-18,2026-07-18T00:00:00Z,,"/contact/,/rfq/",87,251,.jpg,title>60; desc>160,IMPROVE
/products/rfid-keyfobs/rfid-silicone-keyfob/,200,indexable,Discovered - currently not indexed,,https://proudtek.com/products/rfid-keyfobs/rfid-silicone-keyfob/,product,RFID Silicone Keyfob,commercial,3126,0,450,10,10,13,7,Article|BreadcrumbList|FAQPage|Organization|Product|WebPage|WebSite,2026-07-18,2026-07-18T00:00:00Z,,"/contact/,/rfq/",89,245,.jpg,title>60; desc>160,IMPROVE
/products/rfid-keyfobs/rfid-wooden-keyfob/,200,indexable,Discovered - currently not indexed,,https://proudtek.com/products/rfid-keyfobs/rfid-wooden-keyfob/,product,RFID Wooden Keyfob,commercial,1085,0,176,5,5,12,1,Article|BreadcrumbList|FAQPage|Organization|Product|WebPage|WebSite,2026-07-02,2026-07-02,,"/contact/access-control-keyfobs/,/rfq/",89,261,.webp,title>60; desc>160,IMPROVE
/products/rfid-keyfobs/rfid-wristwatch-tag/,200,indexable,Discovered - currently not indexed,,https://proudtek.com/products/rfid-keyfobs/rfid-wristwatch-tag/,product,RFID Watch Tag,commercial,3734,0,649,5,5,15,10,Article|BreadcrumbList|FAQPage|Organization|Product|WebPage|WebSite,2026-07-12,2026-07-12,,"/contact/access-control-keyfobs/,/rfq/",82,268,.jpg,title>60; desc>160,IMPROVE
/products/rfid-keyfobs/t5577-keyfob/,200,indexable,Discovered - currently not indexed,,https://proudtek.com/products/rfid-keyfobs/t5577-keyfob/,product,T5577 Keyfob,commercial,3676,0,722,7,7,10,9,Article|BreadcrumbList|FAQPage|Organization|Product|WebPage|WebSite,2026-07-18,2026-07-18T00:00:00Z,,"/contact/access-control-keyfobs/,/rfq/",85,239,.jpg,title>60; desc>160,IMPROVE
/products/rfid-labels/,200,indexable,Submitted and indexed,2026-08-21,https://proudtek.com/products/rfid-labels/,product-category,Complete guide to RFID labels & inlays,commercial,5771,0,848,541,69,76,5,Article|BreadcrumbList|CollectionPage|FAQPage|Organization|WebSite,2026-07-02,2026-07-02,,"/contact/rfid-labels-tags/,/rfq/",50,146,.jpg,,KEEP
/products/rfid-labels/alien-higgs-9-uhf-inlay/,200,indexable,Discovered - currently not indexed,,https://proudtek.com/products/rfid-labels/alien-higgs-9-uhf-inlay/,product,Alien Higgs-9 UHF Inlay,commercial,3624,0,562,7,7,14,10,Article|BreadcrumbList|FAQPage|Organization|Product|WebPage|WebSite,2026-07-12,2026-07-12,,"/contact/rfid-labels-tags/,/rfq/",83,129,.jpg,title>60,IMPROVE
/products/rfid-labels/impinj-m700-uhf-inlay/,200,indexable,Discovered - currently not indexed,,https://proudtek.com/products/rfid-labels/impinj-m700-uhf-inlay/,product,Impinj M700-Series UHF Inlays,commercial,3540,0,537,20,20,15,10,Article|BreadcrumbList|FAQPage|Organization|Product|WebPage|WebSite,2026-07-13,2026-07-13,,"/contact/rfid-labels-tags/,/rfq/",90,263,.jpg,title>60; desc>160,IMPROVE
/products/rfid-labels/impinj-m730-uhf-inlay/,200,indexable,Discovered - currently not indexed,,https://proudtek.com/products/rfid-labels/impinj-m730-uhf-inlay/,product,Impinj M730 UHF Inlay,commercial,3429,0,392,10,10,12,7,Article|BreadcrumbList|FAQPage|Organization|Product|WebPage|WebSite,2026-07-12,2026-07-12,,"/contact/rfid-labels-tags/,/rfq/",83,265,.jpg,title>60; desc>160,IMPROVE
/products/rfid-labels/impinj-m750-uhf-inlay/,200,indexable,Discovered - currently not indexed,,https://proudtek.com/products/rfid-labels/impinj-m750-uhf-inlay/,product,Impinj M750 UHF Inlay,commercial,3747,0,527,8,8,13,8,Article|BreadcrumbList|FAQPage|Organization|Product|WebPage|WebSite,2026-07-12,2026-07-12,,"/contact/rfid-labels-tags/,/rfq/",80,237,.jpg,title>60; desc>160,IMPROVE
/products/rfid-labels/impinj-m800-uhf-inlay/,200,indexable,Discovered - currently not indexed,,https://proudtek.com/products/rfid-labels/impinj-m800-uhf-inlay/,product,Impinj M800 UHF Inlay,commercial,3465,0,613,9,9,14,12,Article|BreadcrumbList|FAQPage|Organization|Product|WebPage|WebSite,2026-07-12,2026-07-12,,"/contact/rfid-labels-tags/,/rfq/",77,261,.jpg,title>60; desc>160,IMPROVE
/products/rfid-labels/long-range-uhf-windshield-sticker/,200,indexable,Submitted and indexed,2026-09-01,https://proudtek.com/products/rfid-labels/long-range-uhf-windshield-sticker/,product,Long-Range UHF RFID Windshield Sticker,commercial,3581,0,560,538,20,13,10,Article|BreadcrumbList|FAQPage|Organization|Product|WebPage|WebSite,2026-07-18,2026-07-18T00:00:00Z,,"/contact/rfid-labels-tags/,/rfq/",90,246,.jpg,title>60; desc>160,IMPROVE
/products/rfid-labels/nfc-anti-metal-sticker/,200,indexable,Discovered - currently not indexed,,https://proudtek.com/products/rfid-labels/nfc-anti-metal-sticker/,product,NFC Anti-Metal Sticker,commercial,3266,0,361,11,11,13,7,Article|BreadcrumbList|FAQPage|Organization|Product|WebPage|WebSite,2026-07-18,2026-07-18T00:00:00Z,,"/contact/rfid-labels-tags/,/rfq/",90,269,.png,title>60; desc>160,IMPROVE
/products/rfid-labels/nfc-art-provenance-tag/,200,indexable,Discovered - currently not indexed,,https://proudtek.com/products/rfid-labels/nfc-art-provenance-tag/,product,NFC Art Provenance Tag,commercial,3552,0,548,5,5,10,10,Article|BreadcrumbList|FAQPage|Organization|Product|WebPage|WebSite,2026-07-02,2026-07-02,,"/contact/rfid-labels-tags/,/rfq/",88,252,.jpg,title>60; desc>160,IMPROVE
/products/rfid-labels/nfc-battery-passport-tag/,200,indexable,Discovered - currently not indexed,,https://proudtek.com/products/rfid-labels/nfc-battery-passport-tag/,product,NFC Battery Passport Tags,commercial,3812,0,693,6,6,12,8,Article|BreadcrumbList|FAQPage|Organization|Product|WebPage|WebSite,2026-07-12,2026-07-12,,"/contact/rfid-labels-tags/,/rfq/",84,264,.jpg,title>60; desc>160,IMPROVE
/products/rfid-labels/nfc-cannabis-tracking-label/,200,indexable,URL is unknown to Google,,https://proudtek.com/products/rfid-labels/nfc-cannabis-tracking-label/,product,NFC Cannabis Tracking Label,commercial,3653,0,595,5,5,12,8,Article|BreadcrumbList|FAQPage|Organization|Product|WebPage|WebSite,2026-07-02,2026-07-02,,"/contact/rfid-labels-tags/,/rfq/",86,265,.jpg,title>60; desc>160; unknown to Google,IMPROVE
/products/rfid-labels/nfc-cosmetics-authentication-label/,200,indexable,Discovered - currently not indexed,,https://proudtek.com/products/rfid-labels/nfc-cosmetics-authentication-label/,product,NFC Cosmetics Authentication Labels,commercial,3341,0,607,8,8,16,7,Article|BreadcrumbList|FAQPage|Organization|Product|WebPage|WebSite,2026-07-12,2026-07-12,,"/contact/rfid-labels-tags/,/rfq/",89,268,.png,title>60; desc>160,IMPROVE
/products/rfid-labels/nfc-digital-product-passport-tag/,200,indexable,Discovered - currently not indexed,,https://proudtek.com/products/rfid-labels/nfc-digital-product-passport-tag/,product,NFC Digital Product Passport Tags,commercial,3977,0,706,9,9,16,11,Article|BreadcrumbList|FAQPage|Organization|Product|WebPage|WebSite,2026-07-12,2026-07-12,,"/contact/rfid-labels-tags/,/rfq/",88,257,.jpg,title>60; desc>160,IMPROVE
/products/rfid-labels/nfc-dry-inlay/,200,indexable,Discovered - currently not indexed,,https://proudtek.com/products/rfid-labels/nfc-dry-inlay/,product,NFC Dry Inlays,commercial,3382,0,374,10,10,11,10,Article|BreadcrumbList|FAQPage|Organization|Product|WebPage|WebSite,2026-07-13,2026-07-13,,"/contact/rfid-labels-tags/,/rfq/",87,231,.jpg,title>60; desc>160,IMPROVE
/products/rfid-labels/nfc-electronics-warranty-label/,200,indexable,Discovered - currently not indexed,,https://proudtek.com/products/rfid-labels/nfc-electronics-warranty-label/,product,NFC Electronics Warranty Label,commercial,3721,0,591,8,8,10,10,Article|BreadcrumbList|FAQPage|Organization|Product|WebPage|WebSite,2026-06-10,2026-06-10T17:00:00Z,,"/contact/rfid-labels-tags/,/rfq/",89,263,.jpg,title>60; desc>160,IMPROVE
/products/rfid-labels/nfc-event-ticket-sticker/,200,indexable,Discovered - currently not indexed,,https://proudtek.com/products/rfid-labels/nfc-event-ticket-sticker/,product,NFC Event Ticket Sticker,commercial,3525,0,535,8,8,14,6,Article|BreadcrumbList|FAQPage|Organization|Product|WebPage|WebSite,2026-06-10,2026-06-10T17:00:00Z,,"/contact/rfid-labels-tags/,/rfq/",86,263,.jpg,title>60; desc>160,IMPROVE
/products/rfid-labels/nfc-food-traceability-label/,200,indexable,Discovered - currently not indexed,,https://proudtek.com/products/rfid-labels/nfc-food-traceability-label/,product,NFC Food Traceability Label,commercial,3932,0,545,10,8,13,10,Article|BreadcrumbList|FAQPage|Organization|Product|WebPage|WebSite,2026-07-02,2026-07-02,,"/contact/rfid-labels-tags/,/rfq/",82,254,.jpg,title>60; desc>160,IMPROVE
/products/rfid-labels/nfc-gaming-collectible-tag/,200,indexable,URL is unknown to Google,,https://proudtek.com/products/rfid-labels/nfc-gaming-collectible-tag/,product,NFC Gaming & Collectible Tag,commercial,3274,0,750,5,5,13,10,Article|BreadcrumbList|FAQPage|Organization|Product|WebPage|WebSite,2026-07-02,2026-07-02,,"/contact/rfid-labels-tags/,/rfq/",89,252,.jpg,title>60; desc>160; unknown to Google,IMPROVE
/products/rfid-labels/nfc-luxury-handbag-tag/,200,indexable,Discovered - currently not indexed,,https://proudtek.com/products/rfid-labels/nfc-luxury-handbag-tag/,product,NFC Luxury Handbag Tags,commercial,3865,0,616,11,11,17,12,Article|BreadcrumbList|FAQPage|Organization|Product|WebPage|WebSite,2026-07-12,2026-07-12,,"/contact/rfid-labels-tags/,/rfq/",80,243,.jpg,title>60; desc>160,IMPROVE
/products/rfid-labels/nfc-olive-oil-authentication-label/,200,indexable,Discovered - currently not indexed,,https://proudtek.com/products/rfid-labels/nfc-olive-oil-authentication-label/,product,NFC Olive Oil Authentication Labels,commercial,3976,0,758,6,6,13,10,Article|BreadcrumbList|FAQPage|Organization|Product|WebPage|WebSite,2026-07-12,2026-07-12,,"/contact/rfid-labels-tags/,/rfq/",88,248,.jpg,title>60; desc>160,IMPROVE
/products/rfid-labels/nfc-pharmaceutical-label/,200,indexable,Discovered - currently not indexed,,https://proudtek.com/products/rfid-labels/nfc-pharmaceutical-label/,product,NFC Pharmaceutical Labels,commercial,3489,0,606,11,11,12,10,Article|BreadcrumbList|FAQPage|Organization|Product|WebPage|WebSite,2026-07-12,2026-07-12,,"/contact/rfid-labels-tags/,/rfq/",88,257,.jpg,title>60; desc>160,IMPROVE
/products/rfid-labels/nfc-shelf-label/,200,indexable,Discovered - currently not indexed,,https://proudtek.com/products/rfid-labels/nfc-shelf-label/,product,NFC Shelf Label,commercial,3065,0,525,5,5,11,10,Article|BreadcrumbList|FAQPage|Organization|Product|WebPage|WebSite,2026-07-02,2026-07-02,,"/contact/rfid-labels-tags/,/rfq/",79,243,.jpg,title>60; desc>160,IMPROVE
/products/rfid-labels/nfc-smart-poster-tag/,200,indexable,Discovered - currently not indexed,,https://proudtek.com/products/rfid-labels/nfc-smart-poster-tag/,product,NFC Smart Poster Tags,commercial,3319,0,503,5,5,12,10,Article|BreadcrumbList|FAQPage|Organization|Product|WebPage|WebSite,2026-07-02,2026-07-02,,"/contact/rfid-labels-tags/,/rfq/",85,243,.jpg,title>60; desc>160,IMPROVE
/products/rfid-labels/nfc-sneaker-authentication-tag/,200,indexable,Discovered - currently not indexed,,https://proudtek.com/products/rfid-labels/nfc-sneaker-authentication-tag/,product,NFC Sneaker Authentication Tags,commercial,3542,0,624,9,9,16,6,Article|BreadcrumbList|FAQPage|Organization|Product|WebPage|WebSite,2026-07-12,2026-07-12,,"/contact/rfid-labels-tags/,/rfq/",88,248,.webp,title>60; desc>160,IMPROVE
/products/rfid-labels/nfc-social-media-tag/,200,indexable,Discovered - currently not indexed,,https://proudtek.com/products/rfid-labels/nfc-social-media-tag/,product,NFC Social Media Tag,commercial,3128,0,466,5,5,9,10,Article|BreadcrumbList|FAQPage|Organization|Product|WebPage|WebSite,2026-06-10,2026-06-10T17:00:00Z,,"/contact/rfid-labels-tags/,/rfq/",86,235,.jpg,title>60; desc>160,IMPROVE
/products/rfid-labels/nfc-spirits-authentication-label/,200,indexable,Discovered - currently not indexed,,https://proudtek.com/products/rfid-labels/nfc-spirits-authentication-label/,product,NFC Spirits Authentication Labels,commercial,3630,0,615,10,10,17,6,Article|BreadcrumbList|FAQPage|Organization|Product|WebPage|WebSite,2026-07-12,2026-07-12,,"/contact/rfid-labels-tags/,/rfq/",89,225,.jpg,title>60; desc>160,IMPROVE
/products/rfid-labels/nfc-table-stand/,200,indexable,Discovered - currently not indexed,,https://proudtek.com/products/rfid-labels/nfc-table-stand/,product,NFC Table Stands & Counter Displays,commercial,3140,0,419,8,8,12,10,Article|BreadcrumbList|FAQPage|Organization|Product|WebPage|WebSite,2026-06-10,2026-06-10T17:00:00Z,,"/contact/rfid-labels-tags/,/rfq/",89,252,.jpg,title>60; desc>160,IMPROVE
/products/rfid-labels/nfc-tap-to-pay-sticker/,200,indexable,Discovered - currently not indexed,,https://proudtek.com/products/rfid-labels/nfc-tap-to-pay-sticker/,product,NFC Tap-to-Pay Sticker,commercial,3294,0,442,8,8,10,6,Article|BreadcrumbList|FAQPage|Organization|Product|WebPage|WebSite,2026-06-10,2026-06-10T17:00:00Z,,"/contact/rfid-labels-tags/,/rfq/",85,256,.jpg,title>60; desc>160,IMPROVE
/products/rfid-labels/nfc-warranty-seal-tag/,200,indexable,Discovered - currently not indexed,,https://proudtek.com/products/rfid-labels/nfc-warranty-seal-tag/,product,NFC Warranty Seal Tags,commercial,3438,0,618,5,5,10,10,Article|BreadcrumbList|FAQPage|Organization|Product|WebPage|WebSite,2026-06-10,2026-06-10T17:00:00Z,,"/contact/rfid-labels-tags/,/rfq/",86,264,.jpg,title>60; desc>160,IMPROVE
/products/rfid-labels/nfc-wet-inlay/,200,indexable,Discovered - currently not indexed,,https://proudtek.com/products/rfid-labels/nfc-wet-inlay/,product,NFC Wet Inlays,commercial,3605,0,444,17,17,12,10,Article|BreadcrumbList|FAQPage|Organization|Product|WebPage|WebSite,2026-07-13,2026-07-13,,"/contact/rfid-labels-tags/,/rfq/",90,257,.webp,title>60; desc>160,IMPROVE
/products/rfid-labels/nfc-wine-bottle-tag/,200,indexable,Discovered - currently not indexed,,https://proudtek.com/products/rfid-labels/nfc-wine-bottle-tag/,product,NFC Wine Bottle Tags,commercial,3430,0,486,8,8,8,10,Article|BreadcrumbList|FAQPage|Organization|Product|WebPage|WebSite,2026-06-10,2026-06-10T17:00:00Z,,"/contact/rfid-labels-tags/,/rfq/",81,239,.jpg,title>60; desc>160,IMPROVE
/products/rfid-labels/ntag213-nfc-sticker/,200,indexable,Submitted and indexed,2026-08-14,https://proudtek.com/products/rfid-labels/ntag213-nfc-sticker/,product,NTAG213 NFC Stickers,commercial,3096,0,288,540,96,12,10,Article|BreadcrumbList|FAQPage|Organization|Product|WebPage|WebSite,2026-07-18,2026-07-18T00:00:00Z,,"/contact/rfid-labels-tags/,/rfq/",80,234,.jpg,title>60; desc>160,IMPROVE
/products/rfid-labels/ntag215-nfc-sticker/,200,indexable,Discovered - currently not indexed,,https://proudtek.com/products/rfid-labels/ntag215-nfc-sticker/,product,NTAG215 NFC Stickers,commercial,3098,0,267,9,9,14,10,Article|BreadcrumbList|FAQPage|Organization|Product|WebPage|WebSite,2026-07-18,2026-07-18T00:00:00Z,,"/contact/rfid-labels-tags/,/rfq/",87,268,.jpg,title>60; desc>160,IMPROVE
/products/rfid-labels/ntag216-nfc-sticker/,200,indexable,URL is unknown to Google,,https://proudtek.com/products/rfid-labels/ntag216-nfc-sticker/,product,NTAG216 NFC Stickers,commercial,3392,0,335,18,18,15,10,Article|BreadcrumbList|FAQPage|Organization|Product|WebPage|WebSite,2026-07-18,2026-07-18T00:00:00Z,,"/contact/rfid-labels-tags/,/rfq/",81,231,.jpg,title>60; desc>160; unknown to Google,IMPROVE
/products/rfid-labels/ntag424-dna-tamper-evident-tag/,200,indexable,Discovered - currently not indexed,,https://proudtek.com/products/rfid-labels/ntag424-dna-tamper-evident-tag/,product,NTAG 424 DNA Tamper-Evident Tags,commercial,3735,0,506,57,57,15,10,Article|BreadcrumbList|FAQPage|Organization|Product|WebPage|WebSite,2026-07-18,2026-07-18T00:00:00Z,,"/contact/rfid-labels-tags/,/rfq/",84,211,.jpg,title>60; desc>160,IMPROVE
/products/rfid-labels/rfid-airline-baggage-tag/,200,indexable,Discovered - currently not indexed,,https://proudtek.com/products/rfid-labels/rfid-airline-baggage-tag/,product,RFID Airline Baggage Tag,commercial,3311,0,636,6,6,11,10,Article|BreadcrumbList|FAQPage|Organization|Product|WebPage|WebSite,2026-07-02,2026-07-02,,"/contact/rfid-labels-tags/,/rfq/",84,251,.jpg,title>60; desc>160,IMPROVE
/products/rfid-labels/rfid-asset-label/,200,indexable,Discovered - currently not indexed,,https://proudtek.com/products/rfid-labels/rfid-asset-label/,product,RFID Asset Label,commercial,3543,0,628,21,21,12,10,Article|BreadcrumbList|FAQPage|Organization|Product|WebPage|WebSite,2026-06-10,2026-06-10T17:00:00Z,,"/contact/rfid-labels-tags/,/rfq/",82,254,.jpg,title>60; desc>160,IMPROVE
/products/rfid-labels/rfid-book-spine-label/,200,indexable,URL is unknown to Google,,https://proudtek.com/products/rfid-labels/rfid-book-spine-label/,product,RFID Book Spine Label,commercial,3323,0,739,5,5,11,10,Article|BreadcrumbList|FAQPage|Organization|Product|WebPage|WebSite,2026-07-02,2026-07-02,,"/contact/rfid-labels-tags/,/rfq/",85,236,.jpg,title>60; desc>160; unknown to Google,IMPROVE
/products/rfid-labels/rfid-cryogenic-specimen-label/,200,indexable,URL is unknown to Google,,https://proudtek.com/products/rfid-labels/rfid-cryogenic-specimen-label/,product,RFID Cryogenic Specimen Labels,commercial,3334,0,590,7,7,11,10,Article|BreadcrumbList|FAQPage|Organization|Product|WebPage|WebSite,2026-07-02,2026-07-02,,"/contact/rfid-labels-tags/,/rfq/",88,246,.jpg,title>60; desc>160; unknown to Google,IMPROVE
/products/rfid-labels/rfid-document-tracking-label/,200,indexable,Discovered - currently not indexed,,https://proudtek.com/products/rfid-labels/rfid-document-tracking-label/,product,RFID Document Tracking Label,commercial,3399,0,466,5,5,13,10,Article|BreadcrumbList|FAQPage|Organization|Product|WebPage|WebSite,2026-07-02,2026-07-02,,"/contact/rfid-labels-tags/,/rfq/",85,252,.jpg,title>60; desc>160,IMPROVE
/products/rfid-labels/rfid-dry-inlay/,200,indexable,Discovered - currently not indexed,,https://proudtek.com/products/rfid-labels/rfid-dry-inlay/,product,RFID Dry Inlay (UHF),commercial,3617,0,704,6,6,17,6,Article|BreadcrumbList|FAQPage|Organization|Product|WebPage|WebSite,2026-07-13,2026-07-13,,"/contact/rfid-labels-tags/,/rfq/",89,226,.jpg,title>60; desc>160,IMPROVE
/products/rfid-labels/rfid-frozen-food-label/,200,indexable,Discovered - currently not indexed,,https://proudtek.com/products/rfid-labels/rfid-frozen-food-label/,product,RFID Frozen Food Label,commercial,3249,0,621,8,7,10,12,Article|BreadcrumbList|FAQPage|Organization|Product|WebPage|WebSite,2026-07-02,2026-07-02,,"/contact/rfid-labels-tags/,/rfq/",86,250,.jpg,title>60; desc>160,IMPROVE
/products/rfid-labels/rfid-garment-source-tag/,200,indexable,Discovered - currently not indexed,,https://proudtek.com/products/rfid-labels/rfid-garment-source-tag/,product,RFID Garment Source Tag,commercial,3377,0,515,11,11,12,10,Article|BreadcrumbList|FAQPage|Organization|Product|WebPage|WebSite,2026-06-11,2026-06-11T11:00:00Z,,"/contact/rfid-labels-tags/,/rfq/",85,150,.jpg,title>60,IMPROVE
/products/rfid-labels/rfid-medication-vial-label/,200,indexable,Discovered - currently not indexed,,https://proudtek.com/products/rfid-labels/rfid-medication-vial-label/,product,RFID Medication Vial & Syringe Labels,commercial,3253,0,507,9,9,16,10,Article|BreadcrumbList|FAQPage|Organization|Product|WebPage|WebSite,2026-07-02,2026-07-02,,"/contact/rfid-labels-tags/,/rfq/",89,245,.jpg,title>60; desc>160,IMPROVE
/products/rfid-labels/rfid-plant-nursery-label/,200,indexable,Discovered - currently not indexed,,https://proudtek.com/products/rfid-labels/rfid-plant-nursery-label/,product,RFID Plant Nursery Label,commercial,3194,0,621,5,5,10,10,Article|BreadcrumbList|FAQPage|Organization|Product|WebPage|WebSite,2026-07-02,2026-07-02,,"/contact/rfid-labels-tags/,/rfq/",88,242,.jpg,title>60; desc>160,IMPROVE
/products/rfid-labels/rfid-shipping-label/,200,indexable,Discovered - currently not indexed,,https://proudtek.com/products/rfid-labels/rfid-shipping-label/,product,RFID Shipping Label,commercial,2986,0,610,10,10,11,5,Article|BreadcrumbList|FAQPage|Organization|Product|WebPage|WebSite,2026-06-10,2026-06-10T17:00:00Z,,"/contact/rfid-labels-tags/,/rfq/",84,258,.jpg,title>60; desc>160,IMPROVE
/products/rfid-labels/rfid-specimen-slide-label/,200,indexable,Discovered - currently not indexed,,https://proudtek.com/products/rfid-labels/rfid-specimen-slide-label/,product,RFID Specimen Slide Label,commercial,3358,0,474,5,5,9,12,Article|BreadcrumbList|FAQPage|Organization|Product|WebPage|WebSite,2026-07-02,2026-07-02,,"/contact/rfid-labels-tags/,/rfq/",86,258,.jpg,title>60; desc>160,IMPROVE
/products/rfid-labels/rfid-tamper-evident-label/,200,indexable,Discovered - currently not indexed,,https://proudtek.com/products/rfid-labels/rfid-tamper-evident-label/,product,RFID Tamper-Evident Label,commercial,3508,0,471,6,6,13,10,Article|BreadcrumbList|FAQPage|Organization|Product|WebPage|WebSite,2026-07-02,2026-07-02,,"/contact/rfid-labels-tags/,/rfq/",86,253,.jpg,title>60; desc>160,IMPROVE
/products/rfid-labels/rfid-wet-inlay/,200,indexable,Discovered - currently not indexed,,https://proudtek.com/products/rfid-labels/rfid-wet-inlay/,product,RFID Wet Inlay (UHF),commercial,3762,0,714,8,8,15,10,Article|BreadcrumbList|FAQPage|Organization|Product|WebPage|WebSite,2026-07-13,2026-07-13,,"/contact/rfid-labels-tags/,/rfq/",84,258,.jpg,title>60; desc>160,IMPROVE
/products/rfid-labels/uhf-rfid-apparel-hang-tag-retail/,200,indexable,URL is unknown to Google,,https://proudtek.com/products/rfid-labels/uhf-rfid-apparel-hang-tag-retail/,product,UHF RFID Apparel Hang Tag,commercial,3112,0,530,8,7,13,10,Article|BreadcrumbList|FAQPage|Organization|Product|WebPage|WebSite,2026-06-10,2026-06-10T17:00:00Z,,"/contact/rfid-labels-tags/,/rfq/",87,258,.jpg,title>60; desc>160; unknown to Google,IMPROVE
/products/rfid-labels/uhf-rfid-blank-label/,200,indexable,Discovered - currently not indexed,,https://proudtek.com/products/rfid-labels/uhf-rfid-blank-label/,product,UHF RFID Blank Label,commercial,3253,0,507,11,10,13,10,Article|BreadcrumbList|FAQPage|Organization|Product|WebPage|WebSite,2026-07-02,2026-07-02,,"/contact/rfid-labels-tags/,/rfq/",82,257,.jpg,title>60; desc>160,IMPROVE
/products/rfid-labels/uhf-rfid-blood-bag-label/,200,indexable,Discovered - currently not indexed,,https://proudtek.com/products/rfid-labels/uhf-rfid-blood-bag-label/,product,UHF RFID Blood Bag Label,commercial,3693,0,475,7,6,11,10,Article|BreadcrumbList|FAQPage|Organization|Product|WebPage|WebSite,2026-07-02,2026-07-02,,"/contact/rfid-labels-tags/,/rfq/",84,232,.jpg,title>60; desc>160,IMPROVE
/products/rfid-labels/uhf-rfid-inlay/,200,indexable,Discovered - currently not indexed,,https://proudtek.com/products/rfid-labels/uhf-rfid-inlay/,product,UHF RFID Inlay,commercial,3518,0,664,35,34,16,10,Article|BreadcrumbList|FAQPage|Organization|Product|WebPage|WebSite,2026-07-13,2026-07-13,,"/contact/rfid-labels-tags/,/rfq/",81,262,.jpg,title>60; desc>160,IMPROVE
/products/rfid-labels/uhf-rfid-jewelry-label/,200,indexable,Discovered - currently not indexed,,https://proudtek.com/products/rfid-labels/uhf-rfid-jewelry-label/,product,UHF RFID Jewelry Label,commercial,2985,0,603,6,6,10,12,Article|BreadcrumbList|FAQPage|Organization|Product|WebPage|WebSite,2026-07-02,2026-07-02,,"/contact/rfid-labels-tags/,/rfq/",84,262,.jpg,title>60; desc>160,IMPROVE
/products/rfid-labels/uhf-rfid-pallet-label/,200,indexable,Discovered - currently not indexed,,https://proudtek.com/products/rfid-labels/uhf-rfid-pallet-label/,product,UHF RFID Pallet Label,commercial,3649,0,550,20,17,12,10,Article|BreadcrumbList|FAQPage|Organization|Product|WebPage|WebSite,2026-06-10,2026-06-10T17:00:00Z,,"/contact/rfid-labels-tags/,/rfq/",84,230,.jpg,title>60; desc>160,IMPROVE
/products/rfid-labels/uhf-rfid-paper-label/,200,indexable,Discovered - currently not indexed,,https://proudtek.com/products/rfid-labels/uhf-rfid-paper-label/,product,UHF RFID Paper Label,commercial,3395,0,498,29,29,13,10,Article|BreadcrumbList|FAQPage|Organization|Product|WebPage|WebSite,2026-07-02,2026-07-02,,"/contact/rfid-labels-tags/,/rfq/",84,259,.jpg,title>60; desc>160,IMPROVE
/products/rfid-labels/uhf-rfid-retail-price-label/,200,indexable,URL is unknown to Google,,https://proudtek.com/products/rfid-labels/uhf-rfid-retail-price-label/,product,UHF RFID Retail Price Label,commercial,3383,0,516,12,8,11,12,Article|BreadcrumbList|FAQPage|Organization|Product|WebPage|WebSite,2026-07-02,2026-07-02,,"/contact/rfid-labels-tags/,/rfq/",84,258,.jpg,title>60; desc>160; unknown to Google,IMPROVE
/products/rfid-labels/uhf-rfid-tire-label/,200,indexable,Discovered - currently not indexed,,https://proudtek.com/products/rfid-labels/uhf-rfid-tire-label/,product,UHF RFID Tire Label,commercial,3850,0,594,7,6,11,12,Article|BreadcrumbList|FAQPage|Organization|Product|WebPage|WebSite,2026-07-02,2026-07-02,,"/contact/rfid-labels-tags/,/rfq/",83,243,.jpg,title>60; desc>160,IMPROVE
/products/rfid-labels/uhf-rfid-windshield-label/,200,indexable,Discovered - currently not indexed,,https://proudtek.com/products/rfid-labels/uhf-rfid-windshield-label/,product,UHF RFID Windshield Label,commercial,3170,0,621,10,10,12,10,Article|BreadcrumbList|FAQPage|Organization|Product|WebPage|WebSite,2026-06-10,2026-06-10T17:00:00Z,,"/contact/rfid-labels-tags/,/rfq/",87,266,.jpg,title>60; desc>160,IMPROVE
/products/rfid-readers/,200,indexable,Submitted and indexed,2026-09-01,https://proudtek.com/products/rfid-readers/,product-category,Complete guide to RFID readers,commercial,4014,0,807,537,30,26,0,Article|BreadcrumbList|CollectionPage|FAQPage|Organization|WebSite,2026-07-02,2026-07-02,,"/contact/rfid-readers/,/rfq/",42,120,.jpg,,KEEP
/products/rfid-readers/desktop-nfc-reader-encoder/,200,indexable,Submitted and indexed,2026-06-30,https://proudtek.com/products/rfid-readers/desktop-nfc-reader-encoder/,product,Desktop NFC Reader / Encoder,commercial,3650,0,368,538,23,22,12,Article|BreadcrumbList|FAQPage|Organization|Product|WebPage|WebSite,2026-06-10,2026-06-10T17:00:00Z,,"/contact/rfid-readers/,/rfq/",85,257,.jpg,title>60; desc>160,IMPROVE
/products/rfid-readers/fixed-uhf-rfid-reader/,200,indexable,URL is unknown to Google,,https://proudtek.com/products/rfid-readers/fixed-uhf-rfid-reader/,product,Fixed UHF RFID Reader,commercial,3128,0,365,10,10,15,5,Article|BreadcrumbList|FAQPage|Organization|Product|WebPage|WebSite,2026-06-10,2026-06-10T17:00:00Z,,"/contact/rfid-readers/,/rfq/",77,240,.jpg,title>60; desc>160; unknown to Google,IMPROVE
/products/rfid-readers/handheld-uhf-rfid-reader/,200,indexable,Discovered - currently not indexed,,https://proudtek.com/products/rfid-readers/handheld-uhf-rfid-reader/,product,Handheld UHF RFID Reader,commercial,3628,0,298,537,14,16,14,Article|BreadcrumbList|FAQPage|Organization|Product|WebPage|WebSite,2026-06-11,2026-06-11T01:25:48Z,,"/contact/rfid-readers/,/rfq/",80,262,.jpg,title>60; desc>160,IMPROVE
/products/rfid-tags/,200,indexable,Submitted and indexed,2026-09-02,https://proudtek.com/products/rfid-tags/,product-category,Complete guide to RFID tags,commercial,5633,0,800,539,85,85,5,Article|BreadcrumbList|CollectionPage|FAQPage|Organization|WebSite,2026-07-11,2026-07-11,,"/contact/rfid-labels-tags/,/rfq/",39,143,.jpg,,KEEP
/products/rfid-tags/anti-metal-uhf-it-asset-tag/,200,indexable,Discovered - currently not indexed,,https://proudtek.com/products/rfid-tags/anti-metal-uhf-it-asset-tag/,product,Anti-Metal UHF IT Asset Tag,commercial,4567,0,438,536,13,9,5,Article|BreadcrumbList|FAQPage|Organization|Product|WebPage|WebSite,2026-07-18,2026-07-18,,/rfq/,88,258,.jpg,title>60; desc>160,IMPROVE
/products/rfid-tags/high-temperature-rfid-tag-200c/,200,indexable,Discovered - currently not indexed,,https://proudtek.com/products/rfid-tags/high-temperature-rfid-tag-200c/,product,High-Temperature RFID Tag 200 °C,commercial,3771,0,440,536,9,13,10,Article|BreadcrumbList|FAQPage|Organization|Product|WebPage|WebSite,2026-07-02,2026-07-02,,/rfq/,85,256,.jpg,title>60; desc>160,IMPROVE
/products/rfid-tags/nfc-pet-tag/,200,indexable,Discovered - currently not indexed,,https://proudtek.com/products/rfid-tags/nfc-pet-tag/,product,NFC Pet Tags,commercial,3800,0,475,6,6,12,10,Article|BreadcrumbList|FAQPage|Organization|Product|WebPage|WebSite,2026-07-02,2026-07-02,,/rfq/,82,252,.webp,title>60; desc>160,IMPROVE
/products/rfid-tags/rfid-aircraft-part-tag/,200,indexable,Discovered - currently not indexed,,https://proudtek.com/products/rfid-tags/rfid-aircraft-part-tag/,product,RFID Aircraft Part Tags,commercial,3364,0,333,7,7,8,10,Article|BreadcrumbList|FAQPage|Organization|Product|WebPage|WebSite,2026-06-10,2026-06-10T17:00:00Z,,/rfq/,88,241,.jpg,title>60; desc>160,IMPROVE
/products/rfid-tags/rfid-ammo-can-tag/,200,indexable,Discovered - currently not indexed,,https://proudtek.com/products/rfid-tags/rfid-ammo-can-tag/,product,RFID Ammo Can Tag,commercial,4242,0,382,6,6,11,10,Article|BreadcrumbList|FAQPage|Organization|Product|WebPage|WebSite,2026-07-17,2026-07-17,,/rfq/,88,244,.webp,title>60; desc>160,IMPROVE
/products/rfid-tags/rfid-anchor-bolt-tag/,200,indexable,Discovered - currently not indexed,,https://proudtek.com/products/rfid-tags/rfid-anchor-bolt-tag/,product,RFID Anchor Bolt Tag,commercial,5084,0,690,7,7,15,10,Article|BreadcrumbList|FAQPage|Organization|Product|WebPage|WebSite,2026-07-17,2026-07-17,,/rfq/,81,228,.jpg,title>60; desc>160,IMPROVE
/products/rfid-tags/rfid-animal-ear-tag/,200,indexable,Discovered - currently not indexed,,https://proudtek.com/products/rfid-tags/rfid-animal-ear-tag/,product,RFID Animal Ear Tags,commercial,3141,0,246,536,5,9,10,Article|BreadcrumbList|FAQPage|Organization|Product|WebPage|WebSite,2026-06-10,2026-06-10T17:00:00Z,,"/contact/rfid-labels-tags/,/rfq/",85,228,.png,title>60; desc>160,IMPROVE
/products/rfid-tags/rfid-anti-metal-tag/,200,indexable,Discovered - currently not indexed,,https://proudtek.com/products/rfid-tags/rfid-anti-metal-tag/,product,RFID Anti-Metal Tags,commercial,2757,0,441,536,48,18,7,Article|BreadcrumbList|FAQPage|Organization|Product|WebPage|WebSite,2026-06-10,2026-06-10T17:00:00Z,,"/contact/rfid-labels-tags/,/rfq/",87,212,.jpg,title>60; desc>160,IMPROVE
/products/rfid-tags/rfid-blood-bag-tag/,200,indexable,Discovered - currently not indexed,,https://proudtek.com/products/rfid-tags/rfid-blood-bag-tag/,product,RFID Blood Bag Tags,commercial,2729,0,464,9,9,9,5,Article|BreadcrumbList|FAQPage|Organization|Product|WebPage|WebSite,2026-08-30,2026-08-30,,/rfq/,99,257,.jpg,title>60; desc>160,IMPROVE
/products/rfid-tags/rfid-bolt-seal/,200,indexable,Discovered - currently not indexed,,https://proudtek.com/products/rfid-tags/rfid-bolt-seal/,product,RFID Bolt Seals,commercial,2534,0,450,9,9,9,10,Article|BreadcrumbList|FAQPage|Organization|Product|WebPage|WebSite,2026-06-10,2026-06-10T17:00:00Z,,"/contact/rfid-labels-tags/,/rfq/",83,269,.jpg,title>60; desc>160,IMPROVE
/products/rfid-tags/rfid-bolt-tag/,200,indexable,Discovered - currently not indexed,,https://proudtek.com/products/rfid-tags/rfid-bolt-tag/,product,RFID Bolt Tag,commercial,4740,0,487,11,11,11,7,Article|BreadcrumbList|FAQPage|Organization|Product|WebPage|WebSite,2026-07-18,2026-07-18T00:00:00Z,,/rfq/,84,227,.jpg,title>60; desc>160,IMPROVE
/products/rfid-tags/rfid-cable-seal-tag/,200,indexable,Discovered - currently not indexed,,https://proudtek.com/products/rfid-tags/rfid-cable-seal-tag/,product,RFID Cable Seal Tag,commercial,3572,0,474,8,8,16,9,Article|BreadcrumbList|FAQPage|Organization|Product|WebPage|WebSite,2026-07-11,2026-07-11,,/rfq/,85,250,.jpg,title>60; desc>160,IMPROVE
/products/rfid-tags/rfid-cable-tie-tag/,200,indexable,Discovered - currently not indexed,,https://proudtek.com/products/rfid-tags/rfid-cable-tie-tag/,product,RFID Cable Tie Tags,commercial,2303,0,413,9,9,12,9,Article|BreadcrumbList|FAQPage|Organization|Product|WebPage|WebSite,2026-06-10,2026-06-10T17:00:00Z,,"/contact/rfid-labels-tags/,/rfq/",85,218,.jpg,title>60; desc>160,IMPROVE
/products/rfid-tags/rfid-ceramic-tag/,200,indexable,Discovered - currently not indexed,,https://proudtek.com/products/rfid-tags/rfid-ceramic-tag/,product,RFID Ceramic Tag,commercial,4407,0,439,5,5,11,7,Article|BreadcrumbList|FAQPage|Organization|Product|WebPage|WebSite,2026-06-10,2026-06-10T17:00:00Z,,/rfq/,86,268,.jpg,title>60; desc>160,IMPROVE
/products/rfid-tags/rfid-coin-tag/,200,indexable,Discovered - currently not indexed,,https://proudtek.com/products/rfid-tags/rfid-coin-tag/,product,RFID Coin Tag,commercial,3522,0,523,8,7,18,8,Article|BreadcrumbList|FAQPage|Organization|Product|WebPage|WebSite,2026-07-11,2026-07-11T17:00:00Z,,"/contact/,/rfq/",85,246,.jpg,title>60; desc>160,IMPROVE
/products/rfid-tags/rfid-concrete-embed-tag/,200,indexable,Discovered - currently not indexed,,https://proudtek.com/products/rfid-tags/rfid-concrete-embed-tag/,product,RFID Concrete Embed Tag,commercial,4108,0,537,11,11,12,12,Article|BreadcrumbList|FAQPage|Organization|Product|WebPage|WebSite,2026-07-11,2026-07-11,,/rfq/,85,267,.jpg,title>60; desc>160,IMPROVE
/products/rfid-tags/rfid-drum-tag/,200,indexable,Discovered - currently not indexed,,https://proudtek.com/products/rfid-tags/rfid-drum-tag/,product,RFID Drum Tag,commercial,4151,0,586,7,7,14,12,Article|BreadcrumbList|FAQPage|Organization|Product|WebPage|WebSite,2026-07-11,2026-07-11,,/rfq/,83,260,.jpg,title>60; desc>160,IMPROVE
/products/rfid-tags/rfid-ear-tag-livestock/,200,indexable,Discovered - currently not indexed,,https://proudtek.com/products/rfid-tags/rfid-ear-tag-livestock/,product,RFID Ear Tag Livestock,commercial,5257,0,602,7,7,9,10,Article|BreadcrumbList|FAQPage|Organization|Product|WebPage|WebSite,2026-07-02,2026-07-02,,/rfq/,88,242,.png,title>60; desc>160,IMPROVE
/products/rfid-tags/rfid-epoxy-tag/,200,indexable,Discovered - currently not indexed,,https://proudtek.com/products/rfid-tags/rfid-epoxy-tag/,product,RFID Epoxy Tag,commercial,4267,0,449,7,7,11,10,Article|BreadcrumbList|FAQPage|Organization|Product|WebPage|WebSite,2026-07-18,2026-07-18T00:00:00Z,,/rfq/,83,239,.jpg,title>60; desc>160,IMPROVE
/products/rfid-tags/rfid-eyelet-tag/,200,indexable,Discovered - currently not indexed,,https://proudtek.com/products/rfid-tags/rfid-eyelet-tag/,product,RFID Eyelet Tag,commercial,3949,0,537,4,4,15,10,Article|BreadcrumbList|FAQPage|Organization|Product|WebPage|WebSite,2026-07-12,2026-07-12,,"/contact/,/rfq/",88,262,.jpg,title>60; desc>160,IMPROVE
/products/rfid-tags/rfid-fire-extinguisher-tag/,200,indexable,Discovered - currently not indexed,,https://proudtek.com/products/rfid-tags/rfid-fire-extinguisher-tag/,product,RFID Fire Extinguisher Tag,commercial,4084,0,701,7,7,9,6,Article|BreadcrumbList|FAQPage|Organization|Product|WebPage|WebSite,2026-07-12,2026-07-12,,/rfq/,87,268,.jpg,title>60; desc>160,IMPROVE
/products/rfid-tags/rfid-fish-tag/,200,indexable,Discovered - currently not indexed,,https://proudtek.com/products/rfid-tags/rfid-fish-tag/,product,RFID Fish Tag (PIT),commercial,3575,0,412,5,5,7,10,Article|BreadcrumbList|FAQPage|Organization|Product|WebPage|WebSite,2026-06-10,2026-06-10T17:00:00Z,,/rfq/,84,248,.webp,title>60; desc>160,IMPROVE
/products/rfid-tags/rfid-flag-tag/,200,indexable,Discovered - currently not indexed,,https://proudtek.com/products/rfid-tags/rfid-flag-tag/,product,RFID Flag Tag,commercial,3940,0,532,9,9,17,13,Article|BreadcrumbList|FAQPage|Organization|Product|WebPage|WebSite,2026-07-11,2026-07-11T10:00:00Z,,/rfq/,83,246,.jpg,title>60; desc>160,IMPROVE
/products/rfid-tags/rfid-gas-cylinder-tag/,200,indexable,Discovered - currently not indexed,,https://proudtek.com/products/rfid-tags/rfid-gas-cylinder-tag/,product,RFID Gas Cylinder Tags,commercial,2407,0,413,8,8,9,9,Article|BreadcrumbList|FAQPage|Organization|Product|WebPage|WebSite,2026-06-10,2026-06-10T17:00:00Z,,"/contact/rfid-labels-tags/,/rfq/",86,230,.webp,title>60; desc>160,IMPROVE
/products/rfid-tags/rfid-glass-capsule-tag/,200,indexable,Discovered - currently not indexed,,https://proudtek.com/products/rfid-tags/rfid-glass-capsule-tag/,product,RFID Glass Capsule Tags,commercial,2948,0,226,6,6,7,10,Article|BreadcrumbList|FAQPage|Organization|Product|WebPage|WebSite,2026-06-10,2026-06-10T17:00:00Z,,/rfq/,87,202,.webp,title>60; desc>160,IMPROVE
/products/rfid-tags/rfid-guard-tour-tag/,200,indexable,Discovered - currently not indexed,,https://proudtek.com/products/rfid-tags/rfid-guard-tour-tag/,product,RFID Guard Tour Checkpoint Tags,commercial,3320,0,281,6,6,10,5,Article|BreadcrumbList|FAQPage|Organization|Product|WebPage|WebSite,2026-06-10,2026-06-10T17:00:00Z,,/rfq/,84,243,.jpg,title>60; desc>160,IMPROVE
/products/rfid-tags/rfid-hang-tag/,200,indexable,Discovered - currently not indexed,,https://proudtek.com/products/rfid-tags/rfid-hang-tag/,product,RFID Hang Tag,commercial,3789,0,500,5,5,15,8,Article|BreadcrumbList|FAQPage|Organization|Product|WebPage|WebSite,2026-07-12,2026-07-12,,"/contact/,/rfq/",76,229,.jpg,title>60; desc>160,IMPROVE
/products/rfid-tags/rfid-helmet-tag/,200,indexable,Discovered - currently not indexed,,https://proudtek.com/products/rfid-tags/rfid-helmet-tag/,product,RFID Helmet Tag,commercial,4832,0,439,7,7,8,10,Article|BreadcrumbList|FAQPage|Organization|Product|WebPage|WebSite,2026-07-02,2026-07-02,,/rfq/,84,242,.jpg,title>60; desc>160,IMPROVE
/products/rfid-tags/rfid-high-temp-silicone-tag/,200,indexable,Discovered - currently not indexed,,https://proudtek.com/products/rfid-tags/rfid-high-temp-silicone-tag/,product,High-Temp Silicone RFID Tag,commercial,4511,0,427,19,19,10,7,Article|BreadcrumbList|FAQPage|Organization|Product|WebPage|WebSite,2026-07-02,2026-07-02,,/rfq/,86,264,.jpg,title>60; desc>160,IMPROVE
/products/rfid-tags/rfid-high-temperature-ceramic-tag/,200,indexable,Discovered - currently not indexed,,https://proudtek.com/products/rfid-tags/rfid-high-temperature-ceramic-tag/,product,RFID High-Temperature Ceramic Tags,commercial,2596,0,474,7,6,11,10,Article|BreadcrumbList|FAQPage|Organization|Product|WebPage|WebSite,2026-06-10,2026-06-10T17:00:00Z,,"/contact/rfid-labels-tags/,/rfq/",88,267,.jpg,title>60; desc>160,IMPROVE
/products/rfid-tags/rfid-hose-tag/,200,indexable,Discovered - currently not indexed,,https://proudtek.com/products/rfid-tags/rfid-hose-tag/,product,RFID Hose Tag,commercial,4144,0,397,5,5,8,10,Article|BreadcrumbList|FAQPage|Organization|Product|WebPage|WebSite,2026-07-02,2026-07-02,,/rfq/,80,233,.jpg,title>60; desc>160,IMPROVE
/products/rfid-tags/rfid-ibc-chemical-drum-tag/,200,indexable,Discovered - currently not indexed,,https://proudtek.com/products/rfid-tags/rfid-ibc-chemical-drum-tag/,product,RFID IBC & Chemical Drum Tags,commercial,2936,0,434,5,5,9,10,Article|BreadcrumbList|FAQPage|Organization|Product|WebPage|WebSite,2026-06-10,2026-06-10T17:00:00Z,,"/contact/rfid-labels-tags/,/rfq/",83,268,.jpg,title>60; desc>160,IMPROVE
/products/rfid-tags/rfid-jewelry-tag/,200,indexable,Discovered - currently not indexed,,https://proudtek.com/products/rfid-tags/rfid-jewelry-tag/,product,RFID Jewelry Tags,commercial,3092,0,464,5,4,12,10,Article|BreadcrumbList|FAQPage|Organization|Product|WebPage|WebSite,2026-07-02,2026-07-02,,"/contact/rfid-labels-tags/,/rfq/",87,261,.jpg,title>60; desc>160,IMPROVE
/products/rfid-tags/rfid-keg-tag/,200,indexable,Discovered - currently not indexed,,https://proudtek.com/products/rfid-tags/rfid-keg-tag/,product,RFID Keg Tags,commercial,3043,0,318,7,7,8,10,Article|BreadcrumbList|FAQPage|Organization|Product|WebPage|WebSite,2026-06-10,2026-06-10T17:00:00Z,,/rfq/,87,264,.png,title>60; desc>160,IMPROVE
/products/rfid-tags/rfid-library-book-tag/,200,indexable,Discovered - currently not indexed,,https://proudtek.com/products/rfid-tags/rfid-library-book-tag/,product,RFID Library Tags,commercial,3220,0,507,9,8,14,10,Article|BreadcrumbList|FAQPage|Organization|Product|WebPage|WebSite,2026-07-02,2026-07-02,,"/contact/rfid-labels-tags/,/rfq/",87,258,.jpg,title>60; desc>160,IMPROVE
/products/rfid-tags/rfid-livestock-leg-band/,200,indexable,Discovered - currently not indexed,,https://proudtek.com/products/rfid-tags/rfid-livestock-leg-band/,product,RFID Livestock Leg Band,commercial,5553,0,586,6,6,9,10,Article|BreadcrumbList|FAQPage|Organization|Product|WebPage|WebSite,2026-07-17,2026-07-17,,/rfq/,87,223,.jpg,title>60; desc>160,IMPROVE
/products/rfid-tags/rfid-magnet-mount-tag/,200,indexable,URL is unknown to Google,,https://proudtek.com/products/rfid-tags/rfid-magnet-mount-tag/,product,RFID Magnet Mount Tag,commercial,4063,0,448,10,10,8,10,Article|BreadcrumbList|FAQPage|Organization|Product|WebPage|WebSite,2026-07-18,2026-07-18T00:00:00Z,,/rfq/,87,236,.jpg,title>60; desc>160; unknown to Google,IMPROVE
/products/rfid-tags/rfid-manhole-cover-tag/,200,indexable,Discovered - currently not indexed,,https://proudtek.com/products/rfid-tags/rfid-manhole-cover-tag/,product,RFID Manhole Cover Tag,commercial,3425,0,454,6,6,11,10,Article|BreadcrumbList|FAQPage|Organization|Product|WebPage|WebSite,2026-06-10,2026-06-10T17:00:00Z,,/rfq/,84,263,.jpg,title>60; desc>160,IMPROVE
/products/rfid-tags/rfid-mining-asset-tag/,200,indexable,Discovered - currently not indexed,,https://proudtek.com/products/rfid-tags/rfid-mining-asset-tag/,product,RFID Mining Asset Tag,commercial,3626,0,528,7,7,10,10,Article|BreadcrumbList|FAQPage|Organization|Product|WebPage|WebSite,2026-07-12,2026-07-12,,/rfq/,79,261,.jpg,title>60; desc>160,IMPROVE
/products/rfid-tags/rfid-nail-tag/,200,indexable,Discovered - currently not indexed,,https://proudtek.com/products/rfid-tags/rfid-nail-tag/,product,RFID Nail Tag,commercial,4863,0,534,7,7,15,12,Article|BreadcrumbList|FAQPage|Organization|Product|WebPage|WebSite,2026-07-18,2026-07-18T00:00:00Z,,/rfq/,86,248,.jpg,title>60; desc>160,IMPROVE
/products/rfid-tags/rfid-oil-gas-pipe-tag/,200,indexable,Discovered - currently not indexed,,https://proudtek.com/products/rfid-tags/rfid-oil-gas-pipe-tag/,product,RFID Oil & Gas Pipe Tag,commercial,4672,0,685,7,7,9,7,Article|BreadcrumbList|FAQPage|Organization|Product|WebPage|WebSite,2026-07-12,2026-07-12,,/rfq/,85,223,.webp,title>60; desc>160,IMPROVE
/products/rfid-tags/rfid-pallet-runner-tag/,200,indexable,Discovered - currently not indexed,,https://proudtek.com/products/rfid-tags/rfid-pallet-runner-tag/,product,RFID Pallet Runner Tag,commercial,3720,0,625,6,5,13,9,Article|BreadcrumbList|FAQPage|Organization|Product|WebPage|WebSite,2026-07-11,2026-07-11,,/rfq/,85,253,.jpg,title>60; desc>160,IMPROVE
/products/rfid-tags/rfid-pallet-tag/,200,indexable,Discovered - currently not indexed,,https://proudtek.com/products/rfid-tags/rfid-pallet-tag/,product,RFID Pallet Tags,commercial,2254,0,405,12,12,12,9,Article|BreadcrumbList|FAQPage|Organization|Product|WebPage|WebSite,2026-06-10,2026-06-10T17:00:00Z,,"/contact/rfid-labels-tags/,/rfq/",88,243,.jpg,title>60; desc>160,IMPROVE
/products/rfid-tags/rfid-parking-token/,200,indexable,Discovered - currently not indexed,,https://proudtek.com/products/rfid-tags/rfid-parking-token/,product,RFID Parking Token,commercial,4749,0,693,4,4,14,12,Article|BreadcrumbList|FAQPage|Organization|Product|WebPage|WebSite,2026-07-12,2026-07-12,,/rfq/,85,265,.jpg,title>60; desc>160,IMPROVE
/products/rfid-tags/rfid-pcb-screw-mount-tag/,200,indexable,Discovered - currently not indexed,,https://proudtek.com/products/rfid-tags/rfid-pcb-screw-mount-tag/,product,RFID PCB Screw-Mount Tag,commercial,3724,0,649,10,10,13,7,Article|BreadcrumbList|FAQPage|Organization|Product|WebPage|WebSite,2026-07-12,2026-07-12,,"/contact/,/rfq/",84,258,.png,title>60; desc>160,IMPROVE
/products/rfid-tags/rfid-pcb-tag/,200,indexable,Discovered - currently not indexed,,https://proudtek.com/products/rfid-tags/rfid-pcb-tag/,product,RFID PCB Tag,commercial,3964,0,577,5,5,14,12,Article|BreadcrumbList|FAQPage|Organization|Product|WebPage|WebSite,2026-07-12,2026-07-12,,"/contact/,/rfq/",82,247,.png,title>60; desc>160,IMPROVE
/products/rfid-tags/rfid-pps-laundry-chip/,200,indexable,Discovered - currently not indexed,,https://proudtek.com/products/rfid-tags/rfid-pps-laundry-chip/,product,RFID PPS Laundry Chip,commercial,5554,0,581,14,14,11,10,Article|BreadcrumbList|FAQPage|Organization|Product|WebPage|WebSite,2026-07-11,2026-07-11,,/rfq/,85,262,.png,title>60; desc>160,IMPROVE
/products/rfid-tags/rfid-race-timing-tag/,200,indexable,Discovered - currently not indexed,,https://proudtek.com/products/rfid-tags/rfid-race-timing-tag/,product,RFID Race Timing Tags,commercial,3376,0,258,5,5,8,12,Article|BreadcrumbList|FAQPage|Organization|Product|WebPage|WebSite,2026-06-11,2026-06-11T01:23:28Z,,/rfq/,87,256,.jpg,title>60; desc>160,IMPROVE
/products/rfid-tags/rfid-returnable-container-tag/,200,indexable,Discovered - currently not indexed,,https://proudtek.com/products/rfid-tags/rfid-returnable-container-tag/,product,RFID Returnable Container Tags,commercial,2504,0,423,7,7,10,6,Article|BreadcrumbList|FAQPage|Organization|Product|WebPage|WebSite,2026-06-10,2026-06-10T17:00:00Z,,"/contact/rfid-labels-tags/,/rfq/",88,267,.png,title>60; desc>160,IMPROVE
/products/rfid-tags/rfid-screw-tag/,200,indexable,Discovered - currently not indexed,,https://proudtek.com/products/rfid-tags/rfid-screw-tag/,product,RFID Screw Tag,commercial,4329,0,494,5,5,10,6,Article|BreadcrumbList|FAQPage|Organization|Product|WebPage|WebSite,2026-07-18,2026-07-18T00:00:00Z,,/rfq/,85,247,.png,title>60; desc>160,IMPROVE
/products/rfid-tags/rfid-silicone-flexible-tag/,200,indexable,Discovered - currently not indexed,,https://proudtek.com/products/rfid-tags/rfid-silicone-flexible-tag/,product,RFID Silicone Flexible Tag,commercial,4542,0,685,6,6,11,6,Article|BreadcrumbList|FAQPage|Organization|Product|WebPage|WebSite,2026-07-17,2026-07-17,,/rfq/,85,262,.jpg,title>60; desc>160,IMPROVE
/products/rfid-tags/rfid-surgical-instrument-tag/,200,indexable,Discovered - currently not indexed,,https://proudtek.com/products/rfid-tags/rfid-surgical-instrument-tag/,product,RFID Surgical Instrument Tags,commercial,2837,0,502,7,7,7,12,Article|BreadcrumbList|FAQPage|Organization|Product|WebPage|WebSite,2026-07-02,2026-07-02,,/rfq/,88,260,.jpg,title>60; desc>160,IMPROVE
/products/rfid-tags/rfid-tamper-seal-tag/,200,indexable,Discovered - currently not indexed,,https://proudtek.com/products/rfid-tags/rfid-tamper-seal-tag/,product,RFID Tamper-Evident Seal Tags,commercial,2979,0,434,8,8,11,10,Article|BreadcrumbList|FAQPage|Organization|Product|WebPage|WebSite,2026-07-02,2026-07-02,,"/contact/rfid-labels-tags/,/rfq/",85,245,.png,title>60; desc>160,IMPROVE
/products/rfid-tags/rfid-temperature-sensor-tag/,200,indexable,Discovered - currently not indexed,,https://proudtek.com/products/rfid-tags/rfid-temperature-sensor-tag/,product,RFID Temperature Sensor Tags,commercial,3137,0,265,9,8,7,12,Article|BreadcrumbList|FAQPage|Organization|Product|WebPage|WebSite,2026-06-10,2026-06-10T17:00:00Z,,/rfq/,85,206,.jpg,title>60; desc>160,IMPROVE
/products/rfid-tags/rfid-textile-laundry-tag/,200,indexable,Discovered - currently not indexed,,https://proudtek.com/products/rfid-tags/rfid-textile-laundry-tag/,product,RFID Textile Laundry Tags,commercial,3580,0,760,14,14,16,11,Article|BreadcrumbList|FAQPage|Organization|Product|WebPage|WebSite,2026-07-11,2026-07-11,,"/contact/rfid-labels-tags/,/rfq/",86,256,.jpg,title>60; desc>160,IMPROVE
/products/rfid-tags/rfid-tire-tag/,200,indexable,Discovered - currently not indexed,,https://proudtek.com/products/rfid-tags/rfid-tire-tag/,product,RFID Tire Tags,commercial,3548,0,265,7,6,9,10,Article|BreadcrumbList|FAQPage|Organization|Product|WebPage|WebSite,2026-06-10,2026-06-10T17:00:00Z,,/rfq/,85,257,.jpg,title>60; desc>160,IMPROVE
/products/rfid-tags/rfid-tool-tag/,200,indexable,Discovered - currently not indexed,,https://proudtek.com/products/rfid-tags/rfid-tool-tag/,product,RFID Tool Tag,commercial,4561,0,386,7,7,11,10,Article|BreadcrumbList|FAQPage|Organization|Product|WebPage|WebSite,2026-07-17,2026-07-17,,/rfq/,86,242,.webp,title>60; desc>160,IMPROVE
/products/rfid-tags/rfid-tool-tracking-tag/,200,indexable,Discovered - currently not indexed,,https://proudtek.com/products/rfid-tags/rfid-tool-tracking-tag/,product,RFID Tool Tracking Tag,commercial,4184,0,415,12,12,10,5,Article|BreadcrumbList|FAQPage|Organization|Product|WebPage|WebSite,2026-07-17,2026-07-17,,/rfq/,87,259,.webp,title>60; desc>160,IMPROVE
/products/rfid-tags/rfid-tree-tag/,200,indexable,Discovered - currently not indexed,,https://proudtek.com/products/rfid-tags/rfid-tree-tag/,product,RFID Tree Tag,commercial,3198,0,422,6,6,9,7,Article|BreadcrumbList|FAQPage|Organization|Product|WebPage|WebSite,2026-07-02,2026-07-02,,/rfq/,86,243,.jpg,title>60; desc>160,IMPROVE
/products/rfid-tags/rfid-utility-pole-tag/,200,indexable,Discovered - currently not indexed,,https://proudtek.com/products/rfid-tags/rfid-utility-pole-tag/,product,RFID Utility Pole Tag,commercial,3445,0,470,8,8,12,12,Article|BreadcrumbList|FAQPage|Organization|Product|WebPage|WebSite,2026-06-10,2026-06-10T17:00:00Z,,/rfq/,86,265,.jpg,title>60; desc>160,IMPROVE
/products/rfid-tags/rfid-valve-tag/,200,indexable,Discovered - currently not indexed,,https://proudtek.com/products/rfid-tags/rfid-valve-tag/,product,RFID Valve Tag,commercial,4045,0,448,7,7,8,7,Article|BreadcrumbList|FAQPage|Organization|Product|WebPage|WebSite,2026-07-12,2026-07-12,,/rfq/,82,250,.jpg,title>60; desc>160,IMPROVE
/products/rfid-tags/rfid-waste-bin-tag/,200,indexable,Discovered - currently not indexed,,https://proudtek.com/products/rfid-tags/rfid-waste-bin-tag/,product,RFID Waste Bin Tags,commercial,3286,0,290,5,5,10,7,Article|BreadcrumbList|FAQPage|Organization|Product|WebPage|WebSite,2026-06-10,2026-06-10T17:00:00Z,,/rfq/,88,233,.png,title>60; desc>160,IMPROVE
/products/rfid-tags/rfid-weapon-tracking-tag/,200,indexable,URL is unknown to Google,,https://proudtek.com/products/rfid-tags/rfid-weapon-tracking-tag/,product,RFID Weapon Tracking Tag,commercial,3962,0,366,6,6,10,10,Article|BreadcrumbList|FAQPage|Organization|Product|WebPage|WebSite,2026-07-02,2026-07-02,,/rfq/,84,253,.jpg,title>60; desc>160; unknown to Google,IMPROVE
/products/rfid-tags/rfid-wedge-tag/,200,indexable,Discovered - currently not indexed,,https://proudtek.com/products/rfid-tags/rfid-wedge-tag/,product,RFID Wedge Tag,commercial,4289,0,506,8,8,9,10,Article|BreadcrumbList|FAQPage|Organization|Product|WebPage|WebSite,2026-07-18,2026-07-18T00:00:00Z,,/rfq/,86,248,.jpg,title>60; desc>160,IMPROVE
/products/rfid-tags/rfid-zip-tie-tag/,200,indexable,Discovered - currently not indexed,,https://proudtek.com/products/rfid-tags/rfid-zip-tie-tag/,product,RFID Zip Tie Tag,commercial,2042,0,320,4,4,10,9,Article|BreadcrumbList|FAQPage|Organization|Product|WebPage|WebSite,2026-06-10,2026-06-10T17:00:00Z,,"/contact/rfid-labels-tags/,/rfq/",85,227,.png,title>60; desc>160,IMPROVE
/products/rfid-tags/uhf-rfid-apparel-hang-tag/,200,indexable,Discovered - currently not indexed,,https://proudtek.com/products/rfid-tags/uhf-rfid-apparel-hang-tag/,product,UHF RFID Apparel Hang Tags,commercial,2885,0,452,11,9,13,10,Article|BreadcrumbList|FAQPage|Organization|Product|WebPage|WebSite,2026-07-02,2026-07-02,,"/contact/rfid-labels-tags/,/rfq/",86,243,.jpg,title>60; desc>160,IMPROVE
/products/rfid-tags/uhf-rfid-hard-tag/,200,indexable,Discovered - currently not indexed,,https://proudtek.com/products/rfid-tags/uhf-rfid-hard-tag/,product,UHF RFID Hard Tags,commercial,2644,0,498,13,13,9,7,Article|BreadcrumbList|FAQPage|Organization|Product|WebPage|WebSite,2026-07-02,2026-07-02,,"/contact/rfid-labels-tags/,/rfq/",83,252,.webp,title>60; desc>160,IMPROVE
/products/rfid-tags/uhf-rfid-woven-care-label/,200,indexable,Discovered - currently not indexed,,https://proudtek.com/products/rfid-tags/uhf-rfid-woven-care-label/,product,UHF RFID Woven Care Labels,commercial,2866,0,464,10,10,10,10,Article|BreadcrumbList|FAQPage|Organization|Product|WebPage|WebSite,2026-06-10,2026-06-10T17:00:00Z,,"/contact/rfid-labels-tags/,/rfq/",87,246,.jpg,title>60; desc>160,IMPROVE
/products/rfid-tags/waterproof-uhf-rfid-outdoor-tag/,200,indexable,Discovered - currently not indexed,,https://proudtek.com/products/rfid-tags/waterproof-uhf-rfid-outdoor-tag/,product,Waterproof UHF RFID Outdoor Tag,commercial,4247,0,573,6,6,13,10,Article|BreadcrumbList|FAQPage|Organization|Product|WebPage|WebSite,2026-07-02,2026-07-02,,/rfq/,87,242,.jpg,title>60; desc>160,IMPROVE
/products/rfid-wristbands/,200,indexable,Submitted and indexed,2026-08-10,https://proudtek.com/products/rfid-wristbands/,product-category,Complete guide to RFID wristbands,commercial,3357,0,743,539,49,33,5,Article|BreadcrumbList|CollectionPage|FAQPage|Organization|WebSite,2026-07-02,2026-07-02,,"/contact/event-rfid/,/rfq/",45,141,.jpg,,KEEP
/products/rfid-wristbands/cashless-payment-rfid-wristband/,200,indexable,Discovered - currently not indexed,,https://proudtek.com/products/rfid-wristbands/cashless-payment-rfid-wristband/,product,Cashless-Payment RFID Wristbands,commercial,2994,0,531,27,27,17,10,Article|BreadcrumbList|FAQPage|Organization|Product|WebPage|WebSite,2026-06-10,2026-06-10T17:00:00Z,,"/contact/event-rfid/,/rfq/",94,235,.jpg,title>60; desc>160,IMPROVE
/products/rfid-wristbands/elastic-rfid-wristband/,200,indexable,Discovered - currently not indexed,,https://proudtek.com/products/rfid-wristbands/elastic-rfid-wristband/,product,Elastic RFID Wristbands,commercial,2754,0,404,5,5,14,10,Article|BreadcrumbList|FAQPage|Organization|Product|WebPage|WebSite,2026-07-02,2026-07-02,,"/contact/hotel-rfid/,/rfq/",94,260,.jpg,title>60; desc>160,IMPROVE
/products/rfid-wristbands/fabric-rfid-wristband/,200,indexable,Discovered - currently not indexed,,https://proudtek.com/products/rfid-wristbands/fabric-rfid-wristband/,product,Fabric / Woven RFID Wristbands,commercial,2531,0,432,14,14,17,8,Article|BreadcrumbList|FAQPage|Organization|Product|WebPage|WebSite,2026-07-18,2026-07-18T00:00:00Z,,"/contact/event-rfid/,/rfq/",92,260,.jpg,title>60; desc>160,IMPROVE
/products/rfid-wristbands/hospital-patient-id-wristband/,200,indexable,Discovered - currently not indexed,,https://proudtek.com/products/rfid-wristbands/hospital-patient-id-wristband/,product,RFID Hospital Patient-ID Wristbands,commercial,2812,0,427,13,13,15,10,Article|BreadcrumbList|FAQPage|Organization|Product|WebPage|WebSite,2026-06-11,2026-06-11T11:00:00Z,,"/contact/rfid-labels-tags/,/rfq/",93,239,.jpg,title>60; desc>160,IMPROVE
/products/rfid-wristbands/nfc-fitness-wristband/,200,indexable,URL is unknown to Google,,https://proudtek.com/products/rfid-wristbands/nfc-fitness-wristband/,product,NFC Fitness Wristbands,commercial,2937,0,464,9,9,19,10,Article|BreadcrumbList|FAQPage|Organization|Product|WebPage|WebSite,2026-07-18,2026-07-18T00:00:00Z,,"/contact/hotel-rfid/,/rfq/",94,256,.jpg,title>60; desc>160; unknown to Google,IMPROVE
/products/rfid-wristbands/nfc-medical-alert-wristband/,200,indexable,Discovered - currently not indexed,,https://proudtek.com/products/rfid-wristbands/nfc-medical-alert-wristband/,product,NFC Medical Alert Wristbands,commercial,2830,0,477,6,6,14,10,Article|BreadcrumbList|FAQPage|Organization|Product|WebPage|WebSite,2026-07-02,2026-07-02,,"/contact/rfid-labels-tags/,/rfq/",92,226,.jpg,title>60; desc>160,IMPROVE
/products/rfid-wristbands/paper-rfid-wristband/,200,indexable,Discovered - currently not indexed,,https://proudtek.com/products/rfid-wristbands/paper-rfid-wristband/,product,Paper RFID Wristbands,commercial,2680,0,419,6,6,16,10,Article|BreadcrumbList|FAQPage|Organization|Product|WebPage|WebSite,2026-07-18,2026-07-18T00:00:00Z,,"/contact/event-rfid/,/rfq/",92,136,.jpg,title>60,IMPROVE
/products/rfid-wristbands/pvc-rfid-wristband/,200,indexable,Discovered - currently not indexed,,https://proudtek.com/products/rfid-wristbands/pvc-rfid-wristband/,product,PVC RFID Wristbands,commercial,3048,0,512,6,6,16,10,Article|BreadcrumbList|FAQPage|Organization|Product|WebPage|WebSite,2026-07-02,2026-07-02,,"/contact/event-rfid/,/rfq/",92,261,.jpg,title>60; desc>160,IMPROVE
/products/rfid-wristbands/rfid-adjustable-silicone-wristband/,200,indexable,URL is unknown to Google,,https://proudtek.com/products/rfid-wristbands/rfid-adjustable-silicone-wristband/,product,Adjustable Silicone RFID Wristbands,commercial,2392,0,386,537,32,18,5,Article|BreadcrumbList|FAQPage|Organization|Product|WebPage|WebSite,2026-07-18,2026-07-18T00:00:00Z,,"/contact/hotel-rfid/,/rfq/",92,256,.jpg,title>60; desc>160; unknown to Google,IMPROVE
/products/rfid-wristbands/rfid-child-wristband/,200,indexable,Discovered - currently not indexed,,https://proudtek.com/products/rfid-wristbands/rfid-child-wristband/,product,RFID Child Safety Wristbands,commercial,3000,0,486,8,8,16,10,Article|BreadcrumbList|FAQPage|Organization|Product|WebPage|WebSite,2026-07-02,2026-07-02,,"/contact/hotel-rfid/,/rfq/",93,269,.jpg,title>60; desc>160,IMPROVE
/products/rfid-wristbands/rfid-nylon-wristband/,200,indexable,Discovered - currently not indexed,,https://proudtek.com/products/rfid-wristbands/rfid-nylon-wristband/,product,RFID Nylon Wristbands,commercial,2550,0,345,6,6,16,5,Article|BreadcrumbList|FAQPage|Organization|Product|WebPage|WebSite,2026-07-02,2026-07-02,,"/contact/hotel-rfid/,/rfq/",92,239,.jpg,title>60; desc>160,IMPROVE
/products/rfid-wristbands/rfid-prison-wristband/,200,indexable,Discovered - currently not indexed,,https://proudtek.com/products/rfid-wristbands/rfid-prison-wristband/,product,RFID Inmate Wristbands,commercial,2688,0,499,5,5,17,6,Article|BreadcrumbList|FAQPage|Organization|Product|WebPage|WebSite,2026-07-02,2026-07-02,,"/contact/rfid-labels-tags/,/rfq/",93,251,.jpg,title>60; desc>160,IMPROVE
/products/rfid-wristbands/rfid-tyvek-wristband/,200,indexable,Discovered - currently not indexed,,https://proudtek.com/products/rfid-wristbands/rfid-tyvek-wristband/,product,Tyvek RFID Wristbands,commercial,2910,0,452,14,14,17,10,Article|BreadcrumbList|FAQPage|Organization|Product|WebPage|WebSite,2026-07-18,2026-07-18T00:00:00Z,,"/contact/event-rfid/,/rfq/",92,238,.jpg,title>60; desc>160,IMPROVE
/products/rfid-wristbands/rfid-vinyl-wristband/,200,indexable,Discovered - currently not indexed,,https://proudtek.com/products/rfid-wristbands/rfid-vinyl-wristband/,product,RFID Vinyl Wristbands,commercial,2926,0,387,6,6,16,10,Article|BreadcrumbList|FAQPage|Organization|Product|WebPage|WebSite,2026-07-02,2026-07-02,,"/contact/hotel-rfid/,/rfq/",91,249,.jpg,title>60; desc>160,IMPROVE
/products/rfid-wristbands/rfid-waterpark-wristband/,200,indexable,Discovered - currently not indexed,,https://proudtek.com/products/rfid-wristbands/rfid-waterpark-wristband/,product,Water Park RFID Wristbands,commercial,2924,0,535,9,9,17,10,Article|BreadcrumbList|FAQPage|Organization|Product|WebPage|WebSite,2026-07-02,2026-07-02,,"/contact/hotel-rfid/,/rfq/",93,247,.jpg,title>60; desc>160,IMPROVE
/products/rfid-wristbands/rfid-wristband-qr-nfc/,200,indexable,Discovered - currently not indexed,,https://proudtek.com/products/rfid-wristbands/rfid-wristband-qr-nfc/,product,RFID Wristbands with QR + NFC,commercial,2918,0,472,5,5,16,10,Article|BreadcrumbList|FAQPage|Organization|Product|WebPage|WebSite,2026-07-02,2026-07-02,,"/contact/event-rfid/,/rfq/",91,249,.jpg,title>60; desc>160,IMPROVE
/products/rfid-wristbands/silicone-wristband-mifare-classic/,200,indexable,Discovered - currently not indexed,,https://proudtek.com/products/rfid-wristbands/silicone-wristband-mifare-classic/,product,Silicone RFID Wristbands,commercial,2857,0,479,22,21,18,10,Article|BreadcrumbList|FAQPage|Organization|Product|WebPage|WebSite,2026-06-10,2026-06-10T17:00:00Z,,"/contact/event-rfid/,/rfq/",93,250,.jpg,title>60; desc>160,IMPROVE
/products/rfid-wristbands/uhf-rfid-wristband/,200,indexable,Submitted and indexed,2026-08-29,https://proudtek.com/products/rfid-wristbands/uhf-rfid-wristband/,product,UHF RFID Wristbands,commercial,2681,0,439,537,20,18,6,Article|BreadcrumbList|FAQPage|Organization|Product|WebPage|WebSite,2026-07-18,2026-07-18T00:00:00Z,,"/contact/event-rfid/,/rfq/",89,265,.jpg,title>60; desc>160,IMPROVE
/research/,200,indexable,Discovered - currently not indexed,,https://proudtek.com/research/,research,Proud Tek Research,informational,1501,0,366,536,1,7,5,Article|BreadcrumbList|FAQPage|Organization|WebPage|WebSite,2026-06-11,2026-06-11T10:00:00Z,,,58,148,.jpg,no CTA in content; 3 img no alt,IMPROVE
/research/2026-rfid-industry-adoption-index/,200,indexable,Discovered - currently not indexed,,https://proudtek.com/research/2026-rfid-industry-adoption-index/,research,Proud Tek 2026 RFID Industry Adoption Index,informational,1822,0,408,2,2,9,7,Article|BreadcrumbList|FAQPage|Organization|WebPage|WebSite,2026-06-11,2026-06-11T10:00:00Z,,/rfq/,85,118,.jpg,title>60,IMPROVE
/resources/,200,indexable,URL is unknown to Google,,https://proudtek.com/resources/,resources-hub,Resources hub,navigational,1125,0,248,536,0,25,0,Article|BreadcrumbList|FAQPage|Organization|WebPage|WebSite,2026-03-09,2026-03-09,,/rfq/,83,123,.svg,title>60; orphan (0 in-content inlinks); og:image SVG; unknown to Google,IMPROVE (link/sitemap)
/rfq/,200,indexable,Discovered - currently not indexed,,https://proudtek.com/rfq/,rfq,Request a quote for custom RFID & NFC manufacturing,transactional,576,0,0,541,506,0,2,BreadcrumbList|Organization|WebPage|WebSite,2026-03-16,,,,63,142,.png,no CTA in content; title>60,IMPROVE
/sample-pack/,200,indexable,Submitted and indexed,2026-08-14,https://proudtek.com/sample-pack/,sample-pack,Free RFID & NFC Sample Pack,transactional,2743,0,442,541,21,21,4,Article|BreadcrumbList|FAQPage|Organization|WebPage|WebSite,2026-07-13,2026-07-13,,"/contact/,/rfq/",62,115,.jpg,title>60,IMPROVE
/solutions/,200,indexable,Submitted and indexed,2026-09-02,https://proudtek.com/solutions/,solutions-hub,RFID & NFC Solutions,commercial,1213,0,0,537,11,37,0,BreadcrumbList|CollectionPage,2026-03-16,,,,58,157,,no CTA in content,IMPROVE
/solutions/digital-product-passport/,200,indexable,Discovered - currently not indexed,,https://proudtek.com/solutions/digital-product-passport/,solution,Digital Product Passport (2026),commercial,4279,0,730,536,18,12,20,Article|BreadcrumbList|FAQPage|Organization|WebPage|WebSite,2026-06-11,2026-06-11T11:00:00Z,,/rfq/,202,148,.jpg,title>60,IMPROVE
/solutions/google-review-cards-for-checkout-counters/,200,indexable,Discovered - currently not indexed,,https://proudtek.com/solutions/google-review-cards-for-checkout-counters/,solution,Google Review NFC Cards for Checkout Counters,commercial,5527,0,717,536,6,14,23,Article|BreadcrumbList|FAQPage|HowTo|Organization|WebPage|WebSite,2026-06-10,2026-06-10T18:00:00Z,,"/contact/nfc-branding-cards/,/rfq/",62,128,.webp,title>60,IMPROVE
/solutions/google-review-cards-for-clinics/,200,indexable,Discovered - currently not indexed,,https://proudtek.com/solutions/google-review-cards-for-clinics/,solution,Google Review NFC Cards for Clinics,commercial,5699,0,864,536,3,15,22,Article|BreadcrumbList|FAQPage|HowTo|Organization|WebPage|WebSite,2026-07-02,2026-07-02,,"/contact/nfc-branding-cards/,/rfq/",66,136,.jpg,title>60,IMPROVE
/solutions/google-review-cards-for-front-desks/,200,indexable,Discovered - currently not indexed,,https://proudtek.com/solutions/google-review-cards-for-front-desks/,solution,Google Review NFC Cards for Front Desks,commercial,4955,0,739,536,9,16,20,Article|BreadcrumbList|FAQPage|HowTo|Organization|WebPage|WebSite,2026-07-02,2026-07-02,,"/contact/nfc-branding-cards/,/rfq/",56,122,.webp,,KEEP
/solutions/google-review-cards-for-gyms-and-fitness-studios/,200,indexable,URL is unknown to Google,,https://proudtek.com/solutions/google-review-cards-for-gyms-and-fitness-studios/,solution,Google Review NFC Cards for Gyms & Studios,commercial,4998,0,765,536,4,15,21,Article|BreadcrumbList|FAQPage|HowTo|Organization|WebPage|WebSite,2026-06-10,2026-06-10T18:00:00Z,,"/contact/nfc-branding-cards/,/rfq/",59,154,.webp,unknown to Google,IMPROVE
/solutions/google-review-cards-for-hotels/,200,indexable,Discovered - currently not indexed,,https://proudtek.com/solutions/google-review-cards-for-hotels/,solution,Google Review NFC Cards for Hotels,commercial,5208,0,1417,536,5,15,20,Article|BreadcrumbList|FAQPage|HowTo|Organization|WebPage|WebSite,2026-07-02,2026-07-02,,"/contact/nfc-branding-cards/,/rfq/",51,123,.webp,,KEEP
/solutions/google-review-cards-for-pickup-counters/,200,indexable,Discovered - currently not indexed,,https://proudtek.com/solutions/google-review-cards-for-pickup-counters/,solution,Google Review NFC Cards for Pickup Counters,commercial,5120,0,798,536,7,14,21,Article|BreadcrumbList|FAQPage|HowTo|Organization|WebPage|WebSite,2026-07-02,2026-07-02,,"/contact/nfc-branding-cards/,/rfq/",60,132,.webp,,KEEP
/solutions/google-review-cards-for-restaurants/,200,indexable,Discovered - currently not indexed,,https://proudtek.com/solutions/google-review-cards-for-restaurants/,solution,Google Review NFC Cards for Restaurants,commercial,5517,0,1125,536,10,15,17,Article|BreadcrumbList|FAQPage|HowTo|Organization|WebPage|WebSite,2026-07-02,2026-07-02,T-dup,"/contact/nfc-branding-cards/,/rfq/",56,128,.webp,duplicate title,IMPROVE
/solutions/google-review-cards-for-retail-stores/,200,indexable,Discovered - currently not indexed,,https://proudtek.com/solutions/google-review-cards-for-retail-stores/,solution,Google Review NFC Cards for Retail Stores,commercial,5696,0,1333,536,4,13,21,Article|BreadcrumbList|FAQPage|HowTo|Organization|WebPage|WebSite,2026-07-02,2026-07-02,,"/contact/nfc-branding-cards/,/rfq/",58,120,.webp,,KEEP
/solutions/google-review-cards-for-salons-and-spas/,200,indexable,URL is unknown to Google,,https://proudtek.com/solutions/google-review-cards-for-salons-and-spas/,solution,Google Review NFC Cards for Salons & Spas,commercial,5444,0,808,536,5,15,20,Article|BreadcrumbList|FAQPage|HowTo|Organization|WebPage|WebSite,2026-06-10,2026-06-10T18:00:00Z,,"/contact/nfc-branding-cards/,/rfq/",58,151,.webp,unknown to Google,IMPROVE
/solutions/google-review-cards-for-tabletop-prompts/,200,indexable,Discovered - currently not indexed,,https://proudtek.com/solutions/google-review-cards-for-tabletop-prompts/,solution,Google Review NFC Tabletop Prompts,commercial,5368,0,695,536,10,12,22,Article|BreadcrumbList|FAQPage|HowTo|Organization|WebPage|WebSite,2026-06-10,2026-06-10T18:00:00Z,,"/contact/nfc-branding-cards/,/rfq/",51,150,.jpg,,KEEP
/solutions/google-review-nfc-card/,200,indexable,Discovered - currently not indexed,,https://proudtek.com/solutions/google-review-nfc-card/,solution,Google Review NFC Cards,commercial,5244,0,929,537,30,25,22,Article|BreadcrumbList|FAQPage|Organization|WebPage|WebSite,2026-07-02,2026-07-02,,/rfq/,66,147,.webp,title>60,IMPROVE
/solutions/hotel-key-cards/,200,indexable,Submitted and indexed,2026-08-17,https://proudtek.com/solutions/hotel-key-cards/,solution,Hotel Key Cards,commercial,5388,0,994,538,54,31,23,Article|BreadcrumbList|FAQPage|HowTo|Organization|WebPage|WebSite,2026-06-11,2026-06-11T11:00:00Z,,"/contact/hotel-rfid/,/rfq/",73,151,.webp,title>60,IMPROVE
/solutions/hotel-rfid-access-control/,200,indexable,URL is unknown to Google,,https://proudtek.com/solutions/hotel-rfid-access-control/,solution,Hotel RFID Access Control,commercial,5171,0,1099,536,16,22,22,Article|BreadcrumbList|FAQPage|Organization|WebPage|WebSite,2026-06-10,2026-06-10T18:00:00Z,,"/contact/hotel-rfid/,/rfq/",65,153,.webp,title>60; unknown to Google,IMPROVE
/solutions/nfc-brand-authentication/,200,indexable,Discovered - currently not indexed,,https://proudtek.com/solutions/nfc-brand-authentication/,solution,NFC Brand Authentication (2026),commercial,5391,0,950,538,27,14,22,Article|BreadcrumbList|FAQPage|Organization|WebPage|WebSite,2026-06-11,2026-06-11T11:00:00Z,,/rfq/,227,144,.webp,title>60,IMPROVE
/solutions/nfc-business-card-programs/,200,indexable,Submitted and indexed,2026-08-27,https://proudtek.com/solutions/nfc-business-card-programs/,solution,NFC Business Card Programs,commercial,4114,0,725,536,4,14,20,Article|BreadcrumbList|FAQPage|Organization|WebPage|WebSite,2026-06-10,2026-06-10T18:00:00Z,,/rfq/,64,90,.webp,title>60,IMPROVE
/solutions/nfc-business-card/,200,indexable,URL is unknown to Google,,https://proudtek.com/solutions/nfc-business-card/,solution,NFC Business Cards,commercial,4896,0,992,537,40,18,21,Article|BreadcrumbList|FAQPage|HowTo|Organization|WebPage|WebSite,2026-06-10,2026-06-10T18:00:00Z,,"/contact/nfc-branding-cards/,/rfq/",70,150,.webp,title>60; unknown to Google,IMPROVE
/solutions/nfc-luxury-authentication/,200,indexable,Discovered - currently not indexed,,https://proudtek.com/solutions/nfc-luxury-authentication/,solution,NFC Luxury Authentication (2026),commercial,5301,0,1057,536,16,12,24,Article|BreadcrumbList|FAQPage|Organization|WebPage|WebSite,2026-07-11,2026-07-11,,/rfq/,188,147,.webp,title>60,IMPROVE
/solutions/rfid-access-control/,200,indexable,Discovered - currently not indexed,,https://proudtek.com/solutions/rfid-access-control/,solution,RFID Access Control,commercial,7065,0,821,537,34,30,19,Article|BreadcrumbList|FAQPage|HowTo|Organization|WebPage|WebSite,2026-07-11,2026-07-11,,"/contact/access-control-keyfobs/,/rfq/",60,147,.svg,og:image SVG,IMPROVE
/solutions/rfid-asset-tracking-labels/,200,indexable,URL is unknown to Google,,https://proudtek.com/solutions/rfid-asset-tracking-labels/,solution,RFID Asset Tracking Labels (2026),commercial,4169,0,751,536,21,16,21,Article|BreadcrumbList|FAQPage|HowTo|Organization|WebPage|WebSite,2026-05-11,2026-05-11,,/rfq/,218,129,.webp,title>60; unknown to Google,IMPROVE
/solutions/rfid-attendance-system/,200,indexable,URL is unknown to Google,,https://proudtek.com/solutions/rfid-attendance-system/,solution,RFID Attendance System,commercial,6766,0,783,536,5,14,21,Article|BreadcrumbList|FAQPage|HowTo|Organization|WebPage|WebSite,2026-07-02,2026-07-02,,/rfq/,59,146,.jpg,unknown to Google,IMPROVE
/solutions/rfid-event-access-control/,200,indexable,Discovered - currently not indexed,,https://proudtek.com/solutions/rfid-event-access-control/,solution,RFID Event Access Control,commercial,5606,0,1203,537,18,20,21,Article|BreadcrumbList|FAQPage|HowTo|Organization|WebPage|WebSite,2026-06-10,2026-06-10T18:00:00Z,,"/contact/event-rfid/,/rfq/",66,152,.webp,title>60,IMPROVE
/solutions/rfid-event-wristbands/,200,indexable,Submitted and indexed,2026-07-22,https://proudtek.com/solutions/rfid-event-wristbands/,solution,RFID Event Wristbands,commercial,5380,0,890,539,29,20,26,Article|BreadcrumbList|FAQPage|HowTo|Organization|WebPage|WebSite,2026-06-11,2026-06-11T11:00:00Z,,"/contact/event-rfid/,/rfq/",72,150,.webp,title>60,IMPROVE
/solutions/rfid-inventory-tracking/,200,indexable,Discovered - currently not indexed,,https://proudtek.com/solutions/rfid-inventory-tracking/,solution,RFID Inventory Tracking,commercial,3854,0,564,536,28,17,20,Article|BreadcrumbList|FAQPage|HowTo|Organization|WebPage|WebSite,2026-06-11,2026-06-11T11:00:00Z,,/rfq/,64,134,.webp,title>60,IMPROVE
/solutions/rfid-keyfobs-access-control/,200,indexable,Submitted and indexed,2026-09-01,https://proudtek.com/solutions/rfid-keyfobs-access-control/,solution,RFID Keyfobs for Access Control (2026),commercial,3860,0,700,536,10,13,19,Article|BreadcrumbList|FAQPage|Organization|WebPage|WebSite,2026-07-02,2026-07-02,,"/contact/access-control-keyfobs/,/rfq/",199,140,.jpg,title>60,IMPROVE
/solutions/rfid-laundry-management/,200,indexable,Discovered - currently not indexed,,https://proudtek.com/solutions/rfid-laundry-management/,solution,RFID Laundry Management,commercial,2781,0,630,536,8,14,13,Article|BreadcrumbList|FAQPage|Organization|WebPage|WebSite,2026-07-11,2026-07-11,,"/contact/laundry-rfid/,/rfq/",75,147,.svg,title>60; og:image SVG,IMPROVE
/solutions/rfid-laundry-tags/,200,indexable,Submitted and indexed,2026-08-14,https://proudtek.com/solutions/rfid-laundry-tags/,solution,RFID Laundry Tags (2026),commercial,4248,0,797,538,25,11,23,Article|BreadcrumbList|FAQPage|Organization|WebPage|WebSite,2026-06-09,2026-06-09T13:33:07Z,,"/contact/laundry-rfid/,/rfq/",177,138,.svg,title>60; og:image SVG,IMPROVE
/solutions/rfid-laundry-tracking/,200,indexable,Discovered - currently not indexed,,https://proudtek.com/solutions/rfid-laundry-tracking/,solution,RFID Laundry Tracking,commercial,5633,0,638,536,6,9,20,Article|BreadcrumbList|FAQPage|HowTo|Organization|WebPage|WebSite,2026-07-11,2026-07-11,,/rfq/,122,150,.webp,title>60,IMPROVE
/solutions/rfid-library-management/,200,indexable,Discovered - currently not indexed,,https://proudtek.com/solutions/rfid-library-management/,solution,RFID Library Management,commercial,5794,0,794,536,6,6,20,Article|BreadcrumbList|FAQPage|HowTo|Organization|WebPage|WebSite,2026-07-02,2026-07-02,,/rfq/,57,134,.webp,,KEEP
/solutions/rfid-parking-management/,200,indexable,Discovered - currently not indexed,,https://proudtek.com/solutions/rfid-parking-management/,solution,RFID Parking Management,commercial,5385,0,1166,536,6,11,19,Article|BreadcrumbList|FAQPage|HowTo|Organization|WebPage|WebSite,2026-07-02,2026-07-02,,/rfq/,62,122,.jpg,title>60,IMPROVE
/solutions/rfid-patient-tracking/,200,indexable,Discovered - currently not indexed,,https://proudtek.com/solutions/rfid-patient-tracking/,solution,RFID Patient Tracking,commercial,4925,0,625,536,7,12,21,Article|BreadcrumbList|FAQPage|HowTo|Organization|WebPage|WebSite,2026-06-11,2026-06-11T11:00:00Z,,/rfq/,63,135,.jpg,title>60,IMPROVE
/solutions/rfid-race-timing/,200,indexable,Discovered - currently not indexed,,https://proudtek.com/solutions/rfid-race-timing/,solution,RFID Race Timing,commercial,5499,0,624,536,5,6,23,Article|BreadcrumbList|FAQPage|HowTo|Organization|WebPage|WebSite,2026-06-10,2026-06-10T18:00:00Z,,/rfq/,55,153,.jpg,,KEEP
/solutions/rfid-readers-and-encoding/,200,indexable,Discovered - currently not indexed,,https://proudtek.com/solutions/rfid-readers-and-encoding/,solution,RFID Readers and Card Encoding,commercial,5958,0,700,537,6,13,21,Article|BreadcrumbList|FAQPage|HowTo|Organization|WebPage|WebSite,2026-07-02,2026-07-02,,"/contact/rfid-readers/,/rfq/",63,138,.jpg,title>60,IMPROVE
/solutions/rfid-supply-chain-management/,200,indexable,Submitted and indexed,2026-08-24,https://proudtek.com/solutions/rfid-supply-chain-management/,solution,RFID Supply Chain Management,commercial,7446,0,1000,537,14,16,22,Article|BreadcrumbList|FAQPage|HowTo|Organization|WebPage|WebSite,2026-08-30,2026-08-30,,/rfq/,73,141,.jpg,title>60,IMPROVE
/solutions/rfid-tool-tracking/,200,indexable,Discovered - currently not indexed,,https://proudtek.com/solutions/rfid-tool-tracking/,solution,RFID Tool Tracking,commercial,5800,0,739,536,9,8,20,Article|BreadcrumbList|FAQPage|HowTo|Organization|WebPage|WebSite,2026-07-02,2026-07-02,,/rfq/,63,148,.webp,title>60,IMPROVE
/solutions/rfid-warehouse-management/,200,indexable,Discovered - currently not indexed,,https://proudtek.com/solutions/rfid-warehouse-management/,solution,RFID Warehouse Management,commercial,4198,0,727,536,19,18,20,Article|BreadcrumbList|FAQPage|HowTo|Organization|WebPage|WebSite,2026-06-11,2026-06-11T11:00:00Z,,/rfq/,68,100,.jpg,title>60,IMPROVE
/solutions/vehicle-rfid-identification/,200,indexable,Submitted and indexed,2026-08-18,https://proudtek.com/solutions/vehicle-rfid-identification/,solution,Vehicle RFID Identification,commercial,5131,0,1020,537,10,13,17,Article|BreadcrumbList|FAQPage|HowTo|Organization|WebPage|WebSite,2026-07-02,2026-07-02,,"/contact/vehicle-rfid/,/rfq/",65,145,.jpg,title>60,IMPROVE
/tools/rfid-tag-cost-estimator/,200,indexable,URL is unknown to Google,,https://proudtek.com/tools/rfid-tag-cost-estimator/,tool,RFID & NFC cost estimator,evaluation,413,0,0,536,3,4,0,BreadcrumbList|Organization|WebPage|WebSite,2026-03-16,,,/rfq/,37,153,.png,unknown to Google,IMPROVE
/blog/cashless-payment-rfid-wristbands/,301→/products/rfid-wristbands/cashless-payment-rfid-wristband/,redirect,,,,legacy-redirect,,legacy,,,,0,0,,,,,,,,,,,,KEEP
/ar/,301→/,redirect,,,,legacy-redirect,,legacy,,,,0,0,,,,,,,,,,,,KEEP
/da/,301→/,redirect,,,,legacy-redirect,,legacy,,,,0,0,,,,,,,,,,,,KEEP
/ru/,301→/,redirect,,,,legacy-redirect,,legacy,,,,0,0,,,,,,,,,,,,KEEP
/fr/,301→/,redirect,,,,legacy-redirect,,legacy,,,,0,0,,,,,,,,,,,,KEEP
/it/,301→/,redirect,,,,legacy-redirect,,legacy,,,,0,0,,,,,,,,,,,,KEEP
/zh/blog/,301→/,redirect,,,,legacy-redirect,,legacy,,,,0,0,,,,,,,,,,,,KEEP
/zh/%E6%8E%A5%E8%A7%A6/,301→/,redirect,,,,legacy-redirect,,legacy,,,,0,0,,,,,,,,,,,,KEEP
/zh/%E4%BA%A7%E5%93%81/mifare-desfire-ev2%E5%8D%A1/,301→/products/rfid-cards/mifare-desfire-ev3-card/,redirect,,,,legacy-redirect,,legacy,,,,0,0,,,,,,,,,,,,KEEP
/zh/%E4%BA%A7%E5%93%81/java-card/,301→/products/rfid-cards/,redirect,,,,legacy-redirect,,legacy,,,,0,0,,,,,,,,,,,,KEEP
/zh/,301→/,redirect,,,,legacy-redirect,,legacy,,,,0,0,,,,,,,,,,,,KEEP
/tr/urun/nfc-reader-writer-with-free-sdks/,301→/products/rfid-readers/,redirect,,,,legacy-redirect,,legacy,,,,0,0,,,,,,,,,,,,KEEP
/tr/urun/mifare-desfire-ev2-cards/,301→/products/rfid-cards/mifare-desfire-ev3-card/,redirect,,,,legacy-redirect,,legacy,,,,0,0,,,,,,,,,,,,KEEP
/tr/urun/hotel-key-cards/,301→/products/rfid-cards/,redirect,,,,legacy-redirect,,legacy,,,,0,0,,,,,,,,,,,,KEEP
/tr/sss/,301→/,redirect,,,,legacy-redirect,,legacy,,,,0,0,,,,,,,,,,,,KEEP
/tr/blog/,301→/,redirect,,,,legacy-redirect,,legacy,,,,0,0,,,,,,,,,,,,KEEP
/tr/2025/11/04/mifare_plus_card/,301→/products/rfid-cards/,redirect,,,,legacy-redirect,,legacy,,,,0,0,,,,,,,,,,,,KEEP
/tr/,301→/,redirect,,,,legacy-redirect,,legacy,,,,0,0,,,,,,,,,,,,KEEP
/shop/page/2/,301→/,redirect,,,,legacy-redirect,,legacy,,,,0,0,,,,,,,,,,,,KEEP
/shop/,301→/,redirect,,,,legacy-redirect,,legacy,,,,0,0,,,,,,,,,,,,KEEP
/ru/about/,301→/about/,redirect,,,,legacy-redirect,,legacy,,,,0,0,,,,,,,,,,,,KEEP
/ru/%D1%82%D0%B5%D0%B3-%D0%BF%D1%80%D0%BE%D0%B4%D1%83%D0%BA%D1%82%D0%B0/rfid-silicone-wristband/,301→/products/rfid-wristbands/,redirect,,,,legacy-redirect,,legacy,,,,0,0,,,,,,,,,,,,KEEP
/ru/%D1%82%D0%B5%D0%B3-%D0%BF%D1%80%D0%BE%D0%B4%D1%83%D0%BA%D1%82%D0%B0/rfid-custom-wristbands/,301→/products/rfid-wristbands/,redirect,,,,legacy-redirect,,legacy,,,,0,0,,,,,,,,,,,,KEEP
/ru/%D1%82%D0%B5%D0%B3-%D0%BF%D1%80%D0%BE%D0%B4%D1%83%D0%BA%D1%82%D0%B0/mifare-classic-1k-%D0%BD%D0%B0%D0%BA%D0%BB%D0%B5%D0%B9%D0%BA%D0%B0/,301→/products/rfid-cards/mifare-classic-1k-card/,redirect,,,,legacy-redirect,,legacy,,,,0,0,,,,,,,,,,,,KEEP
/ru/%D1%82%D0%B5%D0%B3-%D0%BF%D1%80%D0%BE%D0%B4%D1%83%D0%BA%D1%82%D0%B0/%D0%B2%D0%BE%D0%B4%D0%BE%D0%BD%D0%B5%D0%BF%D1%80%D0%BE%D0%BD%D0%B8%D1%86%D0%B0%D0%B5%D0%BC%D1%8B%D0%B9-%D0%B1%D1%80%D0%B0%D1%81%D0%BB%D0%B5%D1%82-rfid/,301→/,redirect,,,,legacy-redirect,,legacy,,,,0,0,,,,,,,,,,,,KEEP
/ru/%D0%BF%D1%80%D0%BE%D0%B4%D1%83%D0%BA%D1%82/nfc-%D1%80%D0%B8%D0%B4%D0%B5%D1%80-%D0%BF%D0%B8%D1%81%D0%B0%D1%82%D0%B5%D0%BB%D1%8C-%D1%81-%D0%B1%D0%B5%D1%81%D0%BF%D0%BB%D0%B0%D1%82%D0%BD%D1%8B%D0%BC%D0%B8-sdk/,301→/products/rfid-readers/,redirect,,,,legacy-redirect,,legacy,,,,0,0,,,,,,,,,,,,KEEP
/ru/%D0%BF%D1%80%D0%BE%D0%B4%D1%83%D0%BA%D1%82/mifare-stickers/,301→/products/rfid-labels/,redirect,,,,legacy-redirect,,legacy,,,,0,0,,,,,,,,,,,,KEEP
/ru/%D0%BF%D1%80%D0%BE%D0%B4%D1%83%D0%BA%D1%82/mifare-plus-card/,301→/products/rfid-cards/mifare-plus-se-card/,redirect,,,,legacy-redirect,,legacy,,,,0,0,,,,,,,,,,,,KEEP
/ru/%D0%BF%D1%80%D0%BE%D0%B4%D1%83%D0%BA%D1%82/mifare-desfire-cards/,301→/products/rfid-cards/mifare-desfire-ev3-card/,redirect,,,,legacy-redirect,,legacy,,,,0,0,,,,,,,,,,,,KEEP
/ru/%D0%BF%D1%80%D0%BE%D0%B4%D1%83%D0%BA%D1%82/java-card/,301→/products/rfid-cards/,redirect,,,,legacy-redirect,,legacy,,,,0,0,,,,,,,,,,,,KEEP
/ru/%D0%BF%D1%80%D0%BE%D0%B4%D1%83%D0%BA%D1%82/hitag-2-card/,301→/products/rfid-tags/,redirect,,,,legacy-redirect,,legacy,,,,0,0,,,,,,,,,,,,KEEP
/ru/%D0%BF%D1%80%D0%BE%D0%B4%D1%83%D0%BA%D1%82/felica-card/,301→/products/rfid-cards/,redirect,,,,legacy-redirect,,legacy,,,,0,0,,,,,,,,,,,,KEEP
/ru/%D0%BF%D1%80%D0%BE%D0%B4%D1%83%D0%BA%D1%82/car-transponder-chip/,301→/products/rfid-tags/,redirect,,,,legacy-redirect,,legacy,,,,0,0,,,,,,,,,,,,KEEP
/ru/%D0%BF%D1%80%D0%BE%D0%B4%D1%83%D0%BA%D1%82/%D1%81%D0%B8%D0%BB%D0%B8%D0%BA%D0%BE%D0%BD%D0%BE%D0%B2%D1%8B%D0%B5-%D0%B1%D1%80%D0%B0%D1%81%D0%BB%D0%B5%D1%82%D1%8B-rfid/,301→/,redirect,,,,legacy-redirect,,legacy,,,,0,0,,,,,,,,,,,,KEEP
/ru/%D0%BA%D0%B0%D1%82%D0%B5%D0%B3%D0%BE%D1%80%D0%B8%D1%8F-%D0%BF%D1%80%D0%BE%D0%B4%D1%83%D0%BA%D1%82%D0%B0/%D0%BF%D1%80%D0%BE%D0%B4%D1%83%D0%BA%D1%82%D1%8B/rfid-labels/,301→/products/rfid-labels/,redirect,,,,legacy-redirect,,legacy,,,,0,0,,,,,,,,,,,,KEEP
/pt/produto/wooden-rfid-card/,301→/products/rfid-cards/,redirect,,,,legacy-redirect,,legacy,,,,0,0,,,,,,,,,,,,KEEP
/pt/produto/uhf-wristband/,301→/products/rfid-wristbands/,redirect,,,,legacy-redirect,,legacy,,,,0,0,,,,,,,,,,,,KEEP
/pt/produto/mifare-plus-card/,301→/products/rfid-cards/mifare-plus-se-card/,redirect,,,,legacy-redirect,,legacy,,,,0,0,,,,,,,,,,,,KEEP
/pt/produto/mifare-desfire-ev2-cards/,301→/products/rfid-cards/mifare-desfire-ev3-card/,redirect,,,,legacy-redirect,,legacy,,,,0,0,,,,,,,,,,,,KEEP
/pt/produto/java-card/,301→/products/rfid-cards/,redirect,,,,legacy-redirect,,legacy,,,,0,0,,,,,,,,,,,,KEEP
/pt/etiqueta-do-produto/nfc-tap-here-sticker/,301→/products/rfid-labels/,redirect,,,,legacy-redirect,,legacy,,,,0,0,,,,,,,,,,,,KEEP
/pt/about/,301→/about/,redirect,,,,legacy-redirect,,legacy,,,,0,0,,,,,,,,,,,,KEEP
/pt/,301→/,redirect,,,,legacy-redirect,,legacy,,,,0,0,,,,,,,,,,,,KEEP
/product-category/products/rfid-readers/,301→/products/rfid-cards/,redirect,,,,legacy-redirect,,legacy,,,,0,0,,,,,,,,,,,,KEEP
/ja/blog/,301→/,redirect,,,,legacy-redirect,,legacy,,,,0,0,,,,,,,,,,,,KEEP
/ja/about/,301→/about/,redirect,,,,legacy-redirect,,legacy,,,,0,0,,,,,,,,,,,,KEEP
/ja/%E8%A3%BD%E5%93%81/nfc-ring/,301→/products/nfc-ring/,redirect,,,,legacy-redirect,,legacy,,,,0,0,,,,,,,,,,,,KEEP
/ja/%E8%A3%BD%E5%93%81/nfc-reader-writer-with-free-sdks/,301→/products/rfid-readers/,redirect,,,,legacy-redirect,,legacy,,,,0,0,,,,,,,,,,,,KEEP
/ja/%E8%A3%BD%E5%93%81/mifare-plus%E3%82%AB%E3%83%BC%E3%83%89/,301→/products/rfid-cards/mifare-plus-se-card/,redirect,,,,legacy-redirect,,legacy,,,,0,0,,,,,,,,,,,,KEEP
/ja/%E8%A3%BD%E5%93%81/%E3%83%92%E3%82%BF%E3%82%B02%E3%82%AB%E3%83%BC%E3%83%89/,301→/,redirect,,,,legacy-redirect,,legacy,,,,0,0,,,,,,,,,,,,KEEP
/ja/%E8%A3%BD%E5%93%81/%E3%82%B8%E3%83%A3%E3%83%90%E3%82%AB%E3%83%BC%E3%83%89/,301→/,redirect,,,,legacy-redirect,,legacy,,,,0,0,,,,,,,,,,,,KEEP
/ja/%E5%95%86%E5%93%81%E3%82%BF%E3%82%B0/rfid-key-tags/,301→/products/rfid-tags/,redirect,,,,legacy-redirect,,legacy,,,,0,0,,,,,,,,,,,,KEEP
/ja/,301→/,redirect,,,,legacy-redirect,,legacy,,,,0,0,,,,,,,,,,,,KEEP
/it/prodotto/schede-mifare-desfire-ev2/,301→/products/rfid-cards/mifare-desfire-ev3-card/,redirect,,,,legacy-redirect,,legacy,,,,0,0,,,,,,,,,,,,KEEP
/it/prodotto/nfc-reader-writer-with-free-sdks/,301→/products/rfid-readers/,redirect,,,,legacy-redirect,,legacy,,,,0,0,,,,,,,,,,,,KEEP
/it/prodotto/mifare-plus-card/,301→/products/rfid-cards/mifare-plus-se-card/,redirect,,,,legacy-redirect,,legacy,,,,0,0,,,,,,,,,,,,KEEP
/it/prodotto/hitag-2-card/,301→/products/rfid-tags/,redirect,,,,legacy-redirect,,legacy,,,,0,0,,,,,,,,,,,,KEEP
/it/prodotto/carta-legale/,301→/,redirect,,,,legacy-redirect,,legacy,,,,0,0,,,,,,,,,,,,KEEP
/it/prodotto/car-transponder-chip/,301→/products/rfid-tags/,redirect,,,,legacy-redirect,,legacy,,,,0,0,,,,,,,,,,,,KEEP
/he/product-category/urunler/rfid-tags/,301→/products/rfid-cards/,redirect,,,,legacy-redirect,,legacy,,,,0,0,,,,,,,,,,,,KEEP
/he/product-category/produtos/rfid-keyfobs/,301→/products/rfid-cards/,redirect,,,,legacy-redirect,,legacy,,,,0,0,,,,,,,,,,,,KEEP
/he/product-category/produkte/rfid-labels/,301→/products/rfid-labels/,redirect,,,,legacy-redirect,,legacy,,,,0,0,,,,,,,,,,,,KEEP
/he/product-category/products/rfid-cards/,301→/products/rfid-cards/,redirect,,,,legacy-redirect,,legacy,,,,0,0,,,,,,,,,,,,KEEP
/he/%D7%AA%D7%92-%D7%9E%D7%95%D7%A6%D7%A8/washable-rfid-tags/,301→/products/rfid-tags/,redirect,,,,legacy-redirect,,legacy,,,,0,0,,,,,,,,,,,,KEEP
/he/%D7%AA%D7%92-%D7%9E%D7%95%D7%A6%D7%A8/smartcard-writer/,301→/products/rfid-readers/,redirect,,,,legacy-redirect,,legacy,,,,0,0,,,,,,,,,,,,KEEP
/he/%D7%AA%D7%92-%D7%9E%D7%95%D7%A6%D7%A8/125khz-rfid-sticker/,301→/products/rfid-labels/,redirect,,,,legacy-redirect,,legacy,,,,0,0,,,,,,,,,,,,KEEP
/he/%D7%9E%D7%95%D6%BC%D7%A6%D6%B8%D7%A8/uhf-wristband/,301→/products/rfid-wristbands/,redirect,,,,legacy-redirect,,legacy,,,,0,0,,,,,,,,,,,,KEEP
/he/%D7%9E%D7%95%D6%BC%D7%A6%D6%B8%D7%A8/%D7%9B%D7%A8%D7%98%D7%99%D7%A1%D7%99-nfc/,301→/,redirect,,,,legacy-redirect,,legacy,,,,0,0,,,,,,,,,,,,KEEP
/he/%D7%9E%D7%95%D6%BC%D7%A6%D6%B8%D7%A8/%D7%9B%D7%A8%D7%98%D7%99%D7%A1%D7%99-%D7%9E%D7%99%D7%A4%D7%90%D7%A8-%D7%93%D7%A1%D7%A4%D7%99%D7%99%D7%A8/,301→/,redirect,,,,legacy-redirect,,legacy,,,,0,0,,,,,,,,,,,,KEEP
/he/,301→/,redirect,,,,legacy-redirect,,legacy,,,,0,0,,,,,,,,,,,,KEEP
/fr/produit/nfc-reader-writer-with-free-sdks/,301→/products/rfid-readers/,redirect,,,,legacy-redirect,,legacy,,,,0,0,,,,,,,,,,,,KEEP
/fr/produit/mifare-plus-card/,301→/products/rfid-cards/mifare-plus-se-card/,redirect,,,,legacy-redirect,,legacy,,,,0,0,,,,,,,,,,,,KEEP
/fr/produit/mifare-desfire-ev2-cards/,301→/products/rfid-cards/mifare-desfire-ev3-card/,redirect,,,,legacy-redirect,,legacy,,,,0,0,,,,,,,,,,,,KEEP
/fr/produit/hitag-2-card/,301→/products/rfid-tags/,redirect,,,,legacy-redirect,,legacy,,,,0,0,,,,,,,,,,,,KEEP
/fr/produit/felica-card/,301→/products/rfid-cards/,redirect,,,,legacy-redirect,,legacy,,,,0,0,,,,,,,,,,,,KEEP
/fr/produit/carte-legendaire/,301→/,redirect,,,,legacy-redirect,,legacy,,,,0,0,,,,,,,,,,,,KEEP
/fr/produit/carte-java/,301→/,redirect,,,,legacy-redirect,,legacy,,,,0,0,,,,,,,,,,,,KEEP
/fr/produit/car-transponder-chip/,301→/products/rfid-tags/,redirect,,,,legacy-redirect,,legacy,,,,0,0,,,,,,,,,,,,KEEP
/fr/etiquette-de-produit/nfc-tap-here-sticker/,301→/products/rfid-labels/,redirect,,,,legacy-redirect,,legacy,,,,0,0,,,,,,,,,,,,KEEP
/fr/etiquette-de-produit/mifare-classic-nfc/,301→/products/rfid-cards/mifare-classic-1k-card/,redirect,,,,legacy-redirect,,legacy,,,,0,0,,,,,,,,,,,,KEEP
/fr/etiquette-de-produit/coding-nfc-tags/,301→/products/rfid-tags/,redirect,,,,legacy-redirect,,legacy,,,,0,0,,,,,,,,,,,,KEEP
/fr/contact/,301→/contact/,redirect,,,,legacy-redirect,,legacy,,,,0,0,,,,,,,,,,,,KEEP
/fr/about/,301→/about/,redirect,,,,legacy-redirect,,legacy,,,,0,0,,,,,,,,,,,,KEEP
/fa/%D9%85%D8%AD%D8%B5%D9%88%D9%84/acr122u/,301→/products/rfid-readers/desktop-nfc-reader-encoder/,redirect,,,,legacy-redirect,,legacy,,,,0,0,,,,,,,,,,,,KEEP
/fa/%D9%85%D8%AD%D8%B5%D9%88%D9%84/%DA%A9%D8%A7%D8%B1%D8%AA-%D8%B5%D8%AF%D9%81%DB%8C/,301→/,redirect,,,,legacy-redirect,,legacy,,,,0,0,,,,,,,,,,,,KEEP
/fa/%D9%85%D8%AD%D8%B5%D9%88%D9%84/%DA%A9%D8%A7%D8%B1%D8%AA%D9%87%D8%A7%DB%8C-%D9%85%D8%A7%DB%8C%D9%81%D8%B1-%D8%AF%D8%B3%D9%81%D8%A7%DB%8C%D8%B1-ev2/,301→/,redirect,,,,legacy-redirect,,legacy,,,,0,0,,,,,,,,,,,,KEEP
/fa/%D9%85%D8%AD%D8%B5%D9%88%D9%84/%DA%A9%D8%A7%D8%B1%D8%AA%D9%87%D8%A7%DB%8C-%D9%85%D8%A7%DB%8C%D9%81%D8%B1-%D8%AF%D8%B3%D9%81%D8%A7%DB%8C%D8%B1/,301→/,redirect,,,,legacy-redirect,,legacy,,,,0,0,,,,,,,,,,,,KEEP
/fa/%D8%A8%D8%B1%DA%86%D8%B3%D8%A8-%D9%85%D8%AD%D8%B5%D9%88%D9%84/hid-proximity-fob/,301→/products/rfid-keyfobs/,redirect,,,,legacy-redirect,,legacy,,,,0,0,,,,,,,,,,,,KEEP
/fa/%D8%A8%D8%B1%DA%86%D8%B3%D8%A8-%D9%85%D8%AD%D8%B5%D9%88%D9%84/hid-125-khz-proximity-cards/,301→/products/rfid-cards/,redirect,,,,legacy-redirect,,legacy,,,,0,0,,,,,,,,,,,,KEEP
/fa/%D8%A8%D8%B1%DA%86%D8%B3%D8%A8-%D9%85%D8%AD%D8%B5%D9%88%D9%84/%DA%A9%D8%A7%D8%B1%D8%AA%D9%87%D8%A7%DB%8C-%D8%AC%D8%A7%D9%88%D8%A7-%D8%AC%DB%8C%DA%A9%D8%A7%D9%BE/,301→/,redirect,,,,legacy-redirect,,legacy,,,,0,0,,,,,,,,,,,,KEEP
/fa/%D8%A8%D8%B1%DA%86%D8%B3%D8%A8-%D9%85%D8%AD%D8%B5%D9%88%D9%84/%D8%AC%DB%8C%DA%A9%D8%A7%D9%BE-%DB%B4%DB%B0-%DA%A9%D8%A7%D8%B1%D8%AA-%D8%AE%D8%A7%D9%84%DB%8C/,301→/,redirect,,,,legacy-redirect,,legacy,,,,0,0,,,,,,,,,,,,KEEP
/fa/%D8%A8%D8%B1%DA%86%D8%B3%D8%A8-%D9%85%D8%AD%D8%B5%D9%88%D9%84/%D8%AC%DB%8C%DA%A9%D8%A7%D9%BE-%DB%B4%DB%B0-%D9%87%D8%B2%D8%A7%D8%B1/,301→/,redirect,,,,legacy-redirect,,legacy,,,,0,0,,,,,,,,,,,,KEEP
/fa/,301→/,redirect,,,,legacy-redirect,,legacy,,,,0,0,,,,,,,,,,,,KEEP
/es/producto/tarjeta-legic/,301→/products/rfid-cards/legic-card/,redirect,,,,legacy-redirect,,legacy,,,,0,0,,,,,,,,,,,,KEEP
/es/producto/pulseras-rfid-para-hoteles/,301→/products/rfid-wristbands/,redirect,,,,legacy-redirect,,legacy,,,,0,0,,,,,,,,,,,,KEEP
/es/producto/nfc-reader-writer-with-free-sdks/,301→/products/rfid-readers/,redirect,,,,legacy-redirect,,legacy,,,,0,0,,,,,,,,,,,,KEEP
/es/producto/mifare-stickers/,301→/products/rfid-labels/,redirect,,,,legacy-redirect,,legacy,,,,0,0,,,,,,,,,,,,KEEP
/es/producto/mifare-plus-card/,301→/products/rfid-cards/mifare-plus-se-card/,redirect,,,,legacy-redirect,,legacy,,,,0,0,,,,,,,,,,,,KEEP
/es/producto/mifare-desfire-ev2-cards/,301→/products/rfid-cards/mifare-desfire-ev3-card/,redirect,,,,legacy-redirect,,legacy,,,,0,0,,,,,,,,,,,,KEEP
/es/producto/mifare-desfire-cards/,301→/products/rfid-cards/mifare-desfire-ev3-card/,redirect,,,,legacy-redirect,,legacy,,,,0,0,,,,,,,,,,,,KEEP
/es/producto/hotel-key-cards/,301→/products/rfid-cards/,redirect,,,,legacy-redirect,,legacy,,,,0,0,,,,,,,,,,,,KEEP
/es/producto/hitag-2-card/,301→/products/rfid-tags/,redirect,,,,legacy-redirect,,legacy,,,,0,0,,,,,,,,,,,,KEEP
/es/producto/car-transponder-chip/,301→/products/rfid-tags/,redirect,,,,legacy-redirect,,legacy,,,,0,0,,,,,,,,,,,,KEEP
/es/etiqueta-del-producto/rfid-mifare-classic/,301→/products/rfid-cards/mifare-classic-1k-card/,redirect,,,,legacy-redirect,,legacy,,,,0,0,,,,,,,,,,,,KEEP
/es/contacto/,301→/contact/,redirect,,,,legacy-redirect,,legacy,,,,0,0,,,,,,,,,,,,KEEP
/es/blog/,301→/,redirect,,,,legacy-redirect,,legacy,,,,0,0,,,,,,,,,,,,KEEP
/es/,301→/,redirect,,,,legacy-redirect,,legacy,,,,0,0,,,,,,,,,,,,KEEP
/de/shop/,301→/,redirect,,,,legacy-redirect,,legacy,,,,0,0,,,,,,,,,,,,KEEP
/de/produktkategorie/produkte/rfid-labels/,301→/products/rfid-labels/,redirect,,,,legacy-redirect,,legacy,,,,0,0,,,,,,,,,,,,KEEP
/de/produktkategorie/produkte/,301→/products/rfid-cards/,redirect,,,,legacy-redirect,,legacy,,,,0,0,,,,,,,,,,,,KEEP
/de/produkt/wooden-rfid-card/,301→/products/rfid-cards/,redirect,,,,legacy-redirect,,legacy,,,,0,0,,,,,,,,,,,,KEEP
/de/produkt/uhf-armband/,301→/products/rfid-wristbands/,redirect,,,,legacy-redirect,,legacy,,,,0,0,,,,,,,,,,,,KEEP
/de/produkt/rfid-sticker-on-headlight/,301→/products/rfid-labels/,redirect,,,,legacy-redirect,,legacy,,,,0,0,,,,,,,,,,,,KEEP
/de/produkt/rfid-event-armband-2/,301→/products/rfid-wristbands/,redirect,,,,legacy-redirect,,legacy,,,,0,0,,,,,,,,,,,,KEEP
/de/produkt/nfc-ring/,301→/products/nfc-ring/,redirect,,,,legacy-redirect,,legacy,,,,0,0,,,,,,,,,,,,KEEP
/de/produkt/nfc-lese-schreibgerat-mit-kostenlosen-sdks/,301→/products/rfid-readers/,redirect,,,,legacy-redirect,,legacy,,,,0,0,,,,,,,,,,,,KEEP
/de/produkt/mifare-plus-card/,301→/products/rfid-cards/mifare-plus-se-card/,redirect,,,,legacy-redirect,,legacy,,,,0,0,,,,,,,,,,,,KEEP
/de/produkt/mifare-desfire-ev2-cards/,301→/products/rfid-cards/mifare-desfire-ev3-card/,redirect,,,,legacy-redirect,,legacy,,,,0,0,,,,,,,,,,,,KEEP
/de/produkt/legic-karte/,301→/products/rfid-cards/legic-card/,redirect,,,,legacy-redirect,,legacy,,,,0,0,,,,,,,,,,,,KEEP
/de/produkt/hotelschlusselkarten/,301→/products/rfid-cards/,redirect,,,,legacy-redirect,,legacy,,,,0,0,,,,,,,,,,,,KEEP
/de/produkt/hitag-2-karte/,301→/products/rfid-tags/,redirect,,,,legacy-redirect,,legacy,,,,0,0,,,,,,,,,,,,KEEP
/de/produkt/google-review-nfc-card/,301→/products/rfid-cards/,redirect,,,,legacy-redirect,,legacy,,,,0,0,,,,,,,,,,,,KEEP
/de/produkt/auto-transponderchip/,301→/products/rfid-tags/,redirect,,,,legacy-redirect,,legacy,,,,0,0,,,,,,,,,,,,KEEP
/de/produkt-tag/flipper-zero-mifare-desfire/,301→/products/rfid-cards/mifare-desfire-ev3-card/,redirect,,,,legacy-redirect,,legacy,,,,0,0,,,,,,,,,,,,KEEP
/de/blog/,301→/,redirect,,,,legacy-redirect,,legacy,,,,0,0,,,,,,,,,,,,KEEP
/de/,301→/,redirect,,,,legacy-redirect,,legacy,,,,0,0,,,,,,,,,,,,KEEP
/da/shop/,301→/,redirect,,,,legacy-redirect,,legacy,,,,0,0,,,,,,,,,,,,KEEP
/da/produktmaerke/smartkortskriver/,301→/products/rfid-cards/,redirect,,,,legacy-redirect,,legacy,,,,0,0,,,,,,,,,,,,KEEP
/da/produktmaerke/printbare-rfid-kort/,301→/products/rfid-cards/,redirect,,,,legacy-redirect,,legacy,,,,0,0,,,,,,,,,,,,KEEP
/da/produktmaerke/nfc-reader-writer/,301→/products/rfid-readers/,redirect,,,,legacy-redirect,,legacy,,,,0,0,,,,,,,,,,,,KEEP
/da/produktmaerke/nfc-card-reader-writer/,301→/products/rfid-readers/,redirect,,,,legacy-redirect,,legacy,,,,0,0,,,,,,,,,,,,KEEP
/da/produktmaerke/hotelnogler/,301→/products/rfid-keyfobs/,redirect,,,,legacy-redirect,,legacy,,,,0,0,,,,,,,,,,,,KEEP
/da/produktmaerke/emv-kort-med-dobbelt-graenseflade/,301→/products/rfid-cards/,redirect,,,,legacy-redirect,,legacy,,,,0,0,,,,,,,,,,,,KEEP
/da/produktkategori/urunler/rfid-wristbands/,301→/products/rfid-wristbands/,redirect,,,,legacy-redirect,,legacy,,,,0,0,,,,,,,,,,,,KEEP
/da/produktkategori/produkter/rfid-wristbands/,301→/products/rfid-wristbands/,redirect,,,,legacy-redirect,,legacy,,,,0,0,,,,,,,,,,,,KEEP
/da/produkt/t5577-kort/,301→/products/rfid-cards/,redirect,,,,legacy-redirect,,legacy,,,,0,0,,,,,,,,,,,,KEEP
/da/produkt/rfid-silikone-armband/,301→/products/rfid-wristbands/,redirect,,,,legacy-redirect,,legacy,,,,0,0,,,,,,,,,,,,KEEP
/da/produkt/nfc-reader-writer-with-free-sdks/,301→/products/rfid-readers/,redirect,,,,legacy-redirect,,legacy,,,,0,0,,,,,,,,,,,,KEEP
/da/produkt/mifare-plus-card/,301→/products/rfid-cards/mifare-plus-se-card/,redirect,,,,legacy-redirect,,legacy,,,,0,0,,,,,,,,,,,,KEEP
/da/produkt/mifare-desfire-ev2-kort/,301→/products/rfid-cards/mifare-desfire-ev3-card/,redirect,,,,legacy-redirect,,legacy,,,,0,0,,,,,,,,,,,,KEEP
/da/produkt/legitimt-kort/,301→/products/rfid-cards/,redirect,,,,legacy-redirect,,legacy,,,,0,0,,,,,,,,,,,,KEEP
/da/produkt/hotelnoglekort/,301→/products/rfid-cards/,redirect,,,,legacy-redirect,,legacy,,,,0,0,,,,,,,,,,,,KEEP
/da/produkt/biltransponderchip/,301→/products/rfid-tags/,redirect,,,,legacy-redirect,,legacy,,,,0,0,,,,,,,,,,,,KEEP
/da/kontakte/,301→/contact/,redirect,,,,legacy-redirect,,legacy,,,,0,0,,,,,,,,,,,,KEEP
/da/about/,301→/about/,redirect,,,,legacy-redirect,,legacy,,,,0,0,,,,,,,,,,,,KEEP
/ar/shop/,301→/,redirect,,,,legacy-redirect,,legacy,,,,0,0,,,,,,,,,,,,KEEP
/es/producto/java-card/,301→/products/rfid-cards/java-card/,redirect,,,,legacy-redirect,,legacy,,,,0,0,,,,,,,,,,,,KEEP
/ru/produkt/java-card/,301→/products/rfid-cards/java-card/,redirect,,,,legacy-redirect,,legacy,,,,0,0,,,,,,,,,,,,KEEP
/de/produkt/java-card/,301→/products/rfid-cards/java-card/,redirect,,,,legacy-redirect,,legacy,,,,0,0,,,,,,,,,,,,KEEP
/fr/produit/java-card/,301→/products/rfid-cards/java-card/,redirect,,,,legacy-redirect,,legacy,,,,0,0,,,,,,,,,,,,KEEP
/da/produkt/java-card/,301→/products/rfid-cards/java-card/,redirect,,,,legacy-redirect,,legacy,,,,0,0,,,,,,,,,,,,KEEP
/it/prodotto/java-card/,301→/products/rfid-cards/java-card/,redirect,,,,legacy-redirect,,legacy,,,,0,0,,,,,,,,,,,,KEEP
/compare/mifare-plus-vs-desfire/,301→/compare/mifare-plus-ev2-vs-desfire-ev3/,redirect,,,,legacy-redirect,,legacy,,,,0,0,,,,,,,,,,,,KEEP
/compare/pps-vs-silicone-laundry-tags/,301→/compare/pps-vs-silicone-vs-textile-rfid-laundry-tags/,redirect,,,,legacy-redirect,,legacy,,,,0,0,,,,,,,,,,,,KEEP
/products/rfid-tags/rfid-on-metal-uhf-tag/,301→/products/rfid-tags/rfid-anti-metal-tag/,redirect,,,,legacy-redirect,,legacy,,,,0,0,,,,,,,,,,,,KEEP
/products/rfid-wristbands/nfc-payment-wristband/,301→/products/rfid-wristbands/cashless-payment-rfid-wristband/,redirect,,,,legacy-redirect,,legacy,,,,0,0,,,,,,,,,,,,KEEP
/products/rfid-wristbands/tyvek-rfid-wristband/,301→/products/rfid-wristbands/rfid-tyvek-wristband/,redirect,,,,legacy-redirect,,legacy,,,,0,0,,,,,,,,,,,,KEEP
/products/rfid-cards/mifare-ultralight-c-cards/,301→/products/rfid-cards/mifare-ultralight-c-card/,redirect,,,,legacy-redirect,,legacy,,,,0,0,,,,,,,,,,,,KEEP
/products/rfid-cards/mifare-desfire-ev3-cards/,301→/products/rfid-cards/mifare-desfire-ev3-card/,redirect,,,,legacy-redirect,,legacy,,,,0,0,,,,,,,,,,,,KEEP
/products/rfid-cards/rfid-dual-frequency-card/,301→/products/rfid-cards/dual-frequency-rfid-card/,redirect,,,,legacy-redirect,,legacy,,,,0,0,,,,,,,,,,,,KEEP
/products/rfid-cards/transparent-clear-nfc-card/,301→/products/rfid-cards/transparent-nfc-card/,redirect,,,,legacy-redirect,,legacy,,,,0,0,,,,,,,,,,,,KEEP
/blog/ntag213-vs-ntag215-vs-ntag216/,301→/compare/ntag213-vs-ntag215-vs-ntag216/,redirect,,,,legacy-redirect,,legacy,,,,0,0,,,,,,,,,,,,KEEP
/blog/em4100-vs-t5577-125khz-comparison/,301→/compare/em4100-vs-t5577/,redirect,,,,legacy-redirect,,legacy,,,,0,0,,,,,,,,,,,,KEEP
/blog/magnetic-stripe-vs-rfid-hotel-cards/,301→/compare/rfid-vs-magnetic-hotel-key-cards/,redirect,,,,legacy-redirect,,legacy,,,,0,0,,,,,,,,,,,,KEEP
/compare/rfid-hotel-card-vs-magnetic-stripe/,301→/compare/rfid-vs-magnetic-hotel-key-cards/,redirect,,,,legacy-redirect,,legacy,,,,0,0,,,,,,,,,,,,KEEP
/blog/pps-vs-silicone-vs-textile-laundry-tags/,301→/compare/pps-vs-silicone-vs-textile-rfid-laundry-tags/,redirect,,,,legacy-redirect,,legacy,,,,0,0,,,,,,,,,,,,KEEP
/blog/silicone-vs-fabric-vs-tyvek-wristbands/,301→/compare/silicone-vs-fabric-vs-woven-rfid-wristbands/,redirect,,,,legacy-redirect,,legacy,,,,0,0,,,,,,,,,,,,KEEP
/blog/how-to-choose-rfid-wristband-material/,301→/compare/silicone-vs-fabric-vs-woven-rfid-wristbands/,redirect,,,,legacy-redirect,,legacy,,,,0,0,,,,,,,,,,,,KEEP
/blog/hotel-key-card-encoding-explained/,301→/guides/hotel-key-card-encoding/,redirect,,,,legacy-redirect,,legacy,,,,0,0,,,,,,,,,,,,KEEP
/blog/hotel-key-card-design-printing/,301→/guides/hotel-key-card-artwork-and-printing-checklist/,redirect,,,,legacy-redirect,,legacy,,,,0,0,,,,,,,,,,,,KEEP
/blog/walmart-rfid-mandate-2026-supplier-compliance/,301→/guides/walmart-rfid-tagging-mandate/,redirect,,,,legacy-redirect,,legacy,,,,0,0,,,,,,,,,,,,KEEP
/blog/rfid-laundry-system-payback-period/,301→/blog/rfid-laundry-system-roi/,redirect,,,,legacy-redirect,,legacy,,,,0,0,,,,,,,,,,,,KEEP
/blog/rfid-wristbands-music-festival-2026/,301→/blog/rfid-wristbands-festivals-events/,redirect,,,,legacy-redirect,,legacy,,,,0,0,,,,,,,,,,,,KEEP
/about/case-studies/,301→/case-studies/,redirect,,,,legacy-redirect,,legacy,,,,0,0,,,,,,,,,,,,KEEP
/lp/uhf-rfid-tag-manufacturer/,301→/lp/rfid-tag-factory/,redirect,,,,legacy-redirect,,legacy,,,,0,0,,,,,,,,,,,,KEEP
/resources/downloads/,301→/resources/,redirect,,,,legacy-redirect,,legacy,,,,0,0,,,,,,,,,,,,KEEP
/downloads/gs1-sgtin-96-encoding-template.xlsx/,301→/resources/,redirect,,,,legacy-redirect,,legacy,,,,0,0,,,,,,,,,,,,KEEP
/downloads/hotel-key-card-artwork-template.pdf/,301→/resources/,redirect,,,,legacy-redirect,,legacy,,,,0,0,,,,,,,,,,,,KEEP
/downloads/dscsa-item-level-rfid-brief.pdf/,301→/resources/,redirect,,,,legacy-redirect,,legacy,,,,0,0,,,,,,,,,,,,KEEP
/en/rfid/,301→/products/all/,redirect,,,,legacy-redirect,,legacy,,,,0,0,,,,,,,,,,,,KEEP
/product-tag/:path(.*)/,301→/products/all/,redirect,,,,legacy-redirect,,legacy,,,,0,0,,,,,,,,,,,,KEEP
/product-category/:path(.*)/,301→/products/all/,redirect,,,,legacy-redirect,,legacy,,,,0,0,,,,,,,,,,,,KEEP
/tag/:path(.*)/,301→/blog/,redirect,,,,legacy-redirect,,legacy,,,,0,0,,,,,,,,,,,,KEEP
/category/:path(.*)/,301→/blog/,redirect,,,,legacy-redirect,,legacy,,,,0,0,,,,,,,,,,,,KEEP
/author/:path(.*)/,301→/about/,redirect,,,,legacy-redirect,,legacy,,,,0,0,,,,,,,,,,,,KEEP
/cart/:path(.*)/,301→/,redirect,,,,legacy-redirect,,legacy,,,,0,0,,,,,,,,,,,,KEEP
/checkout/:path(.*)/,301→/,redirect,,,,legacy-redirect,,legacy,,,,0,0,,,,,,,,,,,,KEEP
/my-account/:path(.*)/,301→/,redirect,,,,legacy-redirect,,legacy,,,,0,0,,,,,,,,,,,,KEEP
/wp-content/:path(.*)/,301→/site-assets/wp-content/:path,redirect,,,,legacy-redirect,,legacy,,,,0,0,,,,,,,,,,,,KEEP
/case-studies//,"404 (linked internally, not built, not redirected)",n/a,,,,broken-link-target,,,,,,536,,,,,,,,,,,,broken internal link from 536 pages e.g. /,IMPROVE (fix link or add redirect)
/downloads/rfid-rfp-template.docx,"404 (linked internally, not built, not redirected)",n/a,,,,broken-link-target,,,,,,1,,,,,,,,,,,,broken internal link from 1 pages e.g. /blog/rfid-rfp-template-questions-suppliers/,IMPROVE (fix link or add redirect)
/downloads/rfid-roi-calculator.xlsx,"404 (linked internally, not built, not redirected)",n/a,,,,broken-link-target,,,,,,1,,,,,,,,,,,,broken internal link from 1 pages e.g. /blog/rfid-rfp-template-questions-suppliers/,IMPROVE (fix link or add redirect)
